Date,close,high,low,open,volume,returns,log_returns,sma_5,sma_10,sma_20,sma_50,ema_12,ema_26,macd,macd_signal,macd_hist,rsi_14,bb_middle,bb_std,bb_upper,bb_lower,bb_width,volume_sma_5,volume_ratio,volatility_5,volatility_10,volatility_20,momentum_5,momentum_10,target_return,target_direction,avg_textblob_polarity,std_textblob_polarity,article_count,avg_custom_polarity,std_custom_polarity,total_positive_words,total_negative_words,avg_article_length,total_words,sentiment_intensity,sentiment_volatility,pos_neg_ratio,avg_textblob_polarity_lag_1,avg_textblob_polarity_lag_2,avg_textblob_polarity_lag_3,std_textblob_polarity_lag_1,std_textblob_polarity_lag_2,std_textblob_polarity_lag_3,avg_custom_polarity_lag_1,avg_custom_polarity_lag_2,avg_custom_polarity_lag_3,std_custom_polarity_lag_1,std_custom_polarity_lag_2,std_custom_polarity_lag_3,total_positive_words_lag_1,total_positive_words_lag_2,total_positive_words_lag_3,total_negative_words_lag_1,total_negative_words_lag_2,total_negative_words_lag_3,avg_article_length_lag_1,avg_article_length_lag_2,avg_article_length_lag_3,total_words_lag_1,total_words_lag_2,total_words_lag_3,sentiment_intensity_lag_1,sentiment_intensity_lag_2,sentiment_intensity_lag_3,sentiment_volatility_lag_1,sentiment_volatility_lag_2,sentiment_volatility_lag_3,pos_neg_ratio_lag_1,pos_neg_ratio_lag_2,pos_neg_ratio_lag_3
2020-03-16,145.21336364746094,158.26179121723217,142.31925214743302,151.488949020679,39120400,-0.14252982948632542,-0.1537688871200832,162.94407958984374,172.31466674804688,187.27260971069336,203.11310729980468,173.05709406695027,185.80975286243853,-12.752658795488259,-9.233377780181797,-3.5192810153064613,29.8154712930602,187.27260971069336,19.629593600231424,226.53179691115622,148.0134225102305,0.4192731362168991,32461400.0,1.205135946077495,0.10100366799890045,0.07181378923404785,0.052709587367144956,-0.13858396235321546,-0.2567195291967522,0.023354516790111024,1,0.125,0.2079,4.0,0.5,0.5774,4.0,0.0,285.75,160.0,0.125,0.2079,4.0,0.0,0.25,0.0,0.0,0.2593,0.0,0.0,1.0,0.0,0.0,0.0,0.0,0.0,5.0,0.0,0.0,0.0,0.0,0.0,279.0,0.0,0.0,82.0,0.0,0.0,0.25,0.0,0.0,0.2593,0.0,0.0,5.0,0.0
2020-03-17,148.60475158691406,153.10009438113215,139.23614962600035,149.91755685335934,34255600,0.023354516790111024,0.023085973163107374,157.22147521972656,168.68756561279298,183.87226486206055,201.93457275390625,169.2944446218394,182.9983239547068,-13.703879332867388,-10.127488299656324,-3.5763910332110633,31.44032725608359,183.87226486206055,20.162856813571313,224.19797848920317,143.54655123491793,0.43862747497448445,34408960.0,0.9955430213525779,0.09638392555356207,0.07274256739978895,0.052951221469864834,-0.16145684090019896,-0.1961912734035225,-0.016463768568330872,0,0.0,0.0,0.0,0.0,0.0,0.0,0.0,0.0,0.0,0.0,0.0,0.0,0.125,0.0,0.25,0.2079,0.0,0.2593,0.5,0.0,1.0,0.5774,0.0,0.0,4.0,0.0,5.0,0.0,0.0,0.0,285.75,0.0,279.0,160.0,0.0,82.0,0.125,0.0,0.25,0.2079,0.0,0.2593,4.0,0.0,5.0
2020-03-18,146.1581573486328,147.37148677186653,136.35195528801876,138.9874901764282,37553100,-0.016463768568330872,-0.016600802551787305,152.59087829589845,164.2320098876953,180.3650047302246,200.628935546875,165.73441488742895,180.21861091300178,-14.484196025572828,-10.99883780408167,-3.4853582214911576,32.708299388358014,180.3650047302246,20.32477824673242,221.01456122368944,139.71544823675976,0.450747710779762,37844800.0,0.9922922039487592,0.09619829335342683,0.07057321214076351,0.05282053803063989,-0.13674814516074518,-0.2336253443781845,0.04198422716589367,1,0.0667,0.0,1.0,1.0,0.0,2.0,0.0,266.0,40.0,0.0667,0.0,2.0,0.0,0.125,0.0,0.0,0.2079,0.0,0.0,0.5,0.0,0.0,0.5774,0.0,0.0,4.0,0.0,0.0,0.0,0.0,0.0,285.75,0.0,0.0,160.0,0.0,0.0,0.125,0.0,0.0,0.2079,0.0,0.0,4.0,0.0
2020-03-19,152.29449462890625,159.05738022539944,144.00994308011485,145.82000487724827,39862300,0.04198422716589367,0.041126806139731,152.3243377685547,161.04549102783204,177.30926818847655,199.4368753051758,163.66643948199024,178.11454554140548,-14.448106059415238,-11.688696496296425,-2.7594095631188136,34.53371160014605,177.30926818847655,19.679160901561133,216.66758999159882,137.95094638535429,0.4439510940994362,37164000.0,1.0726052093423744,0.0913157884695406,0.0733967257616806,0.054502168980725865,-0.00867491342964799,-0.17303020965376914,-0.02220329249080133,0,0.0969,0.0953,3.0,0.0,0.0,0.0,0.0,285.0,120.0,0.0969,0.0953,0.0,0.0667,0.0,0.125,0.0,0.0,0.2079,1.0,0.0,0.5,0.0,0.0,0.5774,2.0,0.0,4.0,0.0,0.0,0.0,266.0,0.0,285.75,40.0,0.0,160.0,0.0667,0.0,0.125,0.0,0.0,0.2079,2.0,0.0,4.0
2020-03-20,148.91305541992188,158.40101282120025,147.19249870448567,155.16874511316252,32568400,-0.02220329249080133,-0.022453496086870507,148.23676452636718,157.92660369873047,174.30326080322266,198.1342221069336,161.39641374427518,175.91703336065862,-14.520619616383442,-12.255084431421407,-2.265535184962035,31.55358135661656,174.30326080322266,19.163195736313938,212.62965227585053,135.97686933059478,0.439766775400673,36671960.0,0.888100881436389,0.07194143612219063,0.07339820750240841,0.05451205520966362,-0.12068352515663716,-0.1731734552441888,-0.010886278602085464,0,0.0667,0.0,2.0,1.0,0.0,4.0,0.0,267.0,80.0,0.0667,0.0,4.0,0.0969,0.0667,0.0,0.0953,0.0,0.0,0.0,1.0,0.0,0.0,0.0,0.0,0.0,2.0,0.0,0.0,0.0,0.0,285.0,266.0,0.0,120.0,40.0,0.0,0.0969,0.0667,0.0,0.0953,0.0,0.0,0.0,2.0,0.0
2020-03-23,147.2919464111328,151.47896741205886,141.47385897026157,148.84343234855598,29830800,-0.010886278602085464,-0.010945967723209224,148.65248107910156,155.79828033447265,171.68661499023438,196.7378823852539,159.22627377066695,173.76543498549486,-14.539161214827914,-12.711901924549151,-1.8272592902787625,33.9450999205433,171.68661499023438,19.096464571620483,209.87954413347535,133.4936858469934,0.4449144640123915,34814040.0,0.8568611973789885,0.028021536013273885,0.07146301194915299,0.05406766504492193,0.01431399088528873,-0.12625366104189784,0.08696825055617863,1,0.0,0.0,0.0,0.0,0.0,0.0,0.0,0.0,0.0,0.0,0.0,0.0,0.0667,0.0969,0.0667,0.0,0.0953,0.0,1.0,0.0,1.0,0.0,0.0,0.0,4.0,0.0,2.0,0.0,0.0,0.0,267.0,285.0,266.0,80.0,120.0,40.0,0.0667,0.0969,0.0667,0.0,0.0953,0.0,4.0,0.0,2.0
2020-03-24,160.10166931152344,160.42987061249212,151.73756682675864,154.36316205897302,30440400,0.08696825055617863,0.08339239939251825,150.95186462402344,154.086669921875,169.90687789916993,195.6025112915039,159.36096166215597,172.7395200108299,-13.37855834867392,-12.84523370822753,-0.5333246404463896,37.65838183693465,169.90687789916993,18.38651622202398,206.6799103432179,133.13384545512196,0.43286102244631525,34051000.0,0.8939649349505154,0.04729656500546354,0.07568817988827149,0.058518660121733755,0.07736574774249538,-0.09658232238208864,-0.029631001342587893,0,0.1,0.0,1.0,0.0,0.0,0.0,0.0,281.0,40.0,0.1,0.0,0.0,0.0,0.0667,0.0969,0.0,0.0,0.0953,0.0,1.0,0.0,0.0,0.0,0.0,0.0,4.0,0.0,0.0,0.0,0.0,0.0,267.0,285.0,0.0,80.0,120.0,0.0,0.0667,0.0969,0.0,0.0,0.0953,0.0,4.0,0.0
2020-03-25,155.35769653320312,162.10070240720506,152.22487440025114,158.05290178248518,35184300,-0.029631001342587893,-0.030078868835600434,152.7917724609375,152.69132537841796,167.86856079101562,194.2956805419922,158.7450296225396,171.4357577743291,-12.6907281517895,-12.81433250444782,0.1236043526583206,38.2161442644844,167.86856079101562,17.568602410284097,203.00576561158383,132.73135597044742,0.4186275816626737,33577240.0,1.0478615871941828,0.049845542377778884,0.07501637769444934,0.05865011708891601,0.062942358821797,-0.08241303715987103,0.045643667027385426,1,0.0,0.0,0.0,0.0,0.0,0.0,0.0,0.0,0.0,0.0,0.0,0.0,0.1,0.0,0.0667,0.0,0.0,0.0,0.0,0.0,1.0,0.0,0.0,0.0,0.0,0.0,4.0,0.0,0.0,0.0,281.0,0.0,267.0,40.0,0.0,80.0,0.1,0.0,0.0667,0.0,0.0,0.0,0.0,0.0,4.0
2020-03-26,162.44879150390625,163.10519409789205,156.16328215921695,157.3865668658013,26556800,0.045643667027385426,0.04463264510636157,154.8226318359375,153.5734848022461,166.555265045166,193.18736114501954,159.314874446262,170.7622988636752,-11.447424417413202,-12.540950232420407,1.0935258150072045,42.95243762241231,166.555265045166,16.89717699801708,200.34961904120019,132.76091104913183,0.4058034909538274,30916140.0,0.8589946869175776,0.050396811454163366,0.069831659749293,0.05952443301524601,0.06667540346578393,0.057422086683183604,-0.040100527472411884,0,0.0,0.0,0.0,0.0,0.0,0.0,0.0,0.0,0.0,0.0,0.0,0.0,0.0,0.1,0.0,0.0,0.0,0.0,0.0,0.0,0.0,0.0,0.0,0.0,0.0,0.0,0.0,0.0,0.0,0.0,0.0,281.0,0.0,0.0,40.0,0.0,0.0,0.1,0.0,0.0,0.0,0.0,0.0,0.0,0.0
2020-03-27,155.93450927734375,159.21650671674988,153.9056466864661,157.33681961949063,24879900,-0.040100527472411884,-0.040926716120466215,156.22692260742187,152.23184356689453,164.78099670410157,191.90718414306642,158.7947910027992,169.65210281441165,-10.857311811612448,-12.204221903215487,1.3469100916030392,44.743146671093385,164.78099670410157,15.98744281395722,196.755882332016,132.80611107618714,0.38808947958158024,29378440.0,0.8468761445468174,0.054108000914930864,0.06256589591706004,0.059801695511851126,0.0471513651883777,-0.07922255293514069,0.058422161778998394,1,0.0,0.0,0.0,0.0,0.0,0.0,0.0,0.0,0.0,0.0,0.0,0.0,0.0,0.0,0.1,0.0,0.0,0.0,0.0,0.0,0.0,0.0,0.0,0.0,0.0,0.0,0.0,0.0,0.0,0.0,0.0,0.0,281.0,0.0,0.0,40.0,0.0,0.0,0.1,0.0,0.0,0.0,0.0,0.0,0.0
2020-03-30,165.04454040527344,165.84017847956255,157.19759043835927,158.3114746370436,22515200,0.058422161778998394,0.05677927254402413,159.77744140625,154.21496124267577,163.26481399536132,190.796875,159.75633356179992,169.30739763713495,-9.551064075335034,-11.673589524447642,2.122525449112608,44.9571450406211,163.26481399536132,14.280801997444554,191.82641799025043,134.7032100004722,0.34988070357524315,27915320.0,0.806553534045105,0.0561318909393356,0.043278644283561755,0.06134678571549801,0.1205265761414287,0.1365657833390408,0.005122056322280022,1,0.156,0.2056,4.0,0.0833,0.1667,2.0,1.0,285.5,158.0,0.156,0.2056,2.0,0.0,0.0,0.0,0.0,0.0,0.0,0.0,0.0,0.0,0.0,0.0,0.0,0.0,0.0,0.0,0.0,0.0,0.0,0.0,0.0,0.0,0.0,0.0,0.0,0.0,0.0,0.0,0.0,0.0,0.0,0.0,0.0,0.0
2020-03-31,165.88990783691406,169.99736338584512,163.30408790288334,164.57710274487366,23676300,0.005122056322280022,0.005108983213592544,160.93508911132812,155.94347686767577,162.31552124023438,189.69611358642578,160.69999579150624,169.05191402329723,-8.35191823179099,-11.009254451443883,2.657336219652894,48.49465966527941,162.31552124023438,13.370666394501905,189.0568540292382,135.57418845123055,0.32949815993783405,26562500.0,0.8913430588235294,0.04386746095064895,0.04321113455742805,0.060370868349734284,0.036153517638394916,0.11631630930650605,-0.04316540806958502,0,0.1,0.0,1.0,0.0,0.0,0.0,0.0,281.0,40.0,0.1,0.0,0.0,0.156,0.0,0.0,0.2056,0.0,0.0,0.0833,0.0,0.0,0.1667,0.0,0.0,2.0,0.0,0.0,1.0,0.0,0.0,285.5,0.0,0.0,158.0,0.0,0.0,0.156,0.0,0.0,0.2056,0.0,0.0,2.0,0.0,0.0
2020-04-01,158.7292022705078,163.2543645831587,157.17770113914608,160.7381698925226,19507600,-0.04316540806958502,-0.04412474266587465,161.60939025878906,157.2005813598633,160.7162956237793,188.46606170654297,160.39678715885415,168.28073920719072,-7.8839520483365675,-10.384193357764282,2.5002413094277145,52.42690682010427,160.7162956237793,11.58940878347174,183.89511319072278,137.53747805683582,0.28844390019046684,23427160.0,0.8326916280078337,0.04706284110344278,0.045898978061129546,0.06038953938757304,0.021701568783134784,0.08600987553427575,-0.008834626599030226,0,0.1889,0.2117,3.0,1.0,0.0,6.0,0.0,275.0,122.0,0.1889,0.2117,6.0,0.1,0.156,0.0,0.0,0.2056,0.0,0.0,0.0833,0.0,0.0,0.1667,0.0,0.0,2.0,0.0,0.0,1.0,0.0,281.0,285.5,0.0,40.0,158.0,0.0,0.1,0.156,0.0,0.0,0.2056,0.0,0.0,2.0,0.0
2020-04-02,157.32688903808594,160.46965114590483,155.069270321494,158.23192755482762,20886300,-0.008834626599030226,-0.00887388329580347,160.585009765625,157.70382080078124,159.37465591430663,187.21035034179687,159.92448244826906,167.46293147260528,-7.5384490243362166,-9.81504404450265,2.2765950201664342,43.37824713002503,159.37465591430663,10.202861403393204,179.78037872109303,138.96893310752023,0.2560723684668942,22293060.0,0.9368969535810696,0.041308736592398095,0.044664422885271164,0.060057915443866905,-0.03152933560418114,0.03304383668918587,-0.025349216702269306,0,0.0667,0.0,1.0,1.0,0.0,2.0,0.0,266.0,40.0,0.0667,0.0,2.0,0.1889,0.1,0.156,0.2117,0.0,0.2056,1.0,0.0,0.0833,0.0,0.0,0.1667,6.0,0.0,2.0,0.0,0.0,1.0,275.0,281.0,285.5,122.0,40.0,158.0,0.1889,0.1,0.156,0.2117,0.0,0.2056,6.0,0.0,2.0
2020-04-03,153.33877563476562,157.0484354150104,150.00706257911483,156.2925723168945,25983300,-0.025349216702269306,-0.02567604311952089,160.06586303710938,158.14639282226562,158.03649826049804,185.9059066772461,158.9112737460463,166.40904751293002,-7.497773766883711,-9.351589698063854,1.8538159311801437,55.75108135108134,158.03649826049804,9.028807494127435,176.0941132487529,139.97888327224317,0.22852461535169885,22513740.0,1.1541085577074266,0.038681890231611546,0.044881090186915856,0.060108765235900224,-0.016646306546303835,0.029720162563071417,0.07374510036112292,1,0.0,0.0,0.0,0.0,0.0,0.0,0.0,0.0,0.0,0.0,0.0,0.0,0.0667,0.1889,0.1,0.0,0.2117,0.0,1.0,1.0,0.0,0.0,0.0,0.0,2.0,6.0,0.0,0.0,0.0,0.0,266.0,275.0,281.0,40.0,122.0,40.0,0.0667,0.1889,0.1,0.0,0.2117,0.0,2.0,6.0,0.0
2020-04-06,164.64675903320312,165.29320655041676,157.64516091106324,159.2762124323225,28453600,0.07374510036112292,0.07115263119636914,159.9863067626953,159.88187408447266,157.84007720947267,184.86382415771484,159.79367307534096,166.27762428528789,-6.483951209946923,-8.778061712432986,2.2941105024860633,60.210156577313505,157.84007720947267,8.827970022106678,175.49601725368603,140.1841371652593,0.22371935387210717,23701420.0,1.200501910855974,0.04485532395744635,0.04953785667370433,0.06102961500905055,-0.0024101455952044715,0.11782594394963186,0.0198126278348405,1,0.0,0.0,0.0,0.0,0.0,0.0,0.0,0.0,0.0,0.0,0.0,0.0,0.0,0.0667,0.1889,0.0,0.0,0.2117,0.0,1.0,1.0,0.0,0.0,0.0,0.0,2.0,6.0,0.0,0.0,0.0,0.0,266.0,275.0,0.0,40.0,122.0,0.0,0.0667,0.1889,0.0,0.0,0.2117,0.0,2.0,6.0
2020-04-07,167.90884399414062,172.44396162948703,165.1042229864455,170.8526853615775,31411900,0.0198126278348405,0.019618912220461814,160.3900939941406,160.66259155273437,157.3746307373047,183.94804809570311,161.04218123478867,166.39921207196943,-5.3570308371807585,-8.093855262513198,2.73682442533244,63.701296317050854,157.3746307373047,7.954741004756458,173.2841127468176,141.46514872779179,0.20218610756989905,25248540.0,1.2441075800818582,0.04572259554414223,0.042313231295858386,0.0600532313017241,0.01217033744579199,0.048763855593698446,0.032280862524188825,1,0.0,0.0,0.0,0.0,0.0,0.0,0.0,0.0,0.0,0.0,0.0,0.0,0.0,0.0,0.0667,0.0,0.0,0.0,0.0,0.0,1.0,0.0,0.0,0.0,0.0,0.0,2.0,0.0,0.0,0.0,0.0,0.0,266.0,0.0,0.0,40.0,0.0,0.0,0.0667,0.0,0.0,0.0,0.0,0.0,2.0
2020-04-08,173.32908630371094,174.045159029188,166.8247767520835,170.31561990713396,21664200,0.032280862524188825,0.03177078364100561,163.31007080078126,162.45973052978516,157.57552795410157,183.08259552001954,162.9325003622822,166.91551124561337,-3.9830108833311613,-7.2716861224418174,3.288675239110656,63.370838305081264,157.57552795410157,8.314658403064318,174.2048447602302,140.94621114797295,0.21106471318277795,25679860.0,0.8436260945347833,0.03844947660235354,0.04110308602360662,0.059570162134526226,0.09197982365161672,0.11567749890438783,0.0052215388366971816,1,0.4333,0.0,1.0,0.3333,0.0,2.0,1.0,293.0,42.0,0.4333,0.0,2.0,0.0,0.0,0.0,0.0,0.0,0.0,0.0,0.0,0.0,0.0,0.0,0.0,0.0,0.0,0.0,0.0,0.0,0.0,0.0,0.0,0.0,0.0,0.0,0.0,0.0,0.0,0.0,0.0,0.0,0.0,0.0,0.0,0.0
2020-04-09,174.234130859375,176.1138180355327,170.63388715728763,174.94024845951884,23534300,0.0052215388366971816,0.005207953871879937,166.69151916503907,163.63826446533204,158.60587463378906,182.1270376586914,164.67123301335587,167.46053927769788,-2.7893062643420024,-6.37520992032878,3.585903655986778,66.61878979335297,158.60587463378906,9.04440738146618,176.6946893967214,140.5170598708567,0.22809766415901397,26209460.0,0.8979315102256972,0.03642740029919643,0.03935061551553741,0.05516696537509112,0.10746568450353156,0.07254802726670562,-0.0022832905727212527,0,0.1341,0.0953,2.0,0.5,0.7071,2.0,0.0,274.0,80.0,0.1341,0.0953,2.0,0.4333,0.0,0.0,0.0,0.0,0.0,0.3333,0.0,0.0,0.0,0.0,0.0,2.0,0.0,0.0,1.0,0.0,0.0,293.0,0.0,0.0,42.0,0.0,0.0,0.4333,0.0,0.0,0.0,0.0,0.0,2.0,0.0,0.0
2020-04-13,173.8363037109375,174.04516458567528,168.5254434737085,172.72241951376006,19355400,-0.0022832905727212527,-0.002285901255362766,170.79102478027343,165.4284439086914,158.83014373779298,181.43602813720702,166.08125779681907,167.93516294868482,-1.853905151865746,-5.4709487806404455,3.6170436287746996,67.70596798085862,158.83014373779298,9.374458005500806,177.57905974879458,140.08122772679138,0.23608762883138246,24883880.0,0.7778288594865431,0.029952951299552128,0.03591166743756001,0.050490418909825724,0.13367478637624242,0.11480328835840803,0.01933757330237973,1,0.0,0.0,0.0,0.0,0.0,0.0,0.0,0.0,0.0,0.0,0.0,0.0,0.1341,0.4333,0.0,0.0953,0.0,0.0,0.5,0.3333,0.0,0.7071,0.0,0.0,2.0,2.0,0.0,0.0,1.0,0.0,274.0,293.0,0.0,80.0,42.0,0.0,0.1341,0.4333,0.0,0.0953,0.0,0.0,2.0,2.0,0.0
2020-04-14,177.1978759765625,180.2411777302176,175.65632997358034,178.00345406717298,21011800,0.01933757330237973,0.01915297838116921,173.3012481689453,166.6437774658203,160.42936935424805,180.963818359375,167.7915210205814,168.624442903484,-0.8329218829026104,-4.543343248454966,3.7104213655523557,63.04842073880146,160.42936935424805,9.653292951006886,179.73595525626183,141.12278345223427,0.24068642767500295,23395520.0,0.8981121171916675,0.013554104734949814,0.03216897766227085,0.03724614716061614,0.07623057396974509,0.07363670159246749,-0.006735045001911688,0,0.1,0.0,1.0,0.0,0.0,0.0,0.0,281.0,40.0,0.1,0.0,0.0,0.0,0.1341,0.4333,0.0,0.0953,0.0,0.0,0.5,0.3333,0.0,0.7071,0.0,0.0,2.0,2.0,0.0,0.0,1.0,0.0,274.0,293.0,0.0,80.0,42.0,0.0,0.1341,0.4333,0.0,0.0953,0.0,0.0,2.0,2.0
2020-04-15,176.0044403076172,177.21778511489146,171.87708907298708,174.23415332825687,17423000,-0.006735045001911688,-0.006757827770435521,174.9203674316406,167.6552307128906,161.7993537902832,180.42238861083985,169.05505598730937,169.1734346789731,-0.11837869166373594,-3.6583502205959153,3.5399715289321794,66.66132265121286,161.7993537902832,9.829491966099287,181.45833772248176,142.14036985808463,0.24300448019934157,20597740.0,0.8458694983041829,0.016096992796374932,0.0324869458985695,0.03731355428779703,0.04821423411002135,0.0609713550546227,-0.00406853208170499,0,0.0,0.0,0.0,0.0,0.0,0.0,0.0,0.0,0.0,0.0,0.0,0.0,0.1,0.0,0.1341,0.0,0.0,0.0953,0.0,0.0,0.5,0.0,0.0,0.7071,0.0,0.0,2.0,0.0,0.0,0.0,281.0,0.0,274.0,40.0,0.0,80.0,0.1,0.0,0.1341,0.0,0.0,0.0953,0.0,0.0,2.0
2020-04-16,175.28836059570312,177.07854263263866,171.5687609842668,176.97908217343402,23593200,-0.00406853208170499,-0.004076831075819217,175.31222229003907,169.31114654541017,163.25586395263673,179.75445343017577,170.01403165712733,169.62817557422363,0.3858560829037003,-2.8495088747150565,3.235364957618757,61.54947370501567,163.25586395263673,9.543907329948356,182.34367861253344,144.16804929274002,0.23383925327710622,20983540.0,1.1243670038515903,0.01051202799975833,0.02788544684630027,0.03696716144639806,0.011303782497065207,0.10432332606935835,0.01696449541065581,1,0.1007,0.1424,2.0,0.0,0.0,0.0,0.0,290.5,80.0,0.1007,0.1424,0.0,0.0,0.1,0.0,0.0,0.0,0.0,0.0,0.0,0.0,0.0,0.0,0.0,0.0,0.0,0.0,0.0,0.0,0.0,0.0,281.0,0.0,0.0,40.0,0.0,0.0,0.1,0.0,0.0,0.0,0.0,0.0,0.0,0.0
2020-04-17,178.2620391845703,179.29635807679645,175.69611431618887,178.2222489335995,20974800,0.01696449541065581,0.016822205356382822,176.11780395507813,171.4046615600586,164.55424118041992,179.14042205810546,171.28296230774674,170.2700518922798,1.0129104154669335,-2.077024951597017,3.0899353670639504,71.45043064841047,164.55424118041992,9.73857004649139,184.0313812734027,145.07710108743714,0.23672607832243872,20471640.0,1.0245783923515654,0.012460677490204998,0.02709950829975237,0.036235528035317245,0.023117791590708814,0.13306784539174576,-0.005578989779741361,0,0.0,0.0,1.0,0.0,0.0,0.0,0.0,301.0,40.0,0.0,0.0,0.0,0.1007,0.0,0.1,0.1424,0.0,0.0,0.0,0.0,0.0,0.0,0.0,0.0,0.0,0.0,0.0,0.0,0.0,0.0,290.5,0.0,281.0,80.0,0.0,40.0,0.1007,0.0,0.1,0.1424,0.0,0.0,0.0,0.0,0.0
2020-04-20,177.26751708984375,179.51518092802098,175.80553628597156,176.44204379969213,16110700,-0.005578989779741361,-0.00559461046875705,176.80404663085938,173.79753570556642,165.97196426391602,178.4917807006836,172.2036669823179,170.79013133344253,1.4135356488753814,-1.37891278444987,2.7924484333252515,63.912204851179034,165.97196426391602,9.399711927229628,184.77138811837528,147.17254040945676,0.2265373424702722,19822700.0,0.812739939564237,0.012994397315913736,0.024606066545172292,0.03568025377082949,0.019738186475776853,0.15605147071262326,-0.041741511270504184,0,0.0,0.0,1.0,0.0,0.0,0.0,0.0,301.0,40.0,0.0,0.0,0.0,0.0,0.1007,0.0,0.0,0.1424,0.0,0.0,0.0,0.0,0.0,0.0,0.0,0.0,0.0,0.0,0.0,0.0,0.0,301.0,290.5,0.0,40.0,80.0,0.0,0.0,0.1007,0.0,0.0,0.1424,0.0,0.0,0.0,0.0
2020-04-21,169.86810302734375,174.42311596061205,167.42151832914254,174.2938203960156,24850500,-0.041741511270504184,-0.04263771618570737,175.3380920410156,174.31967010498047,167.10077209472655,177.66571258544923,171.844348150075,170.72161964424947,1.1227285058255347,-0.8785844994171413,2.001313005242676,53.940132176499304,167.10077209472655,8.333476528243015,183.76772515121257,150.43381903824053,0.19948385453345258,20590440.0,1.206895044496378,0.021120869591083294,0.020693294941090585,0.03723425800233097,-0.04136490298669404,0.031712400686172426,0.06721308000125048,1,0.0,0.0,0.0,0.0,0.0,0.0,0.0,0.0,0.0,0.0,0.0,0.0,0.0,0.0,0.1007,0.0,0.0,0.1424,0.0,0.0,0.0,0.0,0.0,0.0,0.0,0.0,0.0,0.0,0.0,0.0,301.0,301.0,290.5,40.0,40.0,80.0,0.0,0.0,0.1007,0.0,0.0,0.1424,0.0,0.0,0.0
2020-04-22,181.28546142578125,183.77182118329475,177.16805027436033,177.4763564562063,33242000,0.06721308000125048,0.06505065247709933,176.39429626464843,175.65733184814454,168.15996170043945,177.0534716796875,173.29683156454854,171.5063886712131,1.7904428933354382,-0.34477899784043714,2.1352218911758754,70.60321083207732,168.15996170043945,8.733691897716291,185.62734549587202,150.69257790500689,0.20774723803218992,23754240.0,1.399413325789417,0.03993872297104565,0.028750765165747844,0.035231757416711806,0.030005044809858106,0.07966594917482372,0.015635242431353502,1,0.0,0.0,0.0,0.0,0.0,0.0,0.0,0.0,0.0,0.0,0.0,0.0,0.0,0.0,0.0,0.0,0.0,0.0,0.0,0.0,0.0,0.0,0.0,0.0,0.0,0.0,0.0,0.0,0.0,0.0,0.0,301.0,301.0,0.0,40.0,40.0,0.0,0.0,0.0,0.0,0.0,0.0,0.0,0.0,0.0
2020-04-23,184.11990356445312,186.02942589139255,182.15069586043964,183.0756295109068,21426600,0.015635242431353502,0.015514271340599966,178.16060485839844,176.73641357421874,169.59807205200195,176.61467864990234,174.96192388009175,172.44322364843072,2.518700231661029,0.22791686782286397,2.290783363838165,73.84916910581252,169.59807205200195,8.881466902149377,187.36100585630072,151.83513824770318,0.20947094019856924,23320920.0,0.9187716436572828,0.03959874764221814,0.027653649193055376,0.0342063436745788,0.0503829400807716,0.06225624037407251,0.026683999528611668,1,0.0,0.0,0.0,0.0,0.0,0.0,0.0,0.0,0.0,0.0,0.0,0.0,0.0,0.0,0.0,0.0,0.0,0.0,0.0,0.0,0.0,0.0,0.0,0.0,0.0,0.0,0.0,0.0,0.0,0.0,0.0,0.0,301.0,0.0,0.0,40.0,0.0,0.0,0.0,0.0,0.0,0.0,0.0,0.0,0.0
2020-04-24,189.032958984375,189.37110025505788,179.84336824360523,182.2302674402944,28792000,0.026683999528611668,0.026334190832601585,180.31478881835938,178.21629638671874,170.9272804260254,176.20313690185546,177.1267032589831,173.67513751274853,3.4515657462345644,0.8726466613042498,2.5789190849303143,81.25763651115533,170.9272804260254,9.706198106670648,190.3396766393667,151.51488421268408,0.22714216437489845,24884360.0,1.1570319670668645,0.04022906759384626,0.02837577035262945,0.03339265538145655,0.06042183657874922,0.0849364475950134,-0.013521288837744727,0,0.0,0.0,0.0,0.0,0.0,0.0,0.0,0.0,0.0,0.0,0.0,0.0,0.0,0.0,0.0,0.0,0.0,0.0,0.0,0.0,0.0,0.0,0.0,0.0,0.0,0.0,0.0,0.0,0.0,0.0,0.0,0.0,0.0,0.0,0.0,0.0,0.0,0.0,0.0,0.0,0.0,0.0,0.0,0.0,0.0
2020-04-27,186.47698974609372,192.6928894042969,186.38748443314432,191.60884014603496,29197800,-0.013521288837744727,-0.013613533922362506,182.15668334960935,179.48036499023436,172.45440444946288,175.6931350708008,178.5652115417602,174.62559785362765,3.939613688132539,1.486040080217062,2.453573607915477,72.57767523482472,172.45440444946288,9.625523826061562,191.70545210158602,153.20335679733975,0.22325956491026683,27501780.0,1.0616694628493137,0.04126208178986508,0.029066298561071284,0.031866200454826576,0.05195239831549281,0.07271603091708445,-0.024480081590998237,0,0.0,0.0,1.0,0.0,0.0,0.0,0.0,301.0,40.0,0.0,0.0,0.0,0.0,0.0,0.0,0.0,0.0,0.0,0.0,0.0,0.0,0.0,0.0,0.0,0.0,0.0,0.0,0.0,0.0,0.0,0.0,0.0,0.0,0.0,0.0,0.0,0.0,0.0,0.0,0.0,0.0,0.0,0.0,0.0,0.0
2020-04-28,181.9120178222656,188.16769191258305,181.56392140727536,187.63064491502047,21731000,-0.024480081590998237,-0.02478470046110251,184.56546630859376,179.9517791748047,173.2977783203125,175.0711474609375,179.08010562415524,175.1664787098017,3.9136269143535287,1.9715574556227047,1.942069458730824,64.10256489062007,173.2977783203125,9.680904278746825,192.65958687780613,153.93596976281884,0.22345131882425545,26877880.0,0.8085087067878866,0.03616925144750753,0.03034457517197603,0.030525495744704433,0.07090156762969868,0.026603828176397615,0.061669702844859176,1,0.4333,0.0,1.0,0.3333,0.0,2.0,1.0,293.0,42.0,0.4333,0.0,2.0,0.0,0.0,0.0,0.0,0.0,0.0,0.0,0.0,0.0,0.0,0.0,0.0,0.0,0.0,0.0,0.0,0.0,0.0,301.0,0.0,0.0,40.0,0.0,0.0,0.0,0.0,0.0,0.0,0.0,0.0,0.0,0.0,0.0
2020-04-29,193.13047790527344,195.83563846479208,188.9633366325026,189.88825515386796,45954500,0.061669702844859176,0.05984286017440101,186.9344696044922,181.6643829345703,174.65980682373046,174.60152404785157,181.24170423162312,176.49976107715602,4.741943154467094,2.5256346032233385,2.2163085512437557,67.85651972178204,174.65980682373046,10.468084930866798,195.59597668546405,153.72363696199687,0.23973655121309867,29420380.0,1.5619954602897719,0.03417190563105624,0.03521600091068915,0.03302350008068693,0.0653390315270348,0.09730457690569438,0.05417374213271242,1,0.0667,0.0,1.0,1.0,0.0,2.0,0.0,262.0,40.0,0.0667,0.0,2.0,0.4333,0.0,0.0,0.0,0.0,0.0,0.3333,0.0,0.0,0.0,0.0,0.0,2.0,0.0,0.0,1.0,0.0,0.0,293.0,301.0,0.0,42.0,40.0,0.0,0.4333,0.0,0.0,0.0,0.0,0.0,2.0,0.0,0.0
2020-04-30,203.59307861328125,208.54590274692427,200.4702115251281,205.79101202782752,46230100,0.05417374213271242,0.05275727726755353,190.8291046142578,184.49485473632814,176.90300064086915,174.34731842041015,184.68038107919244,178.51032581809392,6.1700552610985255,3.254518743040467,2.9155365180580586,72.58262907910728,176.90300064086915,11.618376834881394,200.13975431063193,153.66624697110637,0.2627061563182381,34381080.0,1.3446378066075877,0.0388810430370796,0.037401628722180766,0.032227426972548774,0.1057635522930378,0.16147517109171905,-0.011919273165293065,0,0.0,0.0,0.0,0.0,0.0,0.0,0.0,0.0,0.0,0.0,0.0,0.0,0.0667,0.4333,0.0,0.0,0.0,0.0,1.0,0.3333,0.0,0.0,0.0,0.0,2.0,2.0,0.0,0.0,1.0,0.0,262.0,293.0,301.0,40.0,42.0,40.0,0.0667,0.4333,0.0,0.0,0.0,0.0,2.0,2.0,0.0
2020-05-01,201.16639709472656,206.149056525766,197.96396455145663,200.5000545087777,30415600,-0.011919273165293065,-0.011990877249552832,193.25579223632812,186.78529052734376,179.09497604370117,174.10246185302734,187.21669364809554,180.19138086965827,7.025312778437268,4.008677556942142,3.016635221495126,70.38578200670379,179.09497604370117,11.863566659777959,202.82210936325708,155.36784272414525,0.26496704534879006,34705800.0,0.8763837744699733,0.041209683802805264,0.03839537126616024,0.03234462640291653,0.06418689193430271,0.12848701840800425,0.014782107613518836,1,0.0,0.0,0.0,0.0,0.0,0.0,0.0,0.0,0.0,0.0,0.0,0.0,0.0,0.0667,0.4333,0.0,0.0,0.0,0.0,1.0,0.3333,0.0,0.0,0.0,0.0,2.0,2.0,0.0,0.0,1.0,0.0,262.0,293.0,0.0,40.0,42.0,0.0,0.0667,0.4333,0.0,0.0,0.0,0.0,2.0,2.0
2020-05-04,204.1400604248047,204.7865230175423,197.67552555063543,199.1076710893061,19250700,0.014782107613518836,0.014673917146401958,196.7884063720703,189.47254486083983,181.63504028320312,174.00459899902344,189.82029063246503,181.9681242609956,7.852166371469423,4.777375325410668,3.0747910460587544,70.21340996422978,181.63504028320312,11.491360437220795,204.6177611576447,158.65231940876154,0.25306483637306115,32716380.0,0.5884116763529461,0.038477543733139885,0.03784761354142359,0.031069620690263207,0.09471984024817726,0.1515931614326229,0.008818238007289647,1,0.0,0.0,1.0,0.0,0.0,0.0,0.0,285.0,38.0,0.0,0.0,0.0,0.0,0.0,0.0667,0.0,0.0,0.0,0.0,0.0,1.0,0.0,0.0,0.0,0.0,0.0,2.0,0.0,0.0,0.0,0.0,0.0,262.0,0.0,0.0,40.0,0.0,0.0,0.0667,0.0,0.0,0.0,0.0,0.0,2.0
2020-05-05,205.94021606445312,209.2321539998312,205.37331874781697,205.89048583352323,21071200,0.008818238007289647,0.008779584418007684,201.59404602050782,193.0797561645508,183.69971313476563,174.13090606689454,192.30028084951613,183.74639912897288,8.553881720543245,5.532676608810079,3.021205111733166,72.25673389882616,183.69971313476563,11.977738824285522,207.65519078333668,159.74423548619458,0.26081126899743007,32584420.0,0.6466648784910088,0.031320070147455956,0.032438273209769754,0.02781454247524679,0.1320869205335511,0.21235365789245808,0.006760864929554078,1,0.0,0.0,0.0,0.0,0.0,0.0,0.0,0.0,0.0,0.0,0.0,0.0,0.0,0.0,0.0,0.0,0.0,0.0,0.0,0.0,0.0,0.0,0.0,0.0,0.0,0.0,0.0,0.0,0.0,0.0,285.0,0.0,0.0,38.0,0.0,0.0,0.0,0.0,0.0,0.0,0.0,0.0,0.0,0.0,0.0
2020-05-06,207.33255004882807,210.4454770417712,205.5324281741796,206.9844536438316,21857000,0.006760864929554078,0.006738112774186257,204.43446044921876,195.68446502685546,185.67089843749997,174.36362884521483,194.61293898217676,185.49585735352915,9.117081628647611,6.249557616097952,2.8675240125496595,73.58711894195541,185.67089843749997,12.47588478446396,210.6226680064279,160.71912886857206,0.2687741566277508,27764920.0,0.7872163867210854,0.02431171193443187,0.027967256776331592,0.02776511003127686,0.07353615181608175,0.14367996428500462,0.013383161563367718,1,0.4333,0.0,1.0,0.3333,0.0,2.0,1.0,292.0,42.0,0.4333,0.0,2.0,0.0,0.0,0.0,0.0,0.0,0.0,0.0,0.0,0.0,0.0,0.0,0.0,0.0,0.0,0.0,0.0,0.0,0.0,0.0,285.0,0.0,0.0,38.0,0.0,0.0,0.0,0.0,0.0,0.0,0.0,0.0,0.0,0.0
2020-05-07,210.10731506347656,210.4454714845992,207.8994266414001,210.00786979005665,15152000,0.013383161563367718,0.013294398136516868,205.7373077392578,198.2832061767578,187.50980987548826,174.6432943725586,196.99669031092336,187.3211849964335,9.675505314489868,6.934747158315199,2.7407581561746692,73.50954615008894,187.50980987548826,13.247626494835064,214.00506286515838,161.01455688581814,0.28260124638026896,21549300.0,0.7031318882747931,0.010730703882446943,0.027960442756641408,0.027319346464396668,0.03199635515394372,0.14114395562849213,0.0051597022511848945,1,0.0,0.0,0.0,0.0,0.0,0.0,0.0,0.0,0.0,0.0,0.0,0.0,0.4333,0.0,0.0,0.0,0.0,0.0,0.3333,0.0,0.0,0.0,0.0,0.0,2.0,0.0,0.0,1.0,0.0,0.0,292.0,0.0,285.0,42.0,0.0,38.0,0.4333,0.0,0.0,0.0,0.0,0.0,2.0,0.0,0.0
2020-05-08,211.19140625,212.04671462323105,209.69959037870413,211.08200581241687,12506000,0.0051597022511848945,0.005146436599167695,207.7423095703125,200.49905090332032,189.3576736450195,175.09282836914062,199.1804936641513,189.09137595453785,10.089117709613447,7.565621270444934,2.523496439168513,75.01099106809781,189.3576736450195,13.861675471142071,217.08102458730366,161.63432270273535,0.29281465502428916,17967380.0,0.6960391554027354,0.0041650679616540565,0.027671298865115716,0.02731992109683263,0.04983441220828144,0.11722002017360666,0.00390848978081948,1,0.0333,0.0471,2.0,0.5,0.7071,2.0,0.0,277.5,80.0,0.0333,0.0471,2.0,0.0,0.4333,0.0,0.0,0.0,0.0,0.0,0.3333,0.0,0.0,0.0,0.0,0.0,2.0,0.0,0.0,1.0,0.0,0.0,292.0,0.0,0.0,42.0,0.0,0.0,0.4333,0.0,0.0,0.0,0.0,0.0,2.0,0.0
2020-05-11,212.016845703125,213.82692275207356,209.22217997803227,209.7393470170939,12911900,0.00390848978081948,0.0039008714788875145,209.31766662597656,203.05303649902345,191.26670074462888,175.50476776123048,201.15531774423846,190.79136079940085,10.36395694483761,8.125288406650677,2.238668538186934,84.41051442489518,191.26670074462888,14.23563422665171,219.7379691979323,162.79543229132545,0.2977127575522625,16699620.0,0.7731852581076695,0.0037153507390953753,0.026443014085756073,0.0272081033211723,0.038585201071897,0.13695982540154805,-0.014447773602895397,0,0.0667,0.0,1.0,1.0,0.0,2.0,0.0,268.0,40.0,0.0667,0.0,2.0,0.0333,0.0,0.4333,0.0471,0.0,0.0,0.5,0.0,0.3333,0.7071,0.0,0.0,2.0,0.0,2.0,0.0,0.0,1.0,277.5,0.0,292.0,80.0,0.0,42.0,0.0333,0.0,0.4333,0.0471,0.0,0.0,2.0,0.0,2.0
2020-05-12,208.95367431640625,214.10540430732917,208.85421385864043,212.12625653185697,14704600,-0.014447773602895397,-0.01455315897151418,209.92035827636718,205.7572021484375,192.85449066162107,175.77647735595704,202.3550652636168,192.13803903478333,10.217026228833475,8.5436359718809,1.673390256952576,76.15647284940852,192.85449066162107,14.354328197866979,221.56314705735502,164.14583426588712,0.2977234939901465,15426300.0,0.9532162605420613,0.010390590972412425,0.025004728651597148,0.0276639083350435,0.014632684715694344,0.14865239151248,-0.023798180632259913,0,0.0,0.0,0.0,0.0,0.0,0.0,0.0,0.0,0.0,0.0,0.0,0.0,0.0667,0.0333,0.0,0.0,0.0471,0.0,1.0,0.5,0.0,0.0,0.7071,0.0,2.0,2.0,0.0,0.0,0.0,0.0,268.0,277.5,0.0,40.0,80.0,0.0,0.0667,0.0333,0.0,0.0,0.0471,0.0,2.0,2.0,0.0
2020-05-13,203.98095703125,209.6299590178789,201.00726534975644,208.2873187019436,20684600,-0.023798180632259913,-0.02408593180644633,209.25003967285156,206.84225006103514,194.2533164978027,176.15858123779296,202.60520252116433,193.0160901373043,9.589112383860027,8.752731254594071,0.8363811292659555,68.04629095587744,194.2533164978027,13.98425393597751,222.2218243697577,166.2848086258477,0.2879591285873503,15191820.0,1.3615616825370496,0.015380226873578606,0.02132312419056443,0.028415703931229813,-0.01616530070550304,0.05618211710374621,0.008337387762625159,1,0.1906,0.0,1.0,0.0,0.0,0.0,0.0,283.0,40.0,0.1906,0.0,0.0,0.0,0.0667,0.0333,0.0,0.0,0.0471,0.0,1.0,0.5,0.0,0.0,0.7071,0.0,2.0,2.0,0.0,0.0,0.0,0.0,268.0,277.5,0.0,40.0,80.0,0.0,0.0667,0.0333,0.0,0.0,0.0471,0.0,2.0,2.0
2020-05-14,205.6816253662109,205.80096578026485,199.59502144088685,201.45481371239455,17178900,0.008337387762625159,0.008302823728222938,208.36490173339843,207.0511047363281,195.7729797363281,176.457939453125,203.0784984435878,193.95506800982773,9.123430433760063,8.826871090517288,0.2965593432427749,66.06527547468289,195.7729797363281,13.456317179801127,222.68561409593036,168.86034537672583,0.27493716850863553,15597200.0,1.1014092272972071,0.014138937164033501,0.013070728146397967,0.028278524000885426,-0.021063948658468057,0.010258436913254787,0.019679883996136294,1,0.0,0.0,0.0,0.0,0.0,0.0,0.0,0.0,0.0,0.0,0.0,0.0,0.1906,0.0,0.0667,0.0,0.0,0.0,0.0,0.0,1.0,0.0,0.0,0.0,0.0,0.0,2.0,0.0,0.0,0.0,283.0,0.0,268.0,40.0,0.0,40.0,0.1906,0.0,0.0667,0.0,0.0,0.0,0.0,0.0,2.0
2020-05-15,209.7294158935547,210.18689757487,203.0062896286102,204.1500241829686,19383200,0.019679883996136294,0.019488738818871355,208.07250366210937,207.90740661621095,197.34634857177733,176.9693341064453,204.1017166959421,195.12444928321693,8.977267412725155,8.85695035498808,0.12031705773707557,71.80970934814079,197.34634857177733,13.13696321990403,223.6202750115854,171.07242213196926,0.2662722328531142,16972640.0,1.142026225737422,0.01760105648474599,0.01338968047604197,0.028328281537348916,-0.0069225845047627965,0.042566844773761714,0.010954012007571956,1,0.3174,0.164,2.0,0.5,0.7071,2.0,0.0,289.5,82.0,0.3174,0.164,2.0,0.0,0.1906,0.0,0.0,0.0,0.0,0.0,0.0,0.0,0.0,0.0,0.0,0.0,0.0,0.0,0.0,0.0,0.0,0.0,283.0,0.0,0.0,40.0,0.0,0.0,0.1906,0.0,0.0,0.0,0.0,0.0,0.0,0.0
2020-05-18,212.02679443359372,213.46887990361373,209.7890708911556,210.99246038679,20151900,0.010954012007571956,0.01089445137522643,208.07449340820312,208.69608001708986,199.08431243896482,177.60783142089844,205.3209596094523,196.37737869413778,8.943580915314527,8.874276467066831,0.06930444824769566,79.50120061513587,199.08431243896482,12.630293364784736,224.34489916853428,173.82372570939535,0.25376772705095835,18420640.0,1.0939847909736036,0.018383325262097,0.013107119207525525,0.028135282657288815,4.692424526808736e-05,0.038633935898603866,0.01730854870695242,1,0.2014,0.0,1.0,0.0,0.0,0.0,0.0,282.0,40.0,0.2014,0.0,0.0,0.3174,0.0,0.1906,0.164,0.0,0.0,0.5,0.0,0.0,0.7071,0.0,0.0,2.0,0.0,0.0,0.0,0.0,0.0,289.5,0.0,283.0,82.0,0.0,40.0,0.3174,0.0,0.1906,0.164,0.0,0.0,2.0,0.0,0.0
2020-05-19,215.69667053222656,219.286974362646,211.66876498887532,212.1063667018072,31843200,0.01730854870695242,0.01716046211161238,209.4230926513672,209.67172546386718,201.37574081420897,178.55026123046875,206.91722303288674,197.80939386174447,9.10782917114227,8.920987007910957,0.1868421632313133,75.9433214232586,201.37574081420897,11.117394072229404,223.61052895866777,179.14095266975016,0.22082886503169033,21848360.0,1.4574640842607867,0.017547991098342812,0.013723359774385676,0.025461481564146377,0.03227029262768455,0.04737517836108296,0.06035605664076349,1,0.2667,0.2357,2.0,0.5,0.7071,2.0,0.0,286.5,82.0,0.2667,0.2357,2.0,0.2014,0.3174,0.0,0.0,0.164,0.0,0.0,0.5,0.0,0.0,0.7071,0.0,0.0,2.0,0.0,0.0,0.0,0.0,282.0,289.5,0.0,40.0,82.0,0.0,0.2014,0.3174,0.0,0.0,0.164,0.0,0.0,2.0,0.0
2020-05-20,228.71527099609372,230.07779133712796,221.97226429987748,222.2805704930572,50162900,0.06035605664076349,0.05860475421265043,214.3699554443359,211.80999755859375,203.7472312927246,179.58021118164064,210.27076923699383,200.1001348512222,10.17063438577162,9.170916483607385,0.9997179021642353,77.2786618410091,203.7472312927246,11.652159978338128,227.05155124940086,180.44291133604833,0.22875716944781294,27744020.0,1.808061701224264,0.021204088954414065,0.022356809874601754,0.024718678102833763,0.12125795625644797,0.10313248422512467,0.006174626815087736,1,0.0,0.0,0.0,0.0,0.0,0.0,0.0,0.0,0.0,0.0,0.0,0.0,0.2667,0.2014,0.3174,0.2357,0.0,0.164,0.5,0.0,0.5,0.7071,0.0,0.7071,2.0,0.0,2.0,0.0,0.0,0.0,286.5,282.0,289.5,82.0,40.0,82.0,0.2667,0.2014,0.3174,0.2357,0.0,0.164,2.0,0.0,2.0
2020-05-21,230.12750244140625,235.9057998219181,229.93853668050937,233.43933530595228,47782600,0.006174626815087736,0.006155641916630091,219.259130859375,213.81201629638673,206.04761123657227,180.79653839111327,213.32565154871395,202.3256587675534,10.999992781160557,9.536731743263562,1.463261037896995,82.15550905964372,206.04761123657227,12.105969744105584,230.25955072478342,181.8356717483611,0.23501305686492402,33864760.0,1.4109829805378806,0.02160459584548897,0.0223548324924267,0.02473540741696423,0.11885299443579411,0.09528553240462512,0.015212407990751187,1,0.1,0.0,1.0,0.0,0.0,0.0,0.0,281.0,40.0,0.1,0.0,0.0,0.0,0.2667,0.2014,0.0,0.2357,0.0,0.0,0.5,0.0,0.0,0.7071,0.0,0.0,2.0,0.0,0.0,0.0,0.0,0.0,286.5,282.0,0.0,82.0,40.0,0.0,0.2667,0.2014,0.0,0.2357,0.0,0.0,2.0,0.0
2020-05-22,233.6282958984375,234.70240506119345,227.49196225817,230.2468377544575,33925600,0.015212407990751187,0.0150978595564621,224.03890686035157,216.05570526123046,208.2773780822754,182.39656036376954,216.44913553730416,204.6456027547146,11.80353278258957,9.990091951273062,1.813440831316509,82.36197012479985,208.2773780822754,12.888783652726346,234.05494538772808,182.4998107768227,0.24753112933148055,36773240.0,0.9225621674891851,0.02186163581670945,0.02237082290745183,0.024496613131949466,0.11395101589856305,0.10623959585683895,-0.011536363508114156,0,0.0,0.0,0.0,0.0,0.0,0.0,0.0,0.0,0.0,0.0,0.0,0.0,0.1,0.0,0.2667,0.0,0.0,0.2357,0.0,0.0,0.5,0.0,0.0,0.7071,0.0,0.0,2.0,0.0,0.0,0.0,281.0,0.0,286.5,40.0,0.0,82.0,0.1,0.0,0.2667,0.0,0.0,0.2357,0.0,0.0,2.0
2020-05-26,230.93307495117188,239.5856032618041,230.40596793380757,238.4617790500544,33178300,-0.011536363508114156,-0.01160342360158647,227.82016296386718,217.94732818603515,210.50018234252929,183.62820343017577,218.67743405504018,206.59377939883763,12.083654656202555,10.408804492365576,1.6748501638369788,76.90002890477191,210.50018234252929,12.764054442287486,236.02829122710426,184.9720734579543,0.24254714271966973,39378520.0,0.8425481709317668,0.02652020813677945,0.02337691606229026,0.024396170333218392,0.08916929847514887,0.08922040692244892,-0.013178163961245826,0,0.1007,0.1424,2.0,0.0,0.0,0.0,0.0,283.5,78.0,0.1007,0.1424,0.0,0.0,0.1,0.0,0.0,0.0,0.0,0.0,0.0,0.0,0.0,0.0,0.0,0.0,0.0,0.0,0.0,0.0,0.0,0.0,281.0,0.0,0.0,40.0,0.0,0.0,0.1,0.0,0.0,0.0,0.0,0.0,0.0,0.0
2020-05-27,227.88980102539065,229.3020516190859,219.92350941659447,227.8201908398856,34697600,-0.013178163961245826,-0.013265766441687765,230.2587890625,219.8409408569336,212.79907150268554,185.28173217773437,220.09472136002344,208.17197992401773,11.922741436005708,10.71159188115528,1.2111495548504276,71.366610460447,212.79907150268554,11.413100713865497,235.62527293041654,189.97287007495453,0.21453290436413336,39949400.0,0.8685387014573436,0.029869286955521976,0.023239526359721353,0.023649956234050678,0.056529062145826536,0.09062356415092543,-0.016060075315772138,0,0.2014,0.0,1.0,0.0,0.0,0.0,0.0,287.0,40.0,0.2014,0.0,0.0,0.1007,0.0,0.1,0.1424,0.0,0.0,0.0,0.0,0.0,0.0,0.0,0.0,0.0,0.0,0.0,0.0,0.0,0.0,283.5,0.0,281.0,78.0,0.0,40.0,0.1007,0.0,0.1,0.1424,0.0,0.0,0.0,0.0,0.0
2020-05-28,224.22987365722656,230.36620767962253,222.7778328906146,223.0761990947716,29377200,-0.016060075315772138,-0.016190435943816944,229.36170959472656,221.86583251953124,214.3540412902832,186.79423461914064,220.73089866643616,209.36195441925756,11.368944247178604,10.84306235438137,0.5258818927972335,64.41336835803938,214.3540412902832,10.687842412320133,235.72972611492347,192.97835646564292,0.19944279749494276,35792260.0,0.8207696300820345,0.013775390396295726,0.022130263752484308,0.02125228890066733,-0.019611271776180494,0.09926866174509819,-0.0016411560592628494,0,0.0,0.0,0.0,0.0,0.0,0.0,0.0,0.0,0.0,0.0,0.0,0.0,0.2014,0.1007,0.0,0.0,0.1424,0.0,0.0,0.0,0.0,0.0,0.0,0.0,0.0,0.0,0.0,0.0,0.0,0.0,287.0,283.5,0.0,40.0,78.0,0.0,0.2014,0.1007,0.0,0.0,0.1424,0.0,0.0,0.0,0.0
2020-05-29,223.86187744140625,226.2487918494973,221.6639439734053,223.9712778748046,23241500,-0.0016411560592628494,-0.001642504231110449,228.10858459472655,223.6838577270508,215.36748123168945,188.34830902099608,221.21258772790821,210.43644156377775,10.776146164130466,10.829679116329444,-0.05353295219897802,63.12319913419367,215.36748123168945,10.574121721461083,236.51572467461162,194.2192377887673,0.1963921695325133,30884040.0,0.7525407945333576,0.012755234200944088,0.022422807623355974,0.01828661660166915,-0.02722675444494216,0.08839025869630235,0.030299068666837847,1,0.0,0.0,2.0,0.0,0.0,0.0,0.0,295.0,80.0,0.0,0.0,0.0,0.0,0.2014,0.1007,0.0,0.0,0.1424,0.0,0.0,0.0,0.0,0.0,0.0,0.0,0.0,0.0,0.0,0.0,0.0,0.0,287.0,283.5,0.0,40.0,78.0,0.0,0.2014,0.1007,0.0,0.0,0.1424,0.0,0.0,0.0
2020-06-01,230.64468383789065,231.1717909007817,222.28056583913076,223.3646150684324,18223800,0.030299068666837847,0.029849118024807757,227.5118621826172,225.77538452148437,216.84139556884764,189.91531280517577,222.66367948599884,211.93388878566898,10.729790700329858,10.809701433127444,-0.07991073279758609,67.1740695035533,216.84139556884764,10.544898024925448,237.93119161869853,195.75159951899676,0.1945181730132781,27743680.0,0.6568631126079886,0.019079058065362704,0.02323587494181342,0.018673986188907993,-0.012770764984066263,0.09972500927076067,0.003492633073401974,1,0.0,0.0,0.0,0.0,0.0,0.0,0.0,0.0,0.0,0.0,0.0,0.0,0.0,0.0,0.2014,0.0,0.0,0.0,0.0,0.0,0.0,0.0,0.0,0.0,0.0,0.0,0.0,0.0,0.0,0.0,295.0,0.0,287.0,80.0,0.0,40.0,0.0,0.0,0.2014,0.0,0.0,0.0,0.0,0.0,0.0
2020-06-02,231.4502410888672,231.72871214693237,225.32384746036507,229.67995428736688,20919000,0.003492633073401974,0.003486547995023774,227.61529541015625,227.7177291870117,218.20690460205077,191.5660565185547,224.015458232648,213.3800277257666,10.635430506881391,10.774847247875325,-0.13941674099393353,71.64178622480091,218.20690460205077,10.5817737229654,239.37045204798156,197.04335715611998,0.19397688157051918,25291820.0,0.8271053645012498,0.018458190322277492,0.023313970956236597,0.018597593323649093,0.002239463263565167,0.09160845310688703,-0.01100022724990768,0,0.0,0.0,0.0,0.0,0.0,0.0,0.0,0.0,0.0,0.0,0.0,0.0,0.0,0.0,0.0,0.0,0.0,0.0,0.0,0.0,0.0,0.0,0.0,0.0,0.0,0.0,0.0,0.0,0.0,0.0,0.0,295.0,0.0,0.0,80.0,0.0,0.0,0.0,0.0,0.0,0.0,0.0,0.0,0.0,0.0
2020-06-03,228.90423583984372,231.3806405269285,227.2831243687857,230.8435934789873,15380300,-0.01100022724990768,-0.011061177136911073,227.81818237304688,229.03848571777343,219.3551055908203,193.1983023071289,224.76757788265718,214.5303249575201,10.237252925137085,10.667328383320502,-0.43007545818341697,75.15057652995543,219.3551055908203,10.425421120049723,240.20594783091974,198.50426335072086,0.19011038912396316,21428360.0,0.7177544151768964,0.01807397538435685,0.023909854953550597,0.018989146182685705,0.004451427005019992,0.06123212414465096,-0.01681455441560764,0,0.0,0.0,0.0,0.0,0.0,0.0,0.0,0.0,0.0,0.0,0.0,0.0,0.0,0.0,0.0,0.0,0.0,0.0,0.0,0.0,0.0,0.0,0.0,0.0,0.0,0.0,0.0,0.0,0.0,0.0,0.0,0.0,295.0,0.0,0.0,80.0,0.0,0.0,0.0,0.0,0.0,0.0,0.0,0.0,0.0
2020-06-04,225.0553131103516,230.366188613291,223.38448678621543,228.30747563297948,17041500,-0.01681455441560764,-0.016957523947698068,227.98327026367187,228.67248992919923,220.2412437438965,194.49737518310548,224.81184484166707,215.3101771152544,9.501667726412677,10.434196251926487,-0.9325285255138098,68.73795371511122,220.2412437438965,10.097796561511759,240.43683686692,200.04565062087298,0.1833951968279619,18961220.0,0.8987554598280069,0.018254450901763093,0.015449649694965343,0.019625745785278793,0.0036812198110001138,-0.016002245367361723,0.019797718185192714,1,0.0,0.0,0.0,0.0,0.0,0.0,0.0,0.0,0.0,0.0,0.0,0.0,0.0,0.0,0.0,0.0,0.0,0.0,0.0,0.0,0.0,0.0,0.0,0.0,0.0,0.0,0.0,0.0,0.0,0.0,0.0,0.0,0.0,0.0,0.0,0.0,0.0,0.0,0.0,0.0,0.0,0.0,0.0,0.0,0.0
2020-06-05,229.51089477539065,230.08773204519264,224.0806785290028,225.47304906231173,16750400,0.019797718185192714,0.019604292124346744,229.11307373046876,228.61082916259767,221.2114227294922,195.98043914794923,225.53477561318033,216.3623612207306,9.172414392449724,10.181839880020355,-1.0094254875706312,68.98262482286144,221.2114227294922,10.004602590860285,241.22062791121277,201.20221754777162,0.1809057139530157,17663000.0,0.9483326728188869,0.01995651232970462,0.016748135115415782,0.01983349268471844,0.025234387375594913,-0.002679417537991058,0.0027299636346131972,1,0.0667,0.0,2.0,1.0,0.0,4.0,0.0,267.0,82.0,0.0667,0.0,4.0,0.0,0.0,0.0,0.0,0.0,0.0,0.0,0.0,0.0,0.0,0.0,0.0,0.0,0.0,0.0,0.0,0.0,0.0,0.0,0.0,0.0,0.0,0.0,0.0,0.0,0.0,0.0,0.0,0.0,0.0,0.0,0.0,0.0
2020-06-08,230.137451171875,230.2866418614068,226.169230744218,227.78038699752025,15466500,0.0027299636346131972,0.0027262440519025856,229.01162719726562,228.2617446899414,222.15872497558593,197.3342123413086,226.2428795556297,217.38298892380163,8.85989063182808,9.917450030372864,-1.0575593985447842,67.95504054217601,222.15872497558593,9.902352218208655,241.96342941200322,202.35402053916863,0.17829328502487335,17111540.0,0.9038637083512062,0.014271396656579371,0.015921291496910735,0.019837390763793435,-0.0021991951324235037,-0.014941874712299574,0.03141744806888713,1,0.0,0.0,0.0,0.0,0.0,0.0,0.0,0.0,0.0,0.0,0.0,0.0,0.0667,0.0,0.0,0.0,0.0,0.0,1.0,0.0,0.0,0.0,0.0,0.0,4.0,0.0,0.0,0.0,0.0,0.0,267.0,0.0,0.0,82.0,0.0,0.0,0.0667,0.0,0.0,0.0,0.0,0.0,4.0,0.0,0.0
2020-06-09,237.36778259277344,238.46178691519856,229.1528557257264,230.25680002361537,27462900,0.03141744806888713,0.030934019370522727,230.19513549804688,228.90521545410155,223.42627182006837,198.9628778076172,227.9544031209581,218.86368073536502,9.090722385593068,9.752104501412385,-0.6613821158193165,70.06814678830638,223.42627182006837,10.155110789989854,243.73649340004806,203.11605024008867,0.18180692372950755,18420320.0,1.4909024381769698,0.020332447036940586,0.018470277975786917,0.0207287014739906,0.02556722981175974,0.027863949947239508,-0.008128368646839301,0,0.0,0.0,0.0,0.0,0.0,0.0,0.0,0.0,0.0,0.0,0.0,0.0,0.0,0.0667,0.0,0.0,0.0,0.0,0.0,1.0,0.0,0.0,0.0,0.0,0.0,4.0,0.0,0.0,0.0,0.0,0.0,267.0,0.0,0.0,82.0,0.0,0.0,0.0667,0.0,0.0,0.0,0.0,0.0,4.0,0.0
2020-06-10,235.43836975097656,239.8939372841316,233.99628415219613,239.6453013127717,20720700,-0.008128368646839301,-0.008161583948530636,231.50196228027343,229.66007232666016,224.75050659179686,200.37075439453125,229.10578261453992,220.09169405431047,9.014088560229453,9.60450131317257,-0.5904127529431165,57.83493616359933,224.75050659179686,9.891946994686446,244.53440058116976,204.96661260242396,0.1760520524681655,19488400.0,1.0632324870179184,0.019792880076202397,0.018045882732857642,0.0204490659419015,0.028545273035945673,0.03312376724022359,-0.05195801418939816,0,0.0,0.0,0.0,0.0,0.0,0.0,0.0,0.0,0.0,0.0,0.0,0.0,0.0,0.0,0.0667,0.0,0.0,0.0,0.0,0.0,1.0,0.0,0.0,0.0,0.0,0.0,4.0,0.0,0.0,0.0,0.0,0.0,267.0,0.0,0.0,82.0,0.0,0.0,0.0667,0.0,0.0,0.0,0.0,0.0,4.0
2020-06-11,223.20545959472656,231.61930688950915,222.33027136285557,228.6854056903648,26708200,-0.05195801418939816,-0.053356488878087735,231.13199157714843,229.55763092041016,225.71173171997071,201.5170654296875,228.19804060345945,220.32238833158212,7.875652271877328,9.25873150490747,-1.3830792330301414,43.55792954213092,225.71173171997071,8.619731336338726,242.95119439264818,208.47226904729325,0.15275646100722495,21421740.0,1.2467801401753547,0.03218936551005361,0.02469479861361531,0.023381073919925863,-0.008219550518756225,-0.004568588679963237,0.018491326868969704,1,0.0222,0.0385,3.0,0.3333,0.5774,2.0,0.0,278.6667,116.0,0.0222,0.0385,2.0,0.0,0.0,0.0,0.0,0.0,0.0,0.0,0.0,0.0,0.0,0.0,0.0,0.0,0.0,0.0,0.0,0.0,0.0,0.0,0.0,0.0,0.0,0.0,0.0,0.0,0.0,0.0,0.0,0.0,0.0,0.0,0.0,0.0
2020-06-12,227.33282470703125,230.39602144667435,223.2750841626548,228.64561463800163,22091400,0.018491326868969704,0.018322441055897802,230.69637756347657,229.90472564697265,226.7942916870117,202.88913787841796,228.06493046455077,220.84177367742694,7.223156787123827,8.851616561345041,-1.6284597742212146,44.20859718293409,226.7942916870117,7.217229597463351,241.22875088193842,212.359832492085,0.12729120373847014,22489940.0,0.9822791879391408,0.03198065840602451,0.025373808874949666,0.023572025877477996,-0.009490050877501766,0.015504860878036153,0.017149395871418838,1,0.2014,0.0,1.0,0.0,0.0,0.0,0.0,292.0,42.0,0.2014,0.0,0.0,0.0222,0.0,0.0,0.0385,0.0,0.0,0.3333,0.0,0.0,0.5774,0.0,0.0,2.0,0.0,0.0,0.0,0.0,0.0,278.6667,0.0,0.0,116.0,0.0,0.0,0.0222,0.0,0.0,0.0385,0.0,0.0,2.0,0.0,0.0
2020-06-15,231.2314453125,232.49452025217397,223.5734606963973,223.86187173589585,15340300,0.017149395871418838,0.017004004873179542,230.91517639160156,229.9634017944336,227.869393157959,204.36722900390626,228.55208659809082,221.6115076475018,6.940578950589014,8.469409039189555,-1.5288300886005413,50.26853471835029,227.869393157959,6.048232195752214,239.96585754946344,215.77292876645456,0.10617015496345465,22464700.0,0.6828624464159325,0.033087276410832596,0.024040353143762006,0.023497337574967643,0.004753655413555213,0.0025440060652850427,0.013548384372056965,1,0.0,0.0,0.0,0.0,0.0,0.0,0.0,0.0,0.0,0.0,0.0,0.0,0.2014,0.0222,0.0,0.0,0.0385,0.0,0.0,0.3333,0.0,0.0,0.5774,0.0,0.0,2.0,0.0,0.0,0.0,0.0,292.0,278.6667,0.0,42.0,116.0,0.0,0.2014,0.0222,0.0,0.0,0.0385,0.0,0.0,2.0,0.0
2020-06-16,234.3642578125,237.15893884558685,231.72872261689955,235.84613364779216,15236700,0.013548384372056965,0.013457425654033683,230.31447143554686,230.2548034667969,228.98626632690429,205.98773864746093,229.44626678971647,222.55630203541392,6.889964754302554,8.153520182209325,-1.2635554279067716,55.81766499265917,228.98626632690429,4.9273050187613165,238.84087636442692,219.13165628938165,0.08607162512929087,20019460.0,0.7610944550951924,0.02983934130869541,0.0243864335292826,0.023538171863771083,-0.012653464372737844,0.01259025140748915,-0.0005091379188212342,0,0.0,0.0,1.0,0.0,0.0,0.0,0.0,301.0,40.0,0.0,0.0,0.0,0.0,0.2014,0.0222,0.0,0.0,0.0385,0.0,0.0,0.3333,0.0,0.0,0.5774,0.0,0.0,2.0,0.0,0.0,0.0,0.0,292.0,278.6667,0.0,42.0,116.0,0.0,0.2014,0.0222,0.0,0.0,0.0385,0.0,0.0,2.0
2020-06-17,234.24493408203125,236.2936921800352,230.4656640570497,233.7178270053812,19578100,-0.0005091379188212342,-0.0005092675735413822,230.0757843017578,230.78887329101562,229.91367950439454,207.3797021484375,230.18452329957515,223.4222507281731,6.762272571402036,7.8752706600458735,-1.1129980886438373,59.61060719518343,229.91367950439454,3.941190618579177,237.79606074155288,222.0312982672362,0.06856817962419395,19790940.0,0.989245584090498,0.029653562228465623,0.024010573791012617,0.023395824941585534,-0.005068993937596522,0.02333158328238283,0.0017407446684605254,1,0.2167,0.3064,2.0,0.5,0.7071,2.0,0.0,287.5,80.0,0.2167,0.3064,2.0,0.0,0.0,0.2014,0.0,0.0,0.0,0.0,0.0,0.0,0.0,0.0,0.0,0.0,0.0,0.0,0.0,0.0,0.0,301.0,0.0,292.0,40.0,0.0,42.0,0.0,0.0,0.2014,0.0,0.0,0.0,0.0,0.0,0.0
2020-06-18,234.65269470214844,234.85160045086263,230.88336475043351,233.70788101410412,15782500,0.0017407446684605254,0.001739231328431338,232.3652313232422,231.7486114501953,230.21055068969727,208.71457916259766,230.87193428722483,224.2542458659892,6.617688421235641,7.623754212282385,-1.006065791046744,60.347138843539675,230.21055068969727,4.067755869259912,238.3460624282171,222.07503895117745,0.0706788782194935,17605800.0,0.8964375376296447,0.00886607866211755,0.023043379430177393,0.019335284151200675,0.051285641167588825,0.0426445457303688,0.012079307856531107,1,0.2014,0.0,1.0,0.0,0.0,0.0,0.0,288.0,40.0,0.2014,0.0,0.0,0.2167,0.0,0.0,0.3064,0.0,0.0,0.5,0.0,0.0,0.7071,0.0,0.0,2.0,0.0,0.0,0.0,0.0,0.0,287.5,301.0,0.0,80.0,40.0,0.0,0.2167,0.0,0.0,0.3064,0.0,0.0,2.0,0.0,0.0
2020-06-19,237.4871368408203,239.5160149432782,234.26482424067743,236.4925929172136,30081300,0.012079307856531107,0.01200693524187096,234.39609375,232.54623565673828,230.57853240966796,209.99774017333985,231.88965776031395,225.23458045898136,6.655077301332597,7.430018830091538,-0.7749415287589416,57.09862794506459,230.57853240966796,4.380697592276675,239.3399275942213,221.8171372251146,0.07599489070376261,19203780.0,1.566425984884226,0.007737999500642727,0.022596292903715568,0.019455743910130063,0.044667162108574354,0.03475321759010863,0.0018006988839665006,1,0.0833,0.0236,2.0,0.5,0.7071,2.0,0.0,274.5,82.0,0.0833,0.0236,2.0,0.2014,0.2167,0.0,0.0,0.3064,0.0,0.0,0.5,0.0,0.0,0.7071,0.0,0.0,2.0,0.0,0.0,0.0,0.0,288.0,287.5,301.0,40.0,80.0,40.0,0.2014,0.2167,0.0,0.0,0.3064,0.0,0.0,2.0,0.0
2020-06-22,237.91477966308597,239.3867003035967,235.6173858106879,237.25837708367655,18917800,0.0018006988839665006,0.0017990795693717074,235.73276062011718,233.32396850585937,230.7928565979004,211.27135314941407,232.8165995940569,226.17396133985793,6.642638254198971,7.272542714912448,-0.6299044607134769,56.75956831685699,230.7928565979004,4.635222618722512,240.0633018353454,221.52241136045538,0.08033563407550763,19919280.0,0.9497230823604066,0.006552122400137468,0.022602434769910425,0.019196961633371062,0.028903224393004523,0.03379427577566485,0.012624372409846485,1,0.0,0.0,0.0,0.0,0.0,0.0,0.0,0.0,0.0,0.0,0.0,0.0,0.0833,0.2014,0.2167,0.0236,0.0,0.3064,0.5,0.0,0.5,0.7071,0.0,0.7071,2.0,0.0,2.0,0.0,0.0,0.0,274.5,288.0,287.5,82.0,40.0,80.0,0.0833,0.2014,0.2167,0.0236,0.0,0.3064,2.0,0.0,2.0
2020-06-23,240.91830444335935,243.85220572624905,238.5512852560589,239.96353568297948,24017900,0.012624372409846485,0.012545349402713554,237.04356994628907,233.67902069091798,231.29211807250977,212.6129931640625,234.06301572761706,227.26624995940728,6.796765768209781,7.177387325571635,-0.3806215573618541,62.44331119514606,231.29211807250977,5.159254731273324,241.6106275350564,220.97360860996312,0.08922491218928441,21675520.0,1.1080656888508327,0.006284095085181405,0.02073311214639461,0.019120896233961345,0.027965214030643004,0.014957892818492358,-0.03393324720488955,0,0.1,0.0,1.0,0.0,0.0,0.0,0.0,281.0,40.0,0.1,0.0,0.0,0.0,0.0833,0.2014,0.0,0.0236,0.0,0.0,0.5,0.0,0.0,0.7071,0.0,0.0,2.0,0.0,0.0,0.0,0.0,0.0,274.5,288.0,0.0,82.0,40.0,0.0,0.0833,0.2014,0.0,0.0236,0.0,0.0,2.0,0.0
2020-06-24,232.7431640625,241.89296476332495,231.41046372407692,239.8839818678074,20834900,-0.03393324720488955,-0.034522344884700025,236.74321594238282,233.4095001220703,231.53478622436523,213.72389892578124,233.85996162489187,227.67198687291128,6.18797475198059,6.979504810852961,-0.7915300588723708,57.30764511338915,231.53478622436523,5.104653680704195,241.7440935857736,221.32547886295686,0.0881881079546743,21926880.0,0.9501990251235014,0.019082396874108325,0.02350996795918843,0.020517071869731812,-0.006411109915424373,-0.01144760597572636,0.007093398201645673,1,0.2889,0.2502,3.0,0.4444,0.5092,5.0,1.0,289.6667,122.0,0.2889,0.2502,5.0,0.1,0.0,0.0833,0.0,0.0,0.0236,0.0,0.0,0.5,0.0,0.0,0.7071,0.0,0.0,2.0,0.0,0.0,0.0,281.0,0.0,274.5,40.0,0.0,82.0,0.1,0.0,0.0833,0.0,0.0,0.0236,0.0,0.0,2.0
2020-06-25,234.39410400390625,236.0052754752005,231.47015762378004,233.339889875791,18704300,0.007093398201645673,0.007068358394439627,236.69149780273438,234.5283645629883,232.04299774169922,214.89169219970702,233.94213737564627,228.16996644668043,5.772170928965835,6.738038034475081,-0.965867105509246,54.90313720130828,232.04299774169922,4.838119830669638,241.7192374030385,222.36675808035994,0.0834004021281476,22511240.0,0.8308871479314334,0.019431199328765567,0.015210867647541539,0.020138291056279987,-0.0011020146117239893,0.05012710902992645,-0.08316359890456848,0,0.0,0.0,0.0,0.0,0.0,0.0,0.0,0.0,0.0,0.0,0.0,0.0,0.2889,0.1,0.0,0.2502,0.0,0.0,0.4444,0.0,0.0,0.5092,0.0,0.0,5.0,0.0,0.0,1.0,0.0,0.0,289.6667,281.0,0.0,122.0,40.0,0.0,0.2889,0.1,0.0,0.2502,0.0,0.0,5.0,0.0,0.0
2020-06-26,214.9010467529297,231.81823295157983,214.22474901273569,231.37069123372817,76343900,-0.08316359890456848,-0.08682622929914142,232.17427978515624,233.28518676757812,231.5949562072754,215.68394592285156,231.01273881417862,227.18700131243511,3.825737501743504,6.155577927927889,-2.3298404261843855,38.90498424748722,231.5949562072754,5.927818434362484,243.45059307600036,219.73931933855044,0.10238251353034018,31763760.0,2.4034906446843824,0.04016695727415417,0.03098655519149912,0.02779648622175028,-0.09510447760810437,-0.05468536261810264,0.021103320811814985,1,0.1341,0.0953,2.0,0.5,0.7071,2.0,0.0,276.0,80.0,0.1341,0.0953,2.0,0.0,0.2889,0.1,0.0,0.2502,0.0,0.0,0.4444,0.0,0.0,0.5092,0.0,0.0,5.0,0.0,0.0,1.0,0.0,0.0,289.6667,281.0,0.0,122.0,40.0,0.0,0.2889,0.1,0.0,0.2502,0.0,0.0,5.0,0.0
2020-06-29,219.4361724853516,219.54557292486103,205.9799943033656,208.6055896760571,58514300,0.021103320811814985,0.020883729764660335,228.4785583496094,232.10565948486328,231.03453063964844,216.50742858886719,229.23172860762077,226.61282138820292,2.6189072194178493,5.4482437862250315,-2.829336566807182,36.40887343972778,231.03453063964844,6.522402948010413,244.07933653566926,217.98972474362762,0.11292516196522327,39683060.0,1.4745410258180696,0.04347152091920554,0.031326178211751946,0.027311813175800833,-0.07766901746878507,-0.05101067811606497,0.029142472944625242,1,0.05,0.0707,2.0,0.0,0.0,0.0,0.0,285.0,80.0,0.05,0.0707,0.0,0.1341,0.0,0.2889,0.0953,0.0,0.2502,0.5,0.0,0.4444,0.7071,0.0,0.5092,2.0,0.0,5.0,0.0,0.0,1.0,276.0,0.0,289.6667,80.0,0.0,122.0,0.1341,0.0,0.2889,0.0953,0.0,0.2502,2.0,0.0,5.0
2020-06-30,225.83108520507807,226.2587317874965,217.27800180135867,219.38642996228407,33927100,0.029142472944625242,0.02872590493966712,225.46111450195312,231.2523422241211,230.753572845459,217.47869995117188,228.7085526990096,226.5549108527022,2.1536418463074085,4.789323398240874,-2.635681551933465,43.179897463894044,230.753572845459,6.623790247754585,244.00115334096816,217.50599234994982,0.11482015495709252,41664900.0,0.8142849256808489,0.04663261782099198,0.032697056083005424,0.02817782916924416,-0.06262379802622398,-0.03640987191079614,0.046153104992910254,1,0.0,0.0,0.0,0.0,0.0,0.0,0.0,0.0,0.0,0.0,0.0,0.0,0.05,0.1341,0.0,0.0707,0.0953,0.0,0.0,0.5,0.0,0.0,0.7071,0.0,0.0,2.0,0.0,0.0,0.0,0.0,285.0,276.0,0.0,80.0,80.0,0.0,0.05,0.1341,0.0,0.0707,0.0953,0.0,0.0,2.0,0.0
2020-07-01,236.2538909912109,237.6959765165601,226.31839261839323,227.25326625118825,43399700,0.046153104992910254,0.04511972681755931,226.16325988769532,231.45323791503907,231.12105560302734,218.80641571044922,229.86937397572353,227.27340151860147,2.595972457122059,4.350653210016773,-1.7546807528947141,59.50726523511398,231.12105560302734,6.718983038967315,244.55902168096196,217.68308952509273,0.11628508742202717,46177860.0,0.9398378357074147,0.05076561894396561,0.03625960600485328,0.02993637325345697,0.01508412478128962,0.008576308883914363,-0.017385755533359193,0,0.0,0.0,0.0,0.0,0.0,0.0,0.0,0.0,0.0,0.0,0.0,0.0,0.0,0.05,0.1341,0.0,0.0707,0.0953,0.0,0.0,0.5,0.0,0.0,0.7071,0.0,0.0,2.0,0.0,0.0,0.0,0.0,285.0,276.0,0.0,80.0,80.0,0.0,0.05,0.1341,0.0,0.0707,0.0953,0.0,0.0,2.0
2020-07-02,232.1464385986328,238.6905393742066,231.3408604563306,237.6959954601474,30633600,-0.017385755533359193,-0.017538662643281373,225.71372680664064,231.2026123046875,231.4756118774414,219.82363525390625,230.21969161027025,227.6343894152777,2.5853021949925505,3.9975830070117113,-1.4122808120191608,53.50828280141272,231.4756118774414,6.5674392339719985,244.6104903453854,218.3407334094974,0.11348822764878116,48563720.0,0.6307918750869991,0.05157457319465256,0.036744595735596616,0.029955552167758016,-0.00958925743813066,-0.010680704548042375,0.029389016618893704,1,0.0,0.0,0.0,0.0,0.0,0.0,0.0,0.0,0.0,0.0,0.0,0.0,0.0,0.0,0.05,0.0,0.0,0.0707,0.0,0.0,0.0,0.0,0.0,0.0,0.0,0.0,0.0,0.0,0.0,0.0,0.0,0.0,285.0,0.0,0.0,80.0,0.0,0.0,0.05,0.0,0.0,0.0707,0.0,0.0,0.0
2020-07-06,238.968994140625,239.08833454599275,231.0027033960978,232.4845640145299,26206200,0.029389016618893704,0.028965438487438645,230.52731628417968,231.35079803466797,231.94851684570312,220.9206170654297,231.56573815422422,228.47403754906998,3.0917006051542444,3.8164065266401286,-0.7247059214858842,55.40879327830336,231.94851684570312,6.7563295314657035,245.46117590863454,218.4358577827717,0.1165142959023128,38536180.0,0.6800414571449479,0.023667045237095737,0.03779309148019181,0.03033008307091522,0.11199548699902828,0.006239737105416143,0.0024138832897262485,1,0.1,0.0,1.0,0.0,0.0,0.0,0.0,281.0,40.0,0.1,0.0,0.0,0.0,0.0,0.0,0.0,0.0,0.0,0.0,0.0,0.0,0.0,0.0,0.0,0.0,0.0,0.0,0.0,0.0,0.0,0.0,0.0,0.0,0.0,0.0,0.0,0.0,0.0,0.0,0.0,0.0,0.0,0.0,0.0,0.0
2020-07-07,239.54583740234372,246.29878360993865,237.5169745825168,238.10375182434268,27887800,0.0024138832897262485,0.002410974553417633,234.5492492675781,231.51390380859374,232.41893615722657,221.93087463378907,232.79344573149277,229.2942140897313,3.499231641761469,3.752971549664371,-0.25373990790290213,53.75631786603799,232.41893615722657,6.94840087702772,246.315737911282,218.52213440317112,0.11958407506567838,32410880.0,0.8604456281347498,0.025206764700611582,0.03779452329585259,0.030330022416536748,0.09164243383043225,0.006855638567589306,0.011292782999241524,1,0.1,0.0,1.0,0.0,0.0,0.0,0.0,281.0,40.0,0.1,0.0,0.0,0.1,0.0,0.0,0.0,0.0,0.0,0.0,0.0,0.0,0.0,0.0,0.0,0.0,0.0,0.0,0.0,0.0,0.0,281.0,0.0,0.0,40.0,0.0,0.0,0.1,0.0,0.0,0.0,0.0,0.0,0.0,0.0,0.0
2020-07-08,242.2509765625,245.64237450575425,235.29911005389096,236.81082085368905,29791300,0.011292782999241524,0.011229495540632043,237.8332275390625,231.6471710205078,232.6630958557129,223.0463543701172,234.24845047536118,230.25402110239287,3.9944293729683125,3.801263114325174,0.19316625864313863,55.5941446380509,232.6630958557129,7.212236964211081,247.08756978413507,218.23862192729072,0.12399451554936394,31583720.0,0.943248610360021,0.024477451817817752,0.03775268538100859,0.029644618714952928,0.07270872981242138,0.005531634975681099,0.003777109830084946,1,0.0,0.0,1.0,0.0,0.0,0.0,0.0,289.0,40.0,0.0,0.0,0.0,0.1,0.1,0.0,0.0,0.0,0.0,0.0,0.0,0.0,0.0,0.0,0.0,0.0,0.0,0.0,0.0,0.0,0.0,281.0,281.0,0.0,40.0,40.0,0.0,0.1,0.1,0.0,0.0,0.0,0.0,0.0,0.0,0.0
2020-07-09,243.16598510742188,245.18490802330976,237.93468962310945,243.6632570606068,22174900,0.003777109830084946,0.003769994462139945,239.21564636230468,232.689453125,233.04947662353516,224.2714337158203,235.62037888080147,231.21050609110821,4.409872789693253,3.9229850493988208,0.48688774029443227,55.90670837898928,233.04947662353516,7.56701155645796,248.18349973645107,217.91545351061924,0.12987819867420858,27338760.0,0.8111157931083927,0.016879736814767718,0.035678630149981586,0.029561634805522402,0.029257059374603545,0.0447825012902332,0.0023312441179241805,1,0.1,0.0,1.0,0.0,0.0,0.0,0.0,281.0,40.0,0.1,0.0,0.0,0.0,0.1,0.1,0.0,0.0,0.0,0.0,0.0,0.0,0.0,0.0,0.0,0.0,0.0,0.0,0.0,0.0,0.0,289.0,281.0,281.0,40.0,40.0,40.0,0.0,0.1,0.1,0.0,0.0,0.0,0.0,0.0,0.0
2020-07-10,243.7328643798828,244.1505709685798,238.01423734148625,242.3603890344966,22982700,0.0023312441179241805,0.0023285309841887237,241.53293151855468,233.62332916259766,234.07584686279296,225.2834814453125,236.86845357335875,232.13812698897007,4.730326584388678,4.084453356396825,0.6458732279918529,54.47420739457543,234.07584686279296,7.553650213269606,249.18314728933217,218.96854643625375,0.1290803867978278,25808580.0,0.8905061805027631,0.011538651215080263,0.03567909203466514,0.026695730792759144,0.04990998720976392,0.03984213005554493,-0.0247684304228869,0,0.0,0.0,0.0,0.0,0.0,0.0,0.0,0.0,0.0,0.0,0.0,0.0,0.1,0.0,0.1,0.0,0.0,0.0,0.0,0.0,0.0,0.0,0.0,0.0,0.0,0.0,0.0,0.0,0.0,0.0,281.0,289.0,281.0,40.0,40.0,40.0,0.1,0.0,0.1,0.0,0.0,0.0,0.0,0.0,0.0
2020-07-13,237.69598388671875,248.7851419183328,237.11914662358635,245.6622747872609,24674900,-0.0247684304228869,-0.025080328926096167,241.27832946777343,235.90282287597657,234.59400482177733,225.96553955078124,236.99576592929404,232.54983603861456,4.44592989067948,4.156748663253367,0.28918122742611274,49.85492201767564,234.59400482177733,7.421030890984099,249.43606660374553,219.75194303980913,0.12653402454375434,25502320.0,0.967555108711678,0.013798758361983791,0.021825284969051013,0.027270692484826407,-0.0053270938285706615,0.10607178270283746,0.0030543771574187417,1,0.1,0.0,1.0,0.0,0.0,0.0,0.0,281.0,40.0,0.1,0.0,0.0,0.0,0.1,0.0,0.0,0.0,0.0,0.0,0.0,0.0,0.0,0.0,0.0,0.0,0.0,0.0,0.0,0.0,0.0,0.0,281.0,289.0,0.0,40.0,40.0,0.0,0.1,0.0,0.0,0.0,0.0,0.0,0.0,0.0
2020-07-14,238.4219970703125,239.01872946093565,230.76401232683585,235.46820057024456,23378100,0.0030543771574187417,0.0030497220241219457,241.05356140136718,237.80140533447266,234.95353240966796,226.71065155029297,237.21518610488454,232.98482652969645,4.230359575188089,4.171470845640314,0.058888729547775576,48.29321077685734,234.95353240966796,7.423730820771544,249.80099405121103,220.10607076812488,0.12638636660848201,24600380.0,0.9503145886364357,0.013841173375778138,0.021581675201065048,0.027056024049665003,-0.004691546069922392,0.0865209430602345,0.0022942391097882098,1,0.0,0.0,0.0,0.0,0.0,0.0,0.0,0.0,0.0,0.0,0.0,0.0,0.1,0.0,0.1,0.0,0.0,0.0,0.0,0.0,0.0,0.0,0.0,0.0,0.0,0.0,0.0,0.0,0.0,0.0,281.0,0.0,281.0,40.0,0.0,40.0,0.1,0.0,0.1,0.0,0.0,0.0,0.0,0.0,0.0
2020-07-15,238.968994140625,243.4842317004785,236.75116561284403,240.23206907439447,19133600,0.0022942391097882098,0.0022916113615960875,240.39716491699218,239.11519622802734,235.18376922607422,227.40723022460938,237.48500272581887,233.42811292435488,4.056889801463996,4.148554636805048,-0.09166483534105208,54.75249775895904,235.18376922607422,7.475716178384837,250.1352015828439,220.23233686930453,0.12714680444123147,22468840.0,0.851561540337641,0.012372652926513277,0.020369863825095716,0.026917451835156987,-0.01354786043980405,0.05817582164836321,0.0027051788025749257,1,0.1,0.0,1.0,0.0,0.0,0.0,0.0,281.0,40.0,0.1,0.0,0.0,0.0,0.1,0.0,0.0,0.0,0.0,0.0,0.0,0.0,0.0,0.0,0.0,0.0,0.0,0.0,0.0,0.0,0.0,0.0,281.0,0.0,0.0,40.0,0.0,0.0,0.1,0.0,0.0,0.0,0.0,0.0,0.0,0.0
2020-07-16,239.61544799804688,240.44092123356472,235.0405552883238,236.7014417348952,18880700,0.0027051788025749257,0.002701526391864562,239.6870574951172,239.45135192871095,235.452294921875,228.08073486328124,237.8127635369835,233.88644813304128,3.926315403942226,4.10410679023248,-0.17779138629025404,54.047796711379576,235.452294921875,7.536425788129526,250.52514649813403,220.37944334561595,0.1280331676636266,21810000.0,0.86569005043558,0.012241774803234537,0.014650019758138429,0.026915510770421862,-0.014601290175542014,0.014228578385449886,0.004565624419315073,1,0.2667,0.2357,2.0,0.5,0.7071,2.0,0.0,286.0,82.0,0.2667,0.2357,2.0,0.1,0.0,0.1,0.0,0.0,0.0,0.0,0.0,0.0,0.0,0.0,0.0,0.0,0.0,0.0,0.0,0.0,0.0,281.0,0.0,281.0,40.0,0.0,40.0,0.1,0.0,0.1,0.0,0.0,0.0,0.0,0.0,0.0
2020-07-17,240.70944213867188,242.82782535430775,236.5621961855724,239.6850632070579,18152400,0.004565624419315073,0.0045552335712817065,239.082373046875,240.30765228271486,235.75513229370117,228.74827270507814,238.25840639884228,234.39186948516377,3.866536913678516,4.056592814921684,-0.19005590124316818,77.99353661366358,235.75513229370117,7.623787518480668,251.0027073306625,220.50755725673983,0.12935094891564078,20843940.0,0.8708718217381167,0.012517099543068153,0.013062638233805279,0.02692432184849167,-0.012404655600726122,0.036886215406664036,0.014006537123551599,1,0.1,0.0,1.0,0.0,0.0,0.0,0.0,281.0,40.0,0.1,0.0,0.0,0.2667,0.1,0.0,0.2357,0.0,0.0,0.5,0.0,0.0,0.7071,0.0,0.0,2.0,0.0,0.0,0.0,0.0,0.0,286.0,281.0,0.0,82.0,40.0,0.0,0.2667,0.1,0.0,0.2357,0.0,0.0,2.0,0.0,0.0
2020-07-20,244.08094787597656,244.70751535259072,234.35431031552235,238.7501922759793,20872200,0.014006537123551599,0.013909352015618348,240.35936584472657,240.81884765625,236.08482284545897,229.42774536132814,239.15418201081206,235.1095979149198,4.044584095892276,4.054191071115802,-0.009606975223525716,77.42364567818478,236.08482284545897,7.8420795931891,251.76898203183717,220.40066365908078,0.13286884770771595,20083400.0,1.0392762181702302,0.004928246155847148,0.010319878394847465,0.026967108536867786,0.02686189259428451,0.021391702943451163,-0.01495396781050673,0,0.4333,0.0,1.0,0.3333,0.0,2.0,1.0,292.0,42.0,0.4333,0.0,2.0,0.1,0.2667,0.1,0.0,0.2357,0.0,0.0,0.5,0.0,0.0,0.7071,0.0,0.0,2.0,0.0,0.0,0.0,0.0,281.0,286.0,281.0,40.0,82.0,40.0,0.1,0.2667,0.1,0.0,0.2357,0.0,0.0,2.0,0.0
2020-07-21,240.43096923828125,245.5628190076878,238.7700828747417,244.8765813416523,19364200,-0.01495396781050673,-0.015066905714706735,240.76116027832032,240.90736083984376,236.21063232421875,230.01253662109374,239.35061081505722,235.50378318954475,3.846827625512475,4.012718381995134,-0.16589075648265883,67.30315320887168,236.21063232421875,7.8930006320953465,251.99663358840945,220.42463106002805,0.1336603785262562,19280620.0,1.0043349228396183,0.010468739670613101,0.011649559925773625,0.02722364883167092,0.008426119203155169,0.0036950416068004532,-0.007776537543844331,0,0.0,0.0,0.0,0.0,0.0,0.0,0.0,0.0,0.0,0.0,0.0,0.0,0.4333,0.1,0.2667,0.0,0.0,0.2357,0.3333,0.0,0.5,0.0,0.0,0.7071,2.0,0.0,2.0,1.0,0.0,0.0,292.0,281.0,286.0,42.0,40.0,82.0,0.4333,0.1,0.2667,0.0,0.0,0.2357,2.0,0.0,2.0
2020-07-22,238.56124877929688,240.5801717528556,236.82079689343345,238.9491203068393,15427900,-0.007776537543844331,-0.007806932492780913,240.6796112060547,240.53838806152345,236.09277954101563,230.5434246826172,239.2291705018533,235.73026724053537,3.4989032613179347,3.9099553578596904,-0.4110520965417557,53.42995221679507,236.09277954101563,7.836403431066776,251.76558640314917,220.4199726788821,0.13276820148928575,18539480.0,0.832164656182374,0.011269642326017295,0.011227008263248123,0.027142798372591155,-0.0017062688939811776,-0.01523101304093688,-0.030308135611650133,0,0.4333,0.0,1.0,1.0,0.0,2.0,0.0,291.0,42.0,0.4333,0.0,2.0,0.0,0.4333,0.1,0.0,0.0,0.0,0.0,0.3333,0.0,0.0,0.0,0.0,0.0,2.0,0.0,0.0,1.0,0.0,0.0,292.0,281.0,0.0,42.0,40.0,0.0,0.4333,0.1,0.0,0.0,0.0,0.0,2.0,0.0
2020-07-23,231.33090209960935,241.09731466838585,230.48553376961488,238.3225440458704,21771800,-0.030308135611650133,-0.030776923530127256,239.0227020263672,239.3548797607422,236.02216644287108,230.99096923828125,238.01405228603886,235.40438152191123,2.609670764127628,3.6498984391132714,-1.0402276749856432,48.890677556970864,236.02216644287108,7.874445626852049,251.77105769657518,220.27327518916698,0.13345264549561792,19117700.0,1.1388294617030292,0.017190979767521024,0.014227892738163687,0.02691636492995093,-0.034574339708285606,-0.0486707999171192,-0.00812539057083983,0,0.0,0.0,0.0,0.0,0.0,0.0,0.0,0.0,0.0,0.0,0.0,0.0,0.4333,0.0,0.4333,0.0,0.0,0.0,1.0,0.0,0.3333,0.0,0.0,0.0,2.0,0.0,2.0,0.0,0.0,1.0,291.0,0.0,292.0,42.0,0.0,42.0,0.4333,0.0,0.4333,0.0,0.0,0.0,2.0,0.0,2.0
2020-07-24,229.4512481689453,232.2160792176866,225.6620228599088,228.93408105049724,18325800,-0.00812539057083983,-0.00815858147176395,236.77106323242188,237.92671813964844,235.77502365112304,231.50037506103516,236.69669780640837,234.963400136764,1.7332976696443723,3.2665782852194836,-1.5332806155751113,35.042241091961614,235.77502365112304,8.00472154465534,251.78446674043371,219.76558056181236,0.13580270582858595,19152380.0,0.9568419172969626,0.01596964285728474,0.014021366581814635,0.02692183456056477,-0.04677088638359583,-0.05859536524659281,0.012093048247902027,1,0.4333,0.0,1.0,0.3333,0.0,2.0,1.0,292.0,42.0,0.4333,0.0,2.0,0.0,0.4333,0.0,0.0,0.0,0.0,0.0,1.0,0.0,0.0,0.0,0.0,0.0,2.0,0.0,0.0,0.0,0.0,0.0,291.0,0.0,0.0,42.0,0.0,0.0,0.4333,0.0,0.0,0.0,0.0,0.0,2.0,0.0
2020-07-27,232.22601318359372,233.6680988813182,229.5705826483404,230.19715019532856,13163100,0.012093048247902027,0.012020511547593834,234.40007629394532,237.37972106933594,236.64127197265626,232.0312628173828,236.00890017209488,234.76062709504123,1.2482730770536534,2.8629172435863106,-1.6146441665326572,39.23977321768715,236.64127197265626,6.404359591646061,249.44999115594837,223.83255278936414,0.10825431317637738,17610560.0,0.7474549361292315,0.01527539100456006,0.013347922822612296,0.018754723075029848,-0.04856968475231671,-0.023012465813187277,-0.014475499442676232,0,0.0,0.0,0.0,0.0,0.0,0.0,0.0,0.0,0.0,0.0,0.0,0.0,0.4333,0.0,0.4333,0.0,0.0,0.0,0.3333,0.0,1.0,0.0,0.0,0.0,2.0,0.0,2.0,1.0,0.0,0.0,292.0,0.0,291.0,42.0,0.0,42.0,0.4333,0.0,0.4333,0.0,0.0,0.0,2.0,0.0,2.0
2020-07-28,228.8644256591797,233.6780294213985,228.57601462022583,233.349828130188,14170100,-0.014475499442676232,-0.014581291655953616,232.086767578125,236.42396392822266,237.11268463134766,232.41396301269532,234.9097502469846,234.32386417793668,0.5858860690479162,2.4075110086786253,-1.8216249396307092,30.694210998631647,237.11268463134766,5.327781735112496,247.76824810157265,226.45712116112267,0.08987763338593033,16571740.0,0.8550761718443567,0.015236592393995628,0.013720596401255013,0.018739421039549255,-0.048107544613516184,-0.04008678531584575,0.013775447852399925,1,0.0,0.0,0.0,0.0,0.0,0.0,0.0,0.0,0.0,0.0,0.0,0.0,0.0,0.4333,0.0,0.0,0.0,0.0,0.0,0.3333,0.0,0.0,0.0,0.0,0.0,2.0,0.0,0.0,1.0,0.0,0.0,292.0,0.0,0.0,42.0,0.0,0.0,0.4333,0.0,0.0,0.0,0.0,0.0,2.0,0.0
2020-07-29,232.0171356201172,232.4249022539809,229.05339910006947,229.878872343427,13588300,0.013775447852399925,0.013681428822825196,230.77794494628907,235.72877807617186,237.4219871520996,232.8137698364258,234.46473261206603,234.15299276773527,0.3117398443307593,1.9883567758090475,-1.6766169314782882,34.896222003837465,237.4219871520996,4.790872238171399,247.0037316284424,227.8402426757568,0.08071488737228413,16203820.0,0.8385862099184019,0.018600483006907715,0.014747514092866757,0.017874752321048112,-0.027431584939572207,-0.029091048173458423,0.005186750167291532,1,0.0,0.0,0.0,0.0,0.0,0.0,0.0,0.0,0.0,0.0,0.0,0.0,0.0,0.0,0.4333,0.0,0.0,0.0,0.0,0.0,0.3333,0.0,0.0,0.0,0.0,0.0,2.0,0.0,0.0,1.0,0.0,0.0,292.0,0.0,0.0,42.0,0.0,0.0,0.4333,0.0,0.0,0.0,0.0,0.0,2.0
2020-07-30,233.22055053710935,233.6084220610452,227.7505589466868,228.96390374987797,20615300,0.005186750167291532,0.005173345310425629,231.15587463378907,235.08928833007812,237.27032012939452,233.16424743652342,234.27331998514381,234.08392198920322,0.18939799594059537,1.628565019835354,-1.4391670238947587,36.00001625695741,237.27032012939452,4.87703664620616,247.02439342180685,227.5162468369822,0.08221907642804191,15972520.0,1.2906729808446007,0.012491737117667167,0.014871721636343219,0.014521573739706436,0.008168594944943042,-0.026688168539908408,0.08174830162790148,1,0.1565,0.0778,3.0,0.3333,0.5774,2.0,0.0,279.6667,122.0,0.1565,0.0778,2.0,0.0,0.0,0.0,0.0,0.0,0.0,0.0,0.0,0.0,0.0,0.0,0.0,0.0,0.0,0.0,0.0,0.0,0.0,0.0,0.0,0.0,0.0,0.0,0.0,0.0,0.0,0.0,0.0,0.0,0.0,0.0,0.0,0.0
2020-07-31,252.2859344482422,254.45404791395583,247.64141652957497,254.4242128127541,53005100,0.08174830162790148,0.07857853009888506,235.72281188964843,236.24693756103517,238.277294921875,233.6356607055664,237.04449144107593,235.43223698803547,1.6122544530404639,1.6253029064763762,-0.013048453435912322,64.4247796154929,238.277294921875,5.7622126109298035,249.80172014373463,226.7528697000154,0.09673120744163373,22908380.0,2.3137864833742063,0.0364744809332891,0.030656290504873923,0.022946079120430618,0.09951868408440157,0.048093220634449096,-0.006740974600471739,0,0.0,0.0,0.0,0.0,0.0,0.0,0.0,0.0,0.0,0.0,0.0,0.0,0.1565,0.0,0.0,0.0778,0.0,0.0,0.3333,0.0,0.0,0.5774,0.0,0.0,2.0,0.0,0.0,0.0,0.0,0.0,279.6667,0.0,0.0,122.0,0.0,0.0,0.1565,0.0,0.0,0.0778,0.0,0.0,2.0,0.0,0.0
2020-08-03,250.5852813720703,254.00649955393584,248.9641699999736,251.27150389823336,23124900,-0.006740974600471739,-0.006763797593723414,239.39466552734376,236.89737091064453,238.85810928344728,234.0448162841797,239.1276898920432,236.5546984251967,2.572991466846503,1.8148406185504027,0.7581508482961001,61.79820880677405,238.85810928344728,6.387158026665768,251.63242533677882,226.08379323011573,0.10696154375209063,24900740.0,0.9286832439517861,0.03837502756089415,0.0306898777987899,0.022288945765507356,0.0790577590201409,0.026648263834991193,-0.008453719523939252,0,0.0,0.0,0.0,0.0,0.0,0.0,0.0,0.0,0.0,0.0,0.0,0.0,0.0,0.1565,0.0,0.0,0.0778,0.0,0.0,0.3333,0.0,0.0,0.5774,0.0,0.0,2.0,0.0,0.0,0.0,0.0,0.0,279.6667,0.0,0.0,122.0,0.0,0.0,0.1565,0.0,0.0,0.0778,0.0,0.0,2.0,0.0
2020-08-04,248.46690368652344,251.42070027558296,246.0799892276533,250.1874603797233,17183500,-0.008453719523939252,-0.008489654879097188,243.3151611328125,237.70096435546876,239.30416259765624,234.3415884399414,240.56449201429723,237.43709397590436,3.127398038392869,2.077352102518897,1.050045935873972,58.94029519326367,239.30416259765624,6.739501208418267,252.78316501449277,225.82516018081972,0.11265163355723873,25503420.0,0.6737723803317359,0.0372617956940361,0.03033312239072856,0.022425893964230805,0.08565104852309102,0.03342304227155579,-0.002842013281275091,0,0.1507,0.0717,2.0,0.0,0.0,0.0,0.0,283.5,80.0,0.1507,0.0717,0.0,0.0,0.0,0.1565,0.0,0.0,0.0778,0.0,0.0,0.3333,0.0,0.0,0.5774,0.0,0.0,2.0,0.0,0.0,0.0,0.0,0.0,279.6667,0.0,0.0,122.0,0.0,0.0,0.1565,0.0,0.0,0.0778,0.0,0.0,2.0
2020-08-05,247.76075744628903,250.89357965875809,246.4181323628321,248.82492664313256,13050100,-0.002842013281275091,-0.0028460594690518765,246.46388549804686,238.62091522216792,239.57965164184566,234.67814208984376,241.67160977308237,238.20181779359388,3.469791979488491,2.3558400779128164,1.1139519015756747,57.65849882169434,239.57965164184566,6.974800709653642,253.52925306115293,225.6300502225384,0.11645063613466573,25395780.0,0.5138688396261111,0.03835776967012622,0.030165492797460246,0.022342229390183016,0.06785542707478709,0.03856246022380194,0.064868316055263,1,0.0,0.0,1.0,0.0,0.0,0.0,0.0,285.0,38.0,0.0,0.0,0.0,0.1507,0.0,0.0,0.0717,0.0,0.0,0.0,0.0,0.0,0.0,0.0,0.0,0.0,0.0,0.0,0.0,0.0,0.0,283.5,0.0,0.0,80.0,0.0,0.0,0.1507,0.0,0.0,0.0717,0.0,0.0,0.0,0.0,0.0
2020-08-06,263.83258056640625,265.1453856791842,247.31320728382224,247.68118363716115,45241600,0.064868316055263,0.06285114462001408,252.58629150390624,241.87108306884767,240.61298141479492,235.39699768066407,245.08098989517688,240.1004112159557,4.980578679221196,2.8807877981744934,2.0997908810467028,66.96337500190299,240.61298141479492,8.820718490691574,258.25441839617804,222.97154443341176,0.14663744971407758,30321040.0,1.4920860234345523,0.04390076233205852,0.03295838553077042,0.02648320083215956,0.1312578585326083,0.1404986457572448,0.01191195273806489,1,0.0,0.0,0.0,0.0,0.0,0.0,0.0,0.0,0.0,0.0,0.0,0.0,0.0,0.1507,0.0,0.0,0.0717,0.0,0.0,0.0,0.0,0.0,0.0,0.0,0.0,0.0,0.0,0.0,0.0,0.0,285.0,283.5,0.0,38.0,80.0,0.0,0.0,0.1507,0.0,0.0,0.0717,0.0,0.0,0.0,0.0
2020-08-07,266.975341796875,277.36833671335603,261.9926676148653,262.63911501876026,72766400,0.01191195273806489,0.011841563857017796,255.5241729736328,245.6234924316406,241.77510528564454,236.25190704345704,248.4493517262447,242.0911646806687,6.358187045576017,3.5762676476548,2.7819193979212167,66.85212453262079,241.77510528564454,10.604185262441387,262.9834758105273,220.56673476076176,0.17543882774718428,34273300.0,2.1231220804532973,0.030759612305843665,0.032081249622128764,0.026530243040385267,0.05822523312985739,0.1635384157958497,-0.02026531483789673,0,0.0667,0.0,1.0,1.0,0.0,2.0,0.0,268.0,40.0,0.0667,0.0,2.0,0.0,0.0,0.1507,0.0,0.0,0.0717,0.0,0.0,0.0,0.0,0.0,0.0,0.0,0.0,0.0,0.0,0.0,0.0,0.0,285.0,283.5,0.0,38.0,80.0,0.0,0.0,0.1507,0.0,0.0,0.0717,0.0,0.0,0.0
2020-08-10,261.56500244140625,272.3657328406271,258.2730651049248,266.5775113667188,30248800,-0.02026531483789673,-0.020473473397771513,257.7201171875,248.55739135742186,242.96855621337892,237.00596954345704,250.4671441439808,243.53368316846542,6.9334609755153735,4.247706313226916,2.685754662288457,65.16339205246624,242.96855621337892,11.431812611797215,265.83218143697337,220.1049309897845,0.18820233844181247,35698080.0,0.847350893941635,0.03328311453407115,0.03405732102008725,0.026283265939669245,0.04381630480935228,0.1263380826962639,-0.026121455211212008,0,0.0,0.0,0.0,0.0,0.0,0.0,0.0,0.0,0.0,0.0,0.0,0.0,0.0667,0.0,0.0,0.0,0.0,0.0,1.0,0.0,0.0,0.0,0.0,0.0,2.0,0.0,0.0,0.0,0.0,0.0,268.0,0.0,285.0,40.0,0.0,38.0,0.0667,0.0,0.0,0.0,0.0,0.0,2.0,0.0,0.0
2020-08-11,254.7325439453125,264.4691376061579,253.73800000633955,258.77038990945687,28238300,-0.026121455211212008,-0.026468680457068686,258.97324523925784,251.14420318603516,243.7840835571289,237.48772674560547,251.12335949803702,244.36323479395946,6.760124704077555,4.750189991397045,2.0099347126805096,60.83134891840018,243.7840835571289,11.669706537105938,267.1234966313408,220.44467048291702,0.1914761024071736,37909040.0,0.7448962041771567,0.03639734407535046,0.03525907060024684,0.02719733644856086,0.025217202636750535,0.11302813100649867,0.014679990933351927,1,0.1227,0.0702,3.0,0.3333,0.5774,2.0,0.0,278.0,122.0,0.1227,0.0702,2.0,0.0,0.0667,0.0,0.0,0.0,0.0,0.0,1.0,0.0,0.0,0.0,0.0,0.0,2.0,0.0,0.0,0.0,0.0,0.0,268.0,0.0,0.0,40.0,0.0,0.0,0.0667,0.0,0.0,0.0,0.0,0.0,2.0,0.0
2020-08-12,258.4720153808594,262.4601155750133,256.70169819332665,257.55702168567785,21415700,0.014679990933351927,0.014573282913985195,261.11549682617186,253.78969116210936,244.7592346191406,238.02816223144532,252.25392194155575,245.40833709786136,6.8455848436943825,5.169268961856513,1.6763158818378692,69.07060601538072,244.7592346191406,12.054679864063447,268.8685943472675,220.64987489101372,0.19700469946020574,39582160.0,0.5410442482168735,0.03623528906042523,0.035267266913040225,0.02730552761553326,0.04323226181972095,0.11402123248369422,0.00542527868163023,1,0.0,0.0,0.0,0.0,0.0,0.0,0.0,0.0,0.0,0.0,0.0,0.0,0.1227,0.0,0.0667,0.0702,0.0,0.0,0.3333,0.0,1.0,0.5774,0.0,0.0,2.0,0.0,2.0,0.0,0.0,0.0,278.0,0.0,268.0,122.0,0.0,40.0,0.1227,0.0,0.0667,0.0702,0.0,0.0,2.0,0.0,2.0
2020-08-13,259.8742980957031,263.7132531722184,258.1537566451161,260.1229340603378,17374000,0.00542527868163023,0.005410614870176835,260.32384033203124,256.45506591796874,245.77217712402344,238.6475634765625,253.42628750373893,246.4798968329825,6.946390670756443,5.524693303636499,1.4216973671199442,71.52102001909665,245.77217712402344,12.444564187690224,270.6613054994039,220.883048748643,0.20253820970809652,34008640.0,0.5108701788721924,0.01896409125322838,0.03526268017021133,0.02730407693718395,-0.015003008582963218,0.11428558717149895,-0.0002295797070798189,0,0.2667,0.2357,2.0,0.5,0.7071,2.0,0.0,286.5,82.0,0.2667,0.2357,2.0,0.0,0.1227,0.0,0.0,0.0702,0.0,0.0,0.3333,0.0,0.0,0.5774,0.0,0.0,2.0,0.0,0.0,0.0,0.0,0.0,278.0,0.0,0.0,122.0,0.0,0.0,0.1227,0.0,0.0,0.0702,0.0,0.0,2.0,0.0
2020-08-14,259.81463623046875,261.2169467581407,257.26860629898624,260.87880547751405,14792700,-0.0002295797070798189,-0.00022960606453493874,258.89169921875,257.2079360961914,246.7274368286133,239.34274993896486,254.409110384779,247.4676613400681,6.941449044710907,5.808044451851381,1.1334045928595264,70.29558021592668,246.7274368286133,12.764641394697634,272.25671961800856,221.19815403921802,0.206943201109238,22413900.0,0.65997885240855,0.017301982712960157,0.025185720844784616,0.027323684220231473,-0.02682159902188419,0.02984194025200848,-0.00030621572104694295,0,0.4333,0.0,1.0,1.0,0.0,3.0,0.0,291.0,42.0,0.4333,0.0,3.0,0.2667,0.0,0.1227,0.2357,0.0,0.0702,0.5,0.0,0.3333,0.7071,0.0,0.5774,2.0,0.0,2.0,0.0,0.0,0.0,286.5,0.0,278.0,82.0,0.0,122.0,0.2667,0.0,0.1227,0.2357,0.0,0.0702,2.0,0.0,2.0
2020-08-17,259.7350769042969,262.6590382670998,257.9846700065455,261.06776202833214,13351100,-0.00030621572104694295,-0.0003062626146541352,258.5257141113281,258.12291564941404,247.5101432800293,239.94723358154297,255.22848984932358,248.3763639284304,6.852125920893172,6.01686074565974,0.8352651752334328,73.86227917113584,247.5101432800293,13.07010960681639,273.6503624936621,221.36992406639652,0.21122543801413532,19034360.0,0.7014210091644794,0.015156079545590074,0.024984251881227246,0.027239803801944525,-0.006996064152425374,0.03651369897755852,0.0045183884993993395,1,0.0,0.0,0.0,0.0,0.0,0.0,0.0,0.0,0.0,0.0,0.0,0.0,0.4333,0.2667,0.0,0.0,0.2357,0.0,1.0,0.5,0.0,0.0,0.7071,0.0,3.0,2.0,0.0,0.0,0.0,0.0,291.0,286.5,0.0,42.0,82.0,0.0,0.4333,0.2667,0.0,0.0,0.2357,0.0,3.0,2.0,0.0
2020-08-18,260.9086608886719,263.70332701029844,257.84547882210705,259.52626055589184,18690400,0.0045183884993993395,0.004508211227148059,259.7609375,259.3670913696289,248.53402786254884,240.5626577758789,256.10236231691863,249.30468708300768,6.797675233910951,6.173023643309983,0.6246515906009682,73.03731967066511,248.53402786254884,13.286650034762879,275.1073279320746,221.96072779302307,0.21384033645664063,17124780.0,1.0914242401946186,0.006112549925348217,0.024607404842154533,0.02689299683914598,0.024245496267195854,0.05007410249634492,0.0009528092726378556,1,0.0,0.0,0.0,0.0,0.0,0.0,0.0,0.0,0.0,0.0,0.0,0.0,0.0,0.4333,0.2667,0.0,0.0,0.2357,0.0,1.0,0.5,0.0,0.0,0.7071,0.0,3.0,2.0,0.0,0.0,0.0,0.0,291.0,286.5,0.0,42.0,82.0,0.0,0.4333,0.2667,0.0,0.0,0.2357,0.0,3.0,2.0
2020-08-19,261.1572570800781,266.4482374670504,259.92403246020814,259.96382271115937,23291500,0.0009528092726378556,0.0009523556380114944,260.29798583984376,260.7067413330078,249.6638282775879,241.038447265625,256.88003843433006,250.18265948793973,6.69737894639033,6.277894703926053,0.41948424246427685,72.62041256066341,249.6638282775879,13.354531908598094,276.3728920947841,222.95476446039171,0.21396022004036414,17499940.0,1.3309474203911555,0.0027127044421573414,0.024499246390186368,0.026754976061029348,0.01038890688131966,0.05407030464335438,0.0244489080526189,1,0.0,0.0,0.0,0.0,0.0,0.0,0.0,0.0,0.0,0.0,0.0,0.0,0.0,0.0,0.4333,0.0,0.0,0.0,0.0,0.0,1.0,0.0,0.0,0.0,0.0,0.0,3.0,0.0,0.0,0.0,0.0,0.0,291.0,0.0,0.0,42.0,0.0,0.0,0.4333,0.0,0.0,0.0,0.0,0.0,3.0
2020-08-20,267.5422668457031,268.15887921351106,260.03344211724726,260.07323237193305,20299700,0.0244489080526189,0.02415481732404583,261.8315795898437,261.0777099609375,251.4743965148926,241.68052520751954,258.520381266853,251.46856210233057,7.051819164522442,6.432679596045332,0.6191395684771104,65.54524877802442,251.4743965148926,13.191915714209774,277.85822794331216,225.09056508647305,0.20983314241183257,18085080.0,1.1224556374646946,0.010565648590133335,0.015189611795794651,0.02574904527149433,0.029506452951250095,0.014060758801406559,-0.007434618576280472,0,0.0,0.0,0.0,0.0,0.0,0.0,0.0,0.0,0.0,0.0,0.0,0.0,0.0,0.0,0.0,0.0,0.0,0.0,0.0,0.0,0.0,0.0,0.0,0.0,0.0,0.0,0.0,0.0,0.0,0.0,0.0,0.0,0.0,0.0,0.0,0.0,0.0,0.0,0.0,0.0,0.0,0.0,0.0,0.0,0.0
2020-08-21,265.5531921386719,269.0141856904416,264.966414845137,267.22401870511743,15538600,-0.007434618576280472,-0.007462393100592641,262.9792907714844,260.9354949951172,253.2794937133789,242.52747985839844,259.60235217021204,252.51187236794271,7.0904798022693285,6.5642396372901315,0.526240164979197,65.16224645658264,253.2794937133789,12.47003158995363,278.21955689328615,228.33943053347164,0.1969370896495112,18234260.0,0.8521651002014888,0.012000584250911907,0.014946443453625377,0.025727292407199284,0.022087115612350328,-0.005326895168038193,0.016403791144366187,1,0.2667,0.2357,2.0,0.1667,0.2357,2.0,1.0,287.0,82.0,0.2667,0.2357,2.0,0.0,0.0,0.0,0.0,0.0,0.0,0.0,0.0,0.0,0.0,0.0,0.0,0.0,0.0,0.0,0.0,0.0,0.0,0.0,0.0,0.0,0.0,0.0,0.0,0.0,0.0,0.0,0.0,0.0,0.0,0.0,0.0,0.0
2020-08-24,269.9092712402344,275.73728365906857,267.30354084655573,269.59100992253883,23685600,0.016403791144366187,0.016270702429727706,265.0141296386719,261.769921875,255.16365661621094,243.3790087890625,261.1880320271414,253.8005735409581,7.387458486183277,6.728883407068761,0.6585750791145166,70.77875740325675,255.16365661621094,11.95788911692525,279.07943485006143,231.24787838236045,0.18745442474844265,20301160.0,1.1667116558856736,0.012658549557592188,0.014009018135624426,0.02578458243842686,0.039171429816875714,0.03190131982850941,0.034747122666613395,1,0.1,0.0,1.0,0.0,0.0,0.0,0.0,281.0,40.0,0.1,0.0,0.0,0.2667,0.0,0.0,0.2357,0.0,0.0,0.1667,0.0,0.0,0.2357,0.0,0.0,2.0,0.0,0.0,1.0,0.0,0.0,287.0,0.0,0.0,82.0,0.0,0.0,0.2667,0.0,0.0,0.2357,0.0,0.0,2.0,0.0,0.0
2020-08-25,279.287841796875,281.54544565698416,268.78546001994255,270.92372346116633,42127200,0.034747122666613395,0.03415707093891336,268.6899658203125,264.22545166015624,257.6848274230957,244.34013671875,263.9726181455661,255.68852606620305,8.284092079363063,7.039925141527621,1.244166937835442,76.15518935482164,257.6848274230957,11.42488476844085,280.5345969599774,234.83505788621403,0.17734664291556748,24988520.0,1.685862147898315,0.017138534573580347,0.01302622131379426,0.025890136613595315,0.07044296975655184,0.09639639078403017,0.08222326683642733,1,0.1,0.0,1.0,0.0,0.0,0.0,0.0,281.0,40.0,0.1,0.0,0.0,0.1,0.2667,0.0,0.0,0.2357,0.0,0.0,0.1667,0.0,0.0,0.2357,0.0,0.0,2.0,0.0,0.0,1.0,0.0,281.0,287.0,0.0,40.0,82.0,0.0,0.1,0.2667,0.0,0.0,0.2357,0.0,0.0,2.0,0.0
2020-08-26,302.2518005371094,303.0076635140364,282.45043045037903,282.45043045037903,69015200,0.08222326683642733,0.079017505567024,276.90887451171875,268.6034301757812,261.1965606689453,245.69788757324218,269.8617231288879,259.13766889040585,10.72405423848204,7.7767509609185055,2.9473032775635346,78.60215517926883,261.1965606689453,13.689740933543796,288.5760425360329,233.81707880185775,0.20964657265751532,34133260.0,2.021934031498896,0.03304087156794996,0.026576953277049366,0.03048764798952042,0.15735554859358358,0.16937920761650083,-0.035174820507730686,0,0.0556,0.0509,3.0,0.3333,0.5774,2.0,0.0,281.3333,120.0,0.0556,0.0509,2.0,0.1,0.1,0.2667,0.0,0.0,0.2357,0.0,0.0,0.1667,0.0,0.0,0.2357,0.0,0.0,2.0,0.0,0.0,1.0,281.0,281.0,287.0,40.0,40.0,82.0,0.1,0.1,0.2667,0.0,0.0,0.2357,0.0,0.0,2.0
2020-08-27,291.6201477050781,299.5864536229766,290.4266829495857,298.52228442362065,30301300,-0.035174820507730686,-0.035808355202721465,281.7244506835938,271.77801513671875,264.1165405273438,246.84539184570312,273.20917306369,261.5437857840907,11.665387279599315,8.554478224654668,3.1109090549446474,66.50683668684675,264.1165405273438,13.636605125259642,291.38975077786307,236.84333027682447,0.2065240609017876,36133580.0,0.8385911387689788,0.04439033226864505,0.03110072140861514,0.03236158115801001,0.08999654949197677,0.1221584813965868,0.0015004485753116192,1,0.092,0.084,4.0,0.25,0.5,2.0,0.0,280.0,160.0,0.092,0.084,2.0,0.0556,0.1,0.1,0.0509,0.0,0.0,0.3333,0.0,0.0,0.5774,0.0,0.0,2.0,0.0,0.0,0.0,0.0,0.0,281.3333,281.0,281.0,120.0,40.0,40.0,0.0556,0.1,0.1,0.0509,0.0,0.0,2.0,0.0,0.0
2020-08-28,292.0577087402344,295.60823705970165,289.39233888881296,293.39039366594506,17157400,0.0015004485753116192,0.0014993240270920177,287.0253540039063,275.0023223876953,266.10512924194336,247.99349212646484,276.108947783161,263.8040827681629,12.304865014998086,9.304555582723351,3.000309432274735,71.88130832566497,266.10512924194336,14.680525816784836,295.46618087551303,236.7440776083737,0.22067257190577894,36457340.0,0.4706157936920247,0.04326841076030003,0.031029772328680035,0.027887302697168614,0.09980869138911297,0.12410029310729209,-0.001566433619044738,0,0.0,0.0,0.0,0.0,0.0,0.0,0.0,0.0,0.0,0.0,0.0,0.0,0.092,0.0556,0.1,0.084,0.0509,0.0,0.25,0.3333,0.0,0.5,0.5774,0.0,2.0,2.0,0.0,0.0,0.0,0.0,280.0,281.3333,281.0,160.0,120.0,40.0,0.092,0.0556,0.1,0.084,0.0509,0.0,2.0,2.0,0.0
2020-08-31,291.6002197265625,295.26013319236495,289.9591983702773,292.3461274881232,17345100,-0.001566433619044738,-0.0015676617588867567,291.36354370117186,278.1888366699219,268.15587615966797,249.07575378417968,278.49222038984,265.8630612698659,12.629159119974076,9.969476290173496,2.6596828298005804,79.12021319983917,268.15587615966797,15.252025973089674,298.6599281058473,237.65182421348862,0.2275098527247363,35189240.0,0.4929091961065371,0.044367939500963245,0.03108865621607206,0.027769976125004776,0.08036385110692246,0.12268324787724683,0.007639958991773721,1,0.0,0.0,0.0,0.0,0.0,0.0,0.0,0.0,0.0,0.0,0.0,0.0,0.0,0.092,0.0556,0.0,0.084,0.0509,0.0,0.25,0.3333,0.0,0.5,0.5774,0.0,2.0,2.0,0.0,0.0,0.0,0.0,280.0,281.3333,0.0,160.0,120.0,0.0,0.092,0.0556,0.0,0.084,0.0509,0.0,2.0,2.0
2020-09-01,293.8280334472656,299.845011516918,291.11291784757185,293.1020055203256,17295900,0.007639958991773721,0.007610922304035355,294.27158203125,281.48077392578125,270.4239326477051,250.1940188598633,280.8515762448301,267.9345457148898,12.917030529940291,10.558987138126856,2.3580433918134354,78.60940830635076,270.4239326477051,15.54007391346751,301.5040804746401,239.34378482077008,0.2298624054656041,30222980.0,0.5722764598328821,0.0431980493808277,0.031020093076221632,0.027501065288805745,0.052061670700888074,0.12617201915209808,0.023896473644956062,1,0.0,0.0,0.0,0.0,0.0,0.0,0.0,0.0,0.0,0.0,0.0,0.0,0.0,0.0,0.092,0.0,0.0,0.084,0.0,0.0,0.25,0.0,0.0,0.5,0.0,0.0,2.0,0.0,0.0,0.0,0.0,0.0,280.0,0.0,0.0,160.0,0.0,0.0,0.092,0.0,0.0,0.084,0.0,0.0,2.0
2020-09-02,300.8494873046875,301.9434915105543,291.45103663523827,297.2492437507988,24341400,0.023896473644956062,0.023615421550273404,293.9911193847656,285.4499969482422,273.078369140625,251.39264251708985,283.9281779463483,270.3726950121316,13.555482934216684,11.158286297344823,2.397196636871861,80.39248619104683,273.078369140625,15.992692824110433,305.06375478884587,241.09298349240413,0.2342579219941775,21288220.0,1.1434211033144153,0.02161387869103369,0.030929842137273764,0.027556775200226206,-0.004639552948667025,0.1519859362454501,-0.03761981352444799,0,0.1,0.0,1.0,0.0,0.0,0.0,0.0,281.0,40.0,0.1,0.0,0.0,0.0,0.0,0.0,0.0,0.0,0.0,0.0,0.0,0.0,0.0,0.0,0.0,0.0,0.0,0.0,0.0,0.0,0.0,0.0,0.0,0.0,0.0,0.0,0.0,0.0,0.0,0.0,0.0,0.0,0.0,0.0,0.0,0.0
2020-09-03,289.5315856933594,295.97624043247043,282.0824623567317,294.37500913471604,32294100,-0.03761981352444799,-0.03834570215251522,293.5734069824219,287.6489288330078,274.36331939697266,252.52841094970702,284.7902406766581,271.7918750508328,12.998365625825272,11.526302163040913,1.4720634627843587,68.88749838525287,274.36331939697266,16.241208207757712,306.8457358124881,241.88090298145724,0.23678395848912334,21686780.0,1.4891145665700487,0.022593156683012195,0.034741975467481326,0.026339658670841263,-0.007161926321465839,0.08219007451386329,-0.028819785797351005,0,0.2667,0.2357,2.0,0.1667,0.2357,2.0,1.0,287.0,82.0,0.2667,0.2357,2.0,0.1,0.0,0.0,0.0,0.0,0.0,0.0,0.0,0.0,0.0,0.0,0.0,0.0,0.0,0.0,0.0,0.0,0.0,281.0,0.0,0.0,40.0,0.0,0.0,0.1,0.0,0.0,0.0,0.0,0.0,0.0,0.0,0.0
2020-09-04,281.1873474121094,287.42312540011613,269.66058972763733,285.6826739487313,30333700,-0.028819785797351005,-0.02924323141052873,291.3993347167969,289.21234436035155,275.07391967773435,253.46427581787108,284.2359494051888,272.4878373065406,11.748112098648221,11.570664150162376,0.17744794848584533,62.33839543357836,275.07391967773435,16.211831493433973,307.4975826646023,242.6502566908664,0.23574509008236205,24322040.0,1.2471692341596345,0.025552339492177657,0.036445576607446614,0.027331606287340656,-0.03721990895228677,0.05887391203067649,-0.040922310492994995,0,0.0,0.0,0.0,0.0,0.0,0.0,0.0,0.0,0.0,0.0,0.0,0.0,0.2667,0.1,0.0,0.2357,0.0,0.0,0.1667,0.0,0.0,0.2357,0.0,0.0,2.0,0.0,0.0,1.0,0.0,0.0,287.0,281.0,0.0,82.0,40.0,0.0,0.2667,0.1,0.0,0.2357,0.0,0.0,2.0,0.0,0.0
2020-09-08,269.6805114746094,277.7760825549992,267.95001490420884,269.7998518793171,24864000,-0.040922310492994995,-0.041783196423699535,287.01539306640626,289.18946838378906,275.47969512939454,254.5598651123047,281.996651262022,272.27988687417223,9.716764387849764,11.199884197699854,-1.4831198098500895,54.50919610193209,275.47969512939454,15.95544958851732,307.3905943064292,243.5687959523599,0.2316751451466933,25825820.0,0.9627574264824892,0.02915465549148352,0.03909588170739754,0.028615050032308572,-0.07517041061391361,-0.0008475431932140065,0.009440990049554676,1,0.0667,0.0,2.0,1.0,0.0,4.0,0.0,266.0,80.0,0.0667,0.0,4.0,0.0,0.2667,0.1,0.0,0.2357,0.0,0.0,0.1667,0.0,0.0,0.2357,0.0,0.0,2.0,0.0,0.0,1.0,0.0,0.0,287.0,281.0,0.0,82.0,40.0,0.0,0.2667,0.1,0.0,0.2357,0.0,0.0,2.0,0.0
2020-09-09,272.2265625,276.9606012629098,269.8694982700699,274.26536539185327,22918800,0.009440990049554676,0.009396702430770003,282.6950988769531,288.48334045410155,276.3543960571289,255.61567291259766,280.493560683249,272.2759369140093,8.217623769239651,10.603432112007814,-2.385808342768163,55.558906765756234,276.3543960571289,15.220809189451838,306.7960144360326,245.9127776782252,0.22030855172364033,26950400.0,0.8504066729992876,0.02951574130951758,0.03742251764915588,0.0278767705499985,-0.07351739278867175,-0.025283160381935454,-0.0205684325226001,0,0.0,0.0,0.0,0.0,0.0,0.0,0.0,0.0,0.0,0.0,0.0,0.0,0.0667,0.0,0.2667,0.0,0.0,0.2357,1.0,0.0,0.1667,0.0,0.0,0.2357,4.0,0.0,2.0,0.0,0.0,1.0,266.0,0.0,287.0,80.0,0.0,82.0,0.0667,0.0,0.2667,0.0,0.0,0.2357,4.0,0.0,2.0
2020-09-10,266.6272888183594,277.6368978316542,265.5730746400514,274.0068184175883,24814700,-0.0205684325226001,-0.02078290878817151,275.8506591796875,284.92088928222654,276.7621597290039,256.4315969848633,278.36028808865007,271.8575178969987,6.502770191651393,9.78329972793653,-3.2805295362851368,49.53685109412016,276.7621597290039,14.82050369836865,306.40316712574116,247.12115233226658,0.2141984108359377,27045060.0,0.9175317044961261,0.020153866301151274,0.023120244771844503,0.028257048527400443,-0.11375189232637561,-0.11786368734758335,-0.005520529555126497,0,0.0,0.0,0.0,0.0,0.0,0.0,0.0,0.0,0.0,0.0,0.0,0.0,0.0,0.0667,0.0,0.0,0.0,0.0,0.0,1.0,0.0,0.0,0.0,0.0,0.0,4.0,0.0,0.0,0.0,0.0,0.0,266.0,0.0,0.0,80.0,0.0,0.0,0.0667,0.0,0.0,0.0,0.0,0.0,4.0,0.0
2020-09-11,265.1553649902344,269.9093145139388,261.2070543918914,268.5865539787858,18913900,-0.005520529555126497,-0.005535823993314951,270.9754150390625,282.2744110107422,277.02621307373045,257.00962646484373,276.3287614581242,271.36106142350167,4.96770003462251,8.820179789273727,-3.852479754651217,49.797565694870194,277.02621307373045,14.54832708374875,306.12286724122794,247.92955890623296,0.2100642668046249,24369020.0,0.776145286105063,0.019718238541995923,0.021707386536910903,0.028291721989884347,-0.08419192208252424,-0.09075087206117238,-0.0017254771792637458,0,0.0,0.0,1.0,0.0,0.0,0.0,0.0,289.0,40.0,0.0,0.0,0.0,0.0,0.0,0.0667,0.0,0.0,0.0,0.0,0.0,1.0,0.0,0.0,0.0,0.0,0.0,4.0,0.0,0.0,0.0,0.0,0.0,266.0,0.0,0.0,80.0,0.0,0.0,0.0667,0.0,0.0,0.0,0.0,0.0,4.0
2020-09-14,264.6978454589844,275.13063131485023,264.2503189272326,269.4716742551616,24093800,-0.0017254771792637458,-0.0017269675296356,267.6775146484375,279.5384246826172,277.27037353515624,257.6606546020508,274.5393897659485,270.8674892237749,3.671900542173603,7.790523939853702,-4.118623397680099,47.23860647037478,277.27037353515624,14.282821079467162,305.8360156940906,248.7047313762219,0.20604900404415102,23121040.0,1.042072501928979,0.019474883183299038,0.021553230924040618,0.028298179153651647,-0.058642403738593196,-0.09367964776298632,0.0235582171640234,1,0.0,0.0,1.0,0.0,0.0,0.0,0.0,283.0,38.0,0.0,0.0,0.0,0.0,0.0,0.0,0.0,0.0,0.0,0.0,0.0,0.0,0.0,0.0,0.0,0.0,0.0,0.0,0.0,0.0,0.0,289.0,0.0,0.0,40.0,0.0,0.0,0.0,0.0,0.0,0.0,0.0,0.0,0.0,0.0,0.0
2020-09-15,270.93365478515625,273.0221726341159,267.8306524116736,269.1932030103097,18478500,0.0235582171640234,0.023285004974484422,267.9281433105469,277.4717681884766,277.8303024291992,258.2999478149414,273.984661307365,270.87239038241677,3.112270924948234,6.8548733368726085,-3.7426024119243744,45.42083182785339,277.8303024291992,13.769488678787821,305.3692797867748,250.29132507162356,0.19824315142581336,21843940.0,0.845932556123117,0.016547352203693234,0.023924652995970228,0.02872652660270727,0.0046467700008974155,-0.07087294022201207,-0.0326702526280267,0,0.0,0.0,0.0,0.0,0.0,0.0,0.0,0.0,0.0,0.0,0.0,0.0,0.0,0.0,0.0,0.0,0.0,0.0,0.0,0.0,0.0,0.0,0.0,0.0,0.0,0.0,0.0,0.0,0.0,0.0,283.0,289.0,0.0,38.0,40.0,0.0,0.0,0.0,0.0,0.0,0.0,0.0,0.0,0.0,0.0
2020-09-16,262.0821838378906,270.9535283144671,260.36164240593354,265.831633568667,29183400,-0.0326702526280267,-0.03321584127159263,265.899267578125,274.29718322753905,277.8889785766602,258.7506747436523,272.15351092744567,270.2212632401724,1.932247687273275,5.870348206952742,-3.938100519679467,23.95202802771425,277.8889785766602,13.695888703057564,305.2807559827753,250.49720117054505,0.1971418769208845,23096860.0,1.263522400880466,0.021249329578625974,0.024559401726697877,0.029773438412571848,-0.03726447033290281,-0.10804227641904884,-0.033014439254072214,0,0.1,0.0,1.0,0.0,0.0,0.0,0.0,281.0,40.0,0.1,0.0,0.0,0.0,0.0,0.0,0.0,0.0,0.0,0.0,0.0,0.0,0.0,0.0,0.0,0.0,0.0,0.0,0.0,0.0,0.0,0.0,283.0,289.0,0.0,38.0,40.0,0.0,0.0,0.0,0.0,0.0,0.0,0.0,0.0,0.0
2020-09-17,253.4296875,260.0732335625804,248.82494432109527,256.8708009448224,31281400,-0.033014439254072214,-0.03357171565074225,263.25974731445314,269.5552032470703,277.5026000976562,258.9742489624023,269.27292270783835,268.97744152105895,0.29548118677939783,4.755374802918073,-4.459893616138675,24.583016659835593,277.5026000976562,14.28891846873526,306.08043703512675,248.9247631601857,0.2059644625125218,24390200.0,1.2825397085714754,0.023760331095639044,0.022011716137961275,0.03070872854795896,-0.04949831420800399,-0.15761967962625367,-0.008986759282807677,0,0.4333,0.0,1.0,1.0,0.0,2.0,0.0,291.0,42.0,0.4333,0.0,2.0,0.1,0.0,0.0,0.0,0.0,0.0,0.0,0.0,0.0,0.0,0.0,0.0,0.0,0.0,0.0,0.0,0.0,0.0,281.0,0.0,283.0,40.0,0.0,38.0,0.1,0.0,0.0,0.0,0.0,0.0,0.0,0.0,0.0
2020-09-18,251.1521759033203,257.7857972305984,248.6857112210521,256.9901438807881,28130800,-0.008986759282807677,-0.00902738377552068,260.4591094970703,265.7172622680664,276.68309555053713,259.1339727783203,266.485115507143,267.6570502034775,-1.1719346963345174,3.569912903067555,-4.741847599402073,23.426849380898034,276.68309555053713,15.322833824400423,307.32876319933797,246.0374279017363,0.22152179256071175,26233580.0,1.0723202856796519,0.02365185741149461,0.020831190602965108,0.030152071187642057,-0.05281126062612307,-0.13255690116893293,-0.017344563558973625,0,0.0,0.0,0.0,0.0,0.0,0.0,0.0,0.0,0.0,0.0,0.0,0.0,0.4333,0.1,0.0,0.0,0.0,0.0,1.0,0.0,0.0,0.0,0.0,0.0,2.0,0.0,0.0,0.0,0.0,0.0,291.0,281.0,0.0,42.0,40.0,0.0,0.4333,0.1,0.0,0.0,0.0,0.0,2.0,0.0,0.0
2020-09-21,246.79605102539065,248.5862329957065,242.79799566314253,246.189378668104,24709400,-0.017344563558973625,-0.01749674272278214,256.8787506103516,262.2781326293946,275.7452384948731,259.19523651123046,263.45602866379625,266.1117896269333,-2.655760963137027,2.324778129826638,-4.9805390929636655,22.297421986534246,275.7452384948731,16.563696280764873,308.87263105640284,242.61784593334335,0.24027535519635587,26356700.0,0.9374997628686444,0.02321954952241933,0.020226683459349942,0.03031443024423818,-0.06763105458056196,-0.12230741071117501,0.026596841132813687,1,0.1667,0.2333,3.0,0.6667,0.5774,5.0,0.0,280.3333,120.0,0.1667,0.2333,5.0,0.0,0.4333,0.1,0.0,0.0,0.0,0.0,1.0,0.0,0.0,0.0,0.0,0.0,2.0,0.0,0.0,0.0,0.0,0.0,291.0,281.0,0.0,42.0,40.0,0.0,0.4333,0.1,0.0,0.0,0.0,0.0,2.0,0.0
2020-09-22,253.36004638671875,253.92694366681624,246.8656762449018,251.92790081124605,30293100,0.026596841132813687,0.026249294120837346,253.36402893066406,260.64608612060545,274.91777725219725,259.50851776123045,261.9028006211688,265.1672152735516,-3.2644146523828113,1.2069395733847479,-4.471354225767559,26.251907738011,274.91777725219725,17.268939450119834,309.4556561524369,240.3798983519576,0.25125969841198126,28719620.0,1.0547876329840018,0.0244456163609901,0.021039919077510124,0.03074445657571123,-0.06486314301696094,-0.06051777712319861,-0.02249255670431416,0,0.4333,0.0,1.0,1.0,0.0,3.0,0.0,291.0,42.0,0.4333,0.0,3.0,0.1667,0.0,0.4333,0.2333,0.0,0.0,0.6667,0.0,1.0,0.5774,0.0,0.0,5.0,0.0,2.0,0.0,0.0,0.0,280.3333,0.0,291.0,120.0,0.0,42.0,0.1667,0.0,0.4333,0.2333,0.0,0.0,5.0,0.0,2.0
2020-09-23,247.6613311767578,256.5823761765556,246.796067647101,253.86727552444327,19641300,-0.02249255670431416,-0.022749372526864774,250.4798583984375,258.18956298828124,273.3364517211914,259.69330444335935,259.7118053220285,263.87048212670925,-4.158676804680738,0.13381629777165044,-4.292493102452388,18.29504046732569,273.3364517211914,18.26690090493654,309.87025353106446,236.80264991131833,0.26731745129360407,26811200.0,0.7325781762845378,0.022773514337304172,0.020854553951228733,0.02972059292517122,-0.0550241624591038,-0.09023818652245663,0.002047966656835598,1,0.1,0.0,1.0,0.0,0.0,0.0,0.0,281.0,40.0,0.1,0.0,0.0,0.4333,0.1667,0.0,0.0,0.2333,0.0,1.0,0.6667,0.0,0.0,0.5774,0.0,3.0,5.0,0.0,0.0,0.0,0.0,291.0,280.3333,0.0,42.0,120.0,0.0,0.4333,0.1667,0.0,0.0,0.2333,0.0,3.0,5.0,0.0
2020-09-24,248.1685333251953,250.8637539189993,244.27986310971525,245.1550665808608,20006800,0.002047966656835598,0.002045872431902957,249.42762756347656,256.3436874389648,270.6322883605957,259.8772952270508,257.9359173225156,262.70737398460614,-4.771456662090543,-0.8472382942007886,-3.9242183678897544,21.6959605200702,270.6322883605957,17.75711930521061,306.1465269710169,235.11804975017446,0.262453817506811,24556280.0,0.8147325246332099,0.019478564967910717,0.0207125748839309,0.021534022289467714,-0.020759817946761627,-0.06923055616313578,0.02119992452028785,1,0.1453,0.0641,2.0,0.0,0.0,0.0,0.0,281.0,80.0,0.1453,0.0641,0.0,0.1,0.4333,0.1667,0.0,0.0,0.2333,0.0,1.0,0.6667,0.0,0.0,0.5774,0.0,3.0,5.0,0.0,0.0,0.0,281.0,291.0,280.3333,40.0,42.0,120.0,0.1,0.4333,0.1667,0.0,0.0,0.2333,0.0,3.0,5.0
2020-09-25,253.4296875,254.35460605594625,245.26447528720485,248.0392461305794,18351300,0.02119992452028785,0.020978332472427374,249.8831298828125,255.1711196899414,268.7227653503418,260.15358001708984,257.2426511959747,262.0201374981921,-4.777486302217426,-1.6332878958041162,-3.1441984064133095,30.169157686900633,268.7227653503418,17.431828282803153,303.5864219159481,233.85910878473547,0.25947676238113687,22600380.0,0.8119907718365797,0.022066611983437553,0.02255942505196675,0.021697429546335998,0.009068253494074474,-0.04422191303074796,0.007848565287924991,1,0.0667,0.0,1.0,1.0,0.0,2.0,0.0,268.0,40.0,0.0667,0.0,2.0,0.1453,0.1,0.4333,0.0641,0.0,0.0,0.0,0.0,1.0,0.0,0.0,0.0,0.0,0.0,3.0,0.0,0.0,0.0,281.0,281.0,291.0,80.0,40.0,42.0,0.1453,0.1,0.4333,0.0641,0.0,0.0,0.0,0.0,3.0
2020-09-28,255.4187469482422,258.1835775084611,253.4296593408597,257.9846566072956,18826300,0.007848565287924991,0.007817925513811235,251.6076690673828,254.2432098388672,266.8908172607422,260.44776611328126,256.96205054247736,261.5311453087899,-4.56909476631256,-2.220449269905805,-2.3486454964067547,38.2072401914682,266.8908172607422,16.762836016359355,300.4164892934609,233.3651452280235,0.25123136402228036,21423760.0,0.8787579771244637,0.01924005962583155,0.022880896343039216,0.02187050287709644,0.034938549004434494,-0.035055436490812,0.019352208595396547,1,0.1,0.0,1.0,0.0,0.0,0.0,0.0,281.0,40.0,0.1,0.0,0.0,0.0667,0.1453,0.1,0.0,0.0641,0.0,1.0,0.0,0.0,0.0,0.0,0.0,2.0,0.0,0.0,0.0,0.0,0.0,268.0,281.0,281.0,40.0,80.0,40.0,0.0667,0.1453,0.1,0.0,0.0641,0.0,2.0,0.0,0.0
2020-09-29,260.3616638183594,261.8932396171131,255.49832943428615,256.4033680523163,20200200,0.019352208595396547,0.019167335928989403,253.00799255371095,253.1860107421875,265.32888946533205,260.77338043212893,257.48506796953615,261.444517001552,-3.9594490320158684,-2.568249222327818,-1.3911998096880502,40.5632180336957,265.32888946533205,15.764957243019653,296.8588039513714,233.79897497929275,0.2376666525049397,19405180.0,1.0409694730994508,0.017602167692537314,0.022364635265057557,0.022604297666215554,0.027635049533238698,-0.03902058965387745,0.0004199715150774441,1,0.1,0.0,1.0,0.0,0.0,0.0,0.0,281.0,40.0,0.1,0.0,0.0,0.1,0.0667,0.1453,0.0,0.0,0.0641,0.0,1.0,0.0,0.0,0.0,0.0,0.0,2.0,0.0,0.0,0.0,0.0,281.0,268.0,281.0,40.0,40.0,80.0,0.1,0.0667,0.1453,0.0,0.0,0.0641,0.0,2.0,0.0
2020-09-30,260.47100830078125,264.628193991213,258.6808416482804,260.55058879928686,20142500,0.0004199715150774441,0.00041988335172390696,255.56992797851564,253.02489318847657,263.6610382080078,261.1741812133789,257.94444340511234,261.37240520841266,-3.4279618033003203,-2.7401917385223187,-0.6877700647780016,44.635072486585614,263.6610382080078,14.286369849367217,292.23377790674226,235.0882985092734,0.21673842971211235,19505420.0,1.032661690955642,0.009648726086314924,0.019924466020738756,0.02244206739305978,0.05172255621480559,-0.0061475965802618715,0.018060450042026277,1,0.4333,0.0,1.0,0.3333,0.0,2.0,1.0,292.0,42.0,0.4333,0.0,2.0,0.1,0.1,0.0667,0.0,0.0,0.0,0.0,0.0,1.0,0.0,0.0,0.0,0.0,0.0,2.0,0.0,0.0,0.0,281.0,281.0,268.0,40.0,40.0,40.0,0.1,0.1,0.0667,0.0,0.0,0.0,0.0,0.0,2.0
2020-10-01,265.1752319335937,266.8659382701957,263.3551996890793,263.90221701794707,20009800,0.018060450042026277,0.017899297546110852,258.9712677001953,254.19944763183588,261.8773254394531,261.70646087646486,259.05687240949413,261.6540962126769,-2.5972238031827715,-2.7115981514544094,0.11437434827163795,50.01638982712882,261.8773254394531,11.317397686732305,284.5121208129177,239.2425300659885,0.17286563726341286,19506020.0,1.0258268985677241,0.008906235801653374,0.01697347543681656,0.022070954494226143,0.06852882748883049,0.04634636355929578,-0.02509108368466717,0,0.0,0.0,0.0,0.0,0.0,0.0,0.0,0.0,0.0,0.0,0.0,0.0,0.4333,0.1,0.1,0.0,0.0,0.0,0.3333,0.0,0.0,0.0,0.0,0.0,2.0,0.0,0.0,1.0,0.0,0.0,292.0,281.0,281.0,42.0,40.0,40.0,0.4333,0.1,0.1,0.0,0.0,0.0,2.0,0.0,0.0
2020-10-02,258.5216979980469,263.7032623008545,257.76583505560205,259.78475760091555,16367600,-0.02509108368466717,-0.025411231511892934,259.9896697998047,254.9363998413086,260.3268310546875,262.2502767944336,258.97453788465606,261.42206661177556,-2.4475287271195043,-2.658784266587429,0.21125553946792452,45.377381374944655,260.3268310546875,9.267963457053652,278.86275796879477,241.79090414058018,0.14240504399036308,19109280.0,0.8565262532130986,0.01807786026083159,0.01905015752095943,0.021292048296769485,0.02009239938808216,0.029342855853111915,0.018119781533728396,1,0.2004,0.1656,4.0,0.3333,0.4714,4.0,1.0,281.0,164.0,0.2004,0.1656,4.0,0.0,0.4333,0.1,0.0,0.0,0.0,0.0,0.3333,0.0,0.0,0.0,0.0,0.0,2.0,0.0,0.0,1.0,0.0,0.0,292.0,281.0,0.0,42.0,40.0,0.0,0.4333,0.1,0.0,0.0,0.0,0.0,2.0,0.0
2020-10-05,263.2060546875,263.42485557419246,259.4168446028827,260.7694401800014,12822300,0.018119781533728396,0.017957574795638018,261.54713134765626,256.5774002075195,259.42776641845705,262.92537292480466,259.625540469709,261.55421393123504,-1.9286734615260457,-2.5127621055751526,0.5840886440491069,44.07865844846623,259.42776641845705,7.910586603478128,275.2489396254133,243.6065932115008,0.12196977544367159,17908480.0,0.7159904134800944,0.019158998273727468,0.018107308185302467,0.021164972115615435,0.030488395359780762,0.06649216465955954,-0.022633620321827808,0,0.0,0.0,0.0,0.0,0.0,0.0,0.0,0.0,0.0,0.0,0.0,0.0,0.2004,0.0,0.4333,0.1656,0.0,0.0,0.3333,0.0,0.3333,0.4714,0.0,0.0,4.0,0.0,2.0,1.0,0.0,1.0,281.0,0.0,292.0,164.0,0.0,42.0,0.2004,0.0,0.4333,0.1656,0.0,0.0,4.0,0.0,2.0
2020-10-06,257.2487487792969,264.2403917248236,256.83102695440925,260.35172113192414,18696900,-0.022633620321827808,-0.022893692447772916,260.92454833984374,256.9662704467773,258.8061782836914,263.42582763671874,259.2598802096456,261.2352904646567,-1.975410255011127,-2.4052917354623475,0.42988148045122054,46.12444300888983,258.8061782836914,7.542413854543925,273.89100599277924,243.72135057460355,0.11657239258448115,17607820.0,1.061852063458168,0.021046229233779388,0.018749369446740927,0.019794884989908522,-0.01195611901310567,0.015348522578980672,-0.0020877802514898125,0,0.0,0.0,0.0,0.0,0.0,0.0,0.0,0.0,0.0,0.0,0.0,0.0,0.0,0.2004,0.0,0.0,0.1656,0.0,0.0,0.3333,0.0,0.0,0.4714,0.0,0.0,4.0,0.0,0.0,1.0,0.0,0.0,281.0,0.0,0.0,164.0,0.0,0.0,0.2004,0.0,0.0,0.1656,0.0,0.0,4.0,0.0
2020-10-07,256.711669921875,258.760427954206,253.4296871499855,257.7957191447242,23133400,-0.0020877802514898125,-0.0020899627028607344,260.1726806640625,257.871304321289,258.03043365478516,263.98277252197266,258.8678478576809,260.9002073428104,-2.0323594851295184,-2.3307052853957817,0.29834580026626334,53.02528554043814,258.03043365478516,6.856102876807284,271.7426394083997,244.3182279011706,0.10628363142589539,18206000.0,1.270647039437548,0.020997266200831227,0.016839005260582414,0.019605926575052012,-0.01443284764562025,0.036543204795495,0.02185016324438349,1,0.2014,0.0,1.0,0.0,0.0,0.0,0.0,278.0,40.0,0.2014,0.0,0.0,0.0,0.0,0.2004,0.0,0.0,0.1656,0.0,0.0,0.3333,0.0,0.0,0.4714,0.0,0.0,4.0,0.0,0.0,1.0,0.0,0.0,281.0,0.0,0.0,164.0,0.0,0.0,0.2004,0.0,0.0,0.1656,0.0,0.0,4.0
2020-10-08,262.32086181640625,263.17615484878,257.7359994756183,258.3327317790072,16312800,0.02185016324438349,0.021614869726158992,259.601806640625,259.2865371704101,257.8151123046875,264.58884704589843,259.3990807744079,261.0054410420313,-1.6063602676234154,-2.1858362818413086,0.5794760142178932,59.69938378286982,257.8151123046875,6.635991878109369,271.0870960609062,244.54312854846876,0.10295737621876734,17466600.0,0.933942495963725,0.0219805770833924,0.017759251773809277,0.019869136519223677,-0.010764090206970223,0.057027086800992555,0.00261618268605468,1,0.0667,0.0,1.0,1.0,0.0,2.0,0.0,262.0,40.0,0.0667,0.0,2.0,0.2014,0.0,0.0,0.0,0.0,0.0,0.0,0.0,0.0,0.0,0.0,0.0,0.0,0.0,0.0,0.0,0.0,0.0,278.0,0.0,0.0,40.0,0.0,0.0,0.2014,0.0,0.0,0.0,0.0,0.0,0.0,0.0,0.0
2020-10-09,263.00714111328125,263.3054921367474,260.7395822817272,263.07673611804296,14107800,0.00261618268605468,0.002612766437188162,260.4988952636719,260.24428253173824,257.7077011108398,265.18457885742185,259.9541669803884,261.153715166406,-1.199548186017637,-1.9885786626765742,0.7890304766589373,65.03690120463921,257.7077011108398,6.527425890206602,270.76255289125305,244.65284933042662,0.10131518556985876,17014640.0,0.8291565381342185,0.017786303932782868,0.016909528310209903,0.019846925310302,0.01735035453491518,0.037791364175837616,0.042730179255154654,1,0.1,0.0,1.0,0.0,0.0,0.0,0.0,281.0,40.0,0.1,0.0,0.0,0.0667,0.2014,0.0,0.0,0.0,0.0,1.0,0.0,0.0,0.0,0.0,0.0,2.0,0.0,0.0,0.0,0.0,0.0,262.0,278.0,0.0,40.0,40.0,0.0,0.0667,0.2014,0.0,0.0,0.0,0.0,2.0,0.0,0.0
2020-10-12,274.2454833984375,278.65130563894945,266.4084725252953,268.72577683401994,31019300,0.042730179255154654,0.041842445767681376,262.7067810058594,262.12695617675774,258.1850830078125,265.62376983642577,262.15283104470365,262.1234760488381,0.02935499586556034,-1.5849919309681473,1.6143469268337076,67.82681698998758,258.1850830078125,7.3614098398107615,272.90790268743405,243.462263328191,0.11404856940690117,20654040.0,1.5018514537591676,0.024829189565490135,0.020943605506477114,0.022037813284251882,0.04194215335982454,0.07370929767348033,0.0014143475150882878,1,0.4333,0.0,1.0,1.0,0.0,2.0,0.0,291.0,42.0,0.4333,0.0,2.0,0.1,0.0667,0.2014,0.0,0.0,0.0,0.0,1.0,0.0,0.0,0.0,0.0,0.0,2.0,0.0,0.0,0.0,0.0,281.0,262.0,278.0,40.0,40.0,40.0,0.1,0.0667,0.2014,0.0,0.0,0.0,0.0,2.0,0.0
2020-10-13,274.63336181640625,277.577203205315,271.8983661441686,276.065477081793,18063300,0.0014143475150882878,0.0014133482677192936,266.18370361328124,263.5541259765625,258.370068359375,266.1047314453125,264.0729127018887,263.0501344950779,1.0227782068108127,-1.0634379034123553,2.0862161102231678,75.31735512521908,258.370068359375,7.7356051155164725,273.84127859040797,242.89885812834206,0.11976008157038968,20527320.0,0.8799638725366974,0.018917168817650064,0.020564605622499444,0.021446240744587307,0.06757899939106893,0.054814897818457275,-0.01564430382925741,0,0.1,0.0,1.0,0.0,0.0,0.0,0.0,281.0,40.0,0.1,0.0,0.0,0.4333,0.1,0.0667,0.0,0.0,0.0,1.0,0.0,1.0,0.0,0.0,0.0,2.0,0.0,2.0,0.0,0.0,0.0,291.0,281.0,262.0,42.0,40.0,40.0,0.4333,0.1,0.0667,0.0,0.0,0.0,2.0,0.0,2.0
2020-10-14,270.3369140625,277.2290955942732,270.01865274922034,276.10525619811455,15577800,-0.01564430382925741,-0.01576796739966805,268.90875244140625,264.54071655273435,258.78280487060545,266.54213165283204,265.03660521890583,263.5898960746229,1.44670914428292,-0.5614084938733,2.0081176381562202,69.4264827995652,258.78280487060545,8.153044990623224,275.0888948518519,242.476714889359,0.12602143322002934,19016200.0,0.8191857468894942,0.02233716299367475,0.021609865178487838,0.020353780656280223,0.05307606056542569,0.037877174224034915,-0.018762530479544792,0,0.0,0.0,0.0,0.0,0.0,0.0,0.0,0.0,0.0,0.0,0.0,0.0,0.1,0.4333,0.1,0.0,0.0,0.0,0.0,1.0,0.0,0.0,0.0,0.0,0.0,2.0,0.0,0.0,0.0,0.0,281.0,291.0,281.0,40.0,42.0,40.0,0.1,0.4333,0.1,0.0,0.0,0.0,0.0,2.0,0.0
2020-10-15,265.26470947265625,267.57205825046344,262.23136318406074,266.1399128263808,15416100,-0.018762530479544792,-0.01894077988251459,269.4975219726563,264.54966430664064,259.37455596923826,266.8922106933594,265.0716981810213,263.71395635401797,1.3577418270033377,-0.17757842969797238,1.53532025670131,60.40566560197828,259.37455596923826,8.17353413284658,275.7216242349314,243.0274877035451,0.12604989880065123,18836860.0,0.8184007313320798,0.024499827325839888,0.02206761658048762,0.01929459712111067,0.011222316196530135,0.00033742796568936306,-0.0029618528992795268,0,0.0,0.0,1.0,0.0,0.0,0.0,0.0,283.0,38.0,0.0,0.0,0.0,0.0,0.1,0.4333,0.0,0.0,0.0,0.0,0.0,1.0,0.0,0.0,0.0,0.0,0.0,2.0,0.0,0.0,0.0,0.0,281.0,291.0,0.0,40.0,42.0,0.0,0.1,0.4333,0.0,0.0,0.0,0.0,0.0,2.0
2020-10-16,264.4790344238281,269.8893553074921,263.85246695239704,265.9211351231875,16622700,-0.0029618528992795268,-0.0029662478658864133,269.7919006347656,265.14539794921876,260.0408988952637,266.9051397705078,264.9805191414531,263.7706288153453,1.2098903261078249,0.09991532146318714,1.1099750046446377,58.13825863537396,260.0408988952637,8.009515566660776,276.05993002858526,244.02186776194213,0.12320393600680118,19339840.0,0.8595055595082483,0.024618263355746652,0.020281196368359795,0.019152975906648252,0.005596400555196057,0.023043854623863158,-0.01703454321372,0,0.3174,0.164,2.0,0.5,0.7071,3.0,0.0,289.5,82.0,0.3174,0.164,3.0,0.0,0.0,0.1,0.0,0.0,0.0,0.0,0.0,0.0,0.0,0.0,0.0,0.0,0.0,0.0,0.0,0.0,0.0,283.0,0.0,281.0,38.0,0.0,40.0,0.0,0.0,0.1,0.0,0.0,0.0,0.0,0.0,0.0
2020-10-19,259.9737548828125,267.0847373007935,258.4620591655533,264.0812258167801,13587000,-0.01703454321372,-0.01718130005640378,266.93755493164065,264.82216796875,260.6997840881347,266.7651080322266,264.21024771704685,263.4893788406001,0.7208688764467297,0.2241060324598957,0.496762843986834,49.64880589583922,260.6997840881347,7.379881513503566,275.45954711514185,245.9400210611276,0.11323187764526338,15853380.0,0.8570412114009757,0.00916734781641056,0.020312703619554926,0.019135964635331907,-0.05203997651582226,-0.01228049183186597,0.023565470335093375,1,0.2014,0.0,1.0,0.0,0.0,0.0,0.0,289.0,40.0,0.2014,0.0,0.0,0.3174,0.0,0.0,0.164,0.0,0.0,0.5,0.0,0.0,0.7071,0.0,0.0,3.0,0.0,0.0,0.0,0.0,0.0,289.5,283.0,0.0,82.0,38.0,0.0,0.3174,0.0,0.0,0.164,0.0,0.0,3.0,0.0,0.0
2020-10-20,266.10015869140625,268.22849716781263,261.4457006070012,261.62471122153886,18763200,0.023565470335093375,0.02329209118145306,265.2309143066406,265.7073089599609,261.3367897033691,266.8558111572266,264.5010032515637,263.6827699749238,0.8182332766398872,0.342931481295894,0.4753017953439932,54.595659864962506,261.3367897033691,7.261894580860009,275.8605788650891,246.8130005416491,0.11114997760709666,15993360.0,1.173186872552109,0.01775431588428656,0.02011139421386606,0.01894845700433141,-0.031071254666810932,0.0344079804240498,0.041747815545950084,1,0.2014,0.0,1.0,0.0,0.0,0.0,0.0,286.0,40.0,0.2014,0.0,0.0,0.2014,0.3174,0.0,0.0,0.164,0.0,0.0,0.5,0.0,0.0,0.7071,0.0,0.0,3.0,0.0,0.0,0.0,0.0,289.0,289.5,283.0,40.0,82.0,38.0,0.2014,0.3174,0.0,0.0,0.164,0.0,0.0,3.0,0.0
2020-10-21,277.2092590332031,281.5056660306836,274.8621194192232,278.0347171957135,28998600,0.041747815545950084,0.040899894410092,266.6053833007812,267.75706787109374,262.81418609619135,267.3053454589844,266.4561195256621,264.6847322917614,1.7713872339006684,0.6286226318168491,1.1427646020838194,58.89445014604884,262.81418609619135,7.338543738551136,277.4912735732936,248.13709861908907,0.11169174461328638,18677520.0,1.5525937062308057,0.026496063295427544,0.02327068103990851,0.01988796168835964,0.025421407929197226,0.0798467366815312,-0.002188671377064133,0,0.0,0.0,0.0,0.0,0.0,0.0,0.0,0.0,0.0,0.0,0.0,0.0,0.2014,0.2014,0.3174,0.0,0.0,0.164,0.0,0.0,0.5,0.0,0.0,0.7071,0.0,0.0,3.0,0.0,0.0,0.0,286.0,289.0,289.5,40.0,40.0,82.0,0.2014,0.2014,0.3174,0.0,0.0,0.164,0.0,0.0,3.0
2020-10-22,276.6025390625,280.90893105970304,273.5393572664263,278.34299085258226,16720000,-0.002188671377064133,-0.002191070018793944,268.87294921875,269.18523559570315,264.2358863830566,267.6679559326172,268.01710714671407,265.5675329273938,2.4495742193202545,0.9928129493175304,1.4567612700027242,64.67546789009916,264.2358863830566,7.102368612213728,278.44062360748404,250.03114915862915,0.10751557949880564,18938300.0,0.8828669943975964,0.023611127504582843,0.022914366052620396,0.019952910207221407,0.04274156789413586,0.05444354348030944,0.023982558139534982,1,0.4333,0.0,1.0,1.0,0.0,3.0,0.0,292.0,42.0,0.4333,0.0,3.0,0.0,0.2014,0.2014,0.0,0.0,0.0,0.0,0.0,0.0,0.0,0.0,0.0,0.0,0.0,0.0,0.0,0.0,0.0,0.0,286.0,289.0,0.0,40.0,40.0,0.0,0.2014,0.2014,0.0,0.0,0.0,0.0,0.0,0.0
2020-10-23,283.2361755371094,283.6837020968845,275.309659166989,277.2788367321439,17535200,0.023982558139534982,0.02369949340539134,272.62437744140624,271.20813903808596,265.72621078491204,268.1351934814453,270.358502283698,266.8763214529312,3.482180830766765,1.4906865256073778,1.9914943051593874,65.75895684760837,265.72621078491204,7.807704950723699,281.3416206863594,250.11080088346463,0.11753006867724497,19120800.0,0.9170745993891469,0.023378974826459103,0.02359658586206242,0.02007654123431524,0.07092108890273274,0.07691439227923924,-0.026967542473222195,0,0.0,0.0,0.0,0.0,0.0,0.0,0.0,0.0,0.0,0.0,0.0,0.0,0.4333,0.0,0.2014,0.0,0.0,0.0,1.0,0.0,0.0,0.0,0.0,0.0,3.0,0.0,0.0,0.0,0.0,0.0,292.0,0.0,286.0,42.0,0.0,40.0,0.4333,0.0,0.2014,0.0,0.0,0.0,3.0,0.0,0.0
2020-10-26,275.5979919433594,283.6737123351413,272.76356666064896,281.61499957840334,21322900,-0.026967542473222195,-0.027337839154377066,275.7492248535156,271.3433898925781,266.7351730346679,268.45086059570315,271.1645776159536,267.522371203023,3.642206412930591,1.9209905030720207,1.7212159098585702,64.06451166202581,266.7351730346679,7.7088228039146305,282.1528186424972,251.31752742683867,0.11560264386898401,20667980.0,1.0316876637194345,0.02684240207175457,0.022355773072386936,0.021355098234022863,0.060099286051354506,0.004931744100802105,0.022301912511578426,1,0.0,0.0,0.0,0.0,0.0,0.0,0.0,0.0,0.0,0.0,0.0,0.0,0.0,0.4333,0.0,0.0,0.0,0.0,0.0,1.0,0.0,0.0,0.0,0.0,0.0,3.0,0.0,0.0,0.0,0.0,0.0,292.0,0.0,0.0,42.0,0.0,0.0,0.4333,0.0,0.0,0.0,0.0,0.0,3.0,0.0
2020-10-27,281.7443542480469,282.9576990386886,274.80242679325124,277.23907152603005,16287200,0.022301912511578426,0.022056861571978222,278.87806396484376,272.0544891357422,267.80430755615237,268.89104614257815,272.79223555935255,268.5758515556111,4.216384003741439,2.3800692032059048,1.836314800535534,67.66804187751822,267.80430755615237,8.242655294854368,284.2896181458611,251.31899696644362,0.12311460364581435,20172780.0,0.8073850009765635,0.026712257251560484,0.02338066355146362,0.021476370291110734,0.05879062843695282,0.02589267518195526,-0.05513789293320037,0,0.2338,0.1855,3.0,0.4444,0.5092,4.0,1.0,285.0,126.0,0.2338,0.1855,4.0,0.0,0.0,0.4333,0.0,0.0,0.0,0.0,0.0,1.0,0.0,0.0,0.0,0.0,0.0,3.0,0.0,0.0,0.0,0.0,0.0,292.0,0.0,0.0,42.0,0.0,0.0,0.4333,0.0,0.0,0.0,0.0,0.0,3.0
2020-10-28,266.2095642089844,277.2688869035369,265.8017975906153,277.2688869035369,23121800,-0.05513789293320037,-0.05671628058335784,276.678125,271.6417541503906,268.0912353515625,268.9970642089844,271.7795168900651,268.40057099184645,3.37894589821866,2.579844542208456,0.7991013560102043,52.40734940109567,268.0912353515625,8.072061424134347,284.2353581998312,251.9471125032938,0.12043752812058951,18997420.0,1.217102111760439,0.03374839913004053,0.029403012329529053,0.02524896016803044,-0.03968011336483257,-0.015267429784159625,0.04916478040342054,1,0.0,0.0,0.0,0.0,0.0,0.0,0.0,0.0,0.0,0.0,0.0,0.0,0.2338,0.0,0.0,0.1855,0.0,0.0,0.4444,0.0,0.0,0.5092,0.0,0.0,4.0,0.0,0.0,1.0,0.0,0.0,285.0,0.0,0.0,126.0,0.0,0.0,0.2338,0.0,0.0,0.1855,0.0,0.0,4.0,0.0,0.0
2020-10-29,279.2976989746094,282.05260449818235,272.28617790305685,275.0410530755641,32368100,0.04916478040342054,0.04799440039857311,277.2171569824219,273.04505310058596,268.79735870361327,269.359873046875,272.9361602876873,269.20776574068384,3.728394547003461,2.809554543167457,0.9188400038360038,58.74246266009426,268.79735870361327,8.414007382116175,285.62537346784563,251.9693439393809,0.12520967352798737,22127040.0,1.4628300938580125,0.04248981680842715,0.03255796636168994,0.02721125514504687,0.009743800332578934,0.05290183353017652,-0.06309869933731616,0,0.0,0.0,0.0,0.0,0.0,0.0,0.0,0.0,0.0,0.0,0.0,0.0,0.0,0.2338,0.0,0.0,0.1855,0.0,0.0,0.4444,0.0,0.0,0.5092,0.0,0.0,4.0,0.0,0.0,1.0,0.0,0.0,285.0,0.0,0.0,126.0,0.0,0.0,0.2338,0.0,0.0,0.1855,0.0,0.0,4.0,0.0
2020-10-30,261.67437744140625,275.19025298700785,257.68627785680263,273.00224471408285,47247800,-0.06309869933731616,-0.06517733776394098,272.90479736328126,272.76458740234375,268.9549926757812,269.24251525878907,271.2035783113364,268.6497369243588,2.553841386977581,2.7584119119294823,-0.20457052495190142,43.686296628951716,268.9549926757812,8.239077535367043,285.4331477465153,252.47683760504714,0.12253466579516603,28069560.0,1.6832397800321772,0.048928494536722766,0.03920094928811424,0.030411590488348458,-0.0761265684187934,-0.010604458642749726,-0.006651081001839643,0,0.0667,0.0,1.0,1.0,0.0,2.0,0.0,266.0,40.0,0.0667,0.0,2.0,0.0,0.0,0.2338,0.0,0.0,0.1855,0.0,0.0,0.4444,0.0,0.0,0.5092,0.0,0.0,4.0,0.0,0.0,1.0,0.0,0.0,285.0,0.0,0.0,126.0,0.0,0.0,0.2338,0.0,0.0,0.1855,0.0,0.0,4.0
2020-11-02,259.9339599609375,268.9942700041426,255.9359047042477,263.15630259796336,27165700,-0.006651081001839643,-0.006673298007283168,269.77199096679686,272.76060791015624,268.7913879394531,269.13013061523435,269.4697908728135,268.00412375873566,1.4656671140778599,2.499862952359158,-1.0341958382812981,42.71633837490284,268.7913879394531,8.390342151909897,285.5720722432729,252.01070363563332,0.12486028241053418,29238120.0,0.9291192456970557,0.048501702751010595,0.0388463069905804,0.030183318197430652,-0.0568365243591511,-0.00015307284342203076,0.015075169803027144,1,0.0667,0.0,1.0,1.0,0.0,2.0,0.0,268.0,40.0,0.0667,0.0,2.0,0.0667,0.0,0.0,0.0,0.0,0.0,1.0,0.0,0.0,0.0,0.0,0.0,2.0,0.0,0.0,0.0,0.0,0.0,266.0,0.0,0.0,40.0,0.0,0.0,0.0667,0.0,0.0,0.0,0.0,0.0,2.0,0.0,0.0
2020-11-03,263.8525085449219,268.57659249989894,259.4566411034183,261.7242001877643,17961900,0.015075169803027144,0.014962668670762852,266.19362182617186,272.5358428955078,269.1215759277344,269.0089953613281,268.6055935915994,267.69659668062303,0.9089969109763842,2.1816897440826035,-1.2726928331062193,46.77485112140485,269.1215759277344,8.034591385268076,285.19075869827054,253.05239315719825,0.11941950559067108,29573060.0,0.607373738125172,0.04736738616326101,0.03838033293329845,0.029883822836150396,-0.06350383045252816,-0.008446632116033248,0.08322654884923164,1,0.0667,0.0,1.0,1.0,0.0,2.0,0.0,266.0,40.0,0.0667,0.0,2.0,0.0667,0.0667,0.0,0.0,0.0,0.0,1.0,1.0,0.0,0.0,0.0,0.0,2.0,2.0,0.0,0.0,0.0,0.0,268.0,266.0,0.0,40.0,40.0,0.0,0.0667,0.0667,0.0,0.0,0.0,0.0,2.0,2.0,0.0
2020-11-04,285.8120422363281,287.36352835411554,277.09982761254304,279.46684704511097,35364400,0.08322654884923164,0.07994413252214888,270.11411743164064,273.3961212158203,270.576594543457,269.1394793701172,271.2527395369423,269.0384816385672,2.214257898375081,2.188203374941099,0.026054523433981736,58.7497930469493,270.576594543457,8.299533375971142,287.1756612953993,253.97752779151475,0.1226940325710717,32021580.0,1.1043927251559729,0.055652492920357156,0.04507262851224427,0.03497130782479288,0.07363551375620414,0.031033534857847656,0.025401663490288717,1,0.05,0.0707,2.0,0.0,0.0,0.0,0.0,291.0,80.0,0.05,0.0707,0.0,0.0667,0.0667,0.0667,0.0,0.0,0.0,1.0,1.0,1.0,0.0,0.0,0.0,2.0,2.0,2.0,0.0,0.0,0.0,266.0,268.0,266.0,40.0,40.0,40.0,0.0667,0.0667,0.0667,0.0,0.0,0.0,2.0,2.0,2.0
2020-11-05,293.0721435546875,295.7574238071853,287.3734273193078,290.307313157042,23823600,0.025401663490288717,0.025084402650415557,272.86900634765624,275.04308166503904,272.1141586303711,268.95588623046876,274.6095709242877,270.8187530168703,3.79081790741742,2.5087262814363633,1.2820916259810566,61.53966664572888,272.1141586303711,9.457309528800158,291.0287776879714,253.1995395727708,0.13901973460552755,30312680.0,0.7859285289192509,0.05301567738193056,0.04549615587652841,0.035065123949417444,0.04931814558676462,0.059542492082714116,-0.0043095207649633815,0,0.4333,0.0,1.0,1.0,0.0,3.0,0.0,291.0,42.0,0.4333,0.0,3.0,0.05,0.0667,0.0667,0.0707,0.0,0.0,0.0,1.0,1.0,0.0,0.0,0.0,0.0,2.0,2.0,0.0,0.0,0.0,291.0,266.0,268.0,80.0,40.0,40.0,0.05,0.0667,0.0667,0.0707,0.0,0.0,0.0,2.0,2.0
2020-11-06,291.80914306640625,292.99265279115843,286.4883268809268,292.34620529596697,13891000,-0.0043095207649633815,-0.0043188335148654135,278.8959594726563,275.90037841796874,273.5542587280273,268.9596661376953,277.2556589461521,272.3735968255363,4.882062120615785,2.9833934492722483,1.898668671343537,63.19347235621372,273.5542587280273,10.164049765306352,293.88235825864,253.22615919741463,0.14862206587559115,23641320.0,0.5875729443195219,0.036468430280050174,0.045182670308952344,0.035135870238885494,0.1151613158294329,0.03026791162195197,-0.04989624557702477,0,0.0,0.0,0.0,0.0,0.0,0.0,0.0,0.0,0.0,0.0,0.0,0.0,0.4333,0.05,0.0667,0.0,0.0707,0.0,1.0,0.0,1.0,0.0,0.0,0.0,3.0,0.0,2.0,0.0,0.0,0.0,291.0,291.0,266.0,42.0,80.0,40.0,0.4333,0.05,0.0667,0.0,0.0707,0.0,3.0,0.0,2.0
2020-11-09,277.2489624023437,290.9836097632232,277.0102816042328,288.288404580994,25117700,-0.04989624557702477,-0.05118408516901514,282.3589599609375,276.0654754638672,273.70443267822264,268.6634912109375,277.2546287086431,272.73473503819514,4.519893670447971,3.2906934935073933,1.2292001769405774,54.31849561204416,273.70443267822264,10.19693515458789,294.0983029873984,253.31056236904686,0.14902111821587918,23231720.0,1.0811812470191617,0.048325426168662734,0.04744815423721203,0.03610216128945793,0.06661308296925994,0.005990502497288164,-0.022742587860683727,0,0.0,0.0,0.0,0.0,0.0,0.0,0.0,0.0,0.0,0.0,0.0,0.0,0.0,0.4333,0.05,0.0,0.0,0.0707,0.0,1.0,0.0,0.0,0.0,0.0,0.0,3.0,0.0,0.0,0.0,0.0,0.0,291.0,291.0,0.0,42.0,80.0,0.0,0.4333,0.05,0.0,0.0,0.0707,0.0,3.0,0.0
2020-11-10,270.943603515625,272.5050448157979,262.5596052239804,271.60996132274886,29067700,-0.022742587860683727,-0.023005189646799113,283.7771789550781,274.985400390625,273.5199447631836,268.25035888671874,276.2837017558711,272.6020586217055,3.681643134165597,3.3688834216390346,0.31275971252656243,47.479183400448534,273.5199447631836,10.212610359890492,293.9451654829646,253.09472404340264,0.1493508690012742,25452880.0,1.142020077885096,0.05098189103402445,0.04740338497811887,0.036495213984201365,0.02687522286526156,-0.03833528718347601,0.01486616777123495,1,0.3174,0.164,2.0,0.5,0.7071,2.0,0.0,289.0,82.0,0.3174,0.164,2.0,0.0,0.0,0.4333,0.0,0.0,0.0,0.0,0.0,1.0,0.0,0.0,0.0,0.0,0.0,3.0,0.0,0.0,0.0,0.0,0.0,291.0,0.0,0.0,42.0,0.0,0.0,0.4333,0.0,0.0,0.0,0.0,0.0,3.0
2020-11-11,274.97149658203125,276.8810037913741,270.99332115298546,271.977909859332,14957000,0.01486616777123495,0.014756749387616995,281.60906982421875,275.86159362792966,273.75167388916014,267.87322814941405,276.08182403681883,272.7775725537694,3.304251483049427,3.355957033921113,-0.05170555087168616,49.36137457294329,273.75167388916014,10.189138043655529,294.1299499764712,253.37339780184908,0.14888147201293145,21371400.0,0.6998605613109108,0.030093969055844414,0.043868567153647196,0.03644654528308496,-0.03792893248820217,0.032913664838008616,-0.0050637794711054784,0,0.0,0.0,0.0,0.0,0.0,0.0,0.0,0.0,0.0,0.0,0.0,0.0,0.3174,0.0,0.0,0.164,0.0,0.0,0.5,0.0,0.0,0.7071,0.0,0.0,2.0,0.0,0.0,0.0,0.0,0.0,289.0,0.0,0.0,82.0,0.0,0.0,0.3174,0.0,0.0,0.164,0.0,0.0,2.0,0.0,0.0
2020-11-12,273.5791015625,278.2236345718425,272.93265414756024,275.6676496616713,12899500,-0.0050637794711054784,-0.005076643848995496,277.71046142578126,275.28973388671875,274.16739349365236,267.3278204345703,275.69678981000055,272.8369450757777,2.859844734222861,3.2567345739814626,-0.3968898397586016,46.05699239242497,274.16739349365236,9.992357363164174,294.15210821998073,254.182678767324,0.1457847665374625,19186580.0,0.672318881218018,0.024343177965524293,0.040932898988956364,0.036173825196534705,-0.06651277653261534,-0.020474917742266285,0.006798153634724802,1,0.4333,0.0,1.0,0.3333,0.0,2.0,1.0,292.0,42.0,0.4333,0.0,2.0,0.0,0.3174,0.0,0.0,0.164,0.0,0.0,0.5,0.0,0.0,0.7071,0.0,0.0,2.0,0.0,0.0,0.0,0.0,0.0,289.0,0.0,0.0,82.0,0.0,0.0,0.3174,0.0,0.0,0.164,0.0,0.0,2.0,0.0
2020-11-13,275.4389343261719,276.24451242515056,271.60993439275114,276.20472217242803,10391200,0.006798153634724802,0.006775150382551542,274.43641967773436,276.6661895751953,274.7153884887695,267.04596740722656,275.65711973556535,273.029685028797,2.6274347067683266,3.130874600538836,-0.5034398937705094,49.93184016387654,274.7153884887695,9.730157818052344,294.1757041248742,255.25507285266482,0.1416761961763946,18486620.0,0.5620930164627174,0.025844062673792825,0.034705351737096254,0.03616686867501973,-0.056099026124445506,0.05260185203974643,0.0072575921134401256,1,0.25,0.2593,2.0,0.6667,0.4714,4.0,1.0,279.0,82.0,0.25,0.2593,4.0,0.4333,0.0,0.3174,0.0,0.0,0.164,0.3333,0.0,0.5,0.0,0.0,0.7071,2.0,0.0,2.0,1.0,0.0,0.0,292.0,0.0,289.0,42.0,0.0,82.0,0.4333,0.0,0.3174,0.0,0.0,0.164,2.0,0.0,2.0
2020-11-16,277.4379577636719,277.885514658968,273.13159603241644,273.5492874736931,12970400,0.0072575921134401256,0.007231382527718818,274.47421875,278.4165893554688,275.5885986328125,266.9709796142578,275.9310948168125,273.3562237633044,2.5748710535081045,3.01967389113269,-0.4448028376245854,48.08659930694954,275.5885986328125,9.100867960605312,293.7903345540231,257.38686271160185,0.13209353370574067,16057160.0,0.8077642621733856,0.014684249698252078,0.0344343284121932,0.03587768130038821,0.0006816810410779084,0.06734017288608563,-0.014195552193043581,0,0.4333,0.0,1.0,1.0,0.0,3.0,0.0,292.0,42.0,0.4333,0.0,3.0,0.25,0.4333,0.0,0.2593,0.0,0.0,0.6667,0.3333,0.0,0.4714,0.0,0.0,4.0,2.0,0.0,1.0,1.0,0.0,279.0,292.0,0.0,82.0,42.0,0.0,0.25,0.4333,0.0,0.2593,0.0,0.0,4.0,2.0,0.0
2020-11-17,273.49957275390625,276.1649431241236,271.7989111816274,276.1649431241236,15040300,-0.014195552193043581,-0.014297272845448341,274.98541259765625,279.3812957763672,275.9585693359375,267.04736083984375,275.55701449944235,273.36684220745633,2.1901722919860163,2.8537735713033556,-0.6636012793173394,53.611198875274944,275.9585693359375,8.841547034400254,293.64166340473804,258.275475267137,0.12815760069602372,13251680.0,1.1349730751119858,0.011493182188850317,0.034918097578334854,0.035779921370233204,0.009433583982483063,0.036562336519692096,-0.011018257685699528,0,0.2014,0.0,1.0,0.0,0.0,0.0,0.0,288.0,40.0,0.2014,0.0,0.0,0.4333,0.25,0.4333,0.0,0.2593,0.0,1.0,0.6667,0.3333,0.0,0.4714,0.0,3.0,4.0,2.0,0.0,1.0,1.0,292.0,279.0,292.0,42.0,82.0,42.0,0.4333,0.25,0.4333,0.0,0.2593,0.0,3.0,4.0,2.0
2020-11-18,270.486083984375,275.8765248441407,270.3567884315825,273.0221585853688,12152900,-0.011018257685699528,-0.011079408283820211,274.088330078125,277.84869995117185,275.6224105834961,267.01255126953123,274.7768713432781,273.15345270193967,1.6234186413384464,2.607702585310374,-0.9842839439719278,45.15107231298716,275.6224105834961,8.918962479005009,293.46033554150614,257.78448562548607,0.12943740619818922,12690860.0,0.9576104377481116,0.009934981897124724,0.021237438408393542,0.034619709311739806,-0.01631228201253987,-0.05362250705755989,0.0035666222286807603,1,0.4333,0.0,1.0,1.0,0.0,3.0,0.0,291.0,42.0,0.4333,0.0,3.0,0.2014,0.4333,0.25,0.0,0.0,0.2593,0.0,1.0,0.6667,0.0,0.0,0.4714,0.0,3.0,4.0,0.0,0.0,1.0,288.0,292.0,279.0,40.0,42.0,82.0,0.2014,0.4333,0.25,0.0,0.0,0.2593,0.0,3.0,4.0
2020-11-19,271.4508056640625,271.9779126998734,267.7212661603807,269.54126808370654,12963700,0.0035666222286807603,0.0035602769147024976,273.6626708984375,275.6865661621094,275.36482391357424,267.1090216064453,274.26516893109107,273.0273306950237,1.2378382360673754,2.3337297154617747,-1.0958914793943992,56.587633869083845,275.36482391357424,8.963447880593312,293.2917196747609,257.4379281523876,0.13020468995570156,12703700.0,1.0204664782701103,0.010283458035996873,0.018702446136658567,0.03463024978145869,-0.007779453497296029,-0.0737747969778999,-0.011870734915513381,0,0.0,0.0,1.0,0.0,0.0,0.0,0.0,283.0,38.0,0.0,0.0,0.0,0.4333,0.2014,0.4333,0.0,0.0,0.0,1.0,0.0,1.0,0.0,0.0,0.0,3.0,0.0,3.0,0.0,0.0,0.0,291.0,288.0,292.0,42.0,40.0,42.0,0.4333,0.2014,0.4333,0.0,0.0,0.0,3.0,0.0,3.0
2020-11-20,268.2284851074219,271.5104676306615,267.94005889625475,271.072865914087,18114700,-0.011870734915513381,-0.011941754686679535,272.2205810546875,273.32850036621096,274.6144393920898,267.17048400878906,273.3364483428343,272.6718606407711,0.6645877020631588,1.9999013127820515,-1.3353136107188928,55.479651731283255,274.6144393920898,8.897758963349135,292.4099573187881,256.81892146539155,0.12960365788552095,14248400.0,1.271349765587715,0.009890683725663329,0.018713148961881063,0.03422882234587716,-0.026178031934335988,-0.0808084959614106,-0.004708901528231335,0,0.0667,0.0,1.0,1.0,0.0,2.0,0.0,262.0,40.0,0.0667,0.0,2.0,0.0,0.4333,0.2014,0.0,0.0,0.0,0.0,1.0,0.0,0.0,0.0,0.0,0.0,3.0,0.0,0.0,0.0,0.0,283.0,291.0,288.0,38.0,42.0,40.0,0.0,0.4333,0.2014,0.0,0.0,0.0,0.0,3.0,0.0
2020-11-23,266.9654235839844,269.47169374736603,263.0867082728848,269.41202353881624,20990800,-0.004708901528231335,-0.004720023333090412,270.12607421875,272.300146484375,274.1828109741211,267.21583557128906,272.3562906876266,272.2491615877173,0.10712909990928665,1.6213468702074987,-1.514217770298212,52.13127824877644,274.1828109741211,9.055519346944713,292.2938496680105,256.07177228023164,0.13210922033765904,15852480.0,1.324133510971154,0.00718447255533096,0.011660748738737478,0.03373827384699306,-0.037747301285313895,-0.03709135186387402,0.031628307656571764,1,0.0,0.0,0.0,0.0,0.0,0.0,0.0,0.0,0.0,0.0,0.0,0.0,0.0667,0.0,0.4333,0.0,0.0,0.0,1.0,0.0,1.0,0.0,0.0,0.0,2.0,0.0,3.0,0.0,0.0,0.0,262.0,283.0,291.0,40.0,38.0,42.0,0.0667,0.0,0.4333,0.0,0.0,0.0,2.0,0.0,3.0
2020-11-24,275.4090881347656,276.30417150302605,266.4084483483564,267.02506066091206,16930400,0.031628307656571764,0.031138435184213418,270.5079772949219,272.74669494628904,273.86604766845704,267.30534423828124,272.8259518333403,272.4832302268875,0.34272160645281247,1.3656218174565615,-1.022900211003749,41.259994174765254,273.86604766845704,8.886317754277819,291.6386831770127,256.0934121599014,0.12979071819863738,16230500.0,1.0431225162502695,0.017930544835219834,0.01420022436334739,0.034140109549725725,0.006981785608043856,0.016481232851408123,-0.0048027586802970035,0,0.0,0.0,0.0,0.0,0.0,0.0,0.0,0.0,0.0,0.0,0.0,0.0,0.0,0.0667,0.0,0.0,0.0,0.0,0.0,1.0,0.0,0.0,0.0,0.0,0.0,2.0,0.0,0.0,0.0,0.0,0.0,262.0,283.0,0.0,40.0,38.0,0.0,0.0667,0.0,0.0,0.0,0.0,0.0,2.0,0.0
2020-11-25,274.0863647460937,278.6513178545799,271.16240309212395,276.62247004041234,12467000,-0.0048027586802970035,-0.0048143289868929975,271.2280334472656,272.65818176269534,274.2598876953125,267.5454278564453,273.0198615122254,272.6019809348585,0.41788057736692963,1.1760735694386353,-0.7581929920717057,32.28146823272077,274.2598876953125,8.701756697067799,291.6634010894481,256.8563743011769,0.12691256851581537,16293320.0,0.7651602006220954,0.017037224011066773,0.013524010982785092,0.03167310506786076,0.013310410312741494,-0.00321899486652244,0.00805532674584053,1,0.1507,0.0717,2.0,0.0,0.0,0.0,0.0,280.5,80.0,0.1507,0.0717,0.0,0.0,0.0,0.0667,0.0,0.0,0.0,0.0,0.0,1.0,0.0,0.0,0.0,0.0,0.0,2.0,0.0,0.0,0.0,0.0,0.0,262.0,0.0,0.0,40.0,0.0,0.0,0.0667,0.0,0.0,0.0,0.0,0.0,2.0
2020-11-27,276.2942199707031,277.607025115247,273.3205436207279,275.87652855721046,7808400,0.00805532674584053,0.008023055787588286,272.19671630859375,272.9296936035156,274.1097137451172,268.0027185058594,273.5236089673758,272.875480128765,0.6481288386108304,1.0704846232730743,-0.4223557846622439,35.771583187847384,274.1097137451172,8.635906509875408,291.381526764868,256.83790072536635,0.1260211670996172,15262260.0,0.5116149246572919,0.017207597554236845,0.013640001567843906,0.029720215012909924,0.01784269637657543,0.009924436452551255,-0.003023656091178717,0,0.1,0.0,1.0,0.0,0.0,0.0,0.0,281.0,40.0,0.1,0.0,0.0,0.1507,0.0,0.0,0.0717,0.0,0.0,0.0,0.0,0.0,0.0,0.0,0.0,0.0,0.0,0.0,0.0,0.0,0.0,280.5,0.0,0.0,80.0,0.0,0.0,0.1507,0.0,0.0,0.0717,0.0,0.0,0.0,0.0,0.0
2020-11-30,275.45880126953125,276.184829179851,269.53132863871645,274.52392765665263,16693300,-0.003023656091178717,-0.0030282365747926264,273.6427795410156,272.9316802978516,274.79893493652344,268.4888510131836,273.8213308600151,273.0668372542331,0.7544936057819882,1.007286419774857,-0.2527928139928688,47.80596764830859,274.79893493652344,8.126242981351524,291.0514208992265,258.54644897382036,0.11828638248876243,14977980.0,1.114522786116686,0.015590178316341874,0.013534997894475938,0.025797483103698313,0.026955810301854122,7.21283046203336e-05,0.0345887332413497,1,0.0,0.0,0.0,0.0,0.0,0.0,0.0,0.0,0.0,0.0,0.0,0.0,0.1,0.1507,0.0,0.0,0.0717,0.0,0.0,0.0,0.0,0.0,0.0,0.0,0.0,0.0,0.0,0.0,0.0,0.0,281.0,280.5,0.0,40.0,80.0,0.0,0.1,0.1507,0.0,0.0,0.0717,0.0,0.0,0.0,0.0
2020-12-01,284.986572265625,287.7215682771994,277.4379869158085,277.63690785708,20738900,0.0345887332413497,0.03400398856214905,277.24700927734375,273.68654174804686,276.0515655517578,269.2526614379883,275.539060307032,273.9497806052001,1.589279701831913,1.1236850761862682,0.4655946256456447,65.95119245701605,276.0515655517578,7.629994409211577,291.31155437018094,260.79157673333464,0.1105589731970711,14927600.0,1.3892990165867252,0.01878040639815825,0.01736190038655047,0.026630304983401607,0.06750368058795209,0.0272082975336172,0.003384826587738532,1,0.1507,0.0717,2.0,0.0,0.0,0.0,0.0,282.5,80.0,0.1507,0.0717,0.0,0.0,0.1,0.1507,0.0,0.0,0.0717,0.0,0.0,0.0,0.0,0.0,0.0,0.0,0.0,0.0,0.0,0.0,0.0,0.0,281.0,280.5,0.0,40.0,80.0,0.0,0.1,0.1507,0.0,0.0,0.0717,0.0,0.0,0.0
2020-12-02,285.9512023925781,290.18796839574696,279.2977024091789,283.8029842931292,17361600,0.003384826587738532,0.003379110956206921,279.3554321289063,274.93170471191405,277.1565002441406,269.9044845581055,277.1409283201929,274.83877482732515,2.302153492867774,1.3593787595225695,0.9427747333452043,63.40450200927999,277.1565002441406,7.36595183845694,291.8884039210545,262.42459656722673,0.10630747367596927,15013840.0,1.1563730531296457,0.015914215531818803,0.016305200424304663,0.026524260163169625,0.03827801881633608,0.04552705334525631,-0.019720067632517213,0,0.1,0.0,1.0,0.0,0.0,0.0,0.0,281.0,40.0,0.1,0.0,0.0,0.1507,0.0,0.1,0.0717,0.0,0.0,0.0,0.0,0.0,0.0,0.0,0.0,0.0,0.0,0.0,0.0,0.0,0.0,282.5,0.0,281.0,80.0,0.0,40.0,0.1507,0.0,0.1,0.0717,0.0,0.0,0.0,0.0,0.0
2020-12-03,280.3122253417969,285.0860242799681,279.5364822555672,284.68821276029945,12921700,-0.019720067632517213,-0.019917102833421563,280.60060424804686,275.91431884765626,276.8815093994141,270.55750244140626,277.62882016967046,275.2442156127848,2.3846045568856766,1.5644239189951912,0.8201806378904855,57.44783702128376,276.8815093994141,7.124514674745674,291.13053874890545,262.6324800499227,0.10292510598052611,15104780.0,0.855470917153378,0.019763031201207815,0.017423963974767413,0.019461987746828554,0.02271495921174571,0.036327714951832846,-0.007628299698506424,0,0.4333,0.0,1.0,1.0,0.0,2.0,0.0,291.0,42.0,0.4333,0.0,2.0,0.1,0.1507,0.0,0.0,0.0717,0.0,0.0,0.0,0.0,0.0,0.0,0.0,0.0,0.0,0.0,0.0,0.0,0.0,281.0,282.5,0.0,40.0,80.0,0.0,0.1,0.1507,0.0,0.0,0.0717,0.0,0.0,0.0,0.0
2020-12-04,278.1739196777344,281.9133838167704,277.77607786733006,278.77062169120313,10880300,-0.007628299698506424,-0.007657543994415725,280.97654418945314,276.5866302490234,276.13659820556643,271.15761016845704,277.7126816324495,275.4612307319829,2.2514509004666365,1.7018293152894806,0.549621585177156,53.00677715896128,276.13659820556643,6.0386967655798625,288.21399173672614,264.0592046744067,0.08747405168052987,15719160.0,0.6921680293349008,0.020325448131592806,0.017789976533331614,0.018500078428854972,0.006803253818449706,0.02476733858728042,0.021022570753498337,1,0.2449,0.1709,3.0,0.3333,0.5774,3.0,0.0,286.0,122.0,0.2449,0.1709,3.0,0.4333,0.1,0.1507,0.0,0.0,0.0717,1.0,0.0,0.0,0.0,0.0,0.0,2.0,0.0,0.0,0.0,0.0,0.0,291.0,281.0,282.5,42.0,40.0,80.0,0.4333,0.1,0.1507,0.0,0.0,0.0717,2.0,0.0,0.0
2020-12-07,284.0218505859375,286.9159771500727,276.6821416600803,277.6667304675948,13007700,0.021022570753498337,0.02080464545483178,282.68915405273435,278.165966796875,275.74723358154296,271.76945343017576,278.6833230099092,276.09535073002786,2.587972279881342,1.879057908207853,0.7089143716734889,56.673416145917415,275.74723358154296,5.162454334622342,286.07214225078764,265.4223249122983,0.0748867615833501,14982040.0,0.8682195482057183,0.02177465177283007,0.01785988982085637,0.019218691890202925,0.03108649742517211,0.05888026945456826,-0.007633642740577096,0,0.0,0.0,1.0,0.0,0.0,0.0,0.0,289.0,40.0,0.0,0.0,0.0,0.2449,0.4333,0.1,0.1709,0.0,0.0,0.3333,1.0,0.0,0.5774,0.0,0.0,3.0,2.0,0.0,0.0,0.0,0.0,286.0,291.0,281.0,122.0,42.0,40.0,0.2449,0.4333,0.1,0.1709,0.0,0.0,3.0,2.0,0.0
2020-12-08,281.8537292480469,284.8671959874774,280.0138170016197,284.44950455488254,10747700,-0.007633642740577096,-0.007662928122613731,282.0625854492188,279.65479736328126,275.97747192382815,272.2981530761719,279.1710778157765,276.52189729243844,2.6491805233380887,2.0330824312339004,0.6160980921041883,58.78294136406714,275.97747192382815,5.332826180577501,286.6431242849832,265.3118195626731,0.07729364492547294,12983800.0,0.8277776922010506,0.01530020890745877,0.018075203951339523,0.015553748734508883,-0.01099294957187713,0.05576866645945566,-0.019336638810158235,0,0.0778,0.0192,3.0,0.6667,0.5774,4.0,0.0,269.6667,120.0,0.0778,0.0192,4.0,0.0,0.2449,0.4333,0.0,0.1709,0.0,0.0,0.3333,1.0,0.0,0.5774,0.0,0.0,3.0,2.0,0.0,0.0,0.0,289.0,286.0,291.0,40.0,122.0,42.0,0.0,0.2449,0.4333,0.0,0.1709,0.0,0.0,3.0,2.0
2020-12-09,276.40362548828125,286.0606372613528,270.2672769047324,282.11229717219766,25189700,-0.019336638810158235,-0.019526037137126022,280.1530700683594,279.75425109863284,276.25047302246094,272.61899230957033,278.7453159192388,276.51313641795144,2.232179501287362,2.072901845244593,0.15927765604276933,55.9180616460431,276.25047302246094,5.199660161390617,286.6497933452422,265.8511526996797,0.0752890679896553,14549420.0,1.7313198739193727,0.016579149880405254,0.017074106878331823,0.015297357160873796,-0.03338883286522831,0.0036111275784369568,-0.002878595732850542,0,0.1307,0.1133,3.0,0.0,0.0,0.0,0.0,287.3333,122.0,0.1307,0.1133,0.0,0.0778,0.0,0.2449,0.0192,0.0,0.1709,0.6667,0.0,0.3333,0.5774,0.0,0.5774,4.0,0.0,3.0,0.0,0.0,0.0,269.6667,289.0,286.0,120.0,40.0,122.0,0.0778,0.0,0.2449,0.0192,0.0,0.1709,4.0,0.0,3.0
2020-12-10,275.60797119140625,277.20920248145507,270.3766611253901,274.0366053521869,20065100,-0.002878595732850542,-0.0028827468577346323,279.21221923828125,279.9064117431641,276.2822967529297,272.92173156738284,278.26264749957227,276.4460871411671,1.8165603584051837,2.021633547876711,-0.20507318947152742,54.17163793335766,276.2822967529297,5.193364303337466,286.66902535960463,265.8955681462548,0.07518924468738897,15978100.0,1.255787609290216,0.014886680619826984,0.017018576690710618,0.01496846894123501,-0.01678219401474379,0.005551558344473406,-0.012882452479326512,0,0.0,0.0,0.0,0.0,0.0,0.0,0.0,0.0,0.0,0.0,0.0,0.0,0.1307,0.0778,0.0,0.1133,0.0192,0.0,0.0,0.6667,0.0,0.0,0.5774,0.0,0.0,4.0,0.0,0.0,0.0,0.0,287.3333,269.6667,289.0,122.0,120.0,40.0,0.1307,0.0778,0.0,0.1133,0.0192,0.0,0.0,4.0,0.0
2020-12-11,272.0574645996094,274.9715012173214,268.775481955749,273.032128522541,14391400,-0.012882452479326512,-0.012966150874366502,277.9889282226562,279.4827362060547,276.20621490478516,273.05937622070314,277.3080039765011,276.12100398660084,1.1869999899002437,1.8547068362814176,-0.667706846381174,53.81716733496808,276.20621490478516,5.245929732911441,286.698074370608,265.7143554389623,0.07597120484374084,16680320.0,0.8627772129071865,0.015444387611529433,0.017296502997619746,0.015213847834143484,-0.021987881125631548,-0.015334216443409487,0.0023395980988423215,1,0.0,0.0,0.0,0.0,0.0,0.0,0.0,0.0,0.0,0.0,0.0,0.0,0.0,0.1307,0.0778,0.0,0.1133,0.0192,0.0,0.0,0.6667,0.0,0.0,0.5774,0.0,0.0,4.0,0.0,0.0,0.0,0.0,287.3333,269.6667,0.0,122.0,120.0,0.0,0.1307,0.0778,0.0,0.1133,0.0192,0.0,0.0,4.0
2020-12-14,272.6939697265625,275.70743625720183,270.0783146497599,271.8784365180027,16376900,0.0023395980988423215,0.0023368655005015877,275.7233520507813,279.2062530517578,276.0689666748047,273.34282165527344,276.59815255343364,275.86714959455355,0.731002958880083,1.6299660608011506,-0.8989631019210675,55.78311939019272,276.0689666748047,5.30266170334949,286.67429008150367,265.4636432681057,0.0768309711478111,17354160.0,0.9436872772868292,0.008449812411234839,0.017324061755008842,0.015138852563995546,-0.039883835824622516,-0.01003718715911861,0.004960251290450968,1,0.0,0.0,0.0,0.0,0.0,0.0,0.0,0.0,0.0,0.0,0.0,0.0,0.0,0.0,0.1307,0.0,0.0,0.1133,0.0,0.0,0.0,0.0,0.0,0.0,0.0,0.0,0.0,0.0,0.0,0.0,0.0,0.0,287.3333,0.0,0.0,122.0,0.0,0.0,0.1307,0.0,0.0,0.1133,0.0,0.0,0.0
2020-12-15,274.0466003417969,274.5737074733012,266.0106977867932,273.330527413048,23979500,0.004960251290450968,0.004947989774104281,274.16192626953125,278.112255859375,275.89939880371094,273.55963256835935,276.20560605933565,275.73229409316156,0.4733119661740943,1.3986352418757395,-0.9253232757016452,48.39469861496642,275.89939880371094,5.310798162773041,286.520995129257,265.27780247816486,0.07699615418954088,20000520.0,1.198943827460486,0.010291784982010449,0.012426373702358929,0.015086374222489816,-0.027699221603625812,-0.038387675029234014,0.0004353026556134232,1,0.2014,0.0,1.0,0.0,0.0,0.0,0.0,286.0,40.0,0.2014,0.0,0.0,0.0,0.0,0.0,0.0,0.0,0.0,0.0,0.0,0.0,0.0,0.0,0.0,0.0,0.0,0.0,0.0,0.0,0.0,0.0,0.0,0.0,0.0,0.0,0.0,0.0,0.0,0.0,0.0,0.0,0.0,0.0,0.0,0.0
2020-12-16,274.1658935546875,276.3439164810491,271.0231316093974,273.2608550847501,15885000,0.0004353026556134232,0.00043520793889839264,273.7143798828125,276.93372497558596,275.93271484375,273.89797546386717,275.8918041355436,275.6162644226987,0.27553971284493173,1.174016136069578,-0.8984764232246463,50.096436654514086,275.93271484375,5.297023203734586,286.52676125121917,265.3386684362808,0.0767871719268097,18139580.0,0.8757093604151805,0.0069214917819109285,0.012269923691740315,0.01473842618986811,-0.008095884884435467,-0.04121440560236134,-0.004316626201542606,0,0.0,0.0,0.0,0.0,0.0,0.0,0.0,0.0,0.0,0.0,0.0,0.0,0.2014,0.0,0.0,0.0,0.0,0.0,0.0,0.0,0.0,0.0,0.0,0.0,0.0,0.0,0.0,0.0,0.0,0.0,286.0,0.0,0.0,40.0,0.0,0.0,0.2014,0.0,0.0,0.0,0.0,0.0,0.0,0.0,0.0
2020-12-17,272.982421875,278.90989504842014,272.1171431830537,275.5582869459176,16377800,-0.004316626201542606,-0.00432596973046695,273.18927001953125,276.20074462890625,276.0575317382812,274.2233905029297,275.4442068646907,275.42116497324776,0.023041891442971973,0.9438212871442567,-0.9207793957012848,45.881802912766524,276.0575317382812,5.190261616654897,286.43805497159104,265.6770085049714,0.07520550638807538,17402120.0,0.9411382061495955,0.007016854044055037,0.01099638810562565,0.014544284304818404,-0.009526391073002904,-0.026148711344499254,0.006994788648250205,1,0.0,0.0,0.0,0.0,0.0,0.0,0.0,0.0,0.0,0.0,0.0,0.0,0.0,0.2014,0.0,0.0,0.0,0.0,0.0,0.0,0.0,0.0,0.0,0.0,0.0,0.0,0.0,0.0,0.0,0.0,0.0,286.0,0.0,0.0,40.0,0.0,0.0,0.2014,0.0,0.0,0.0,0.0,0.0,0.0,0.0
2020-12-18,274.8918762207031,276.4831522318188,269.6605969287105,274.26530882530227,26693200,0.006994788648250205,0.006970438597165518,273.75615234375,275.87254028320314,276.2295852661133,274.4748107910156,275.3592329194619,275.38195839871105,-0.022725479249174896,0.7505119338655704,-0.7732374131147453,49.31337334497362,276.2295852661133,5.085491626967041,286.4005685200474,266.0586020121792,0.07364151992724159,19862480.0,1.3439006609446555,0.004362917796262989,0.011222197260434854,0.01460168369345621,0.010418429890409975,-0.011798530433167587,-0.013060555036676025,0,0.05,0.0707,2.0,0.0,0.0,0.0,0.0,282.0,78.0,0.05,0.0707,0.0,0.0,0.0,0.2014,0.0,0.0,0.0,0.0,0.0,0.0,0.0,0.0,0.0,0.0,0.0,0.0,0.0,0.0,0.0,0.0,0.0,286.0,0.0,0.0,40.0,0.0,0.0,0.2014,0.0,0.0,0.0,0.0,0.0,0.0
2020-12-21,271.3016357421875,273.1713831080495,266.3289163015209,271.4906015090185,16553700,-0.013060555036676025,-0.013146594051550208,273.477685546875,274.60051879882815,276.38324279785155,274.64070068359376,274.7349871998812,275.07971227404886,-0.34472507416768394,0.5314645322589195,-0.8761896064266035,30.64136790155861,276.38324279785155,4.873003756955989,286.12925031176354,266.63723528393956,0.07052531416342257,19897840.0,0.8319345215360059,0.008030540100110267,0.008621074058601965,0.014658040982558141,-0.005105848089604348,-0.04478604310727563,-0.020895134899705625,0,0.0,0.0,0.0,0.0,0.0,0.0,0.0,0.0,0.0,0.0,0.0,0.0,0.05,0.0,0.0,0.0707,0.0,0.0,0.0,0.0,0.0,0.0,0.0,0.0,0.0,0.0,0.0,0.0,0.0,0.0,282.0,0.0,0.0,78.0,0.0,0.0,0.05,0.0,0.0,0.0707,0.0,0.0,0.0,0.0,0.0
2020-12-22,265.6327514648437,270.0186941163768,263.1861817402116,270.0186941163768,17312900,-0.020895134899705625,-0.021116527683078406,271.7949157714844,272.9784210205078,276.31660919189454,274.46844604492185,273.33464324064465,274.3799373950981,-1.0452941544534724,0.21611279491644106,-1.2614069493699134,24.63369453984076,276.31660919189454,5.01558671122212,286.34778261433877,266.2854357694503,0.07260637318748973,18564520.0,0.9325799966818425,0.011007792832801554,0.010051512843604041,0.015398831536880386,-0.03070225599025589,-0.05755104900147634,0.003818822382710918,1,0.0,0.0,0.0,0.0,0.0,0.0,0.0,0.0,0.0,0.0,0.0,0.0,0.0,0.05,0.0,0.0,0.0707,0.0,0.0,0.0,0.0,0.0,0.0,0.0,0.0,0.0,0.0,0.0,0.0,0.0,0.0,282.0,0.0,0.0,78.0,0.0,0.0,0.05,0.0,0.0,0.0707,0.0,0.0,0.0,0.0
2020-12-23,266.64715576171875,270.6850319989816,264.77743868744653,265.4338413166251,14329000,0.003818822382710918,0.003811549191318937,270.2911682128906,272.0027740478516,275.8785125732422,274.3087219238281,272.30579901311756,273.80713875240923,-1.5013397392916659,-0.12737771192518044,-1.3739620273664854,30.71295107005983,275.8785125732422,5.46184012428471,286.8021928218116,264.95483232467274,0.07919196132152079,18253320.0,0.7850078780189028,0.011603150407334806,0.00923714721339781,0.013520397363870847,-0.027424044965932315,-0.03529790793925802,-0.0026482421618829743,0,0.0,0.0,0.0,0.0,0.0,0.0,0.0,0.0,0.0,0.0,0.0,0.0,0.0,0.0,0.05,0.0,0.0,0.0707,0.0,0.0,0.0,0.0,0.0,0.0,0.0,0.0,0.0,0.0,0.0,0.0,0.0,0.0,282.0,0.0,0.0,78.0,0.0,0.0,0.05,0.0,0.0,0.0707,0.0,0.0,0.0
2020-12-24,265.9410095214844,268.92464096043386,264.7475751565457,267.4129452910841,6702000,-0.0026482421618829743,-0.002651754958351368,268.8828857421875,271.03607788085935,275.4712448120117,274.22080383300784,271.32660062978937,273.2244625100869,-1.897861880297512,-0.4814745455996469,-1.416387334697865,32.00690550447355,275.4712448120117,5.889451255843921,287.25014732369954,263.6923423003239,0.08551820005551598,16318160.0,0.4107080700275031,0.011669193281503855,0.009239290290080882,0.01350150961644331,-0.025794380111185067,-0.035075043831763075,0.03590133750575908,1,0.0,0.0,0.0,0.0,0.0,0.0,0.0,0.0,0.0,0.0,0.0,0.0,0.0,0.0,0.0,0.0,0.0,0.0,0.0,0.0,0.0,0.0,0.0,0.0,0.0,0.0,0.0,0.0,0.0,0.0,0.0,0.0,0.0,0.0,0.0,0.0,0.0,0.0,0.0,0.0,0.0,0.0,0.0,0.0,0.0
2020-12-28,275.4886474609375,275.7869984766045,264.21052380267946,267.2737055174495,23299700,0.03590133750575908,0.03527190523443943,269.0022399902344,271.3791961669922,275.43096618652345,274.42528259277344,271.96691552688907,273.3921799146517,-1.4252643877626383,-0.6702325140322453,-0.755031873730393,38.68066901676432,275.43096618652345,5.886280450027804,287.2035270865791,263.6584052864678,0.0854846574664606,15639460.0,1.489802077565338,0.021884613378215883,0.014896719120801706,0.015774597913401255,0.0021709307980977144,0.012611978378824551,-0.0007942651618240149,0,0.0667,0.0,1.0,1.0,0.0,2.0,0.0,268.0,40.0,0.0667,0.0,2.0,0.0,0.0,0.0,0.0,0.0,0.0,0.0,0.0,0.0,0.0,0.0,0.0,0.0,0.0,0.0,0.0,0.0,0.0,0.0,0.0,0.0,0.0,0.0,0.0,0.0,0.0,0.0,0.0,0.0,0.0,0.0,0.0,0.0
2020-12-29,275.26983642578125,278.9794957891793,274.77256451733444,275.43892222912336,16383000,-0.0007942651618240149,-0.000794580757519835,269.79588012695314,271.63678283691405,275.42151794433596,274.6410986328125,272.4750572036417,273.5312655827556,-1.0562083791139116,-0.7474276870485786,-0.308780692065333,40.79014660393036,275.42151794433596,5.886385075183656,287.19428809470327,263.64874779396865,0.08548910948015792,15605320.0,1.0498342872815167,0.020618048982154663,0.014906617248591995,0.015760192168512908,0.014626526938321449,0.009445998024091296,-0.017739606977440037,0,0.0333,0.0471,2.0,0.5,0.7071,2.0,0.0,273.5,78.0,0.0333,0.0471,2.0,0.0667,0.0,0.0,0.0,0.0,0.0,1.0,0.0,0.0,0.0,0.0,0.0,2.0,0.0,0.0,0.0,0.0,0.0,268.0,0.0,0.0,40.0,0.0,0.0,0.0667,0.0,0.0,0.0,0.0,0.0,2.0,0.0,0.0
2020-12-30,270.3866577148437,276.56276712056376,270.2275270413716,276.4335019024981,11803800,-0.017739606977440037,-0.017898839767210628,270.7466613769531,271.2707885742187,274.6915222167969,274.84935668945315,272.1537649745959,273.2983316656637,-1.14456669106778,-0.8268554878524191,-0.31771120321536095,41.44753850611704,274.6915222167969,5.532405653251038,285.75633352329896,263.62671091029483,0.08056172405473293,14503500.0,0.8138587237563347,0.019730023515336256,0.01593606125375646,0.013972403332844502,0.01789653656706247,-0.013355183470214249,0.004744792060523695,1,0.0,0.0,1.0,0.0,0.0,0.0,0.0,285.0,38.0,0.0,0.0,0.0,0.0333,0.0667,0.0,0.0471,0.0,0.0,0.5,1.0,0.0,0.7071,0.0,0.0,2.0,2.0,0.0,0.0,0.0,0.0,273.5,268.0,0.0,78.0,40.0,0.0,0.0333,0.0667,0.0,0.0471,0.0,0.0,2.0,2.0,0.0
2020-12-31,271.6695861816406,275.5781360045021,268.33785840434194,270.5159117394472,12900400,0.004744792060523695,0.0047335710150275745,271.7511474609375,271.0211578369141,273.97744140625,274.9607452392578,272.07927592952586,273.1776838515766,-1.0984079220507397,-0.8811659746920835,-0.2172419473586562,44.478501096572884,273.97744140625,4.886588550578339,283.7506185074067,264.2042643050933,0.0713429328414318,14217780.0,0.9073427778457678,0.019735673333845533,0.01604401506264636,0.014005991979068476,0.018835492190323766,-0.009105098160391512,-0.015448768145921998,0,0.0,0.0,0.0,0.0,0.0,0.0,0.0,0.0,0.0,0.0,0.0,0.0,0.0,0.0333,0.0667,0.0,0.0471,0.0,0.0,0.5,1.0,0.0,0.7071,0.0,0.0,2.0,2.0,0.0,0.0,0.0,285.0,273.5,268.0,38.0,78.0,40.0,0.0,0.0333,0.0667,0.0,0.0471,0.0,0.0,2.0,2.0
2021-01-04,267.4726257324219,273.4995590417658,263.75304144179614,273.2807581804896,15106100,-0.015448768145921998,-0.015569343806856156,272.057470703125,270.4701782226563,273.33546142578126,274.76601257324216,271.37056051458677,272.7550869523833,-1.3845264377965236,-0.9818380673129716,-0.402688370483552,43.68662928298643,273.33546142578126,4.853845893093895,283.04315321196907,263.62776963959345,0.07103133808946877,15898600.0,0.9501528436466103,0.021543720770841532,0.016688428747639403,0.01375944500312827,0.005759232897902367,-0.020183703055799973,0.0075480261777483015,1,0.1,0.0,1.0,0.0,0.0,0.0,0.0,281.0,40.0,0.1,0.0,0.0,0.0,0.0,0.0333,0.0,0.0,0.0471,0.0,0.0,0.5,0.0,0.0,0.7071,0.0,0.0,2.0,0.0,0.0,0.0,0.0,285.0,273.5,0.0,38.0,78.0,0.0,0.0,0.0333,0.0,0.0,0.0471,0.0,0.0,2.0
2021-01-05,269.49151611328125,270.9137063649368,266.746565702258,266.8261461973675,9871600,0.0075480261777483015,0.007519682365363865,270.85804443359376,269.9301422119141,272.9013412475586,274.6237921142578,271.0814767605398,272.5133409635187,-1.431864202978943,-1.0718432944461662,-0.3600209085327768,45.751917624331874,272.9013412475586,4.786123636706537,282.4735885209717,263.3290939741455,0.07015170559187373,13212980.0,0.747113822922611,0.01161233207499686,0.016722121896817203,0.01386542884097411,-0.021769068899678,-0.019645397243700513,-0.028268886559137174,0,0.1,0.0,1.0,0.0,0.0,0.0,0.0,281.0,40.0,0.1,0.0,0.0,0.1,0.0,0.0,0.0,0.0,0.0,0.0,0.0,0.0,0.0,0.0,0.0,0.0,0.0,0.0,0.0,0.0,0.0,281.0,0.0,285.0,40.0,0.0,38.0,0.1,0.0,0.0,0.0,0.0,0.0,0.0,0.0,0.0
2021-01-06,261.873291015625,266.2890673333842,258.59130904886047,260.5704412375225,24354100,-0.028268886559137174,-0.028676145053947034,268.1787353515625,268.9873077392578,271.79391326904295,274.1965344238281,269.66483279978365,271.7251891131631,-2.0603563133794296,-1.269545898232819,-0.7908104151466107,36.153642689385826,271.79391326904295,4.63769928935997,281.0693118477629,262.518514690323,0.06825317364291691,14807200.0,1.644747150035118,0.015399231241163623,0.018455929747018054,0.014032335692912725,-0.048666957426584,-0.0347522590520688,0.02062226782133303,1,0.3174,0.164,2.0,0.1667,0.2357,2.0,1.0,287.5,82.0,0.3174,0.164,2.0,0.1,0.1,0.0,0.0,0.0,0.0,0.0,0.0,0.0,0.0,0.0,0.0,0.0,0.0,0.0,0.0,0.0,0.0,281.0,281.0,0.0,40.0,40.0,0.0,0.1,0.1,0.0,0.0,0.0,0.0,0.0,0.0,0.0
2021-01-07,267.2737121582031,270.1280482329259,263.3353268981961,264.4492111857884,15789800,0.02062226782133303,0.02041250777277112,267.5561462402344,269.1514038085937,271.0649124145508,274.030048828125,269.29696808569435,271.3954500785468,-2.0984819928524416,-1.4353331171567436,-0.663148875695698,43.00139139812273,271.0649124145508,4.086307784644485,279.23752798383975,262.89229684526185,0.06030006242040085,15604400.0,1.0118812642587989,0.019488579781658293,0.01874507770542799,0.015029765640993566,-0.011512940701103536,0.006177554101707283,-0.004353607120326841,0,0.0,0.0,0.0,0.0,0.0,0.0,0.0,0.0,0.0,0.0,0.0,0.0,0.3174,0.1,0.1,0.164,0.0,0.0,0.1667,0.0,0.0,0.2357,0.0,0.0,2.0,0.0,0.0,1.0,0.0,0.0,287.5,281.0,281.0,82.0,40.0,40.0,0.3174,0.1,0.1,0.164,0.0,0.0,2.0,0.0,0.0
2021-01-08,266.110107421875,267.4825828023573,261.74404531587913,266.846060164598,18528300,-0.004353607120326841,-0.00436311166386975,266.4442504882812,269.0976989746094,270.5502365112305,273.71736389160156,268.80668182972215,271.00394321408305,-2.1972613843608997,-1.587718770597575,-0.6095426137633246,43.01874836467984,270.5502365112305,4.026299884435675,278.6028362801018,262.49763674235913,0.059527575157282,16729980.0,1.10749086370695,0.019103593933263056,0.018775683452001937,0.014513292425623544,-0.020464119071645026,-0.002014078636277228,-0.040101625065253055,0,0.0,0.0,0.0,0.0,0.0,0.0,0.0,0.0,0.0,0.0,0.0,0.0,0.0,0.3174,0.1,0.0,0.164,0.0,0.0,0.1667,0.0,0.0,0.2357,0.0,0.0,2.0,0.0,0.0,1.0,0.0,0.0,287.5,281.0,0.0,82.0,40.0,0.0,0.3174,0.1,0.0,0.164,0.0,0.0,2.0,0.0
2021-01-11,255.43865966796875,262.0324907885304,254.5037859444793,259.05881414634456,30412300,-0.040101625065253055,-0.04092785956673335,264.03745727539064,268.04746398925784,269.5417709350586,273.50194580078124,266.7500630356063,269.8509592449595,-3.100896209353209,-1.8903542583487023,-1.2105419510045068,33.22471626840124,269.5417709350586,5.0806637706473525,279.7030984763533,259.38044339376387,0.07539705260557125,19791220.0,1.5366561535872978,0.02505726513661984,0.022682139544208963,0.016856894423101797,-0.044991393162199134,-0.039491276175918966,-0.022387539912360643,0,0.0667,0.0,1.0,1.0,0.0,2.0,0.0,266.0,40.0,0.0667,0.0,2.0,0.0,0.0,0.3174,0.0,0.0,0.164,0.0,0.0,0.1667,0.0,0.0,0.2357,0.0,0.0,2.0,0.0,0.0,1.0,0.0,0.0,287.5,0.0,0.0,82.0,0.0,0.0,0.3174,0.0,0.0,0.164,0.0,0.0,2.0
2021-01-12,249.7200164794922,258.30293492700355,248.93433350004645,255.22979801325235,26383500,-0.022387539912360643,-0.022641945057201372,260.0831573486328,265.4706008911133,268.4248985290527,272.9103921508789,264.13005587312716,268.3597782960825,-4.229722422955319,-2.358227891270026,-1.8714945316852933,32.04828372782431,268.4248985290527,6.696719142959645,281.818336814972,255.0314602431334,0.09979281623511287,23093600.0,1.1424593826861122,0.023680003057072876,0.018442507212176322,0.01725984900144976,-0.07336594457199197,-0.09353790516939231,0.002190441431263457,1,0.0,0.0,0.0,0.0,0.0,0.0,0.0,0.0,0.0,0.0,0.0,0.0,0.0667,0.0,0.0,0.0,0.0,0.0,1.0,0.0,0.0,0.0,0.0,0.0,2.0,0.0,0.0,0.0,0.0,0.0,266.0,0.0,0.0,40.0,0.0,0.0,0.0667,0.0,0.0,0.0,0.0,0.0,2.0,0.0,0.0
2021-01-13,250.2670135498047,252.56440741285832,247.8403241302128,250.17750824552505,19528900,0.002190441431263457,0.0021880459119569193,257.76190185546875,262.97031860351564,267.30355072021484,272.6822448730469,261.99728013107756,267.0195734973267,-5.02229336624913,-2.891040986265847,-2.131252379983283,36.02817427469956,267.30355072021484,7.7405640287365856,282.784678777688,251.82242266274167,0.1158318175404798,22128560.0,0.8825201459109856,0.023295079137477873,0.01862442937462686,0.017256937263443184,-0.04432020318226271,-0.09083023116743805,-0.02384361331851448,0,0.4333,0.0,1.0,1.0,0.0,2.0,0.0,291.0,42.0,0.4333,0.0,2.0,0.0,0.0667,0.0,0.0,0.0,0.0,0.0,1.0,0.0,0.0,0.0,0.0,0.0,2.0,0.0,0.0,0.0,0.0,0.0,266.0,0.0,0.0,40.0,0.0,0.0,0.0667,0.0,0.0,0.0,0.0,0.0,2.0,0.0
2021-01-14,244.29974365234372,253.63850952714716,243.2753647304675,252.0173982422888,29739400,-0.02384361331851448,-0.024132473149240902,253.16710815429687,260.36162719726565,265.8162078857422,272.369560546875,259.27458221127233,265.3366231352588,-6.062040923986444,-3.525240973809967,-2.5367999501764773,31.358876502429567,265.8162078857422,9.112954762164918,284.042117410072,247.59029836141235,0.13713166453840933,24918480.0,1.1934676593435876,0.016847148724193933,0.019026737635153848,0.017654839566010223,-0.085956708276124,-0.0964800344919825,0.023286198220310084,1,0.0,0.0,1.0,0.0,0.0,0.0,0.0,283.0,38.0,0.0,0.0,0.0,0.4333,0.0,0.0667,0.0,0.0,0.0,1.0,0.0,1.0,0.0,0.0,0.0,2.0,0.0,2.0,0.0,0.0,0.0,291.0,0.0,266.0,42.0,0.0,40.0,0.4333,0.0,0.0667,0.0,0.0,0.0,2.0,0.0,2.0
2021-01-15,249.98855590820312,252.47491566414263,245.8114745533319,246.5474273287472,24942900,0.023286198220310084,0.023019211499152138,249.9427978515625,258.1935241699219,264.60734100341796,272.09228149414065,257.8459627800309,264.1997292645987,-6.353766484567814,-4.090946075961537,-2.2628204086062764,37.71448474775131,264.60734100341796,9.540614233278038,283.688569469974,245.5261125368619,0.14422297124636158,26201400.0,0.9519682154388697,0.024920931520304525,0.021374265725405146,0.01876887871389443,-0.06058225923795424,-0.07980661574292447,0.03874921032151746,1,0.0,0.0,0.0,0.0,0.0,0.0,0.0,0.0,0.0,0.0,0.0,0.0,0.0,0.4333,0.0,0.0,0.0,0.0,0.0,1.0,0.0,0.0,0.0,0.0,0.0,2.0,0.0,0.0,0.0,0.0,283.0,291.0,0.0,38.0,42.0,0.0,0.0,0.4333,0.0,0.0,0.0,0.0,0.0,2.0,0.0
2021-01-19,259.6754150390625,260.76941938528483,251.34113240748349,255.49831857205757,28028500,0.03874921032151746,0.038017306967272804,250.79014892578124,257.41380310058594,263.9419906616211,271.5695489501953,258.1274169737281,263.86459487697897,-5.737177903250881,-4.420192441419406,-1.3169854618314751,37.847762602568714,263.9419906616211,9.388602192866578,282.7191950473543,245.16478627588793,0.14228281251243513,25724640.0,1.0895584933355724,0.02762926156723195,0.02572547867504374,0.021108114074025658,0.01658619480935619,-0.029151434364575568,0.024435059919774682,1,0.0,0.0,1.0,0.0,0.0,0.0,0.0,301.0,40.0,0.0,0.0,0.0,0.0,0.0,0.4333,0.0,0.0,0.0,0.0,0.0,1.0,0.0,0.0,0.0,0.0,0.0,2.0,0.0,0.0,0.0,0.0,283.0,291.0,0.0,38.0,42.0,0.0,0.0,0.4333,0.0,0.0,0.0,0.0,0.0,2.0
2021-01-20,266.0205993652344,268.8451002511692,262.16176437917414,267.4626697340615,25199900,0.024435059919774682,0.02414129959140611,254.05026550292968,257.06671142578125,263.49842681884763,271.02851806640626,259.3417527262675,264.0242989133856,-4.682546187118135,-4.472663190559152,-0.20988299655898235,43.50378418465879,263.49842681884763,9.047409673828161,281.59324616650395,245.40360747119132,0.1373429023171839,25487920.0,0.9886997448202913,0.024361239829311356,0.026992767588815452,0.02185853031202271,0.06527543572816019,-0.012879502843376578,0.020150940184098465,1,0.0,0.0,0.0,0.0,0.0,0.0,0.0,0.0,0.0,0.0,0.0,0.0,0.0,0.0,0.0,0.0,0.0,0.0,0.0,0.0,0.0,0.0,0.0,0.0,0.0,0.0,0.0,0.0,0.0,0.0,301.0,0.0,283.0,40.0,0.0,38.0,0.0,0.0,0.0,0.0,0.0,0.0,0.0,0.0,0.0
2021-01-21,271.38116455078125,272.10719245839164,266.0305139973574,267.7908759655612,20838700,0.020150940184098465,0.01995059692078038,258.273095703125,258.0174987792969,263.50240325927734,270.6199584960938,261.1939699300388,264.56925192432004,-3.375281994281238,-4.25318695130357,0.8779049570223316,50.6938405997672,263.50240325927734,9.051036528960875,281.6044763171991,245.4003302013556,0.1373958858364562,25749880.0,0.809273674285084,0.023690536549009378,0.02587068745690486,0.022186116898032893,0.0843664960135655,0.03630715258620598,0.0059734939699422895,1,0.1,0.0,1.0,0.0,0.0,0.0,0.0,281.0,40.0,0.1,0.0,0.0,0.0,0.0,0.0,0.0,0.0,0.0,0.0,0.0,0.0,0.0,0.0,0.0,0.0,0.0,0.0,0.0,0.0,0.0,0.0,301.0,0.0,0.0,40.0,0.0,0.0,0.0,0.0,0.0,0.0,0.0,0.0,0.0,0.0
2021-01-22,273.00225830078125,276.95059818678783,270.5158989355647,270.5258540853668,21954000,0.0059734939699422895,0.005955723388031042,264.0135986328125,258.59035339355466,263.8708786010742,270.5350244140625,263.0106296793838,265.19391906412056,-2.1832893847367814,-3.8392074379902117,1.6559180532534303,50.9254028147978,263.8708786010742,9.289205290084885,282.44928918124396,245.29246802090444,0.1408144064905094,24192800.0,0.9074600707648557,0.011694454699627661,0.02522366530350914,0.021645334057047563,0.11748892659209376,0.021433256927218203,0.0127870948154305,1,0.0,0.0,0.0,0.0,0.0,0.0,0.0,0.0,0.0,0.0,0.0,0.0,0.1,0.0,0.0,0.0,0.0,0.0,0.0,0.0,0.0,0.0,0.0,0.0,0.0,0.0,0.0,0.0,0.0,0.0,281.0,0.0,301.0,40.0,0.0,40.0,0.1,0.0,0.0,0.0,0.0,0.0,0.0,0.0,0.0
2021-01-25,276.4931640625,278.5717572067885,270.028628602351,276.62245962787443,19087000,0.0127870948154305,0.012706030240723263,269.31452026367185,259.6286590576172,264.3631790161133,270.646015625,265.08486573832477,266.03090017610833,-0.9460344377835668,-3.260572837948883,2.314538400165316,56.32585905287924,264.3631790161133,9.696077733668588,283.7553344834505,244.97102354877612,0.14670844509821251,23021620.0,0.8290902204102057,0.012441019098712664,0.02529527962397841,0.021786335827753887,0.10602328597805677,0.03901789654372023,0.01453169315047198,1,0.0,0.0,0.0,0.0,0.0,0.0,0.0,0.0,0.0,0.0,0.0,0.0,0.0,0.1,0.0,0.0,0.0,0.0,0.0,0.0,0.0,0.0,0.0,0.0,0.0,0.0,0.0,0.0,0.0,0.0,0.0,281.0,0.0,0.0,40.0,0.0,0.0,0.1,0.0,0.0,0.0,0.0,0.0,0.0,0.0
2021-01-26,280.5110778808594,283.83288101479985,276.29422171236394,276.6224381761034,19373600,0.01453169315047198,0.01442711996380396,273.4816528320313,262.1359008789062,265.09168243408203,270.7568072509766,267.45812914486856,267.1035059331985,0.3546232116700594,-2.537533628025095,2.8921568396951542,57.5169652102337,265.09168243408203,10.346408705623107,285.78449984532824,244.39886502283582,0.15611819443932728,21290640.0,0.9099585545573078,0.007079719463752519,0.020034965181879624,0.021929966003272298,0.08023733335965821,0.09815436021110102,-0.0351354965035634,0,0.0,0.0,0.0,0.0,0.0,0.0,0.0,0.0,0.0,0.0,0.0,0.0,0.0,0.0,0.1,0.0,0.0,0.0,0.0,0.0,0.0,0.0,0.0,0.0,0.0,0.0,0.0,0.0,0.0,0.0,0.0,0.0,281.0,0.0,0.0,40.0,0.0,0.0,0.1,0.0,0.0,0.0,0.0,0.0,0.0
2021-01-27,270.6551818847656,281.9034705654726,266.65709612432954,280.9884768555562,35346200,-0.0351354965035634,-0.03576759838620387,274.4085693359375,264.2294174194336,264.8500091552734,270.69832885742187,267.949983412545,267.3665930409906,0.5833903715544011,-1.9133488281091957,2.4967391996635966,55.81307968685547,264.8500091552734,10.14526805400942,285.14054526329227,244.55947304725458,0.15322284618931709,23319900.0,1.5157097586181758,0.022270448307416948,0.02254399529415931,0.022055815083091422,0.017421893381903697,0.08383455079177726,-0.026236496385261487,0,0.0,0.0,0.0,0.0,0.0,0.0,0.0,0.0,0.0,0.0,0.0,0.0,0.0,0.0,0.0,0.0,0.0,0.0,0.0,0.0,0.0,0.0,0.0,0.0,0.0,0.0,0.0,0.0,0.0,0.0,0.0,0.0,0.0,0.0,0.0,0.0,0.0,0.0,0.0,0.0,0.0,0.0,0.0,0.0,0.0
2021-01-28,263.5541381835937,285.22525864800895,263.25578714872023,275.66767581660514,37758800,-0.026236496385261487,-0.026586814253037577,272.84316406249997,265.5581298828125,264.26422424316405,270.4606329345703,267.2736995311679,267.08418897721276,0.18951055395513094,-1.4927769516963303,1.6822875056514612,47.5920797415283,264.26422424316405,9.845774984410692,283.95577421198544,244.57267427434266,0.1490292530153617,26703920.0,1.4139796704004506,0.023321263653222103,0.025054230317714837,0.022786036069850763,-0.02884145029056706,0.05309179362203387,-0.02517003541627716,0,0.0,0.0,0.0,0.0,0.0,0.0,0.0,0.0,0.0,0.0,0.0,0.0,0.0,0.0,0.0,0.0,0.0,0.0,0.0,0.0,0.0,0.0,0.0,0.0,0.0,0.0,0.0,0.0,0.0,0.0,0.0,0.0,0.0,0.0,0.0,0.0,0.0,0.0,0.0,0.0,0.0,0.0,0.0,0.0,0.0
2021-01-29,256.92047119140625,265.1055771040966,253.4594783983066,263.8524422784205,30389500,-0.02517003541627716,-0.025492218491664026,269.626806640625,266.82020263671876,263.5909149169922,270.050283203125,265.68089517120455,266.33132099241993,-0.6504258212153786,-1.3243067256001402,0.6738809043847616,44.44441574542825,263.5909149169922,9.865479485573493,283.3218738881392,243.8599559458452,0.14970894560125866,28391020.0,1.0703912716063038,0.023609261955669886,0.025229562703959946,0.023115655811977408,-0.05890715779961364,0.05166083005401245,0.014245430151910599,1,0.0,0.0,0.0,0.0,0.0,0.0,0.0,0.0,0.0,0.0,0.0,0.0,0.0,0.0,0.0,0.0,0.0,0.0,0.0,0.0,0.0,0.0,0.0,0.0,0.0,0.0,0.0,0.0,0.0,0.0,0.0,0.0,0.0,0.0,0.0,0.0,0.0,0.0,0.0,0.0,0.0,0.0,0.0,0.0,0.0
2021-02-01,260.5804138183594,262.7286319289007,253.5191472269724,258.1039792785467,22914300,0.014245430151910599,0.01414491745158793,266.4442565917969,267.8793884277344,263.0364562988281,269.7919000244141,264.8962057323053,265.9053278680702,-1.0091221357648692,-1.2612698076330862,0.25214767186821696,53.39637239166624,263.0364562988281,9.697736372887936,282.431929044604,243.64098355305225,0.14747364695136575,29156480.0,0.7859076267093971,0.023995484346123325,0.02467070547124758,0.023364251696528233,-0.05755205665968521,0.04236937115651651,0.01935037176038179,1,0.0,0.0,0.0,0.0,0.0,0.0,0.0,0.0,0.0,0.0,0.0,0.0,0.0,0.0,0.0,0.0,0.0,0.0,0.0,0.0,0.0,0.0,0.0,0.0,0.0,0.0,0.0,0.0,0.0,0.0,0.0,0.0,0.0,0.0,0.0,0.0,0.0,0.0,0.0,0.0,0.0,0.0,0.0,0.0,0.0
2021-02-02,265.62274169921875,267.383103629687,261.83353229281806,262.5595601848651,17320800,0.01935037176038179,0.01916553396431593,263.4665893554687,268.47412109375,262.94396209716797,269.69463317871094,265.00798049644584,265.88439555925066,-0.8764150628048242,-1.184298858667434,0.3078837958626097,60.59920539596872,262.94396209716797,9.661954400159713,282.2678708974874,243.62005329684854,0.14698119436702256,28745920.0,0.6025481181329385,0.025362847482156923,0.02232360743701016,0.023590654280481023,-0.053075751211380306,0.02290292540501615,-0.0016099631361755629,0,0.312,0.1716,2.0,0.5,0.7071,3.0,0.0,291.5,84.0,0.312,0.1716,3.0,0.0,0.0,0.0,0.0,0.0,0.0,0.0,0.0,0.0,0.0,0.0,0.0,0.0,0.0,0.0,0.0,0.0,0.0,0.0,0.0,0.0,0.0,0.0,0.0,0.0,0.0,0.0,0.0,0.0,0.0,0.0,0.0,0.0
2021-02-03,265.1950988769531,267.73120378406986,262.4004332199025,264.1707199743801,14223400,-0.0016099631361755629,-0.0016112605195053571,262.37457275390625,268.3915710449219,262.72914123535156,269.56951904296875,265.0367679396008,265.8333365457117,-0.7965686061108954,-1.1067528081561262,0.3101842020452308,59.96546054273437,262.72914123535156,9.555896738163673,281.8409347116789,243.61734775902423,0.14548666650729158,24521360.0,0.5800412375170055,0.021368276197968925,0.02095669540124528,0.02352355615662416,-0.02017357646652107,-0.0031031449829487245,-0.0005998909310138689,0,0.1,0.0,1.0,0.0,0.0,0.0,0.0,281.0,40.0,0.1,0.0,0.0,0.312,0.0,0.0,0.1716,0.0,0.0,0.5,0.0,0.0,0.7071,0.0,0.0,3.0,0.0,0.0,0.0,0.0,0.0,291.5,0.0,0.0,84.0,0.0,0.0,0.312,0.0,0.0,0.1716,0.0,0.0,3.0,0.0,0.0
2021-02-04,265.0360107421875,266.69691251333217,262.55960598895325,265.55319302715554,16060000,-0.0005998909310138689,-0.0006000709375715595,262.670947265625,267.7570556640625,262.8872772216797,269.50566955566404,265.0366514476911,265.7742753750423,-0.7376239273511942,-1.0329270319951398,0.2953031046439456,65.006501847196,262.8872772216797,9.567150800795343,282.0215788232704,243.75297562008902,0.1455703889804882,20181600.0,0.7957743687319142,0.01736464934355847,0.019718205122131433,0.0226025017585109,0.0056226495581015445,-0.0233809661001968,0.006041314035027057,1,0.0,0.0,0.0,0.0,0.0,0.0,0.0,0.0,0.0,0.0,0.0,0.0,0.1,0.312,0.0,0.0,0.1716,0.0,0.0,0.5,0.0,0.0,0.7071,0.0,0.0,3.0,0.0,0.0,0.0,0.0,281.0,291.5,0.0,40.0,84.0,0.0,0.1,0.312,0.0,0.0,0.1716,0.0,0.0,3.0,0.0
2021-02-05,266.6371765136719,267.7013455747814,264.2204425663812,265.344251471341,12454400,0.006041314035027057,0.0060231384635470115,264.6142883300781,267.12054748535155,262.85545043945314,269.4991046142578,265.2828860732266,265.83819397794184,-0.555307904715221,-0.937403206539156,0.38209530182393503,62.80598189319577,262.85545043945314,9.55283862145701,281.96112768236713,243.7497731965391,0.14537021934277805,16594580.0,0.7505101063118199,0.00917412811671974,0.01972133493650014,0.022161840544066773,0.03781989530537122,-0.023315125034960804,-0.005669343392429194,0,0.0,0.0,0.0,0.0,0.0,0.0,0.0,0.0,0.0,0.0,0.0,0.0,0.0,0.1,0.312,0.0,0.0,0.1716,0.0,0.0,0.5,0.0,0.0,0.7071,0.0,0.0,3.0,0.0,0.0,0.0,0.0,281.0,291.5,0.0,40.0,84.0,0.0,0.1,0.312,0.0,0.0,0.1716,0.0,0.0,3.0
2021-02-08,265.1255187988281,268.3876218141453,263.5541526769623,267.2836925733344,13755200,-0.005669343392429194,-0.005685475119439272,265.5233093261719,265.98378295898436,262.8062210083008,269.2934332275391,265.25867572331913,265.7854032239043,-0.5267275005851957,-0.8552680653483641,0.3285405647631684,54.79525471459496,262.8062210083008,9.53770836530229,281.88163773890534,243.7308042776962,0.14516716276668407,14762760.0,0.931749889587042,0.009806760651749336,0.019016051373998855,0.022177751253538772,0.017442235638005288,-0.04111365755538998,0.010765763240689452,1,0.0667,0.0,2.0,1.0,0.0,4.0,0.0,268.0,82.0,0.0667,0.0,4.0,0.0,0.0,0.1,0.0,0.0,0.0,0.0,0.0,0.0,0.0,0.0,0.0,0.0,0.0,0.0,0.0,0.0,0.0,0.0,0.0,281.0,0.0,0.0,40.0,0.0,0.0,0.1,0.0,0.0,0.0,0.0,0.0,0.0
2021-02-09,267.97979736328125,271.8983017538011,264.2999737352902,264.98621127862407,14613400,0.010765763240689452,0.010708225005250472,265.9947204589844,264.73065490722655,263.4332778930664,269.17130187988283,265.6773098217748,265.94795093801525,-0.2706411162404265,-0.7383426755267766,0.46770155928635004,51.83661535697551,263.4332778930664,9.439588142867166,282.31245417880075,244.5541016073321,0.14333174940333712,14221280.0,1.027572764195628,0.006548874535988904,0.018641315113002314,0.02015540318880472,0.008873696766263928,-0.04467303256700794,0.008981499259437253,1,0.1507,0.0717,2.0,0.0,0.0,0.0,0.0,284.5,82.0,0.1507,0.0717,0.0,0.0667,0.0,0.0,0.0,0.0,0.0,1.0,0.0,0.0,0.0,0.0,0.0,4.0,0.0,0.0,0.0,0.0,0.0,268.0,0.0,0.0,82.0,0.0,0.0,0.0667,0.0,0.0,0.0,0.0,0.0,4.0,0.0,0.0
2021-02-10,270.3866577148437,272.30612024616755,266.25930640958575,270.96351020006466,14687200,0.008981499259437253,0.008941405484279625,267.0330322265625,264.70380249023435,264.466609954834,269.05315063476564,266.40182488224696,266.2767440327506,0.12508084949632803,-0.5656579705221557,0.6907388200184837,49.01306265543924,264.466609954834,8.979365559535148,282.4253410739043,246.50787883576368,0.13581095263509693,14314040.0,1.0260695093768077,0.0068805312644898056,0.015518492148416383,0.01931207262469103,0.01957637550571545,-0.0009921264690075926,-0.005443661025978264,0,0.0,0.0,0.0,0.0,0.0,0.0,0.0,0.0,0.0,0.0,0.0,0.0,0.1507,0.0667,0.0,0.0717,0.0,0.0,0.0,1.0,0.0,0.0,0.0,0.0,0.0,4.0,0.0,0.0,0.0,0.0,284.5,268.0,0.0,82.0,82.0,0.0,0.1507,0.0667,0.0,0.0717,0.0,0.0,0.0,4.0,0.0
2021-02-11,268.9147644042969,272.0873318138882,267.0251065397697,270.4065803914032,12828600,-0.005443661025978264,-0.005458531740634031,267.80878295898435,265.2398651123047,265.3989974975586,268.9222698974609,266.7884309625623,266.472152949247,0.3162780133152978,-0.38927077375466496,0.7055487870699628,45.93156942232957,265.3989974975586,8.375156622345552,282.14931074224967,248.64868425286747,0.12622740404168398,13667760.0,0.9386029605436443,0.007933581770674873,0.012758646960440734,0.0194281700945967,0.014634817552707569,0.020339753561254836,0.0004067273890382417,1,0.2338,0.1855,3.0,0.4444,0.5092,4.0,1.0,279.6667,122.0,0.2338,0.1855,4.0,0.0,0.1507,0.0667,0.0,0.0717,0.0,0.0,0.0,1.0,0.0,0.0,0.0,0.0,0.0,4.0,0.0,0.0,0.0,0.0,284.5,268.0,0.0,82.0,82.0,0.0,0.1507,0.0667,0.0,0.0717,0.0,0.0,0.0,4.0
2021-02-12,269.0241394042969,269.70042200837554,266.8759208227475,269.0440193569794,9097600,0.0004067273890382417,0.0004066446978748256,268.2861755371094,266.4502319335937,266.6352172851563,268.6030212402344,267.1323861074445,266.6611889830311,0.4711971244134361,-0.21717719412104475,0.6883743185344808,42.02925737540797,266.6352172851563,6.767258926866272,280.1697351388888,253.10069943142372,0.10152085678358008,12996400.0,0.7000092333261518,0.007780768446647674,0.008559582064877034,0.018339715849126623,0.008952100835430965,0.047110563657161375,0.012827916835831177,1,0.4333,0.0,1.0,0.3333,0.0,2.0,1.0,293.0,42.0,0.4333,0.0,2.0,0.2338,0.0,0.1507,0.1855,0.0,0.0717,0.4444,0.0,0.0,0.5092,0.0,0.0,4.0,0.0,0.0,1.0,0.0,0.0,279.6667,0.0,284.5,122.0,0.0,82.0,0.2338,0.0,0.1507,0.1855,0.0,0.0717,4.0,0.0,0.0
2021-02-16,272.47515869140625,275.0908136704571,268.5765337469404,269.32244157665906,15417200,0.012827916835831177,0.012746336044315156,269.756103515625,267.63970642089845,267.7595474243164,268.33350036621096,267.9543511203617,267.09185340603534,0.8624977143263663,-0.0012422124315624621,0.8637399267579288,41.319250079943544,267.7595474243164,5.628084135433233,279.01571569518285,256.50337915344994,0.08407669029279388,13328800.0,1.1566832723125864,0.007733891561621927,0.00839307991238512,0.017935283364966675,0.027721359776592847,0.0456471179040272,-0.0014600492402614407,0,0.0,0.0,0.0,0.0,0.0,0.0,0.0,0.0,0.0,0.0,0.0,0.0,0.4333,0.2338,0.0,0.0,0.1855,0.0,0.3333,0.4444,0.0,0.0,0.5092,0.0,2.0,4.0,0.0,1.0,1.0,0.0,293.0,279.6667,0.0,42.0,122.0,0.0,0.4333,0.2338,0.0,0.0,0.1855,0.0,2.0,4.0,0.0
2021-02-17,272.07733154296875,272.47514295896934,268.1090814792624,269.76002768917715,12763200,-0.0014600492402614407,-0.0014611161507744768,270.5756103515625,268.28516540527346,268.37964324951173,268.1688024902344,268.58865580076275,267.4611480829736,1.1275077177891717,0.22450777361258445,0.9029999441765872,51.93081051697379,268.37964324951173,5.367695655244453,279.11503456000065,257.6442519390228,0.08000153201268147,12958760.0,0.9849090499399634,0.007587148235692017,0.006715542142160654,0.016044348935923873,0.015290459280901558,0.024299838946240992,-0.015279352762570086,0,0.4333,0.0,1.0,1.0,0.0,3.0,0.0,292.0,42.0,0.4333,0.0,3.0,0.0,0.4333,0.2338,0.0,0.0,0.1855,0.0,0.3333,0.4444,0.0,0.0,0.5092,0.0,2.0,4.0,0.0,1.0,1.0,0.0,293.0,279.6667,0.0,42.0,122.0,0.0,0.4333,0.2338,0.0,0.0,0.1855,0.0,2.0,4.0
2021-02-18,267.920166015625,270.4661956885998,264.57848310042823,268.0991766134745,15249100,-0.015279352762570086,-0.01539728489963404,270.0823120117187,268.55767211914065,268.47462158203126,267.9637274169922,268.48581121843387,267.49514941132907,0.9906618071048001,0.37773858031102764,0.6129232267937725,56.44262673060099,268.47462158203126,5.340493718092992,279.15560901821726,257.79363414584526,0.0795679485326882,13071140.0,1.1666235691760627,0.010172632988693897,0.008719951779565771,0.01563365370609137,-0.009122091008720967,0.010275707018010394,-0.029065719823473835,0,0.1007,0.1424,2.0,0.0,0.0,0.0,0.0,289.0,80.0,0.1007,0.1424,0.0,0.4333,0.0,0.4333,0.0,0.0,0.0,1.0,0.0,0.3333,0.0,0.0,0.0,3.0,0.0,2.0,0.0,0.0,1.0,292.0,0.0,293.0,42.0,0.0,42.0,0.4333,0.0,0.4333,0.0,0.0,0.0,3.0,0.0,2.0
2021-02-19,260.13287353515625,268.79534152271066,258.7305631369944,268.38757492315426,25622600,-0.029065719823473835,-0.029496495600821505,268.3259338378906,268.0673583984375,267.91220703125,267.48594787597654,267.200743882545,266.9497956425612,0.25094823998381344,0.3523805122455848,-0.10143227226177137,54.58422973408473,267.91220703125,5.604073498788111,279.1203540288262,256.7040600336737,0.08367029723486173,15629940.0,1.6393281100247346,0.016069848387295013,0.012944093071564146,0.016235117936374548,-0.0326567821167959,-0.018499890612226122,-0.004702468338347976,0,0.2014,0.0,1.0,0.0,0.0,0.0,0.0,282.0,40.0,0.2014,0.0,0.0,0.1007,0.4333,0.0,0.1424,0.0,0.0,0.0,1.0,0.0,0.0,0.0,0.0,0.0,3.0,0.0,0.0,0.0,0.0,289.0,292.0,0.0,80.0,42.0,0.0,0.1007,0.4333,0.0,0.1424,0.0,0.0,0.0,3.0,0.0
2021-02-22,258.9096069335937,261.63467792990457,256.1248960808731,256.5426178843172,17434900,-0.004702468338347976,-0.004713559727515662,266.30302734375,267.29460144042963,267.20757446289065,267.02706542968747,265.9251843519371,266.35422610839925,-0.4290417564621407,0.1960960585040397,-0.6251378149661804,47.43748040046234,267.20757446289065,5.812487470413541,278.83254940371774,255.58259952206356,0.08701081894249629,17297400.0,1.0079491715517939,0.015677400421231683,0.01266476723573717,0.01613477375913859,-0.03759711858236925,-0.028981590943609303,0.02124222797164088,1,0.2167,0.3064,2.0,0.1667,0.2357,2.0,1.0,288.5,80.0,0.2167,0.3064,2.0,0.2014,0.1007,0.4333,0.0,0.1424,0.0,0.0,0.0,1.0,0.0,0.0,0.0,0.0,0.0,3.0,0.0,0.0,0.0,282.0,289.0,292.0,40.0,80.0,42.0,0.2014,0.1007,0.4333,0.0,0.1424,0.0,0.0,0.0,3.0
2021-02-23,264.409423828125,266.000700121143,253.5689166810236,258.0841392609938,21924600,0.02124222797164088,0.02101975685383026,264.68988037109375,267.2229919433593,266.6033874511719,266.78718139648436,265.69199042519676,266.210166680194,-0.5181762549972291,0.05324159580378591,-0.571417850801015,48.16488438559306,266.6033874511719,5.4106222773766515,277.4246320059252,255.7821428964186,0.08117859760304212,18598880.0,1.1788129177670914,0.01859072084601894,0.01469836312882523,0.016659245472266,-0.029601725537175105,-0.0027009658442063156,-0.00583033477651862,0,0.0,0.0,0.0,0.0,0.0,0.0,0.0,0.0,0.0,0.0,0.0,0.0,0.2167,0.2014,0.1007,0.3064,0.0,0.1424,0.1667,0.0,0.0,0.2357,0.0,0.0,2.0,0.0,0.0,1.0,0.0,0.0,288.5,282.0,289.0,80.0,40.0,80.0,0.2167,0.2014,0.1007,0.3064,0.0,0.1424,2.0,0.0,0.0
2021-02-24,262.8678283691406,264.92654099844617,256.98014698762114,260.8986210257532,15736100,-0.00583033477651862,-0.00584739753169509,262.8479797363281,266.71179504394524,265.7212249755859,266.532378540039,265.2575039550343,265.9625860645018,-0.7050821094675257,-0.09842314525047646,-0.6066589642170492,46.59479994784587,265.7212249755859,4.360034832315782,274.4412946402175,257.00115531095435,0.06563321891529567,19193460.0,0.8198678091391547,0.018434624971401258,0.014256352687638398,0.016205411669956434,-0.033848844082674634,-0.019075949173924855,-0.03639640463807858,0,0.0,0.0,0.0,0.0,0.0,0.0,0.0,0.0,0.0,0.0,0.0,0.0,0.0,0.2167,0.2014,0.0,0.3064,0.0,0.0,0.1667,0.0,0.0,0.2357,0.0,0.0,2.0,0.0,0.0,1.0,0.0,0.0,288.5,282.0,0.0,80.0,40.0,0.0,0.2167,0.2014,0.0,0.3064,0.0,0.0,2.0,0.0
2021-02-25,253.3003845214844,265.48354711382854,252.6539218908551,260.86884891850013,19053100,-0.03639640463807858,-0.037075277071626264,259.9240234375,265.0031677246094,264.8534851074219,266.1572369384765,263.41794711910353,265.024645209258,-1.6066980901544525,-0.4000781342312718,-1.2066199559231807,36.53573997007112,264.8534851074219,5.005586711863506,274.8646585311489,254.84231168369487,0.07559782284659448,19954260.0,0.9548387161438209,0.022788599002087774,0.017323760303796905,0.016338438603286164,-0.05456767854230116,-0.06319199822122468,0.011504254081283083,1,0.0,0.0,0.0,0.0,0.0,0.0,0.0,0.0,0.0,0.0,0.0,0.0,0.0,0.0,0.2167,0.0,0.0,0.3064,0.0,0.0,0.1667,0.0,0.0,0.2357,0.0,0.0,2.0,0.0,0.0,1.0,0.0,0.0,288.5,0.0,0.0,80.0,0.0,0.0,0.2167,0.0,0.0,0.3064,0.0,0.0,2.0
2021-02-26,256.21441650390625,264.1011430189864,255.0706969916193,255.0706969916193,26619500,0.011504254081283083,0.011438583332373317,259.14033203125,263.73313293457034,264.4864990234375,265.82764587402346,262.3097116398424,264.37203567539586,-2.062324035553445,-0.7325273144957066,-1.3297967210577384,38.39168877640846,264.4864990234375,5.362215255405316,275.2109295342481,253.76206851262685,0.08109624158819757,20153640.0,1.3208283962599312,0.021932592483377724,0.018229784855587503,0.015702435853572526,-0.015063290456138523,-0.047228153978546294,0.028297446029686313,1,0.2014,0.0,1.0,0.0,0.0,0.0,0.0,294.0,42.0,0.2014,0.0,0.0,0.0,0.0,0.0,0.0,0.0,0.0,0.0,0.0,0.0,0.0,0.0,0.0,0.0,0.0,0.0,0.0,0.0,0.0,0.0,0.0,0.0,0.0,0.0,0.0,0.0,0.0,0.0,0.0,0.0,0.0,0.0,0.0,0.0
2021-03-01,263.4646301269531,265.1951268133253,256.4928676243848,259.39694918819407,22157300,0.028297446029686313,0.027904469567813554,260.05133666992185,263.17718200683595,264.81370697021487,265.6160064697266,262.48739140709023,264.3048204495727,-1.8174290424824449,-0.9495076600930545,-0.8679213823893903,48.35984550771738,264.81370697021487,5.067812953692077,274.94933287759903,254.6780810628307,0.07654910331755735,21098120.0,1.0502025772912469,0.02584665993547523,0.021014578000098188,0.015972535029473465,0.017593102269579886,-0.020665466265050503,-0.022309317427621655,0,0.1,0.0,1.0,0.0,0.0,0.0,0.0,281.0,40.0,0.1,0.0,0.0,0.2014,0.0,0.0,0.0,0.0,0.0,0.0,0.0,0.0,0.0,0.0,0.0,0.0,0.0,0.0,0.0,0.0,0.0,294.0,0.0,0.0,42.0,0.0,0.0,0.2014,0.0,0.0,0.0,0.0,0.0,0.0,0.0,0.0
2021-03-02,257.5869140625,265.2548403418893,257.238817567876,264.32992164129,15191700,-0.022309317427621655,-0.02256193446132589,258.68683471679685,261.6883575439453,264.6640319824219,265.2844268798828,261.7334718156148,263.8071977541474,-2.0737259385326183,-1.1743513157809673,-0.899374622751651,40.31517747858016,264.6640319824219,5.240678679033297,275.14538934048846,254.1826746243553,0.07920500023790711,19751540.0,0.7691400265498285,0.025822143363106984,0.021217511003904496,0.016505483433533398,-0.02580282376796017,-0.0546407411978721,-0.013861146021708404,0,0.3174,0.164,2.0,0.1667,0.2357,2.0,1.0,287.0,82.0,0.3174,0.164,2.0,0.1,0.2014,0.0,0.0,0.0,0.0,0.0,0.0,0.0,0.0,0.0,0.0,0.0,0.0,0.0,0.0,0.0,0.0,281.0,294.0,0.0,40.0,42.0,0.0,0.1,0.2014,0.0,0.0,0.0,0.0,0.0,0.0,0.0
2021-03-03,254.01646423339844,259.5660059084845,253.70815804873092,258.86984338065247,15513500,-0.013861146021708404,-0.013958108758693862,256.91656188964845,259.8822708129883,264.08371810913087,264.9051077270508,260.5462398798892,263.0819582339752,-2.5357183540859864,-1.4466247234419713,-1.089093630644015,35.06889808983688,264.08371810913087,5.74706258214573,275.57784327342233,252.5895929448394,0.08704910129704845,19707020.0,0.7872067923004087,0.02613865600487679,0.021323786186140132,0.01607386237791705,-0.03367229908146985,-0.06638137476263062,0.008731125906104253,1,0.0,0.0,0.0,0.0,0.0,0.0,0.0,0.0,0.0,0.0,0.0,0.0,0.3174,0.1,0.2014,0.164,0.0,0.0,0.1667,0.0,0.0,0.2357,0.0,0.0,2.0,0.0,0.0,1.0,0.0,0.0,287.0,281.0,294.0,82.0,40.0,42.0,0.3174,0.1,0.2014,0.164,0.0,0.0,2.0,0.0,0.0
2021-03-04,256.2343139648437,265.0360035081496,252.11688750570335,255.0706842064995,31626500,0.008731125906104253,0.008693230048892713,257.5033477783203,258.7136856079102,263.6356788635254,264.53195648193355,259.8828666621899,262.574725325075,-2.6918586628851244,-1.6956715113306025,-0.996187151554522,38.58954741876446,263.6356788635254,5.999601008822011,275.6348808811694,251.6364768458814,0.0910286655385181,22221700.0,1.4232259458097265,0.02042423367490326,0.021593006634819386,0.016256017843634788,0.01158280690691349,-0.04361691851930172,0.02577222834000681,1,0.0667,0.0,1.0,1.0,0.0,2.0,0.0,268.0,40.0,0.0667,0.0,2.0,0.0,0.3174,0.1,0.0,0.164,0.0,0.0,0.1667,0.0,0.0,0.2357,0.0,0.0,2.0,0.0,0.0,1.0,0.0,0.0,287.0,281.0,0.0,82.0,40.0,0.0,0.3174,0.1,0.0,0.164,0.0,0.0,2.0,0.0
2021-03-05,262.8380432128906,264.00167285304104,254.2153499939157,259.2477545409723,26820100,0.02577222834000681,0.025445722434394406,258.8280731201172,258.9842025756836,263.52578048706056,264.36268463134763,260.33750920845154,262.5942303538048,-2.2567211453532536,-1.8078814381351327,-0.44883970721812094,45.01598917761584,263.52578048706056,5.99272705357295,275.5112345942065,251.54032637991466,0.09096228904051695,22261820.0,1.2047577421792108,0.022853817023770834,0.021550748555369315,0.017371925618794217,0.025851889208128975,0.010399184236008496,-0.03394118924928924,0,0.0,0.0,0.0,0.0,0.0,0.0,0.0,0.0,0.0,0.0,0.0,0.0,0.0667,0.0,0.3174,0.0,0.0,0.164,1.0,0.0,0.1667,0.0,0.0,0.2357,2.0,0.0,2.0,0.0,0.0,1.0,268.0,0.0,287.0,40.0,0.0,82.0,0.0667,0.0,0.3174,0.0,0.0,0.164,2.0,0.0,2.0
2021-03-08,253.91700744628903,264.13096264504446,253.6584314885924,264.1011275412924,18391800,-0.03394118924928924,-0.034530565928455756,256.9185485839844,258.4849426269531,262.88977203369143,264.1283697509765,259.3497397065804,261.9514731013141,-2.601733394733685,-1.9666518294548432,-0.635081565278842,36.25921313880191,262.88977203369143,6.311644928198324,275.51306189008807,250.2664821772948,0.09603484957778322,21508720.0,0.855085751267393,0.02412825869306925,0.02426040247524921,0.01884519954493337,-0.03623872652683391,-0.019283175879159953,0.04085229562088877,1,0.0667,0.0,1.0,1.0,0.0,2.0,0.0,266.0,40.0,0.0667,0.0,2.0,0.0,0.0667,0.0,0.0,0.0,0.0,0.0,1.0,0.0,0.0,0.0,0.0,0.0,2.0,0.0,0.0,0.0,0.0,0.0,268.0,0.0,0.0,40.0,0.0,0.0,0.0667,0.0,0.0,0.0,0.0,0.0,2.0,0.0
2021-03-09,264.29010009765625,267.0648862220946,258.3924617464305,259.75498210452736,22039700,0.04085229562088877,0.040039892554283314,258.2591857910156,258.47301025390624,262.84800109863284,264.0812286376953,260.1097951513613,262.1247047306933,-2.0149095793319702,-1.9763033794302687,-0.038606199901701554,44.97628435775616,262.84800109863284,6.2988212396070615,275.44564357784697,250.2503586194187,0.09585496124421282,22878320.0,0.9633443364722585,0.03000687020642156,0.02696125089226759,0.021135641753965265,0.026023006873438392,-0.0004512839547894387,-0.0031611067476280397,0,0.0,0.0,0.0,0.0,0.0,0.0,0.0,0.0,0.0,0.0,0.0,0.0,0.0667,0.0,0.0667,0.0,0.0,0.0,1.0,0.0,1.0,0.0,0.0,0.0,2.0,0.0,2.0,0.0,0.0,0.0,266.0,0.0,268.0,40.0,0.0,40.0,0.0667,0.0,0.0667,0.0,0.0,0.0,2.0,0.0,2.0
2021-03-10,263.45465087890625,267.5024514956765,261.4357281457738,267.17426539075376,14210300,-0.0031611067476280397,-0.0031661135998100214,260.1468231201172,258.5316925048828,262.6217437744141,264.0315014648437,260.62438834021435,262.22321926020135,-1.5988309199869946,-1.9008088875416143,0.3019779675546197,46.990202515356906,262.6217437744141,6.185027229148117,274.9917982327103,250.25168931611785,0.09420434333054939,22617680.0,0.6282828300692201,0.028629894680902154,0.02690717350292756,0.020993113332334817,0.03715580670722085,0.002232386189692015,0.03389957142933264,1,0.0,0.0,0.0,0.0,0.0,0.0,0.0,0.0,0.0,0.0,0.0,0.0,0.0,0.0667,0.0,0.0,0.0,0.0,0.0,1.0,0.0,0.0,0.0,0.0,0.0,2.0,0.0,0.0,0.0,0.0,0.0,266.0,0.0,0.0,40.0,0.0,0.0,0.0667,0.0,0.0,0.0,0.0,0.0,2.0,0.0
2021-03-11,272.3856506347656,276.3837056351741,266.3587178597756,266.6471136982437,21834000,0.03389957142933264,0.033337645091933925,263.37709045410156,260.4402191162109,262.72169342041013,263.96944152832026,262.4338133086069,262.9759919546899,-0.5421786460830162,-1.6290828392498946,1.0869041931668784,58.133091331905895,262.72169342041013,6.331528728353782,275.3847508771177,250.05863596370256,0.09639902431995985,20659180.0,1.056866729463609,0.030983183947374,0.025318273251173716,0.022293444700124027,0.06303346503442131,0.07534637639550223,-0.020008665028743988,0,0.0667,0.0,1.0,1.0,0.0,2.0,0.0,262.0,40.0,0.0667,0.0,2.0,0.0,0.0,0.0667,0.0,0.0,0.0,0.0,0.0,1.0,0.0,0.0,0.0,0.0,0.0,2.0,0.0,0.0,0.0,0.0,0.0,266.0,0.0,0.0,40.0,0.0,0.0,0.0667,0.0,0.0,0.0,0.0,0.0,2.0
2021-03-12,266.9355773925781,268.26826257995833,262.579470242938,267.6715605192442,20600200,-0.020008665028743988,-0.02021154922267427,264.19659729003905,261.5123352050781,262.6227340698242,263.8027563476562,263.1263923984486,263.2692945797462,-0.14290218129758614,-1.3318467076594331,1.188944526361847,55.04438568379965,262.6227340698242,6.2445078841098125,275.11174983804386,250.1337183016046,0.09510993640709826,19415200.0,1.0610346532613621,0.03285648447138666,0.026698861990130086,0.02273492684801759,0.015589578013897487,0.04184448726564316,0.019933016613228993,1,0.0,0.0,0.0,0.0,0.0,0.0,0.0,0.0,0.0,0.0,0.0,0.0,0.0667,0.0,0.0,0.0,0.0,0.0,1.0,0.0,0.0,0.0,0.0,0.0,2.0,0.0,0.0,0.0,0.0,0.0,262.0,0.0,0.0,40.0,0.0,0.0,0.0667,0.0,0.0,0.0,0.0,0.0,2.0,0.0,0.0
2021-03-15,272.25640869140625,274.4543423418109,267.0350529082834,267.6118750498515,16844800,0.019933016613228993,0.01973695515278131,267.8644775390625,262.3915130615234,262.7843475341797,263.84015136718745,264.53101028967285,263.9350067362234,0.5960035534494637,-0.9462766554376537,1.5422802088871173,54.943012998357524,262.7843475341797,6.457109561114794,275.6985666564093,249.8701284119501,0.0982875825246774,19105800.0,0.8816589726679857,0.025509180594201236,0.025989543095610447,0.02317394561305552,0.0722259663878424,0.03336986281694321,0.020200872115246016,1,0.0,0.0,0.0,0.0,0.0,0.0,0.0,0.0,0.0,0.0,0.0,0.0,0.0,0.0667,0.0,0.0,0.0,0.0,0.0,1.0,0.0,0.0,0.0,0.0,0.0,2.0,0.0,0.0,0.0,0.0,0.0,262.0,0.0,0.0,40.0,0.0,0.0,0.0667,0.0,0.0,0.0,0.0,0.0,2.0,0.0
2021-03-16,277.7562255859375,280.60063698811655,273.30065788475963,274.5736728920859,22437700,0.020200872115246016,0.019999541353653696,270.5577026367188,264.4084442138672,263.04840087890625,263.9618841552734,266.5656587967905,264.95880072517355,1.606858071616955,-0.43564971002673186,2.0425077816436867,58.93310266760955,263.04840087890625,6.962462669029719,276.9733262169657,249.1234755408468,0.1058734840548964,19185400.0,1.1695195304762998,0.021491263582918047,0.02472849016486321,0.02343169064510543,0.05095206170532096,0.0783009944307329,0.016936299403307986,1,0.1906,0.0,1.0,0.0,0.0,0.0,0.0,291.0,42.0,0.1906,0.0,0.0,0.0,0.0,0.0667,0.0,0.0,0.0,0.0,0.0,1.0,0.0,0.0,0.0,0.0,0.0,2.0,0.0,0.0,0.0,0.0,0.0,262.0,0.0,0.0,40.0,0.0,0.0,0.0667,0.0,0.0,0.0,0.0,0.0,2.0
2021-03-17,282.4603881835937,284.66827658543326,273.9073056201132,274.2056566131723,21315000,0.016936299403307986,0.01679447931642893,274.3588500976562,267.2528366088867,263.5675537109375,264.26163940429683,269.01100177937565,266.2552146110791,2.7557871682965356,0.20263766563792182,2.5531495026586137,68.58048129205332,263.5675537109375,7.9833877219339655,279.5343291548054,247.60077826706956,0.12115888484042435,20606340.0,1.0343903866479929,0.020215531497321245,0.023618105019850327,0.02368066580651496,0.07214045089461418,0.11197669425104695,-0.01897811307284103,0,0.0,0.0,0.0,0.0,0.0,0.0,0.0,0.0,0.0,0.0,0.0,0.0,0.1906,0.0,0.0,0.0,0.0,0.0,0.0,0.0,0.0,0.0,0.0,0.0,0.0,0.0,0.0,0.0,0.0,0.0,291.0,0.0,0.0,42.0,0.0,0.0,0.1906,0.0,0.0,0.0,0.0,0.0,0.0,0.0,0.0
2021-03-18,277.0998229980469,283.6339838570734,276.7616817063214,278.3430029019223,18728300,-0.01897811307284103,-0.019160508832671203,275.3016845703125,269.33938751220705,264.0265365600586,264.41380554199213,270.25543581301736,267.05851893609514,3.1969168769222165,0.801493507894781,2.3954233690274354,62.90561220160253,264.0265365600586,8.494329018214616,281.01519459648785,247.0378785236294,0.12868901935214974,19985200.0,0.9371084602605928,0.021138543773000583,0.02545745871153075,0.023837792393662422,0.01730697763371669,0.0814313614376645,0.041238844859921464,1,0.4333,0.0,1.0,1.0,0.0,2.0,0.0,292.0,42.0,0.4333,0.0,2.0,0.0,0.1906,0.0,0.0,0.0,0.0,0.0,0.0,0.0,0.0,0.0,0.0,0.0,0.0,0.0,0.0,0.0,0.0,0.0,291.0,0.0,0.0,42.0,0.0,0.0,0.1906,0.0,0.0,0.0,0.0,0.0,0.0,0.0
2021-03-19,288.527099609375,291.2024249740657,279.6657406807132,279.68562063118026,38930500,0.041238844859921464,0.04041120122176515,279.6199890136719,271.90829315185545,265.44624786376954,264.9468817138671,273.066461012457,268.6487841712546,4.417676841202422,1.5247301745563093,2.8929466666461123,64.72650824203313,265.44624786376954,10.041294365579935,285.52883659492943,245.36365913260968,0.15131190508646042,23651260.0,1.6460222415211705,0.021762184823391838,0.02706603205711645,0.024203371705137318,0.08088664099294096,0.09773720760687987,0.011822996479120551,1,0.0,0.0,0.0,0.0,0.0,0.0,0.0,0.0,0.0,0.0,0.0,0.0,0.4333,0.0,0.1906,0.0,0.0,0.0,1.0,0.0,0.0,0.0,0.0,0.0,2.0,0.0,0.0,0.0,0.0,0.0,292.0,0.0,291.0,42.0,0.0,42.0,0.4333,0.0,0.1906,0.0,0.0,0.0,2.0,0.0,0.0
2021-03-22,291.9383544921875,298.0746718785797,285.18539454162243,288.8652182245205,28273100,0.011822996479120551,0.011753650902768484,283.55637817382814,275.71042785644534,267.0976852416992,265.44017456054684,275.96982924010786,270.3739375284629,5.595891711644981,2.338962481974044,3.256929229670937,70.78715926231799,267.0976852416992,11.517225974680553,290.1321371910603,244.06323329233808,0.17247960744037905,25936920.0,1.0900716044927463,0.021685389697884725,0.02232065894044976,0.024119718530892086,0.0722919467548333,0.14973926885910194,-0.00991340794853901,0,0.0,0.0,1.0,0.0,0.0,0.0,0.0,283.0,38.0,0.0,0.0,0.0,0.0,0.4333,0.0,0.0,0.0,0.0,0.0,1.0,0.0,0.0,0.0,0.0,0.0,2.0,0.0,0.0,0.0,0.0,0.0,292.0,0.0,0.0,42.0,0.0,0.0,0.4333,0.0,0.0,0.0,0.0,0.0,2.0,0.0
2021-03-23,289.04425048828125,296.3740329572617,288.2287173415255,291.55048977348235,23000900,-0.00991340794853901,-0.009962872959844375,285.81398315429686,278.1858428955078,268.32942657470704,265.89885742187494,277.9812786629038,271.75692367371045,6.22435498919333,3.1160409834179017,3.108314005775428,71.37137474488853,268.32942657470704,12.490764232974287,293.31095504065564,243.34789810875847,0.1862004386536662,26049560.0,0.8829669291918942,0.023705259989015452,0.021356172891210893,0.024109786934568646,0.04064004282363509,0.09366279849861292,-0.02921214831764085,0,0.0,0.0,1.0,0.0,0.0,0.0,0.0,285.0,38.0,0.0,0.0,0.0,0.0,0.0,0.4333,0.0,0.0,0.0,0.0,0.0,1.0,0.0,0.0,0.0,0.0,0.0,2.0,0.0,0.0,0.0,283.0,0.0,292.0,38.0,0.0,42.0,0.0,0.0,0.4333,0.0,0.0,0.0,0.0,0.0,2.0
2021-03-24,280.60064697265625,290.1283647390166,279.6259829671034,289.41229187497373,18675000,-0.02921214831764085,-0.029647318926200622,285.44203491210936,279.9004425048828,269.2160675048828,266.4020971679687,278.3842584028657,272.4120142884804,5.972244114385319,3.687281609611386,2.284962504773933,63.8168744468914,269.2160675048828,12.71011984635613,294.63630719759504,243.79582781217053,0.18884637851157385,25521560.0,0.7317342670275642,0.02804966848066674,0.024402756870038372,0.025191906108627336,-0.0065840779406159955,0.06508139460263673,-0.012050935308321464,0,0.0,0.0,0.0,0.0,0.0,0.0,0.0,0.0,0.0,0.0,0.0,0.0,0.0,0.0,0.0,0.0,0.0,0.0,0.0,0.0,0.0,0.0,0.0,0.0,0.0,0.0,0.0,0.0,0.0,0.0,285.0,283.0,0.0,38.0,38.0,0.0,0.0,0.0,0.0,0.0,0.0,0.0,0.0,0.0,0.0
2021-03-25,277.2191467285156,286.48830281821404,276.23455801624567,279.4469456209116,24505600,-0.012050935308321464,-0.012124136519011047,285.4658996582031,280.3837921142578,270.41200561523436,266.95207977294916,278.2050104529657,272.7680981729442,5.436912280021545,4.0372077436934175,1.3997045363281275,58.464076529448434,270.41200561523436,12.250737328232987,294.91348027170034,245.9105309587684,0.18121587908584794,26677020.0,0.9186033522484895,0.02709504092389597,0.02297378897226536,0.02370327250049185,0.00043061640811514756,0.01774504671037569,0.015354719775620973,1,0.0,0.0,1.0,0.0,0.0,0.0,0.0,289.0,40.0,0.0,0.0,0.0,0.0,0.0,0.0,0.0,0.0,0.0,0.0,0.0,0.0,0.0,0.0,0.0,0.0,0.0,0.0,0.0,0.0,0.0,0.0,285.0,283.0,0.0,38.0,38.0,0.0,0.0,0.0,0.0,0.0,0.0,0.0,0.0,0.0
2021-03-26,281.47576904296875,282.9477047603736,276.25441420995656,276.7815211981037,17629200,0.015354719775620973,0.01523802905212348,284.0556335449219,281.8378112792969,271.6750732421875,267.57625488281246,278.70820408219697,273.4131108300111,5.295093252185893,4.288784845391913,1.0063084067939805,67.1621521204643,271.6750732421875,12.00977510773157,295.69462345765066,247.65552302672438,0.17682557276096264,22416760.0,0.7864294394015906,0.018420184106401002,0.021907091888283783,0.023776222461793877,-0.024439058154165583,0.05447078951565376,0.027560124804329122,1,0.2167,0.3064,2.0,0.5,0.7071,2.0,0.0,290.5,82.0,0.2167,0.3064,2.0,0.0,0.0,0.0,0.0,0.0,0.0,0.0,0.0,0.0,0.0,0.0,0.0,0.0,0.0,0.0,0.0,0.0,0.0,289.0,0.0,285.0,40.0,0.0,38.0,0.0,0.0,0.0,0.0,0.0,0.0,0.0,0.0,0.0
2021-03-29,289.2332763671875,291.5803855007418,283.1466723010445,284.2108112516929,21718800,0.027560124804329122,0.027187181300931455,283.5146179199219,283.535498046875,272.96350555419923,268.47492553710936,280.3274459721955,274.5849749439232,5.742471028272291,4.579522081967989,1.1629489463043026,66.0563708984785,272.96350555419923,12.456529103889824,297.8765637619789,248.0504473464196,0.1825376484464364,21105900.0,1.029039273378534,0.022795433998373884,0.022586375623729577,0.02373870717777157,-0.009265922354414036,0.06235617283493955,-0.009696973789555918,0,0.0,0.0,0.0,0.0,0.0,0.0,0.0,0.0,0.0,0.0,0.0,0.0,0.2167,0.0,0.0,0.3064,0.0,0.0,0.5,0.0,0.0,0.7071,0.0,0.0,2.0,0.0,0.0,0.0,0.0,0.0,290.5,289.0,0.0,82.0,40.0,0.0,0.2167,0.0,0.0,0.3064,0.0,0.0,2.0,0.0,0.0
2021-03-30,286.4285888671875,290.8742004709396,285.1356941828659,288.2485905044789,17474500,-0.009696973789555918,-0.009744295607338615,282.9914855957031,284.402734375,274.4055892944336,269.20372619628904,281.2660833406558,275.46227967901257,5.803803661643258,4.824378397903043,0.9794252637402145,64.42307323865732,274.4055892944336,12.250486609993951,298.90656251442147,249.90461607444567,0.17857488459317553,20000620.0,0.8736979153646237,0.02277602226309862,0.022519957641243288,0.023136524970860006,-0.009049346654275703,0.031222930333803633,0.022673767688093704,1,0.0894,0.1026,3.0,0.3333,0.5774,2.0,0.0,285.0,120.0,0.0894,0.1026,2.0,0.0,0.2167,0.0,0.0,0.3064,0.0,0.0,0.5,0.0,0.0,0.7071,0.0,0.0,2.0,0.0,0.0,0.0,0.0,0.0,290.5,289.0,0.0,82.0,40.0,0.0,0.2167,0.0,0.0,0.3064,0.0,0.0,2.0,0.0
2021-03-31,292.9230041503906,294.8822567838744,287.03529109891963,288.40776649256725,19498200,0.022673767688093704,0.022420538445218553,285.45595703125,285.44899597167966,276.3509162902832,269.86867797851556,283.0594557729227,276.7556666769371,6.303789095985621,5.12026053751956,1.1835285584660618,63.30028854895452,276.3509162902832,11.92720532676328,300.2053269438097,252.4965056367566,0.17263854937589224,20165260.0,0.9669203372532762,0.01846809770510651,0.022974305271185776,0.022962921983610482,0.043914215133421086,0.03704100257766574,0.014022502055268893,1,0.0,0.0,0.0,0.0,0.0,0.0,0.0,0.0,0.0,0.0,0.0,0.0,0.0894,0.0,0.2167,0.1026,0.0,0.3064,0.3333,0.0,0.5,0.5774,0.0,0.7071,2.0,0.0,2.0,0.0,0.0,0.0,285.0,0.0,290.5,120.0,0.0,82.0,0.0894,0.0,0.2167,0.1026,0.0,0.3064,2.0,0.0,2.0
2021-04-01,297.030517578125,300.7501024620466,294.9817593462359,296.77192642326,17616000,0.014022502055268893,0.013925096298771304,289.41823120117186,287.4420654296875,278.39072647094724,270.4888763427734,285.20884989679996,278.2575074844805,6.951342412319434,5.486476912479535,1.4648654998398989,69.83483292013743,278.39072647094724,11.79352636891158,301.9777792087704,254.80367373312407,0.16945286243422844,18787340.0,0.9376526959111827,0.014339561491223004,0.02165858491085089,0.023009492993676994,0.0714646556105698,0.07192604587199103,0.034319809441928584,1,0.0,0.0,0.0,0.0,0.0,0.0,0.0,0.0,0.0,0.0,0.0,0.0,0.0,0.0894,0.0,0.0,0.1026,0.0,0.0,0.3333,0.0,0.0,0.5774,0.0,0.0,2.0,0.0,0.0,0.0,0.0,0.0,285.0,0.0,0.0,120.0,0.0,0.0,0.0894,0.0,0.0,0.1026,0.0,0.0,2.0,0.0
2021-04-05,307.2245483398437,309.07438535638,299.0394414215444,299.2483174855301,28237000,0.034319809441928584,0.03374402172902177,294.5679870605469,289.3118103027344,280.61005172729494,271.20574401855464,288.59588042649904,280.403214214571,8.192666211928042,6.0277147723692375,2.1649514395588048,71.65556896150277,280.61005172729494,12.842473231312525,306.29499818991997,254.9251052646699,0.18306504919920985,20908900.0,1.3504775478384803,0.017046025144504207,0.02053080351292355,0.023438888808159128,0.09147778291688136,0.0648030939061961,-0.0085786083705649,0,0.0,0.0,0.0,0.0,0.0,0.0,0.0,0.0,0.0,0.0,0.0,0.0,0.0,0.0,0.0894,0.0,0.0,0.1026,0.0,0.0,0.3333,0.0,0.0,0.5774,0.0,0.0,2.0,0.0,0.0,0.0,0.0,0.0,285.0,0.0,0.0,120.0,0.0,0.0,0.0894,0.0,0.0,0.1026,0.0,0.0,2.0
2021-04-06,304.5889892578125,309.65121348052617,303.5844903227812,307.15489886823303,17335200,-0.0085786083705649,-0.008615616435150363,297.6391296386719,290.5768737792969,283.1436508178711,271.83747863769526,291.05635870823954,282.1947531067121,8.861605601527458,6.594492938200883,2.267112663326575,67.22858477522757,283.1436508178711,12.285510507808407,307.7146718334879,258.5726298022543,0.17355869322615905,20032180.0,0.8653676234937985,0.01936421598046519,0.02095111994977725,0.02166390968609931,0.05309110031700026,0.043333239949338465,0.02230138109557056,1,0.0,0.0,0.0,0.0,0.0,0.0,0.0,0.0,0.0,0.0,0.0,0.0,0.0,0.0,0.0,0.0,0.0,0.0,0.0,0.0,0.0,0.0,0.0,0.0,0.0,0.0,0.0,0.0,0.0,0.0,0.0,0.0,0.0,0.0,0.0,0.0,0.0,0.0,0.0,0.0,0.0,0.0,0.0,0.0,0.0
2021-04-07,311.3817443847656,312.5354189448768,303.83315986526605,304.6685730947802,22855200,0.02230138109557056,0.02205634174888146,302.6297607421875,292.8106231689453,285.49823303222655,272.53525024414057,294.18334112001276,284.3567524606969,9.82658865931586,7.240912082423879,2.5856765768919807,68.08457450361146,285.49823303222655,12.975267983768873,311.4487689997643,259.5476970646888,0.18179121945464716,21108320.0,1.0827578888324603,0.015995226951533922,0.020974233315394553,0.020616434533209476,0.08711824338578333,0.07728053354719822,-0.00022365188241479927,0,0.0,0.0,0.0,0.0,0.0,0.0,0.0,0.0,0.0,0.0,0.0,0.0,0.0,0.0,0.0,0.0,0.0,0.0,0.0,0.0,0.0,0.0,0.0,0.0,0.0,0.0,0.0,0.0,0.0,0.0,0.0,0.0,0.0,0.0,0.0,0.0,0.0,0.0,0.0,0.0,0.0,0.0,0.0,0.0,0.0
2021-04-08,311.3121032714844,314.1565144492418,308.358306839348,313.1321355034744,20894100,-0.00022365188241479927,-0.00022367689622671338,306.3075805664063,295.88176879882815,287.89110565185547,273.15127075195306,296.81853529716227,286.3534451133948,10.465090183767472,7.885747702692598,2.5793424810748746,72.90884182700525,287.89110565185547,13.108281032404456,314.10766771666437,261.67454358704657,0.18212832248115637,21387500.0,0.9769304500292226,0.017179940874191724,0.016922327887564384,0.020539809617575032,0.06277792751180633,0.10944898605961106,-0.001789027136845922,0,0.0667,0.0,1.0,1.0,0.0,2.0,0.0,268.0,42.0,0.0667,0.0,2.0,0.0,0.0,0.0,0.0,0.0,0.0,0.0,0.0,0.0,0.0,0.0,0.0,0.0,0.0,0.0,0.0,0.0,0.0,0.0,0.0,0.0,0.0,0.0,0.0,0.0,0.0,0.0,0.0,0.0,0.0,0.0,0.0,0.0
2021-04-09,310.7551574707031,313.0227161952424,308.63677425085683,309.7009434361146,15988600,-0.001789027136845922,-0.0017906293571229772,309.05250854492186,299.23536987304686,289.80958099365233,273.9532702636718,298.9626310161686,288.16097936212367,10.801651654044917,8.468928492963062,2.332723161081855,67.4200697119444,289.80958099365233,13.520838455805313,316.85125790526297,262.7679040820417,0.18661685937983485,21062020.0,0.7591199704491782,0.01822288178348671,0.015662522347500162,0.019759806399687718,0.046206160917348305,0.12097292390496306,-0.002944271358881201,0,0.4333,0.0,1.0,0.3333,0.0,2.0,1.0,292.0,42.0,0.4333,0.0,2.0,0.0667,0.0,0.0,0.0,0.0,0.0,1.0,0.0,0.0,0.0,0.0,0.0,2.0,0.0,0.0,0.0,0.0,0.0,268.0,0.0,0.0,42.0,0.0,0.0,0.0667,0.0,0.0,0.0,0.0,0.0,2.0,0.0,0.0
2021-04-12,309.8402099609375,310.4468671613528,306.24989075898,309.3528628192991,10881900,-0.002944271358881201,-0.0029486142523312436,309.5756408691406,302.0718139648437,291.95481262207034,274.8789916992187,300.6361046999792,289.76684829540153,10.869256404577698,8.94899407528599,1.9202623292917078,64.60092672057606,291.95481262207034,13.097637512370166,318.1500876468107,265.75953759733,0.17944746167722606,17591000.0,0.6186061053948042,0.01191108269803432,0.01623295437220658,0.01889080039654041,0.008513843165294244,0.1007704535790388,-0.005713571487949598,0,0.1,0.0,1.0,0.0,0.0,0.0,0.0,281.0,40.0,0.1,0.0,0.0,0.4333,0.0667,0.0,0.0,0.0,0.0,0.3333,1.0,0.0,0.0,0.0,0.0,2.0,2.0,0.0,1.0,0.0,0.0,292.0,268.0,0.0,42.0,42.0,0.0,0.4333,0.0667,0.0,0.0,0.0,0.0,2.0,2.0,0.0
2021-04-13,308.0699157714844,312.71441860086725,307.6323140450193,310.50653001772804,14036900,-0.005713571487949598,-0.005729956378157852,310.271826171875,303.9554779052734,293.74548797607423,275.9019805908203,301.77976794174924,291.122631071433,10.657136870316265,9.290622634292045,1.3665142360242193,65.80729307969307,293.74548797607423,12.705061418554056,319.15561081318236,268.3353651389661,0.17300774907002353,16931340.0,0.8290483801045871,0.011345268757616522,0.015576878045687229,0.018883508738143748,0.011428274285796736,0.06512611425935444,-0.022404427610753452,0,0.05,0.0707,2.0,0.0,0.0,0.0,0.0,291.0,80.0,0.05,0.0707,0.0,0.1,0.4333,0.0667,0.0,0.0,0.0,0.0,0.3333,1.0,0.0,0.0,0.0,0.0,2.0,2.0,0.0,1.0,0.0,281.0,292.0,268.0,40.0,42.0,42.0,0.1,0.4333,0.0667,0.0,0.0,0.0,0.0,2.0,2.0
2021-04-14,301.16778564453125,306.34935077167574,300.3025373233251,305.6233228113989,17421400,-0.022404427610753452,-0.022659219636798754,308.2290344238281,305.4293975830078,294.9160659790039,276.71372802734373,301.68561681910035,291.86671659537905,9.8189002237213,9.396278152177898,0.4226220715434028,67.53721633667595,294.9160659790039,12.223751816626402,319.3635696122567,270.46856234575114,0.16579295910581746,15844580.0,1.0995179424131154,0.009051687566827515,0.017445567765299926,0.01962915337663308,-0.03280204740459436,0.051458539231843625,0.016511451497091878,1,0.0,0.0,0.0,0.0,0.0,0.0,0.0,0.0,0.0,0.0,0.0,0.0,0.05,0.1,0.4333,0.0707,0.0,0.0,0.0,0.0,0.3333,0.0,0.0,0.0,0.0,0.0,2.0,0.0,0.0,1.0,291.0,281.0,292.0,80.0,40.0,42.0,0.05,0.1,0.4333,0.0707,0.0,0.0,0.0,0.0,2.0
2021-04-15,306.1405029296875,308.447852004268,302.4407985001259,304.66856706809574,14558300,0.016511451497091878,0.01637661963726111,307.19471435546876,306.7511474609375,296.1000717163086,277.5240832519531,302.3709839130368,292.92403410164104,9.446949811395768,9.406412484021471,0.04053732737429705,74.00918824346671,296.1000717163086,12.099997270144216,320.30006625659706,271.90007717602015,0.1634582146503112,14577420.0,0.9986883824435325,0.01383566536246431,0.01685735990815497,0.0196149109348854,-0.01661226880500344,0.04512277489995564,-0.005327857576628792,0,0.0667,0.0,1.0,1.0,0.0,2.0,0.0,262.0,40.0,0.0667,0.0,2.0,0.0,0.05,0.1,0.0,0.0707,0.0,0.0,0.0,0.0,0.0,0.0,0.0,0.0,0.0,0.0,0.0,0.0,0.0,0.0,291.0,281.0,0.0,80.0,40.0,0.0,0.05,0.1,0.0,0.0707,0.0,0.0,0.0,0.0
2021-04-16,304.5094299316406,307.2643358318888,302.94798879661323,306.48859283981625,13059200,-0.005327857576628792,-0.005342101224418074,305.94556884765626,307.49903869628906,297.4705520629883,278.31036987304685,302.6999756082066,293.7822115705426,8.917764037664028,9.308682794749982,-0.390918757085954,69.99303338940179,297.4705520629883,11.36460866355146,320.1997693900912,274.7413347358854,0.15281658752083851,13991540.0,0.9333640185426336,0.013831610085889226,0.016759546267587716,0.018993043632103624,-0.020098548290872098,0.02517893586994302,-0.01286829792852695,0,0.2014,0.0,1.0,0.0,0.0,0.0,0.0,288.0,42.0,0.2014,0.0,0.0,0.0667,0.0,0.05,0.0,0.0,0.0707,1.0,0.0,0.0,0.0,0.0,0.0,2.0,0.0,0.0,0.0,0.0,0.0,262.0,0.0,291.0,40.0,0.0,80.0,0.0667,0.0,0.05,0.0,0.0,0.0707,2.0,0.0,0.0
2021-04-19,300.5909118652344,306.0211429286097,298.9200855462274,303.3458176476799,14553500,-0.01286829792852695,-0.012951811701333788,304.0957092285156,306.83567504882814,298.07374267578126,279.0214678955078,302.37550426313396,294.2865597405267,8.088944522607278,9.064735140321442,-0.9757906177141642,60.562249862213164,298.07374267578126,11.183650652993666,320.4410439817686,275.70644136979394,0.15007897780729068,14725860.0,0.9882954204372444,0.014348956771263655,0.013080175506037827,0.017324356729260554,-0.029851832649058774,-0.021592143305135147,0.0013564793386400265,1,0.4333,0.0,1.0,0.3333,0.0,2.0,1.0,293.0,42.0,0.4333,0.0,2.0,0.2014,0.0667,0.0,0.0,0.0,0.0,0.0,1.0,0.0,0.0,0.0,0.0,0.0,2.0,0.0,0.0,0.0,0.0,288.0,262.0,0.0,42.0,40.0,0.0,0.2014,0.0667,0.0,0.0,0.0,0.0,0.0,2.0,0.0
2021-04-20,300.9986572265625,303.43530153311195,295.58833684594305,300.3422547151933,16796400,0.0013564793386400265,0.001355560151686793,302.68145751953125,306.4766418457031,298.5267578125,279.7086975097656,302.163681642123,294.783752146906,7.37992949521697,8.727774011300548,-1.347844516083578,64.18196854154738,298.5267578125,11.105272525199267,320.73730286289856,276.3162127621015,0.14880103353648877,15277760.0,1.0994020065768804,0.01472286406663415,0.012909929384246083,0.017175566686387297,-0.022953421229767512,-0.011787464937581982,-0.003898764732147897,0,0.2167,0.3064,2.0,0.1667,0.2357,2.0,1.0,289.0,80.0,0.2167,0.3064,2.0,0.4333,0.2014,0.0667,0.0,0.0,0.0,0.3333,0.0,1.0,0.0,0.0,0.0,2.0,0.0,2.0,1.0,0.0,0.0,293.0,288.0,262.0,42.0,42.0,40.0,0.4333,0.2014,0.0667,0.0,0.0,0.0,2.0,0.0,2.0
2021-04-21,299.8251342773437,300.33236135082404,295.7674087427101,300.3025262495058,14863500,-0.003898764732147897,-0.003906384727527279,302.4129272460938,305.32098083496095,299.0658020019531,280.4026898193359,301.8039051244647,295.15718786027617,6.64671726418851,8.31156266187814,-1.6648453976896302,57.49459367571062,299.0658020019531,10.880138696017331,320.82607939398775,277.30552460991845,0.1455216694544871,14766180.0,1.0065907363989874,0.010955296700997959,0.009950023866570436,0.017013991970494427,-0.004458150676089567,-0.037113961610869994,-0.016419482791788287,0,0.05,0.0707,2.0,0.0,0.0,0.0,0.0,283.0,78.0,0.05,0.0707,0.0,0.2167,0.4333,0.2014,0.3064,0.0,0.0,0.1667,0.3333,0.0,0.2357,0.0,0.0,2.0,2.0,0.0,1.0,1.0,0.0,289.0,293.0,288.0,80.0,42.0,42.0,0.2167,0.4333,0.2014,0.3064,0.0,0.0,2.0,2.0,0.0
2021-04-22,294.90216064453125,301.26726619496264,294.42479897399977,299.6859146081091,16375400,-0.016419482791788287,-0.016555776473309056,300.1652587890625,303.67998657226565,299.7808776855469,280.9411370849609,300.742098281398,295.13829695540596,5.603801325992038,7.77001039470092,-2.1662090687088824,47.72916419749388,299.7808776855469,10.040230227174812,319.86133813989653,279.70041723119726,0.13396758732164962,15129600.0,1.082341899323181,0.007149767778042012,0.010611935087309263,0.01598966317313106,-0.036709753128410516,-0.05271218964667934,0.015546982962644229,1,0.4333,0.0,1.0,1.0,0.0,2.0,0.0,292.0,42.0,0.4333,0.0,2.0,0.05,0.2167,0.4333,0.0707,0.3064,0.0,0.0,0.1667,0.3333,0.0,0.2357,0.0,0.0,2.0,2.0,0.0,1.0,1.0,283.0,289.0,293.0,78.0,80.0,42.0,0.05,0.2167,0.4333,0.0707,0.3064,0.0,0.0,2.0,2.0
2021-04-23,299.48699951171875,300.93902505917043,295.5287039948607,297.12993540321145,17536800,0.015546982962644229,0.015427366810163066,299.1607727050781,302.5531707763672,300.894270324707,281.52314392089846,300.54900616298585,295.46042307069166,5.088583092294186,7.233724934219574,-2.145141841925388,40.621985500813786,300.894270324707,8.527293747613514,317.94885781993406,283.83968282947995,0.1133593369978283,16025120.0,1.0943318989186976,0.012658137987269977,0.012505378436990275,0.015848128955116596,-0.016493513586917086,-0.036260566198476396,0.0063428368211837505,1,0.1,0.0,1.0,0.0,0.0,0.0,0.0,281.0,40.0,0.1,0.0,0.0,0.4333,0.05,0.2167,0.0,0.0707,0.3064,1.0,0.0,0.1667,0.0,0.0,0.2357,2.0,0.0,2.0,0.0,0.0,1.0,292.0,283.0,289.0,42.0,78.0,80.0,0.4333,0.05,0.2167,0.0,0.0707,0.3064,2.0,0.0,2.0
2021-04-26,301.3865966796875,304.1315172479962,299.91466075822365,301.6849477139368,16172600,0.0063428368211837505,0.006322805689891258,299.3199096679688,301.7078094482422,301.88981170654296,282.1725805664062,300.6778662424784,295.89939889358436,4.778467348894026,6.742673417154465,-1.964206068260439,46.04815603712932,301.88981170654296,7.199861748876098,316.28953520429513,287.4900882087908,0.09539721407855704,16348940.0,0.9892139796219205,0.011904467425412306,0.012899465323902367,0.01563464936494978,0.0026470687670352433,-0.027283783735867484,0.0017488139738246478,1,0.2167,0.3064,2.0,0.5,0.7071,2.0,0.0,290.0,82.0,0.2167,0.3064,2.0,0.1,0.4333,0.05,0.0,0.0,0.0707,0.0,1.0,0.0,0.0,0.0,0.0,0.0,2.0,0.0,0.0,0.0,0.0,281.0,292.0,283.0,40.0,42.0,78.0,0.1,0.4333,0.05,0.0,0.0,0.0707,0.0,2.0,0.0
2021-04-27,301.9136657714844,303.67399735431496,299.46706619404387,302.6197833644524,15309300,0.0017488139738246478,0.001747286579160605,299.50291137695314,301.09218444824216,302.5238311767578,282.83037109375,300.86798924694085,296.34490014380305,4.523089103137806,6.298756554351133,-1.7756674512133266,36.17880021739712,302.5238311767578,6.556215384950934,315.6362619466597,289.41140040685593,0.08668692789521494,16051520.0,0.9537601423416598,0.011912109354919263,0.012920785941064201,0.014576941631364393,0.003039909059239232,-0.01998328848366515,0.01162839945024352,1,0.2667,0.2357,2.0,0.5,0.7071,2.0,0.0,286.0,82.0,0.2667,0.2357,2.0,0.2167,0.1,0.4333,0.3064,0.0,0.0,0.5,0.0,1.0,0.7071,0.0,0.0,2.0,0.0,2.0,0.0,0.0,0.0,290.0,281.0,292.0,82.0,40.0,42.0,0.2167,0.1,0.4333,0.3064,0.0,0.0,2.0,0.0,2.0
2021-04-28,305.4244384765625,309.22360346773024,303.7038665991414,305.68299925244054,33907200,0.01162839945024352,0.011561309213841893,300.6227722167969,301.5178497314453,303.47362365722654,283.48935668945313,301.5689814361134,297.01745853882767,4.551522897285736,5.949309822938054,-1.3977869256523183,42.1900060641439,303.47362365722654,5.370532786900399,314.21468923102736,292.7325580834257,0.07078747368129006,19860260.0,1.70728882703449,0.012437560714250494,0.011314146543597699,0.01443648553446038,0.018675232857694235,0.014133825179613924,0.07297284172855956,1,0.3222,0.1925,3.0,0.6667,0.5774,5.0,0.0,287.6667,124.0,0.3222,0.1925,5.0,0.2667,0.2167,0.1,0.2357,0.3064,0.0,0.5,0.5,0.0,0.7071,0.7071,0.0,2.0,2.0,0.0,0.0,0.0,0.0,286.0,290.0,281.0,82.0,82.0,40.0,0.2667,0.2167,0.1,0.2357,0.3064,0.0,2.0,2.0,0.0
2021-04-29,327.7121276855469,329.9995662183572,319.855207614009,328.3187848173279,56526800,0.07297284172855956,0.07043315273044186,307.184765625,303.6750122070313,305.21307983398435,284.6020526123047,305.59100393602625,299.2911377348978,6.299866201128452,6.019421098576134,0.280445102552318,64.2678058054583,305.21307983398435,7.121816650353949,319.4567131346922,290.9694465332765,0.09333566771421108,27890540.0,2.02673738120524,0.029163675209753114,0.025211568131040057,0.020914439119494824,0.11125712666637266,0.07046315188426355,-0.013444185862214408,0,0.0667,0.0,1.0,1.0,0.0,2.0,0.0,262.0,40.0,0.0667,0.0,2.0,0.3222,0.2667,0.2167,0.1925,0.2357,0.3064,0.6667,0.5,0.5,0.5774,0.7071,0.7071,5.0,2.0,2.0,0.0,0.0,0.0,287.6667,286.0,290.0,124.0,82.0,82.0,0.3222,0.2667,0.2167,0.1925,0.2357,0.3064,5.0,2.0,2.0
2021-04-30,323.3063049316406,328.0204634708117,322.72948284681667,324.3605493471292,26332400,-0.013444185862214408,-0.013535377179963037,311.94862670898436,305.55469970703126,306.52686920166013,285.709775390625,308.31643485842847,301.0700390087428,7.246395849685655,6.264816048798039,0.9815798008876158,60.70185599374464,306.52686920166013,7.912597533896232,322.3520642694526,290.70167413386764,0.1032548638167266,29649660.0,0.8881181099547178,0.033272435597639774,0.02578062577378207,0.021247256784395947,0.07953368746809275,0.06172838392630298,-0.007690411862224078,0,0.0,0.0,0.0,0.0,0.0,0.0,0.0,0.0,0.0,0.0,0.0,0.0,0.0667,0.3222,0.2667,0.0,0.1925,0.2357,1.0,0.6667,0.5,0.0,0.5774,0.7071,2.0,5.0,2.0,0.0,0.0,0.0,262.0,287.6667,286.0,40.0,124.0,82.0,0.0667,0.3222,0.2667,0.0,0.1925,0.2357,2.0,5.0,2.0
2021-05-03,320.8199462890625,326.7573743710819,320.0839935420577,324.390385469702,18719500,-0.007690411862224078,-0.007720135569294507,315.8352966308594,307.5776031494141,307.2066390991211,286.92351684570315,310.2400520016029,302.5329951035906,7.707056898012297,6.553264218640892,1.1537926793714055,60.01875250293158,307.2066390991211,8.535185223259742,324.27700954564057,290.13626865260164,0.11113282249744387,30159040.0,0.6206928337241504,0.03483027075916035,0.025402162016155996,0.020189763604099274,0.06447980707658574,0.06729755832703788,-0.013081981023203904,0,0.0,0.0,0.0,0.0,0.0,0.0,0.0,0.0,0.0,0.0,0.0,0.0,0.0,0.0667,0.3222,0.0,0.0,0.1925,0.0,1.0,0.6667,0.0,0.0,0.5774,0.0,2.0,5.0,0.0,0.0,0.0,0.0,262.0,287.6667,0.0,40.0,124.0,0.0,0.0667,0.3222,0.0,0.0,0.1925,0.0,2.0,5.0
2021-05-04,316.6229858398437,320.43210602643006,311.4115854436937,318.2739323789376,24032600,-0.013081981023203904,-0.013168303812178973,318.77716064453125,309.14003601074216,307.80833892822267,288.0777844238281,311.2220418228707,303.576698121097,7.645343701773697,6.771680115267454,0.8736635865062432,62.683654476130116,307.80833892822267,8.762098374832698,325.3325356778881,290.28414217855726,0.11386434045733794,31903700.0,0.7532856690603285,0.03661816235713943,0.0261462919915966,0.020342656881799436,0.04872028575047227,0.05190830004773317,-0.010491270350884263,0,0.1507,0.0717,2.0,0.0,0.0,0.0,0.0,283.5,80.0,0.1507,0.0717,0.0,0.0,0.0,0.0667,0.0,0.0,0.0,0.0,0.0,1.0,0.0,0.0,0.0,0.0,0.0,2.0,0.0,0.0,0.0,0.0,0.0,262.0,0.0,0.0,40.0,0.0,0.0,0.0667,0.0,0.0,0.0,0.0,0.0,2.0
2021-05-05,313.3012084960937,319.3082621512465,312.7741014430618,316.45392601401267,15577600,-0.010491270350884263,-0.010546691695344583,320.3525146484375,310.4876434326172,307.90431213378906,289.0556201171875,311.5419136187512,304.2970322229525,7.2448813957987,6.866320371373703,0.3785610244249966,56.04026949298614,307.90431213378906,8.813659145367636,325.53163042452434,290.2769938430538,0.11449867764811257,28237780.0,0.551658097768309,0.0377039361918668,0.026486868245959572,0.01994902018138241,0.025789586644801687,0.04494644603839104,0.01587200160837643,1,0.2667,0.2357,2.0,0.5,0.7071,2.0,0.0,286.5,82.0,0.2667,0.2357,2.0,0.1507,0.0,0.0,0.0717,0.0,0.0,0.0,0.0,0.0,0.0,0.0,0.0,0.0,0.0,0.0,0.0,0.0,0.0,283.5,0.0,0.0,80.0,0.0,0.0,0.1507,0.0,0.0,0.0717,0.0,0.0,0.0,0.0,0.0
2021-05-06,318.27392578125,318.4927266518008,311.56075450202826,312.8039343685508,19012200,0.01587200160837643,0.015747358550886298,318.46487426757807,312.82481994628904,308.25240325927734,290.1637420654297,312.5776077975972,305.3323576717205,7.24525012587668,6.942106322274299,0.30314380360238147,60.99113320755838,308.25240325927734,9.08852272522098,326.4294487097193,290.0753578088354,0.11793611506835751,20734860.0,0.9169196223171991,0.012315770013852912,0.02557726407698392,0.020241217486073427,-0.02880028264731538,0.07925260732453765,-0.0029374256894104667,0,0.0667,0.0,1.0,1.0,0.0,2.0,0.0,266.0,40.0,0.0667,0.0,2.0,0.2667,0.1507,0.0,0.2357,0.0717,0.0,0.5,0.0,0.0,0.7071,0.0,0.0,2.0,0.0,0.0,0.0,0.0,0.0,286.5,283.5,0.0,82.0,80.0,0.0,0.2667,0.1507,0.0,0.2357,0.0717,0.0,2.0,0.0,0.0
2021-05-07,317.3390197753906,321.17797459480585,317.0108336785227,320.621032499409,15916700,-0.0029374256894104667,-0.002941748391403506,317.2714172363281,314.6100219726562,308.5815963745117,291.4445147705078,313.3101327172577,306.2217400497743,7.08839266748339,6.971363591316116,0.11702907616727387,64.04270933232888,308.5815963745117,9.300704897270288,327.1830061690523,289.98018657997113,0.12056072049069891,18651720.0,0.8533636576144183,0.011551030603772734,0.025634325276601918,0.020252053570407397,-0.018457063983060018,0.05960866512662544,-0.041086823037601805,0,0.0,0.0,0.0,0.0,0.0,0.0,0.0,0.0,0.0,0.0,0.0,0.0,0.0667,0.2667,0.1507,0.0,0.2357,0.0717,1.0,0.5,0.0,0.0,0.7071,0.0,2.0,2.0,0.0,0.0,0.0,0.0,266.0,286.5,283.5,40.0,82.0,80.0,0.0667,0.2667,0.1507,0.0,0.2357,0.0717,2.0,2.0,0.0
2021-05-10,304.3005676269531,312.8635751743837,303.1667731267128,312.63484952512226,24239200,-0.041086823037601805,-0.04195474316866719,313.9675415039062,314.9014190673828,308.3046142578125,292.40623779296874,311.92404578028777,306.07943098141664,5.8446147988711346,6.74601383282712,-0.9013990339559852,52.28463353419802,308.3046142578125,9.343637962902628,326.9918901836177,289.61733833200725,0.12122605411399028,19755660.0,1.2269496437982836,0.020583825411369532,0.029655213587080658,0.022353518710008118,-0.05149112096423458,0.009668548566420077,0.001830349258638897,1,0.0667,0.0,1.0,1.0,0.0,2.0,0.0,268.0,42.0,0.0667,0.0,2.0,0.0,0.0667,0.2667,0.0,0.0,0.2357,0.0,1.0,0.5,0.0,0.0,0.7071,0.0,2.0,2.0,0.0,0.0,0.0,0.0,266.0,286.5,0.0,40.0,82.0,0.0,0.0667,0.2667,0.0,0.0,0.2357,0.0,2.0,2.0
2021-05-11,304.8575439453125,305.16585012975867,298.0548672335117,299.1090813515027,18920100,0.001830349258638897,0.001828676210631631,311.614453125,315.1958068847656,308.1439956665039,293.2340960693359,310.83689165183006,305.9889208305937,4.847970821236345,6.366405230508965,-1.5184344092726203,53.51195156504639,308.1439956665039,9.375441269548931,326.89487820560174,289.393113127406,0.12170207956536946,18733160.0,1.0099790958919905,0.02116040520228602,0.029655346937446505,0.022327553456733755,-0.0371591527485704,0.009750728461746183,-0.012983939652269405,0,0.05,0.0707,2.0,0.0,0.0,0.0,0.0,283.0,78.0,0.05,0.0707,0.0,0.0667,0.0,0.0667,0.0,0.0,0.0,1.0,0.0,1.0,0.0,0.0,0.0,2.0,0.0,2.0,0.0,0.0,0.0,268.0,0.0,266.0,42.0,0.0,40.0,0.0667,0.0,0.0667,0.0,0.0,0.0,2.0,0.0,2.0
2021-05-12,300.8992919921875,303.29614680919553,296.5630944766907,299.4870564293178,24645500,-0.012983939652269405,-0.013068967798841924,309.1340698242187,314.7432922363281,308.13057098388674,294.1003436279297,309.30803016573117,305.61191128700665,3.696118878724519,5.8323479601520765,-2.1362290814275573,54.242321405595746,308.13057098388674,9.386142365469535,326.9028557148258,289.35828625294766,0.1218462982819108,20546740.0,1.1994846871085145,0.021281559076196426,0.02972942416923372,0.02193238718932626,-0.0395846430450677,-0.014815927981880361,0.00895711788433684,1,0.0,0.0,0.0,0.0,0.0,0.0,0.0,0.0,0.0,0.0,0.0,0.0,0.05,0.0667,0.0,0.0707,0.0,0.0,0.0,1.0,0.0,0.0,0.0,0.0,0.0,2.0,0.0,0.0,0.0,0.0,283.0,268.0,0.0,78.0,42.0,0.0,0.05,0.0667,0.0,0.0707,0.0,0.0,0.0,2.0,0.0
2021-05-13,303.594482421875,307.174816202193,301.1180474575004,304.409985357884,18079200,0.00895711788433684,0.008917240849246166,306.19818115234375,312.33152770996094,308.0032699584961,295.0919039916992,308.42902282052256,305.4624721118112,2.9665507087113383,5.25918850986393,-2.2926378011525914,52.98541296800542,308.0032699584961,9.431708332040994,326.8666866225781,289.13985329441414,0.12248841816922165,20360140.0,0.8879703184752168,0.01950414898668635,0.01548685269809667,0.021700127719797093,-0.046122041959114846,-0.07359399676173639,0.03498648597573184,1,0.0,0.0,1.0,0.0,0.0,0.0,0.0,285.0,38.0,0.0,0.0,0.0,0.0,0.05,0.0667,0.0,0.0707,0.0,0.0,0.0,1.0,0.0,0.0,0.0,0.0,0.0,2.0,0.0,0.0,0.0,0.0,283.0,268.0,0.0,78.0,42.0,0.0,0.05,0.0667,0.0,0.0707,0.0,0.0,0.0,2.0
2021-05-14,314.2161865234375,315.1212250694298,307.3935999271378,307.8511119510919,19245700,0.03498648597573184,0.03438836960381025,305.5736145019531,311.4225158691406,308.4886077880859,296.2515414428711,309.3193556978941,306.11089540156337,3.2084602963307134,4.849042867157287,-1.6405825708265738,58.27559055118109,308.4886077880859,9.492012367986549,327.472632524059,289.5045830521128,0.12307763889299948,21025940.0,0.9153312527287721,0.028064998871091804,0.020260378789516965,0.023030237043463887,-0.009840684748328221,-0.02811611858335128,-0.0015191959469460503,0,0.0,0.0,0.0,0.0,0.0,0.0,0.0,0.0,0.0,0.0,0.0,0.0,0.0,0.0,0.05,0.0,0.0,0.0707,0.0,0.0,0.0,0.0,0.0,0.0,0.0,0.0,0.0,0.0,0.0,0.0,285.0,0.0,283.0,38.0,0.0,78.0,0.0,0.0,0.05,0.0,0.0,0.0707,0.0,0.0,0.0
2021-05-17,313.73883056640625,313.9576314526556,309.87999512768505,311.83924795194,15401300,-0.0015191959469460503,-0.0015203510951879102,307.4612670898438,310.714404296875,309.14600372314453,297.2695571899414,309.9992749084344,306.6759276359978,3.3233472724365924,4.543903748213149,-1.2205564757765561,57.632591926081716,309.14600372314453,9.370770701073118,327.8875451252908,290.4044623209983,0.12124718531978972,19258360.0,0.7997202253982166,0.017909160921746894,0.020184059995471255,0.02278789727317849,0.031016251507698822,-0.02207193101477578,-0.01743479024655581,0,0.0,0.0,0.0,0.0,0.0,0.0,0.0,0.0,0.0,0.0,0.0,0.0,0.0,0.0,0.0,0.0,0.0,0.0,0.0,0.0,0.0,0.0,0.0,0.0,0.0,0.0,0.0,0.0,0.0,0.0,0.0,285.0,0.0,0.0,38.0,0.0,0.0,0.0,0.0,0.0,0.0,0.0,0.0,0.0,0.0
2021-05-18,308.26885986328125,314.7731863351426,308.1196843285981,313.868147623298,14522400,-0.01743479024655581,-0.017588566190869858,308.1435302734375,309.8789916992188,309.50951385498047,298.3565942382813,309.73305720918006,306.79392261579693,2.9391345933831303,4.222949917247145,-1.2838153238640144,51.79065308521961,309.50951385498047,9.177096379477888,327.86370661393624,291.1553210960247,0.11860180018605544,18378820.0,0.7901704244342128,0.020918409696770567,0.02049308399583541,0.023215882298496658,0.011189868795179692,-0.02638508999718736,0.011711103283777557,1,0.2014,0.0,1.0,0.0,0.0,0.0,0.0,286.0,40.0,0.2014,0.0,0.0,0.0,0.0,0.0,0.0,0.0,0.0,0.0,0.0,0.0,0.0,0.0,0.0,0.0,0.0,0.0,0.0,0.0,0.0,0.0,0.0,285.0,0.0,0.0,38.0,0.0,0.0,0.0,0.0,0.0,0.0,0.0,0.0,0.0
2021-05-19,311.8790283203125,312.9431976129241,301.913709037624,302.5303214199381,19106200,0.011711103283777557,0.011643059047192492,310.3394775390625,309.7367736816406,310.1122085571289,299.30837280273437,310.06320661089273,307.17059711242865,2.8926094984640827,3.9568818334905322,-1.0642723350264496,36.96791582204877,310.1122085571289,8.899217689224768,327.91064393557843,292.31377317867936,0.11478706666377961,17270960.0,1.1062616090825292,0.019224498598525916,0.02073012865170587,0.023289057849015523,0.036489737996492355,-0.004539338301974394,0.016008177186463968,1,0.4333,0.0,1.0,1.0,0.0,2.0,0.0,291.0,42.0,0.4333,0.0,2.0,0.2014,0.0,0.0,0.0,0.0,0.0,0.0,0.0,0.0,0.0,0.0,0.0,0.0,0.0,0.0,0.0,0.0,0.0,286.0,0.0,0.0,40.0,0.0,0.0,0.2014,0.0,0.0,0.0,0.0,0.0,0.0,0.0,0.0
2021-05-20,316.87164306640625,317.5081657824573,311.4513965831917,311.8690880584108,17320200,0.016008177186463968,0.01588139753577584,312.9949096679687,309.59654541015624,311.21068267822267,300.37671264648435,311.1106583732794,307.88919310902133,3.221465264258086,3.809798519644043,-0.5883332553859573,44.754357830461466,311.21068267822267,8.255578412620052,327.7218395034628,294.69952585298256,0.10610919061741768,17119160.0,1.0117435668572523,0.019627162875089185,0.020741944897813454,0.02305026725526928,0.043733207990523715,-0.004405898822536725,-0.007470108106806594,0,0.0667,0.0,1.0,1.0,0.0,2.0,0.0,268.0,40.0,0.0667,0.0,2.0,0.4333,0.2014,0.0,0.0,0.0,0.0,1.0,0.0,0.0,0.0,0.0,0.0,2.0,0.0,0.0,0.0,0.0,0.0,291.0,286.0,0.0,42.0,40.0,0.0,0.4333,0.2014,0.0,0.0,0.0,0.0,2.0,0.0,0.0
2021-05-21,314.50457763671875,318.1843712618575,314.0868559117018,317.5478790511962,13600900,-0.007470108106806594,-0.007498149097805414,313.052587890625,309.31310119628904,311.96156158447263,301.2190911865234,311.63279979842395,308.37922159255555,3.2535782058683935,3.698554456888914,-0.4449762510205204,44.841574503555584,311.96156158447263,7.803728993862851,327.56901957219833,296.35410359674694,0.10006013502724131,15990200.0,0.8505772285524884,0.013740074216571448,0.020856482719008855,0.023009915815879512,0.0009178111302032832,-0.008931905508115734,0.026563200159601008,1,0.0,0.0,0.0,0.0,0.0,0.0,0.0,0.0,0.0,0.0,0.0,0.0,0.0667,0.4333,0.2014,0.0,0.0,0.0,1.0,1.0,0.0,0.0,0.0,0.0,2.0,2.0,0.0,0.0,0.0,0.0,268.0,291.0,286.0,40.0,42.0,40.0,0.0667,0.4333,0.2014,0.0,0.0,0.0,2.0,2.0,0.0
2021-05-24,322.8588256835937,324.1716310564207,316.2948291705332,316.4738398074439,16445400,0.026563200159601008,0.026216524173498502,314.8765869140625,311.16892700195314,313.035173034668,302.3375561523437,313.3598807038347,309.45178485856053,3.908095845274147,3.7404627345659605,0.16763311070818654,54.76954749800429,313.035173034668,7.7491364176654844,328.53344586999896,297.536900199337,0.0990193701563023,16199020.0,1.015209562059927,0.01793168451137582,0.01689671845627203,0.023614862642203648,0.02906874836220541,0.06098660348012053,0.00973407094025247,1,0.1507,0.0717,2.0,0.0,0.0,0.0,0.0,284.0,80.0,0.1507,0.0717,0.0,0.0,0.0667,0.4333,0.0,0.0,0.0,0.0,1.0,1.0,0.0,0.0,0.0,0.0,2.0,2.0,0.0,0.0,0.0,0.0,268.0,291.0,0.0,40.0,42.0,0.0,0.0667,0.4333,0.0,0.0,0.0,0.0,2.0,2.0
2021-05-25,326.0015563964844,327.3839566472976,323.0278494701461,325.29540836839425,16437000,0.00973407094025247,0.009687000085904821,318.4231262207031,313.2833282470703,314.239567565918,303.41245910644534,315.30475388731924,310.67769386137195,4.627060025947287,3.917782192842226,0.7092778331050611,59.740673141334064,314.239567565918,7.801352916118029,329.842273398154,298.63686173368194,0.09930452713573737,16581940.0,0.99125916509166,0.012349796336412092,0.016861452797066852,0.023647495917674958,0.0575234765557171,0.06935702550619793,-0.00039663300980796734,0,0.1507,0.0717,2.0,0.0,0.0,0.0,0.0,280.5,80.0,0.1507,0.0717,0.0,0.1507,0.0,0.0667,0.0717,0.0,0.0,0.0,0.0,1.0,0.0,0.0,0.0,0.0,0.0,2.0,0.0,0.0,0.0,284.0,0.0,268.0,80.0,0.0,40.0,0.1507,0.0,0.0667,0.0717,0.0,0.0,0.0,0.0,2.0
2021-05-26,325.87225341796875,328.0303966545791,324.04229630935697,326.558491127582,9686900,-0.00039663300980796734,-0.00039671168948552803,321.2217712402344,315.78062438964844,315.26195831298827,304.3747796630859,316.9305230458807,311.8032167914921,5.1273062543886,4.159687005151501,0.9676192492370985,56.29532837694195,315.26195831298827,7.924207619663876,331.11037355231605,299.4135430736605,0.10054124718462647,14698080.0,0.6590588702742127,0.01339419249629338,0.015641577780045986,0.023598994947922947,0.044867476896473635,0.0829944173694821,0.015534385909511617,1,0.0,0.0,1.0,0.0,0.0,0.0,0.0,301.0,40.0,0.0,0.0,0.0,0.1507,0.1507,0.0,0.0717,0.0717,0.0,0.0,0.0,0.0,0.0,0.0,0.0,0.0,0.0,0.0,0.0,0.0,0.0,280.5,284.0,0.0,80.0,80.0,0.0,0.1507,0.1507,0.0,0.0717,0.0717,0.0,0.0,0.0,0.0
2021-05-27,330.9344787597656,331.9588577504487,324.97717058248844,326.21039529136925,20477700,0.015534385909511617,0.01541496252806405,324.0343383789062,318.5146240234375,315.4230758666992,305.34426147460937,319.0849777710938,313.22034730766273,5.8646304634310695,4.5006756968074155,1.363954766623654,60.54299640564608,315.4230758666992,8.217984975259489,331.8590458172182,298.9871059161802,0.10421539328000842,15329580.0,1.3358291616600064,0.013332759957666774,0.015818261546341836,0.017374053297068957,0.044380227770688396,0.09005432549297443,-0.012081175124337595,0,0.05,0.0707,2.0,0.0,0.0,0.0,0.0,283.0,78.0,0.05,0.0707,0.0,0.0,0.1507,0.1507,0.0,0.0717,0.0717,0.0,0.0,0.0,0.0,0.0,0.0,0.0,0.0,0.0,0.0,0.0,0.0,301.0,280.5,284.0,40.0,80.0,80.0,0.0,0.1507,0.1507,0.0,0.0717,0.0717,0.0,0.0,0.0
2021-05-28,326.9364013671875,331.0537970056305,326.53855955773355,329.1940049156016,12037400,-0.012081175124337595,-0.012154745666695626,326.520703125,319.7866455078125,315.6045806884766,306.3409930419922,320.2928890935698,314.23635131207345,6.056537781496331,4.811848113745199,1.2446896677511319,70.41622924675328,315.6045806884766,8.438392050626678,332.4813647897299,298.7277965872232,0.10694891730935868,15016880.0,0.8015912759507967,0.014815869121023478,0.014055622243407085,0.017318513081048578,0.039528275943978786,0.0404823665658014,0.0012168334476487797,1,0.4333,0.0,1.0,0.3333,0.0,2.0,1.0,293.0,42.0,0.4333,0.0,2.0,0.05,0.0,0.1507,0.0707,0.0,0.0717,0.0,0.0,0.0,0.0,0.0,0.0,0.0,0.0,0.0,0.0,0.0,0.0,283.0,301.0,280.5,78.0,40.0,80.0,0.05,0.0,0.1507,0.0707,0.0,0.0717,0.0,0.0,0.0
2021-06-01,327.334228515625,329.6117424743207,324.8578239937377,328.34865233579166,11765900,0.0012168334476487797,0.0012160937058633408,327.41578369140626,321.14618530273435,315.9302947998047,307.1171356201172,321.37617208157826,315.20656443826374,6.169607643314521,5.083400019659064,1.086207623655457,70.33105358116897,315.9302947998047,8.769521242877447,333.4693372855596,298.3912523140498,0.11103108992361034,14080980.0,0.8355881479840181,0.010540637612513655,0.013961158024734355,0.017205518631732798,0.013861794927103155,0.043333488317892854,6.078637430539935e-05,1,0.0667,0.0,1.0,1.0,0.0,2.0,0.0,268.0,42.0,0.0667,0.0,2.0,0.4333,0.05,0.0,0.0,0.0707,0.0,0.3333,0.0,0.0,0.0,0.0,0.0,2.0,0.0,0.0,1.0,0.0,0.0,293.0,283.0,301.0,42.0,78.0,40.0,0.4333,0.05,0.0,0.0,0.0707,0.0,2.0,0.0,0.0
2021-06-02,327.3541259765625,330.05928665944094,325.3352030282024,328.5774259274586,11654300,6.078637430539935e-05,6.078452688861355e-05,327.68629760742186,323.0547119140625,316.46685180664065,307.8254510498047,322.29585729619123,316.1063838114722,6.189473484719031,5.304614712671058,0.8848587720479726,75.76516297162857,316.46685180664065,9.134814212389857,334.7364802314204,298.1972233818609,0.11545998148294137,13124440.0,0.8879845540076376,0.009812703253628822,0.011868905784141187,0.01688141229043938,0.004148966633868323,0.06191110617447926,-0.00944853702056725,0,0.4333,0.0,1.0,0.3333,0.0,2.0,1.0,293.0,42.0,0.4333,0.0,2.0,0.0667,0.4333,0.05,0.0,0.0,0.0707,1.0,0.3333,0.0,0.0,0.0,0.0,2.0,2.0,0.0,0.0,1.0,0.0,268.0,293.0,283.0,42.0,42.0,78.0,0.0667,0.4333,0.05,0.0,0.0,0.0707,2.0,2.0,0.0
2021-06-03,324.2611083984375,325.59379361002675,321.7150783895696,324.00251726671644,12610800,-0.00944853702056725,-0.009493457626409582,327.36406860351565,324.292919921875,317.0148468017578,308.5297882080078,322.59820361961374,316.7104374845814,5.8877661350323365,5.421244997143314,0.46652113788902216,69.97307838413677,317.0148468017578,9.26275777724517,335.5403623562481,298.4893312472675,0.11687475045025299,13709220.0,0.9198772796701782,0.010880944555293825,0.01261759216248075,0.016843008550194206,-0.004944100035006005,0.03970154756737321,0.013219093740388654,1,0.0,0.0,0.0,0.0,0.0,0.0,0.0,0.0,0.0,0.0,0.0,0.0,0.4333,0.0667,0.4333,0.0,0.0,0.0,0.3333,1.0,0.3333,0.0,0.0,0.0,2.0,2.0,2.0,1.0,0.0,1.0,293.0,268.0,293.0,42.0,42.0,42.0,0.4333,0.0667,0.4333,0.0,0.0,0.0,2.0,2.0,2.0
2021-06-04,328.54754638671875,330.6460192105714,323.4057416490604,324.12181439035567,13289400,0.013219093740388654,0.01313248395438456,326.8866821289063,325.46051025390625,317.5285278320313,309.48872619628906,323.5134871222453,317.58726036622215,5.926226756023141,5.52224134891928,0.40398540710386044,65.78310920630396,317.5285278320313,9.614450382467073,336.75742859696544,298.2996270670971,0.12111605150077112,12271560.0,1.0829429999119917,0.010019553986346894,0.012349964142005834,0.01673692799233277,-0.007212703801647735,0.03684742253148099,0.018858713007783967,1,0.25,0.2593,2.0,1.0,0.0,5.0,0.0,277.0,82.0,0.25,0.2593,5.0,0.0,0.4333,0.0667,0.0,0.0,0.0,0.0,0.3333,1.0,0.0,0.0,0.0,0.0,2.0,2.0,0.0,1.0,0.0,0.0,293.0,268.0,0.0,42.0,42.0,0.0,0.4333,0.0667,0.0,0.0,0.0,0.0,2.0,2.0
2021-06-07,334.7435302734375,335.84748964570963,327.1352764685737,327.68229375520013,20136700,0.018858713007783967,0.018683092034478408,328.44810791015624,327.4844055175781,318.3987533569336,310.6392138671875,325.2411860685826,318.85809517416527,6.3830908944173075,5.694411258018886,0.6886796363984216,70.54467651213132,318.3987533569336,10.355496921802501,339.1097472005386,297.68775951332856,0.13009469179916947,13891420.0,1.449578228863572,0.011256629740866303,0.012511095604293193,0.017122658789054262,0.02387965632949407,0.06435185391831277,-0.00861583265231547,0,0.0,0.0,1.0,0.0,0.0,0.0,0.0,301.0,40.0,0.0,0.0,0.0,0.25,0.0,0.4333,0.2593,0.0,0.0,1.0,0.0,0.3333,0.0,0.0,0.0,5.0,0.0,2.0,0.0,0.0,1.0,277.0,0.0,293.0,82.0,0.0,42.0,0.25,0.0,0.4333,0.2593,0.0,0.0,5.0,0.0,2.0
2021-06-08,331.85943603515625,336.4542244783601,330.4272902410312,334.86297835250934,14580500,-0.00861583265231547,-0.00865316351745141,329.3531494140625,328.38446655273435,319.7766967773438,311.6468872070312,326.2593783711324,319.8211574601655,6.438220910966891,5.843173188608487,0.5950477223584034,74.3032988923207,319.7766967773438,10.213372527544205,340.2034418324322,299.34995172225535,0.12775630782946817,14454340.0,1.0087281743753087,0.012789545159918234,0.011048933946281585,0.013994795652894387,0.01382442508396342,0.02787785135656562,-0.010279400093982427,0,0.3174,0.164,2.0,0.5,0.7071,2.0,0.0,289.5,82.0,0.3174,0.164,2.0,0.0,0.25,0.0,0.0,0.2593,0.0,0.0,1.0,0.0,0.0,0.0,0.0,0.0,5.0,0.0,0.0,0.0,0.0,301.0,277.0,0.0,40.0,82.0,0.0,0.0,0.25,0.0,0.0,0.2593,0.0,0.0,5.0,0.0
2021-06-09,328.4481201171875,334.96237046507883,328.1994841443509,333.9081563683372,13727900,-0.010279400093982427,-0.010332598002868093,329.5719482421875,328.6291229248047,320.9562255859375,312.4311840820312,326.5961078705255,320.46019173105657,6.135916139468918,5.9017217787805745,0.23419436068834365,67.13990589934816,320.9562255859375,9.75147299709591,340.4591715801293,301.4532795917457,0.12153025515294018,14869060.0,0.9232527140249619,0.014113649241120184,0.011459944635590094,0.01437041061206348,0.0033419286754410304,0.0075047608598763915,0.006691884888653243,1,0.0,0.0,0.0,0.0,0.0,0.0,0.0,0.0,0.0,0.0,0.0,0.0,0.3174,0.0,0.25,0.164,0.0,0.2593,0.5,0.0,1.0,0.7071,0.0,0.0,2.0,0.0,5.0,0.0,0.0,0.0,289.5,301.0,277.0,82.0,40.0,82.0,0.3174,0.0,0.25,0.164,0.0,0.2593,2.0,0.0,5.0
2021-06-10,330.64605712890625,332.1179930301107,326.7573868303307,328.9851858093254,13240200,0.006691884888653243,0.006669593618786111,330.84893798828125,329.10650329589845,322.4435638427734,313.31553344726564,327.2191769871995,321.214700279046,6.004476708153504,5.922272764655161,0.08220394349834326,65.12336992213153,322.4435638427734,8.748239025778052,339.9400418943295,304.9470857912173,0.1085242815396219,14994940.0,0.8829778578640528,0.013000736847740042,0.011595659683366349,0.013821703346787374,0.01969076329259689,0.014649310154106754,-0.0036094515630926693,0,0.0,0.0,1.0,0.0,0.0,0.0,0.0,285.0,38.0,0.0,0.0,0.0,0.0,0.3174,0.0,0.0,0.164,0.0,0.0,0.5,0.0,0.0,0.7071,0.0,0.0,2.0,0.0,0.0,0.0,0.0,0.0,289.5,301.0,0.0,82.0,40.0,0.0,0.3174,0.0,0.0,0.164,0.0,0.0,2.0,0.0
2021-06-11,329.4526062011719,331.0140169823558,327.13530202888313,330.76538101929896,13587900,-0.0036094515630926693,-0.0036159813507559697,331.0299499511719,328.95831604003905,323.7364700317383,314.04612548828123,327.56278148165677,321.8249155325373,5.737865949119453,5.88539140154802,-0.1475254524285674,66.84605823485026,323.7364700317383,7.658874148029251,339.0542183277968,308.4187217356798,0.09463097126225395,15054640.0,0.9025722302227087,0.012160423933072585,0.01055792454521319,0.013908845529362045,0.0027547300973838063,-0.004477842756509753,0.016633314816363765,1,0.0,0.0,0.0,0.0,0.0,0.0,0.0,0.0,0.0,0.0,0.0,0.0,0.0,0.0,0.3174,0.0,0.0,0.164,0.0,0.0,0.5,0.0,0.0,0.7071,0.0,0.0,2.0,0.0,0.0,0.0,285.0,0.0,289.5,38.0,0.0,82.0,0.0,0.0,0.3174,0.0,0.0,0.164,0.0,0.0,2.0
2021-06-14,334.9324951171875,334.98224051642,328.010478963459,330.0890718044828,12250800,0.016633314816363765,0.016496496314452953,331.0677429199219,329.75792541503904,324.7722854614258,314.8041650390625,328.69658357943075,322.79584735362323,5.90073622580752,5.88846036639992,0.01227585940760001,64.54932863396729,324.7722854614258,7.704290051105404,340.1808655636366,309.363705359215,0.09488851599710119,13477460.0,0.9089843338433207,0.011338437008815889,0.010925940258856522,0.012279861776946153,0.0005645063359271951,0.024457642882719233,-5.922514557543668e-05,0,0.1007,0.1424,2.0,0.0,0.0,0.0,0.0,298.0,82.0,0.1007,0.1424,0.0,0.0,0.0,0.0,0.0,0.0,0.0,0.0,0.0,0.0,0.0,0.0,0.0,0.0,0.0,0.0,0.0,0.0,0.0,0.0,285.0,0.0,0.0,38.0,0.0,0.0,0.0,0.0,0.0,0.0,0.0,0.0,0.0,0.0
2021-06-15,334.91265869140625,338.0653762123268,333.20204196749194,335.1513395153246,15795200,-5.922514557543668e-05,-5.922689945362036e-05,331.6783874511719,330.51576843261716,325.83097686767576,315.35792724609377,329.652902827427,323.69338893420036,5.959513893226642,5.9026710717652655,0.05684282146137676,61.61228361111443,325.83097686767576,7.561812338771679,340.95460154521913,310.7073521901324,0.0928311041689893,13720400.0,1.1512200810471998,0.010278133498529551,0.010949663870030293,0.012254213681669757,0.009200349077693737,0.02315196369822803,-0.016837521588844218,0,0.2667,0.2357,2.0,0.5,0.7071,3.0,0.0,286.0,82.0,0.2667,0.2357,3.0,0.1007,0.0,0.0,0.1424,0.0,0.0,0.0,0.0,0.0,0.0,0.0,0.0,0.0,0.0,0.0,0.0,0.0,0.0,298.0,0.0,285.0,82.0,0.0,38.0,0.1007,0.0,0.0,0.1424,0.0,0.0,0.0,0.0,0.0
2021-06-16,329.2735595703125,335.7082593974498,326.9264506879906,334.8629214184705,17232200,-0.016837521588844218,-0.016980884181110833,331.8434753417969,330.7077117919922,326.88121185302737,315.85161865234375,329.5945423263325,324.106734907246,5.487807419086494,5.819698341229512,-0.3318909221430184,53.875771127323816,326.88121185302737,6.356938449601901,339.59508875223116,314.16733495382357,0.07778897310818966,14421260.0,1.1949163942679073,0.012413630742203554,0.01253110362006279,0.01220153088464369,0.002513150182837043,0.005863477626939728,0.016400923997806682,1,0.0,0.0,0.0,0.0,0.0,0.0,0.0,0.0,0.0,0.0,0.0,0.0,0.2667,0.1007,0.0,0.2357,0.1424,0.0,0.5,0.0,0.0,0.7071,0.0,0.0,3.0,0.0,0.0,0.0,0.0,0.0,286.0,298.0,0.0,82.0,82.0,0.0,0.2667,0.1007,0.0,0.2357,0.1424,0.0,3.0,0.0,0.0
2021-06-17,334.6739501953125,336.1359308230724,328.34863572483755,328.6867769811201,17794100,0.016400923997806682,0.01626788155220991,332.6490539550781,331.7489959716797,328.02095794677734,316.31746276855466,330.375989690791,324.88949159525134,5.486498095539673,5.753058292091545,-0.2665601965518718,54.22852059236213,328.02095794677734,5.513063431266571,339.0470848093105,316.9948310842442,0.0672281852449329,15332040.0,1.1605826752343458,0.014237282846312949,0.012876656363844415,0.012413458788794508,0.01218188748833593,0.03211252144392285,-0.020356088616741208,0,0.2167,0.3064,2.0,0.1667,0.2357,2.0,1.0,287.5,80.0,0.2167,0.3064,2.0,0.0,0.2667,0.1007,0.0,0.2357,0.1424,0.0,0.5,0.0,0.0,0.7071,0.0,0.0,3.0,0.0,0.0,0.0,0.0,0.0,286.0,298.0,0.0,82.0,82.0,0.0,0.2667,0.1007,0.0,0.2357,0.1424,0.0,3.0,0.0
2021-06-18,327.8612976074219,334.3158768589668,327.2048950876105,332.7047208335511,23039500,-0.020356088616741208,-0.020566129078577116,332.33079223632814,331.68037109375,328.5704406738281,316.64844665527346,329.9891139856573,325.1096253739308,4.879488611726515,5.5783443560185395,-0.6988557442920245,50.98326627254258,328.5704406738281,4.851278417087937,338.272997508004,318.8678838396522,0.05905921916942984,17222360.0,1.337766717221101,0.017606633288756543,0.014285793622109003,0.013143034279860348,-0.004830159372842591,-0.00208873506085816,0.007978044855430966,1,0.0,0.0,1.0,0.0,0.0,0.0,0.0,285.0,38.0,0.0,0.0,0.0,0.2167,0.0,0.2667,0.3064,0.0,0.2357,0.1667,0.0,0.5,0.2357,0.0,0.7071,2.0,0.0,3.0,1.0,0.0,0.0,287.5,0.0,286.0,80.0,0.0,82.0,0.2167,0.0,0.2667,0.3064,0.0,0.2357,2.0,0.0,3.0
2021-06-21,330.4769897460937,331.10355723787274,325.8622916391355,329.2835249664128,11337500,0.007978044855430966,0.007946388514579768,331.4396911621094,331.2537170410156,329.36906127929683,317.0428833007812,330.06417179495526,325.50720792001715,4.556963874938106,5.374068259802454,-0.817104384864348,53.190640309230126,329.36906127929683,3.5555269968304564,336.48011527295773,322.2580072856359,0.043179854027825065,17039700.0,0.6653579581800149,0.015790568424071328,0.01303994900031483,0.01302370440555019,-0.013302696621105392,-0.012745699741705696,0.020283551588456072,1,0.2014,0.0,1.0,0.0,0.0,0.0,0.0,292.0,42.0,0.2014,0.0,0.0,0.0,0.2167,0.0,0.0,0.3064,0.0,0.0,0.1667,0.0,0.0,0.2357,0.0,0.0,2.0,0.0,0.0,1.0,0.0,285.0,287.5,0.0,38.0,80.0,0.0,0.0,0.2167,0.0,0.0,0.3064,0.0,0.0,2.0,0.0
2021-06-22,337.18023681640625,338.0653955074092,330.7853264516776,330.87483176575546,15345300,0.020283551588456072,0.020080580417020065,331.89320678710936,331.7857971191406,330.0851318359375,317.5896838378906,331.15895102902465,326.3718767271574,4.7870743018672215,5.256669468215407,-0.4695951663481859,58.78381548809645,330.0851318359375,3.6169908050814943,337.31911344610046,322.8511502257745,0.04383100547381506,16949720.0,0.9053423891368118,0.018912809982542692,0.014351545662616214,0.012478875318537846,0.006770655172784634,0.01603329664155262,0.004601256145280841,1,0.4333,0.0,1.0,0.3333,0.0,2.0,1.0,292.0,42.0,0.4333,0.0,2.0,0.2014,0.0,0.2167,0.0,0.0,0.3064,0.0,0.0,0.1667,0.0,0.0,0.2357,0.0,0.0,2.0,0.0,0.0,1.0,292.0,285.0,287.5,42.0,38.0,80.0,0.2014,0.0,0.2167,0.0,0.0,0.3064,0.0,0.0,2.0
2021-06-23,338.731689453125,341.54626557201067,336.3547454115595,337.4984647797305,14817800,0.004601256145280841,0.00459070272649642,333.7848327636719,332.81415405273435,330.72163848876954,318.20291931152343,332.32398770965546,327.28741841056285,5.036569299092605,5.212649434390848,-0.17608013529824262,63.30224990181227,330.72163848876954,3.964011677929629,338.6496618446288,322.7936151329103,0.04794378373357299,16466840.0,0.8998569245829801,0.015909690363650152,0.013731261410619262,0.012369076387618394,0.028724231290101043,0.03130956978005672,0.007604445581626429,1,0.1,0.0,1.0,0.0,0.0,0.0,0.0,281.0,40.0,0.1,0.0,0.0,0.4333,0.2014,0.0,0.0,0.0,0.0,0.3333,0.0,0.0,0.0,0.0,0.0,2.0,0.0,0.0,1.0,0.0,0.0,292.0,292.0,285.0,42.0,42.0,38.0,0.4333,0.2014,0.0,0.0,0.0,0.0,2.0,0.0,0.0
2021-06-24,341.3075561523437,343.01817281341425,339.92515596317435,339.9848261669618,12329100,0.007604445581626429,0.00757567753663109,335.11155395507814,333.88030395507815,331.49340362548827,319.0057147216797,333.7060751623767,328.3259471321766,5.380128030200069,5.246145153552693,0.13398287664737651,62.11065849171146,331.49340362548827,4.443724562514877,340.38085275051805,322.6059545004585,0.053620669538695015,15373840.0,0.8019531880128842,0.01489588038101847,0.013760250102503759,0.01241712769458437,0.019821100366968825,0.03224444626987011,-0.005274157664642232,0,0.0,0.0,0.0,0.0,0.0,0.0,0.0,0.0,0.0,0.0,0.0,0.0,0.1,0.4333,0.2014,0.0,0.0,0.0,0.0,0.3333,0.0,0.0,0.0,0.0,0.0,2.0,0.0,0.0,1.0,0.0,281.0,292.0,292.0,40.0,42.0,42.0,0.1,0.4333,0.2014,0.0,0.0,0.0,0.0,2.0,0.0
2021-06-25,339.5074462890625,342.2424420140805,337.82666466996574,340.72079106111335,14594400,-0.005274157664642232,-0.005288115131729722,337.44078369140624,334.8857879638672,331.92205200195315,319.67305358886716,334.59859379725145,329.15420632898326,5.444387468268189,5.285793616495792,0.15859385177239727,54.933118611759305,331.92205200195315,4.787180061908813,341.4964121257708,322.3476918781355,0.05769041295129928,13684820.0,1.0664663473834513,0.009140242431270392,0.013862334145062834,0.01212614071217804,0.035521571977628286,0.0305198377509599,0.04180223245345149,1,0.0,0.0,1.0,0.0,0.0,0.0,0.0,283.0,38.0,0.0,0.0,0.0,0.0,0.1,0.4333,0.0,0.0,0.0,0.0,0.0,0.3333,0.0,0.0,0.0,0.0,0.0,2.0,0.0,0.0,1.0,0.0,281.0,292.0,0.0,40.0,42.0,0.0,0.1,0.4333,0.0,0.0,0.0,0.0,0.0,2.0
2021-06-28,353.6996154785156,356.1859752869596,339.9052657663683,340.5915035015845,29156100,0.04180223245345149,0.04095212920768281,342.08530883789064,336.7625,333.26021270751954,320.6568572998047,337.53721251744594,330.97238478450475,6.564827732941183,5.541600439784871,1.023227293156312,68.32441683433649,333.26021270751954,6.684691242733716,346.629595192987,319.8908302220521,0.08023389517068372,17248540.0,1.690351763105747,0.018117579013185357,0.01819942507380389,0.014698201864282013,0.07027002318758702,0.056032545766459,-0.01054440847387006,0,0.1007,0.1424,2.0,0.0,0.0,0.0,0.0,290.5,80.0,0.1007,0.1424,0.0,0.0,0.0,0.1,0.0,0.0,0.0,0.0,0.0,0.0,0.0,0.0,0.0,0.0,0.0,0.0,0.0,0.0,0.0,283.0,0.0,281.0,38.0,0.0,40.0,0.0,0.0,0.1,0.0,0.0,0.0,0.0,0.0,0.0
2021-06-29,349.9700622558594,354.7935758171797,347.14553091356,354.326138977194,21417300,-0.01054440847387006,-0.010600394657474805,344.6432739257813,338.2682403564453,334.3920043945312,321.6444403076172,339.449958631048,332.37962015275366,7.070338478294332,5.847348047486763,1.2229904308075685,67.96149095215662,334.3920043945312,7.495611270437645,349.3832269354065,319.40078185365593,0.08966256575434117,18462940.0,1.1600156854758776,0.020455693044107565,0.01885292105331129,0.015048355971158956,0.03793171735156342,0.0449591951026469,-0.011878806249034812,0,0.0,0.0,2.0,0.0,0.0,0.0,0.0,295.0,80.0,0.0,0.0,0.0,0.1007,0.0,0.0,0.1424,0.0,0.0,0.0,0.0,0.0,0.0,0.0,0.0,0.0,0.0,0.0,0.0,0.0,0.0,290.5,283.0,0.0,80.0,38.0,0.0,0.1007,0.0,0.0,0.1424,0.0,0.0,0.0,0.0,0.0
2021-06-30,345.8128356933594,350.9944310362178,345.27580386385563,350.2485231441706,15107500,-0.011878806249034812,-0.011949923017252607,346.05950317382815,339.92216796875,335.31493988037107,322.5407238769531,340.42886279448055,333.37467315576174,7.05418963871881,6.088716365733173,0.965473272985637,62.25684714781713,335.31493988037107,7.716581717800806,350.7481033159727,319.88177644476946,0.09205174956479804,18520880.0,0.8157009818107995,0.02231088729406657,0.018284047169502844,0.015422294281197268,0.020904882716071604,0.050229590692401516,0.019211593778281078,1,0.0,0.0,0.0,0.0,0.0,0.0,0.0,0.0,0.0,0.0,0.0,0.0,0.0,0.1007,0.0,0.0,0.1424,0.0,0.0,0.0,0.0,0.0,0.0,0.0,0.0,0.0,0.0,0.0,0.0,0.0,295.0,290.5,283.0,80.0,80.0,38.0,0.0,0.1007,0.0,0.0,0.1424,0.0,0.0,0.0,0.0
2021-07-01,352.4564514160156,352.7349225130348,344.6094849393575,344.92774629340033,17137000,0.019211593778281078,0.019029381142217708,348.2892822265625,341.70041809082034,336.72470703125,323.5933502197266,342.27926104394743,334.7881382120772,7.491122831870257,6.369197658960591,1.1219251729096662,67.08524330362002,336.72470703125,8.153986411708317,353.03267985466664,320.4167342078333,0.09686234768572055,19482460.0,0.8796117122786342,0.02331642168773529,0.01849807478949523,0.015549558000682463,0.03266524594227138,0.05313380742757379,0.0008746855759915739,1,0.0,0.0,0.0,0.0,0.0,0.0,0.0,0.0,0.0,0.0,0.0,0.0,0.0,0.0,0.1007,0.0,0.0,0.1424,0.0,0.0,0.0,0.0,0.0,0.0,0.0,0.0,0.0,0.0,0.0,0.0,0.0,295.0,290.5,0.0,80.0,80.0,0.0,0.0,0.1007,0.0,0.0,0.1424,0.0,0.0,0.0
2021-07-02,352.7647399902344,354.49523669587467,350.6960716434013,353.16255148737247,11521300,0.0008746855759915739,0.0008743032614835648,350.94074096679685,344.1907623291016,337.9355667114258,324.75060180664065,343.8924116510685,336.11973834379285,7.7726733072756815,6.649892788623609,1.122780518652072,64.34631881581437,337.9355667114258,8.658295296727916,355.2521573048816,320.61897611796996,0.10248456983661049,18867840.0,0.6106316356297277,0.02268295451224472,0.016309734518621114,0.015421004127073356,0.039048609525590194,0.07595724949710791,-0.005413086065490402,0,0.0,0.0,0.0,0.0,0.0,0.0,0.0,0.0,0.0,0.0,0.0,0.0,0.0,0.0,0.0,0.0,0.0,0.0,0.0,0.0,0.0,0.0,0.0,0.0,0.0,0.0,0.0,0.0,0.0,0.0,0.0,0.0,295.0,0.0,0.0,80.0,0.0,0.0,0.0,0.0,0.0,0.0,0.0,0.0,0.0
2021-07-06,350.8551940917969,356.83241261356216,347.2748299992996,354.5548985955322,13488500,-0.005413086065490402,-0.005427789901959956,350.3718566894531,346.22858276367185,338.74114990234375,325.7779656982422,344.96360894964215,337.21125358438593,7.752355365256221,6.870385303950132,0.881970061306089,62.44753808447949,338.74114990234375,9.0847004438575,356.9105507900588,320.5717490146287,0.1072760182396093,15734320.0,0.857266154495396,0.012643475912807773,0.016805221428474574,0.015115167665428565,-0.008041912578475863,0.06166300522574897,-0.00649153248684442,0,0.1007,0.1424,2.0,0.0,0.0,0.0,0.0,291.5,82.0,0.1007,0.1424,0.0,0.0,0.0,0.0,0.0,0.0,0.0,0.0,0.0,0.0,0.0,0.0,0.0,0.0,0.0,0.0,0.0,0.0,0.0,0.0,0.0,0.0,0.0,0.0,0.0,0.0,0.0,0.0,0.0,0.0,0.0,0.0,0.0,0.0
2021-07-07,348.5776062011719,354.5448683070267,348.09028950820107,353.32159900000784,14218900,-0.00649153248684442,-0.006512694114501195,350.09336547851564,347.3683197021484,339.57705841064455,326.7217858886719,345.51960852680054,338.053205630074,7.466402896726549,6.989588822505416,0.4768140742211333,65.90711455194625,339.57705841064455,9.186737829529866,357.9505340697043,321.2035827515848,0.10821388079073957,14294640.0,0.994701510496242,0.012038107888590811,0.016427800552837817,0.015040515188030455,-0.003978786201630835,0.03380200895633001,-0.013808996890351533,0,0.0,0.0,0.0,0.0,0.0,0.0,0.0,0.0,0.0,0.0,0.0,0.0,0.1007,0.0,0.0,0.1424,0.0,0.0,0.0,0.0,0.0,0.0,0.0,0.0,0.0,0.0,0.0,0.0,0.0,0.0,291.5,0.0,0.0,82.0,0.0,0.0,0.1007,0.0,0.0,0.1424,0.0,0.0,0.0,0.0,0.0
2021-07-08,343.7640991210937,346.4294695365695,340.69096205718694,343.84367963111873,14406500,-0.013808996890351533,-0.013905228018505687,349.68361816406247,347.87156066894534,340.34285736083984,327.55879455566406,345.2495301566918,338.476234777557,6.773295379134765,6.946330133831287,-0.17303475469652163,57.56371359531465,340.34285736083984,8.84211206238218,358.0270814856042,322.6586332360755,0.10392005439394365,14154440.0,1.017807839801504,0.012506467506514823,0.01729315498333937,0.015218832872034021,-0.005924408699746309,0.014856624947295005,0.013800037676011678,1,0.0833,0.0236,2.0,0.5,0.7071,2.0,0.0,274.5,82.0,0.0833,0.0236,2.0,0.0,0.1007,0.0,0.0,0.1424,0.0,0.0,0.0,0.0,0.0,0.0,0.0,0.0,0.0,0.0,0.0,0.0,0.0,0.0,291.5,0.0,0.0,82.0,0.0,0.0,0.1007,0.0,0.0,0.1424,0.0,0.0,0.0,0.0
2021-07-09,348.508056640625,348.7964524939026,343.38613171790126,343.43587711924016,13018700,0.013800037676011678,0.013705684219271312,348.89393920898436,348.59161071777345,341.23595733642577,328.4204669189453,345.7508419234507,339.21933269333994,6.531509230110771,6.863365953087185,-0.331856722976414,67.79223661794632,341.23595733642577,8.712259849332426,358.6604770350906,323.81143763776095,0.10212592972132727,13330780.0,0.976589516892485,0.010355730013555125,0.017639369886462808,0.015406415111581398,-0.01120250391084543,0.021096809486008894,0.007819237135977986,1,0.0667,0.0,1.0,1.0,0.0,2.0,0.0,268.0,42.0,0.0667,0.0,2.0,0.0833,0.0,0.1007,0.0236,0.0,0.1424,0.5,0.0,0.0,0.7071,0.0,0.0,2.0,0.0,0.0,0.0,0.0,0.0,274.5,0.0,291.5,82.0,0.0,82.0,0.0833,0.0,0.1007,0.0236,0.0,0.1424,2.0,0.0,0.0
2021-07-12,351.2331237792969,352.25750277179293,347.73234021343285,349.3136613561557,10018600,0.007819237135977986,0.007788825329828728,348.5876159667969,349.76417846679686,342.32498321533205,328.8908868408203,346.59426990127315,340.1092431441517,6.485026757121432,6.787698113894034,-0.3026713567726027,67.85283616550029,342.32498321533205,8.521003114826367,359.36698944498477,325.28297698567934,0.09956624298690354,13030240.0,0.7688730215253134,0.01129555968186023,0.017506089669073664,0.015370192912524401,-0.00434174971960033,0.034537320516531356,-0.003029922044151312,0,0.0,0.0,1.0,0.0,0.0,0.0,0.0,289.0,40.0,0.0,0.0,0.0,0.0667,0.0833,0.0,0.0,0.0236,0.0,1.0,0.5,0.0,0.0,0.7071,0.0,2.0,2.0,0.0,0.0,0.0,0.0,268.0,274.5,0.0,42.0,82.0,0.0,0.0667,0.0833,0.0,0.0,0.0236,0.0,2.0,2.0,0.0
2021-07-13,350.1689147949219,356.5339888973833,346.8968572703573,349.5821376086315,11456000,-0.003029922044151312,-0.003034521551062707,348.4503601074219,349.4111083984375,343.08680419921876,329.42813903808593,347.1442152695268,340.85440400717187,6.289811262354931,6.688120743586214,-0.3983094812312826,62.372017769116596,343.08680419921876,8.506385668515543,360.09957553624986,326.07403286218766,0.09917473437510796,12623740.0,0.9074965105428344,0.011101854585039447,0.011235268865013207,0.015100107395510497,-0.0019560186322777895,-0.00998220107991099,-0.012667052164678783,0,0.0,0.0,1.0,0.0,0.0,0.0,0.0,285.0,38.0,0.0,0.0,0.0,0.0,0.0667,0.0833,0.0,0.0,0.0236,0.0,1.0,0.5,0.0,0.0,0.7071,0.0,2.0,2.0,0.0,0.0,0.0,289.0,268.0,274.5,40.0,42.0,82.0,0.0,0.0667,0.0833,0.0,0.0,0.0236,0.0,2.0,2.0
2021-07-14,345.7333068847656,353.262011624238,344.83822342926084,352.6254889485456,13894200,-0.012667052164678783,-0.012747963266210322,347.8815002441406,348.9874328613281,343.6278366088867,329.92640625,346.927152441102,341.215804220327,5.711348220774994,6.49276623902397,-0.781418018248976,56.3218523827395,343.6278366088867,8.300749319392473,360.22933524767166,327.02633797010174,0.09662487650952793,12558800.0,1.106331815141574,0.012241982548149455,0.011454664002106433,0.01546406811725452,-0.008159730475527871,-0.012106050854133632,-0.00911890725641984,0,0.0,0.0,0.0,0.0,0.0,0.0,0.0,0.0,0.0,0.0,0.0,0.0,0.0,0.0,0.0667,0.0,0.0,0.0,0.0,0.0,1.0,0.0,0.0,0.0,0.0,0.0,2.0,0.0,0.0,0.0,285.0,289.0,268.0,38.0,40.0,42.0,0.0,0.0,0.0667,0.0,0.0,0.0,0.0,0.0,2.0
2021-07-15,342.5805969238281,347.3245909402335,338.363740332421,347.3245909402335,14781600,-0.00911890725641984,-0.009160738991867907,347.6447998046875,348.664208984375,344.2931884765625,330.4455584716797,346.2584515922906,341.31689997614194,4.941551616148672,6.182523314448911,-1.240971698300239,51.13759515411467,344.2931884765625,7.5927386554382,359.4786657874389,329.10771116568606,0.08821247598925509,12633820.0,1.1700024220702843,0.011206325871091508,0.011198039117239959,0.015068236711836663,-0.0034427742754157276,-0.009346786573293575,-0.009580354189647866,0,0.0,0.0,0.0,0.0,0.0,0.0,0.0,0.0,0.0,0.0,0.0,0.0,0.0,0.0,0.0,0.0,0.0,0.0,0.0,0.0,0.0,0.0,0.0,0.0,0.0,0.0,0.0,0.0,0.0,0.0,0.0,285.0,289.0,0.0,38.0,40.0,0.0,0.0,0.0,0.0,0.0,0.0,0.0,0.0,0.0
2021-07-16,339.2985534667969,344.10218648251487,338.2841297559985,343.02809257408524,11026100,-0.009580354189647866,-0.009626541010301738,345.8028991699219,347.3484191894531,344.52441864013673,330.96550537109374,345.1876980345223,341.1673928273015,4.020305207220815,5.7500796930032925,-1.7297744857824773,49.818148778475184,344.52441864013673,7.350944126631494,359.22630689339974,329.8225303868737,0.08534598686091653,12235300.0,0.9011712013599994,0.008130888534169264,0.00892906144564973,0.014888371690315712,-0.02642551010900962,-0.03733198213951283,-0.012340199143111685,0,0.0,0.0,1.0,0.0,0.0,0.0,0.0,301.0,40.0,0.0,0.0,0.0,0.0,0.0,0.0,0.0,0.0,0.0,0.0,0.0,0.0,0.0,0.0,0.0,0.0,0.0,0.0,0.0,0.0,0.0,0.0,0.0,285.0,0.0,0.0,38.0,0.0,0.0,0.0,0.0,0.0,0.0,0.0,0.0,0.0
2021-07-19,335.1115417480469,337.93604246587023,332.7146875751149,335.7281540408796,14372300,-0.012340199143111685,-0.01241697164634987,342.5785827636719,345.5830993652344,344.88693084716795,331.3022576904297,343.6375201442953,340.7188112658752,2.918708878420091,5.183805530086652,-2.2650966516665614,30.404701116470164,344.88693084716795,6.6293032035767405,358.1455372543214,331.62832444001447,0.0768866850047667,13106040.0,1.0966165218479418,0.003872787802492936,0.009142011905093402,0.014388649629192975,-0.045899947754871384,-0.05004241138917742,0.013978408942407983,1,0.2014,0.0,1.0,0.0,0.0,0.0,0.0,294.0,42.0,0.2014,0.0,0.0,0.0,0.0,0.0,0.0,0.0,0.0,0.0,0.0,0.0,0.0,0.0,0.0,0.0,0.0,0.0,0.0,0.0,0.0,301.0,0.0,0.0,40.0,0.0,0.0,0.0,0.0,0.0,0.0,0.0,0.0,0.0,0.0,0.0
2021-07-20,339.7958679199219,341.57610997514155,332.6749300501138,336.95145662183944,11024300,0.013978408942407983,0.013881611986088066,340.50397338867185,344.4771667480469,345.3528747558594,331.7513946533203,343.046496725161,340.65044509210094,2.39605163306004,4.62625475068133,-2.23020311762129,39.48614606394321,345.3528747558594,5.844187409212315,357.041249574284,333.66449993743475,0.06768946010185954,13019700.0,0.8467399402443989,0.011250736272584081,0.010943368304315877,0.014598631079366436,-0.029622980329578996,-0.03152105586038856,0.013375896801551823,1,0.0,0.0,1.0,0.0,0.0,0.0,0.0,285.0,38.0,0.0,0.0,0.0,0.2014,0.0,0.0,0.0,0.0,0.0,0.0,0.0,0.0,0.0,0.0,0.0,0.0,0.0,0.0,0.0,0.0,0.0,294.0,301.0,0.0,42.0,40.0,0.0,0.2014,0.0,0.0,0.0,0.0,0.0,0.0,0.0,0.0
2021-07-21,344.3409423828125,344.62933825849467,339.3881028781611,339.6367388509656,9279700,0.013375896801551823,0.013287229290485621,340.2255004882812,344.0535003662109,345.7109100341797,332.5522021484375,343.2456422109535,340.9238152617833,2.3218269491702017,4.165369190379105,-1.8435422412089029,48.49106389209219,345.7109100341797,5.5279396277537325,356.76678928968715,334.6550307786722,0.06396025658787804,12096800.0,0.767120230143509,0.01321753219593441,0.012018700573540967,0.014207098105004692,-0.00402727904493505,-0.012154148008906573,0.01432569223150093,1,0.0,0.0,0.0,0.0,0.0,0.0,0.0,0.0,0.0,0.0,0.0,0.0,0.0,0.2014,0.0,0.0,0.0,0.0,0.0,0.0,0.0,0.0,0.0,0.0,0.0,0.0,0.0,0.0,0.0,0.0,285.0,294.0,301.0,38.0,42.0,40.0,0.0,0.2014,0.0,0.0,0.0,0.0,0.0,0.0,0.0
2021-07-22,349.2738647460937,349.62196117141843,343.3264814666753,344.7884621721828,12385400,0.01432569223150093,0.01422404909133829,341.56415405273435,344.60447692871094,346.23801879882814,333.44052856445313,344.17306106251357,341.54233744580637,2.6307236167072006,3.8584400756447237,-1.2277164589375231,46.61871977786462,346.23801879882814,5.326361784846834,356.8907423685218,335.5852952291345,0.061534106546994274,11617560.0,1.0660930522416068,0.013652037947608825,0.012020988809940706,0.014495059036464062,0.019537790179499748,0.01602775170265569,0.052962750740366715,1,0.0,0.0,0.0,0.0,0.0,0.0,0.0,0.0,0.0,0.0,0.0,0.0,0.0,0.0,0.2014,0.0,0.0,0.0,0.0,0.0,0.0,0.0,0.0,0.0,0.0,0.0,0.0,0.0,0.0,0.0,0.0,285.0,294.0,0.0,38.0,42.0,0.0,0.0,0.2014,0.0,0.0,0.0,0.0,0.0,0.0
2021-07-23,367.7723693847656,373.2821203200948,355.2411111250132,358.9408153664436,33694300,0.052962750740366715,0.051607858110542894,347.2589172363281,346.530908203125,347.5612594604492,334.7779901123047,347.80372388132156,343.48530277461833,4.3184211067032265,3.9504362818564247,0.36798482484680184,61.49973341814064,347.5612594604492,7.046581641128867,361.65442274270697,333.46809617819144,0.08109743476091584,16151200.0,2.0861793550943584,0.023356623992791883,0.020088826441158433,0.01847945268572643,0.0839196501931303,0.05527652051959775,0.007220131829578369,1,0.0667,0.0,1.0,1.0,0.0,2.0,0.0,266.0,40.0,0.0667,0.0,2.0,0.0,0.0,0.0,0.0,0.0,0.0,0.0,0.0,0.0,0.0,0.0,0.0,0.0,0.0,0.0,0.0,0.0,0.0,0.0,0.0,285.0,0.0,0.0,38.0,0.0,0.0,0.0,0.0,0.0,0.0,0.0,0.0,0.0
2021-07-26,370.427734375,372.3969418080931,366.21087884064906,367.56344369088816,14925200,0.007220131829578369,0.007194191464823616,354.32215576171876,348.4503692626953,349.1072738647461,336.1146551513672,351.2843408803491,345.4810384487208,5.8033024316282535,4.321009511810791,1.4822929198174624,64.8281551211748,349.1072738647461,8.440630125296197,365.9885341153385,332.2260136141537,0.09671101987484032,16261780.0,0.9178085055879491,0.01844932229608873,0.02008227401423556,0.01836381182999414,0.1053863810322162,0.054649203893891274,-0.012484495199278745,0,0.1004,0.0674,4.0,0.75,0.5,6.0,0.0,272.5,164.0,0.1004,0.0674,6.0,0.0667,0.0,0.0,0.0,0.0,0.0,1.0,0.0,0.0,0.0,0.0,0.0,2.0,0.0,0.0,0.0,0.0,0.0,266.0,0.0,0.0,40.0,0.0,0.0,0.0667,0.0,0.0,0.0,0.0,0.0,2.0,0.0,0.0
2021-07-27,365.8031311035156,371.1139910405692,362.560908794146,369.88076651354993,15705400,-0.012484495199278745,-0.01256308126609901,359.5236083984375,350.0137908935547,349.7124496459961,337.1463940429687,353.5180009146824,346.9863786453724,6.531622269309992,4.763132063310632,1.7684902059993597,62.60190772511682,349.7124496459961,9.188029381081371,368.0885084081589,331.33639088383336,0.10509239108166903,17198000.0,0.9132108384695895,0.023770542036440256,0.020740894297922554,0.016479215679162742,0.07653790301453212,0.044647641889486334,0.01487206127957319,1,0.4333,0.0,1.0,0.3333,0.0,2.0,1.0,293.0,42.0,0.4333,0.0,2.0,0.1004,0.0667,0.0,0.0674,0.0,0.0,0.75,1.0,0.0,0.5,0.0,0.0,6.0,2.0,0.0,0.0,0.0,0.0,272.5,266.0,0.0,164.0,40.0,0.0,0.1004,0.0667,0.0,0.0674,0.0,0.0,6.0,2.0,0.0
2021-07-28,371.2433776855469,375.4900695771555,364.92801730754064,372.516392772917,29676900,0.01487206127957319,0.01476255654861333,364.9040954589844,352.56479797363284,350.77611541748047,338.2964849853516,356.2449819563538,348.78319338908915,7.461788567264648,5.3028633641014356,2.1589252031632125,69.92070575023796,350.77611541748047,10.374220566191127,371.5245565498627,330.0276742850982,0.11830019331668716,21277440.0,1.3947589559646274,0.02375313799331413,0.020013865775794133,0.016456298581502986,0.07812732089472618,0.07378540132751477,-0.04007726161071734,0,0.0,0.0,0.0,0.0,0.0,0.0,0.0,0.0,0.0,0.0,0.0,0.0,0.4333,0.1004,0.0667,0.0,0.0674,0.0,0.3333,0.75,1.0,0.0,0.5,0.0,2.0,6.0,2.0,1.0,0.0,0.0,293.0,272.5,266.0,42.0,164.0,40.0,0.4333,0.1004,0.0667,0.0,0.0674,0.0,2.0,6.0,2.0
2021-07-29,356.3649597167969,363.5256572281753,354.79356343675454,359.0303299512922,33413200,-0.04007726161071734,-0.0409024786035093,366.322314453125,353.9432342529297,351.30372161865233,339.2584069824219,356.26344007334507,349.34480570966014,6.91863436368493,5.626017564018135,1.2926167996667948,54.9660532631419,351.30372161865233,10.376842293439811,372.05740620553195,330.5500370317727,0.11815237533639442,25483000.0,1.3111956990935134,0.034421004859975374,0.02468801373028986,0.018840728197051057,0.02030239215252494,0.040236846210042865,-0.005637400965474493,0,0.0,0.0,0.0,0.0,0.0,0.0,0.0,0.0,0.0,0.0,0.0,0.0,0.0,0.4333,0.1004,0.0,0.0,0.0674,0.0,0.3333,0.75,0.0,0.0,0.5,0.0,2.0,6.0,0.0,1.0,0.0,0.0,293.0,272.5,0.0,42.0,164.0,0.0,0.4333,0.1004,0.0,0.0,0.0674,0.0,2.0,6.0
2021-07-30,354.3559875488281,358.76184019359226,351.01433453677595,352.0685486668452,15976200,-0.005637400965474493,-0.005653351083349921,363.6390380859375,355.4489776611328,351.398698425293,340.1079461669922,355.969985838804,349.7160043644133,6.2539814743906845,5.7516103460926455,0.502371128298039,51.99187599564602,351.398698425293,10.396622409838313,372.1919432449696,330.6054536056164,0.11834559953042754,21939380.0,0.7281974239928385,0.02125085727151456,0.02447357891162587,0.018438198335949573,-0.036480124535677616,0.04437812636741678,-0.012208719655287692,0,0.0,0.0,1.0,0.0,0.0,0.0,0.0,289.0,40.0,0.0,0.0,0.0,0.0,0.0,0.4333,0.0,0.0,0.0,0.0,0.0,0.3333,0.0,0.0,0.0,0.0,0.0,2.0,0.0,0.0,1.0,0.0,0.0,293.0,0.0,0.0,42.0,0.0,0.0,0.4333,0.0,0.0,0.0,0.0,0.0,2.0
2021-08-02,350.0297546386719,357.43908884062074,348.8263346088208,356.14619384865114,13180400,-0.012208719655287692,-0.012283858263518682,359.5594421386719,356.9407989501953,351.26194915771487,340.7711083984375,355.0561041157068,349.7392451254695,5.316858990237279,5.6646600749215725,-0.3478010846842938,49.91478464060422,351.26194915771487,10.395695777864816,372.0533407134445,330.4705576019852,0.11838112044635059,21590420.0,0.6104744604319879,0.01966732998813874,0.024463488486512905,0.018652402339104,-0.0550660165085759,0.04451715632594122,-0.0020173891815663536,0,0.2014,0.0,1.0,0.0,0.0,0.0,0.0,295.0,42.0,0.2014,0.0,0.0,0.0,0.0,0.0,0.0,0.0,0.0,0.0,0.0,0.0,0.0,0.0,0.0,0.0,0.0,0.0,0.0,0.0,0.0,289.0,0.0,0.0,40.0,0.0,0.0,0.0,0.0,0.0,0.0,0.0,0.0,0.0,0.0,0.0
2021-08-03,349.3236083984375,351.83980338591,345.80294465699467,350.80549952738755,12406100,-0.0020173891815663536,-0.0020194268520988498,356.26353759765624,357.89357299804686,351.18536987304685,341.46748901367187,354.1741816976653,349.70845721976343,4.465724477901858,5.42487295551763,-0.9591484776157717,52.30376205222359,351.18536987304685,10.404487268003853,371.9943444090546,330.3763953370391,0.11850706960560542,20930560.0,0.592726616010274,0.020037654320523037,0.024306961693902115,0.018618116943083247,-0.045050250541498804,0.028039600766307737,0.021865375993435965,1,0.0,0.0,0.0,0.0,0.0,0.0,0.0,0.0,0.0,0.0,0.0,0.0,0.2014,0.0,0.0,0.0,0.0,0.0,0.0,0.0,0.0,0.0,0.0,0.0,0.0,0.0,0.0,0.0,0.0,0.0,295.0,289.0,0.0,42.0,40.0,0.0,0.2014,0.0,0.0,0.0,0.0,0.0,0.0,0.0,0.0
2021-08-04,356.9617004394531,358.5131864540638,349.59212669451705,350.4971652615517,14180600,0.021865375993435965,0.021629757071056736,353.4072021484375,359.15564880371096,351.6045745849609,342.14954650878906,354.6030307348634,350.245734495296,4.357296239567404,5.2113576123275855,-0.8540613727601816,58.72555496633021,351.6045745849609,10.462626877870584,372.52982834070207,330.67932082921976,0.11902719855361167,17831300.0,0.7952645067942327,0.022244310523441238,0.02485050653791832,0.01917364177250277,-0.038469850519975424,0.03665192401840445,0.011283824179029622,1,0.0,0.0,0.0,0.0,0.0,0.0,0.0,0.0,0.0,0.0,0.0,0.0,0.0,0.2014,0.0,0.0,0.0,0.0,0.0,0.0,0.0,0.0,0.0,0.0,0.0,0.0,0.0,0.0,0.0,0.0,0.0,295.0,289.0,0.0,42.0,40.0,0.0,0.2014,0.0,0.0,0.0,0.0,0.0,0.0,0.0
2021-08-05,360.9895935058594,361.9145120304335,354.9527048671893,357.67777573838714,10247200,0.011283824179029622,0.011220636721460335,354.33212890625,360.3272216796875,352.4658493041992,342.84930725097655,355.5855788534782,351.04157590348586,4.5440029499923185,5.077886679860533,-0.5338837298682142,63.042721918508036,352.4658493041992,10.492188333109628,373.45022597041844,331.48147263797995,0.1190718289879396,13198100.0,0.7764147869769134,0.013738817508179069,0.024726774799497694,0.01894829652687059,0.012977240502931808,0.03354310168120511,0.0014877114174622896,1,0.4333,0.0,1.0,1.0,0.0,3.0,0.0,292.0,42.0,0.4333,0.0,3.0,0.0,0.0,0.2014,0.0,0.0,0.0,0.0,0.0,0.0,0.0,0.0,0.0,0.0,0.0,0.0,0.0,0.0,0.0,0.0,0.0,295.0,0.0,0.0,42.0,0.0,0.0,0.2014,0.0,0.0,0.0,0.0,0.0,0.0
2021-08-06,361.5266418457031,363.15767796460426,359.4281385557844,359.4281385557844,8925000,0.0014877114174622896,0.0014866058711848482,355.766259765625,359.70264892578126,353.1167785644531,343.56239501953127,356.4995885445897,351.81824745476126,4.681341089828436,4.9985775618541135,-0.3172364720256775,66.6124669984669,353.1167785644531,10.63656544538852,374.38990945523017,331.84364767367606,0.12048779430566847,11787860.0,0.7571348828370883,0.01301379231455573,0.017648596746641116,0.018764970568552444,0.02023573623371311,-0.01698259047984163,-0.0052268580480066,0,0.0667,0.0,1.0,1.0,0.0,2.0,0.0,268.0,42.0,0.0667,0.0,2.0,0.4333,0.0,0.0,0.0,0.0,0.0,1.0,0.0,0.0,0.0,0.0,0.0,3.0,0.0,0.0,0.0,0.0,0.0,292.0,0.0,0.0,42.0,0.0,0.0,0.4333,0.0,0.0,0.0,0.0,0.0,3.0,0.0,0.0
2021-08-09,359.6369934082031,363.7842546907261,358.7817002505478,361.77528700448175,7798900,-0.0052268580480066,-0.005240565857245938,357.6877075195313,358.6235748291016,353.53697204589844,344.1364453125,356.9822662159148,352.3974138216829,4.584852394231916,4.915832528329674,-0.33098013409775806,62.93269510018674,353.53697204589844,10.723873416547772,374.984718878994,332.0892252128029,0.12133241233005224,10711560.0,0.7280825575359705,0.011056117454958228,0.017396933625581496,0.018778838252433958,0.0274469202752452,-0.029130488798317034,-0.001327327182077287,0,0.05,0.0707,2.0,0.0,0.0,0.0,0.0,285.0,80.0,0.05,0.0707,0.0,0.0667,0.4333,0.0,0.0,0.0,0.0,1.0,1.0,0.0,0.0,0.0,0.0,2.0,3.0,0.0,0.0,0.0,0.0,268.0,292.0,0.0,42.0,42.0,0.0,0.0667,0.4333,0.0,0.0,0.0,0.0,2.0,3.0,0.0
2021-08-10,359.1596374511719,362.1134339987709,357.08104437709414,359.85579995887605,7469900,-0.001327327182077287,-0.0013282088610721157,359.6549133300781,357.9592254638672,353.98650817871095,344.78091003417967,357.31724640595434,352.89831927571913,4.418927130235204,4.81645144871078,-0.39752431847557634,60.19988951042194,353.98650817871095,10.763624565487078,375.5137573096851,332.4592590477368,0.12162751197345675,9724320.0,0.7681668229757967,0.010942881010514835,0.017062402488186426,0.01876179323538112,0.028157355575908927,-0.0181613908888707,-0.003239883139887767,0,0.0,0.0,0.0,0.0,0.0,0.0,0.0,0.0,0.0,0.0,0.0,0.0,0.05,0.0667,0.4333,0.0707,0.0,0.0,0.0,1.0,1.0,0.0,0.0,0.0,0.0,2.0,3.0,0.0,0.0,0.0,285.0,268.0,292.0,80.0,42.0,42.0,0.05,0.0667,0.4333,0.0707,0.0,0.0,0.0,2.0,3.0
2021-08-11,357.9960021972656,360.3829014100535,355.8577389514572,360.12434064312265,8400300,-0.003239883139887767,-0.0032451429250666417,359.8617736816406,356.6344879150391,354.5996429443359,345.3941455078125,357.4216703738484,353.2759254180559,4.145744955792452,4.6823101501271145,-0.5365651943346625,56.332121146595455,354.5996429443359,10.617013872525215,375.83367068938634,333.3656151992855,0.1197633904464121,8568260.0,0.980397420246351,0.00646806764826873,0.016038546457441735,0.01850554569355819,0.002897514653642519,-0.03568380282193784,0.007472968838562188,1,0.1,0.0,1.0,0.0,0.0,0.0,0.0,281.0,40.0,0.1,0.0,0.0,0.0,0.05,0.0667,0.0,0.0707,0.0,0.0,0.0,1.0,0.0,0.0,0.0,0.0,0.0,2.0,0.0,0.0,0.0,0.0,285.0,268.0,0.0,80.0,42.0,0.0,0.05,0.0667,0.0,0.0707,0.0,0.0,0.0,2.0
2021-08-12,360.6712951660156,361.01939155866864,355.16151413538887,356.4942295073823,7170700,0.007472968838562188,0.007445184541860821,359.79811401367186,357.06512145996095,355.5041778564453,346.06048889160155,357.9216126495664,353.8237305845715,4.097882064994906,4.565424533100673,-0.4675424681057674,43.307054906265165,355.5041778564453,10.305191622447571,376.1145611013405,334.89379461155016,0.1159501605250769,7952960.0,0.9016391381322174,0.004937062047323715,0.009845775125812833,0.018356611844338545,-0.0008817382704927601,0.01208405970284221,0.0014615250340632713,1,0.0667,0.0,1.0,1.0,0.0,2.0,0.0,266.0,40.0,0.0667,0.0,2.0,0.1,0.0,0.05,0.0,0.0,0.0707,0.0,0.0,0.0,0.0,0.0,0.0,0.0,0.0,0.0,0.0,0.0,0.0,281.0,0.0,285.0,40.0,0.0,80.0,0.1,0.0,0.05,0.0,0.0,0.0707,0.0,0.0,0.0
2021-08-13,361.1984252929688,362.6703611056754,359.50771897202475,360.98957958442526,7195700,0.0014615250340632713,0.0014604580458441494,359.732470703125,357.749365234375,356.5991714477539,346.7992352294922,358.4257376716283,354.370004266675,4.055733404953344,4.463486307471207,-0.40775290251786345,40.93756929586418,356.5991714477539,9.634271299135982,375.86771404602587,337.33062884948197,0.10806835315990083,7607100.0,0.9459189441442862,0.0049348817180971775,0.00954573951939659,0.018131378669251717,-0.0009078626987452099,0.019309502264859724,0.009306719050334644,1,0.0333,0.0471,2.0,0.5,0.7071,2.0,0.0,278.5,80.0,0.0333,0.0471,2.0,0.0667,0.1,0.0,0.0,0.0,0.0,1.0,0.0,0.0,0.0,0.0,0.0,2.0,0.0,0.0,0.0,0.0,0.0,266.0,281.0,0.0,40.0,40.0,0.0,0.0667,0.1,0.0,0.0,0.0,0.0,2.0,0.0,0.0
2021-08-16,364.55999755859375,364.9478842353429,355.4300921413073,360.5420318365212,11222100,0.009306719050334644,0.00926367837946059,360.7170715332031,359.2023895263672,358.07159423828125,347.5194842529297,359.3694699619307,355.12481858459495,4.244651377335742,4.419719321444115,-0.17506794410837223,48.748296903298524,358.07159423828125,8.340959274049688,374.7535127863806,341.3896756901819,0.09317644189892517,8291740.0,1.353407125645522,0.005464872115410924,0.008348189489073501,0.01779233190706872,0.013688814667635718,0.04151145074772611,-0.022124574603073044,0,0.2116,0.2168,3.0,0.3333,0.5774,3.0,0.0,285.3333,120.0,0.2116,0.2168,3.0,0.0333,0.0667,0.1,0.0471,0.0,0.0,0.5,1.0,0.0,0.7071,0.0,0.0,2.0,2.0,0.0,0.0,0.0,0.0,278.5,266.0,281.0,80.0,40.0,40.0,0.0333,0.0667,0.1,0.0471,0.0,0.0,2.0,2.0,0.0
2021-08-17,356.4942626953125,362.6803267868874,353.13269955520906,360.9995452168357,12328700,-0.022124574603073044,-0.022372993955203046,360.1839965820312,359.91945495605466,358.9065139770508,347.9544989013672,358.92713038245097,355.2262588890926,3.7008714933583633,4.275949755826964,-0.575078262468601,35.89496939963752,358.9065139770508,7.1686613796472765,373.2438367363454,344.5691912177562,0.07989446945625142,9263500.0,1.330890052356021,0.012594064662998172,0.011725444691192263,0.01858015562425186,-0.007421142238517087,0.020527253596602568,-0.008369398586016152,0,0.1,0.0,1.0,0.0,0.0,0.0,0.0,281.0,40.0,0.1,0.0,0.0,0.2116,0.0333,0.0667,0.2168,0.0471,0.0,0.3333,0.5,1.0,0.5774,0.7071,0.0,3.0,2.0,2.0,0.0,0.0,0.0,285.3333,278.5,266.0,120.0,80.0,40.0,0.2116,0.0333,0.0667,0.2168,0.0471,0.0,3.0,2.0,2.0
2021-08-18,353.5106201171875,357.89653174325144,353.2122387545048,354.30624304886953,10042400,-0.008369398586016152,-0.008404618653893163,359.28692016601565,359.5743469238281,359.36499786376953,348.3875225830078,358.093821110872,355.09917453561815,2.994646575253853,4.019689119712342,-1.025042544458489,46.46638664034147,359.36499786376953,6.444745141085236,372.25448814594,346.47550758159906,0.07173481200891303,9591920.0,1.0469645284781357,0.01298185219257911,0.009801663831309478,0.018550420689592152,-0.012529140137175543,-0.00966792885067791,-0.000928448917957736,0,0.0,0.0,0.0,0.0,0.0,0.0,0.0,0.0,0.0,0.0,0.0,0.0,0.1,0.2116,0.0333,0.0,0.2168,0.0471,0.0,0.3333,0.5,0.0,0.5774,0.7071,0.0,3.0,2.0,0.0,0.0,0.0,281.0,285.3333,278.5,40.0,120.0,80.0,0.1,0.2116,0.0333,0.0,0.2168,0.0471,0.0,3.0,2.0
2021-08-19,353.1824035644531,355.61904811260365,349.08488780029035,349.43298421446457,12004500,-0.000928448917957736,-0.0009288801936199764,357.7891418457031,358.7936279296875,359.5604248046875,348.8822082519531,357.338218411423,354.95719150071704,2.381026910705941,3.6919566779110617,-1.3109297672051206,48.4840409595923,359.5604248046875,6.176311834334413,371.9130484733563,347.2078011360187,0.06870958435082904,10558680.0,1.1369318892134244,0.011872633578955957,0.00882309098204887,0.01830633369828321,-0.02076375830828292,-0.021627188378436024,0.011967858861438918,1,0.4333,0.0,1.0,0.3333,0.0,2.0,1.0,293.0,42.0,0.4333,0.0,2.0,0.0,0.1,0.2116,0.0,0.0,0.2168,0.0,0.0,0.3333,0.0,0.0,0.5774,0.0,0.0,3.0,0.0,0.0,0.0,0.0,281.0,285.3333,0.0,40.0,120.0,0.0,0.1,0.2116,0.0,0.0,0.2168,0.0,0.0,3.0
2021-08-20,357.40924072265625,358.02585309179267,351.3823070453139,352.6652771898189,8697700,0.011967858861438918,0.01189681034257275,357.03130493164065,358.3818878173828,359.04226837158205,349.41747192382815,357.34914492084346,355.13882477641624,2.2103201444272145,3.395629371214292,-1.1853092267870777,59.55687822846145,359.04226837158205,5.878648103670505,370.7995645789231,347.284972164241,0.06549254638271781,10859080.0,0.8009610390567157,0.013871324452793661,0.0098640424099255,0.013917141860542227,-0.01049058994994001,-0.0113889286333817,0.011074930415060802,1,0.0,0.0,0.0,0.0,0.0,0.0,0.0,0.0,0.0,0.0,0.0,0.0,0.4333,0.0,0.1,0.0,0.0,0.0,0.3333,0.0,0.0,0.0,0.0,0.0,2.0,0.0,0.0,1.0,0.0,0.0,293.0,0.0,281.0,42.0,0.0,40.0,0.4333,0.0,0.1,0.0,0.0,0.0,2.0,0.0,0.0
2021-08-23,361.3675231933594,363.6947522196447,357.1407117229497,357.478852998454,10942000,0.011074930415060802,0.011014052440370542,356.39281005859374,358.55494079589846,358.5892578125,350.0557702636719,357.96735696276903,355.60020984433794,2.3671471184310917,3.189932920657652,-0.8227858022265604,64.38581565247313,358.5892578125,5.272995600961389,369.1352490144228,348.04326661057723,0.058819337011133226,10803060.0,1.0128611708164168,0.01424996255786848,0.010436800936688445,0.014067739153060687,-0.00875706162665657,0.004811879247338835,0.005944706535799149,1,0.0,0.0,0.0,0.0,0.0,0.0,0.0,0.0,0.0,0.0,0.0,0.0,0.0,0.4333,0.0,0.0,0.0,0.0,0.0,0.3333,0.0,0.0,0.0,0.0,0.0,2.0,0.0,0.0,1.0,0.0,0.0,293.0,0.0,0.0,42.0,0.0,0.0,0.4333,0.0,0.0,0.0,0.0,0.0,2.0,0.0
2021-08-24,363.5157470703125,365.9523613910016,359.8657576382956,361.6758348029704,9235100,0.005944706535799149,0.005927106484880736,357.79710693359374,358.9905517578125,358.47488861083986,350.6274353027344,358.8209554408527,356.1865459351509,2.6344095057017967,3.0788282376664813,-0.4444187319646846,59.01011001108417,358.47488861083986,5.131194032633561,368.737276676107,348.2125005455727,0.05725582678907246,10184340.0,0.9067941565187336,0.008581894680172546,0.010545829338550677,0.01388813964959115,0.019695925319844765,0.012128616818009919,0.007879490423016833,1,0.1,0.0,1.0,0.0,0.0,0.0,0.0,281.0,40.0,0.1,0.0,0.0,0.0,0.0,0.4333,0.0,0.0,0.0,0.0,0.0,0.3333,0.0,0.0,0.0,0.0,0.0,2.0,0.0,0.0,1.0,0.0,0.0,293.0,0.0,0.0,42.0,0.0,0.0,0.4333,0.0,0.0,0.0,0.0,0.0,2.0
2021-08-25,366.3800659179688,368.8365603750457,363.4063588232145,363.6052797566888,9684500,0.007879490423016833,0.00784860935036017,360.37099609375,359.82895812988284,358.2317230224609,351.2567834472656,359.9838955142552,356.9416214894337,3.042274024821495,3.0715173950974846,-0.029243370275989555,57.65541177174237,358.2317230224609,4.579869089998515,367.39146120245795,349.0719848424639,0.05113862112888707,10112760.0,0.9576515214441953,0.0051443162577737,0.01060508274742664,0.013572613627677421,0.036404693574736635,0.023419433930112143,-0.010885389430981274,0,0.0,0.0,0.0,0.0,0.0,0.0,0.0,0.0,0.0,0.0,0.0,0.0,0.1,0.0,0.0,0.0,0.0,0.0,0.0,0.0,0.0,0.0,0.0,0.0,0.0,0.0,0.0,0.0,0.0,0.0,281.0,0.0,0.0,40.0,0.0,0.0,0.1,0.0,0.0,0.0,0.0,0.0,0.0,0.0,0.0
2021-08-26,362.3918762207031,367.4242654417327,362.1432402696599,366.37005143739486,7888700,-0.010885389430981274,-0.010945068766208333,362.212890625,360.0010162353516,358.53306884765624,351.9191497802734,360.3543540844779,357.3453440621203,3.009010022357586,3.059015920549505,-0.05000589819191914,51.11908603763337,358.53306884765624,4.648342658892805,367.82975416544184,349.23638352987064,0.05185956959376511,9289600.0,0.8491969514295556,0.00931118498248836,0.011195832185259333,0.010267761795679063,0.02607568373538549,0.004770496232297861,0.022641198963490927,1,0.0,0.0,0.0,0.0,0.0,0.0,0.0,0.0,0.0,0.0,0.0,0.0,0.0,0.1,0.0,0.0,0.0,0.0,0.0,0.0,0.0,0.0,0.0,0.0,0.0,0.0,0.0,0.0,0.0,0.0,0.0,281.0,0.0,0.0,40.0,0.0,0.0,0.1,0.0,0.0,0.0,0.0,0.0,0.0,0.0
2021-08-27,370.5968627929688,371.70079184764745,362.0934950523393,363.1079491577936,11219100,0.022641198963490927,0.022388691296846244,364.85041503906257,360.94085998535155,359.3451126098633,352.6376080322266,361.93012465501494,358.32693804218314,3.6031866128317915,3.167850059005963,0.4353365538258287,62.184830042159525,359.3451126098633,5.2587446708882775,369.8626019516399,348.8276232680867,0.05853698282071973,9793880.0,1.1455214889298215,0.012067297776096084,0.01321271821075596,0.011224251919550626,0.03689782067091518,0.026020150814270337,0.021549578144024695,1,0.0,0.0,0.0,0.0,0.0,0.0,0.0,0.0,0.0,0.0,0.0,0.0,0.0,0.0,0.1,0.0,0.0,0.0,0.0,0.0,0.0,0.0,0.0,0.0,0.0,0.0,0.0,0.0,0.0,0.0,0.0,0.0,281.0,0.0,0.0,40.0,0.0,0.0,0.1,0.0,0.0,0.0,0.0,0.0,0.0
2021-08-30,378.58306884765625,379.4085268958036,368.4983795531824,370.5272575229769,13547300,0.021549578144024695,0.02132066874684142,368.2935241699219,362.3431671142578,360.7727783203125,353.65204345703125,364.4921160692674,359.82739217592194,4.664723893345467,3.4672248258738647,1.1974990674716026,68.50475566350471,360.7727783203125,6.3577221724462,373.4882226652049,348.05733397542014,0.07049004309079525,10314940.0,1.3133668252069328,0.013681065997364626,0.014410872906197685,0.011462887689437175,0.0476399912813561,0.038465743315155176,-0.003362645813399179,0,0.2014,0.0,1.0,0.0,0.0,0.0,0.0,282.0,40.0,0.2014,0.0,0.0,0.0,0.0,0.0,0.0,0.0,0.0,0.0,0.0,0.0,0.0,0.0,0.0,0.0,0.0,0.0,0.0,0.0,0.0,0.0,0.0,0.0,0.0,0.0,0.0,0.0,0.0,0.0,0.0,0.0,0.0,0.0,0.0,0.0
2021-08-31,377.3100280761719,380.67159094405554,376.7331756811143,377.8769253209833,12345400,-0.003362645813399179,-0.0033683122131285452,371.0523803710938,364.42474365234375,362.1720993041992,354.5887042236328,366.4641025318681,361.12240224260717,5.3417002892609275,3.8421199185512775,1.49958037070965,68.36224644930374,362.1720993041992,6.7715626218343345,375.7152245478679,348.62897406053054,0.07478834106596043,10937000.0,1.128773886806254,0.014855886181285064,0.0115962836111057,0.011503872380045535,0.037946859570821445,0.0583901834028957,0.0070378636807200134,1,0.0,0.0,1.0,0.0,0.0,0.0,0.0,289.0,40.0,0.0,0.0,0.0,0.2014,0.0,0.0,0.0,0.0,0.0,0.0,0.0,0.0,0.0,0.0,0.0,0.0,0.0,0.0,0.0,0.0,0.0,282.0,0.0,0.0,40.0,0.0,0.0,0.2014,0.0,0.0,0.0,0.0,0.0,0.0,0.0,0.0
2021-09-01,379.9654846191406,382.2330434956928,376.74317209748,377.5189151249565,11567200,0.0070378636807200134,0.0070132135069233765,373.76946411132815,367.0702301025391,363.3222885131836,355.4444091796875,368.5412382376024,362.5181861223504,6.023052115251971,4.278306357891417,1.7447457573605547,68.35030888026401,363.3222885131836,7.726321201254007,378.7749309156916,347.8696461106756,0.08506300268967547,11313540.0,1.022420922187043,0.014856192198294415,0.010481678916564175,0.01073910739601619,0.03708012516219572,0.07483470933117498,-0.017720195693273322,0,0.4333,0.0,1.0,1.0,0.0,3.0,0.0,292.0,42.0,0.4333,0.0,3.0,0.0,0.2014,0.0,0.0,0.0,0.0,0.0,0.0,0.0,0.0,0.0,0.0,0.0,0.0,0.0,0.0,0.0,0.0,289.0,282.0,0.0,40.0,40.0,0.0,0.0,0.2014,0.0,0.0,0.0,0.0,0.0,0.0,0.0
2021-09-02,373.232421875,379.6671219202785,372.0190771410024,379.4184859530746,14832900,-0.017720195693273322,-0.01787907811082535,375.9375732421875,369.0752319335937,363.93442993164064,356.134423828125,369.26295879720203,363.31183321513925,5.951125582062787,4.6128702027256905,1.3382553793370962,60.23686027735803,363.93442993164064,8.011503839781943,379.9574376112045,347.91142225207676,0.08805436563159767,12702380.0,1.1677260481893945,0.017103352107756705,0.012989847893332516,0.01151761091583985,0.029913876015517538,0.0567695845211833,0.002611348413092962,1,0.0,0.0,0.0,0.0,0.0,0.0,0.0,0.0,0.0,0.0,0.0,0.0,0.4333,0.0,0.2014,0.0,0.0,0.0,1.0,0.0,0.0,0.0,0.0,0.0,3.0,0.0,0.0,0.0,0.0,0.0,292.0,289.0,282.0,42.0,40.0,40.0,0.4333,0.0,0.2014,0.0,0.0,0.0,3.0,0.0,0.0
2021-09-03,374.2070617675781,375.1021451218308,371.0742245010912,372.7052909097427,7509600,0.002611348413092962,0.0026079447669420156,376.65961303710935,370.75501403808596,364.5684509277344,356.7924139404297,370.02359002341376,364.11888718198657,5.904702841427195,4.871236730465991,1.0334661109612036,58.55375132250792,364.5684509277344,8.307224346828157,381.1828996213907,347.9540022340781,0.09114583914969458,11960480.0,0.6278677778818241,0.014366464617611641,0.012817053371889204,0.011519097028727353,0.009741579967518899,0.0469988437091271,0.015733789962939948,1,0.2014,0.0,1.0,0.0,0.0,0.0,0.0,288.0,42.0,0.2014,0.0,0.0,0.0,0.4333,0.0,0.0,0.0,0.0,0.0,1.0,0.0,0.0,0.0,0.0,0.0,3.0,0.0,0.0,0.0,0.0,0.0,292.0,289.0,0.0,42.0,40.0,0.0,0.4333,0.0,0.0,0.0,0.0,0.0,3.0,0.0
2021-09-07,380.0947570800781,380.870500060405,371.1140274285341,373.8291430352128,10793800,0.015733789962939948,0.015611297070629533,376.9619506835937,372.6277374267578,365.5913391113281,357.60416015625,371.57300033982364,365.3022849522156,6.27071538760805,5.151132461894403,1.1195829257136465,71.7665337232506,365.5913391113281,8.90597213987631,383.4032833910807,347.77939483157553,0.09744182848012484,11409780.0,0.9460129818453993,0.012505171514655952,0.013155647213642757,0.011797422666460148,0.003993015950298995,0.051823234476713775,-0.012062357561595016,0,0.0,0.0,0.0,0.0,0.0,0.0,0.0,0.0,0.0,0.0,0.0,0.0,0.2014,0.0,0.4333,0.0,0.0,0.0,0.0,0.0,1.0,0.0,0.0,0.0,0.0,0.0,3.0,0.0,0.0,0.0,288.0,0.0,292.0,42.0,0.0,42.0,0.2014,0.0,0.4333,0.0,0.0,0.0,0.0,0.0,3.0
2021-09-08,375.5099182128906,378.7919006855534,372.7450876013604,378.0857830701272,11067200,-0.012062357561595016,-0.012135698166986572,376.6019287109375,373.8271545410156,366.4088531494141,358.0403662109375,372.17868001260314,366.05840593448784,6.120274078115301,5.344960785138583,0.7753132929767181,69.70768975888953,366.4088531494141,9.034015533317312,384.4768842160487,348.3408220827795,0.09862224076374501,11154140.0,0.9922055846528732,0.013779853115359881,0.01422280924160596,0.012232989453058857,-0.0047709038438751294,0.03299491490875672,0.0011388322958307828,1,0.0,0.0,1.0,0.0,0.0,0.0,0.0,301.0,40.0,0.0,0.0,0.0,0.0,0.2014,0.0,0.0,0.0,0.0,0.0,0.0,0.0,0.0,0.0,0.0,0.0,0.0,0.0,0.0,0.0,0.0,0.0,288.0,0.0,0.0,42.0,0.0,0.0,0.2014,0.0,0.0,0.0,0.0,0.0,0.0,0.0
2021-09-09,375.93756103515625,377.7575628571262,374.5153706678776,375.5795398312547,9098900,0.0011388322958307828,0.0011381843182436447,375.7963439941406,374.78290405273435,367.3059310913086,358.5597161865234,372.75696940068826,366.790195201204,5.9667741994842345,5.469323468007714,0.49745073147652086,70.3485646263367,367.3059310913086,9.04544239010138,385.39681587151136,349.2150463111058,0.09850581354051458,10660480.0,0.8535169148105901,0.013171578026553778,0.01414339194096799,0.012167641979658863,-0.010600761771879852,0.02608628581700012,0.0018254328655196161,1,0.4333,0.0,1.0,1.0,0.0,3.0,0.0,291.0,42.0,0.4333,0.0,3.0,0.0,0.0,0.2014,0.0,0.0,0.0,0.0,0.0,0.0,0.0,0.0,0.0,0.0,0.0,0.0,0.0,0.0,0.0,301.0,0.0,288.0,40.0,0.0,42.0,0.0,0.0,0.2014,0.0,0.0,0.0,0.0,0.0,0.0
2021-09-10,376.6238098144531,381.6959894769733,376.1961632468094,379.27922487500285,11549600,0.0018254328655196161,0.0018237687877467694,376.47462158203126,376.2060974121094,368.10355682373046,359.1759356689453,373.35186792588286,367.51861109848176,5.833256827401101,5.5421101398863915,0.2911466875147095,68.34402293967958,368.10355682373046,9.132535436494784,386.36862769672,349.8384859507409,0.09923876330125188,10003820.0,1.1545189737520267,0.009841231241124244,0.013338222985200245,0.012112013002667957,0.009086530913943403,0.039272220288631754,-0.005756567286073655,0,0.4333,0.0,1.0,1.0,0.0,2.0,0.0,292.0,42.0,0.4333,0.0,2.0,0.4333,0.0,0.0,0.0,0.0,0.0,1.0,0.0,0.0,0.0,0.0,0.0,3.0,0.0,0.0,0.0,0.0,0.0,291.0,301.0,0.0,42.0,40.0,0.0,0.4333,0.0,0.0,0.0,0.0,0.0,3.0,0.0,0.0
2021-09-13,374.4557495117188,379.6671500581966,372.3075309537401,379.5975246979626,13026300,-0.005756567286073655,-0.00577320018250711,376.52435913085935,376.59198608398435,368.766423034668,359.61592163085936,373.5216958621653,368.032473203166,5.489222658999324,5.531532643708979,-0.042309984709654636,62.93747598026177,368.766423034668,9.085971096881599,386.93836522843117,350.5944808409048,0.09855529711312588,11107160.0,1.172784042005337,0.010376237921287553,0.011854574164287075,0.012243135109021669,0.0006645725576797101,0.010412626511913325,5.2974018444285065e-05,1,0.0,0.0,0.0,0.0,0.0,0.0,0.0,0.0,0.0,0.0,0.0,0.0,0.4333,0.4333,0.0,0.0,0.0,0.0,1.0,1.0,0.0,0.0,0.0,0.0,2.0,3.0,0.0,0.0,0.0,0.0,292.0,291.0,301.0,42.0,42.0,40.0,0.4333,0.4333,0.0,0.0,0.0,0.0,2.0,3.0,0.0
2021-09-14,374.4755859375,376.5243437928771,373.0633203487982,375.3408342107525,8711600,5.2974018444285065e-05,5.297261537052075e-05,375.40052490234376,376.1812377929688,369.26220245361327,360.0501385498047,373.66844818144756,368.50974081311665,5.158707368330909,5.456967588633366,-0.29826022030245714,61.30947732259779,369.26220245361327,9.114843665299917,387.49188978421313,351.0325151230134,0.09873573417192556,10690720.0,0.814874956972028,0.0059045005616887,0.00943667678599027,0.012121756297729422,-0.01478360602957296,-0.010849621253952946,-0.006931649859308497,0,0.0333,0.0577,3.0,0.0,0.0,0.0,0.0,284.3333,118.0,0.0333,0.0577,0.0,0.0,0.4333,0.4333,0.0,0.0,0.0,0.0,1.0,1.0,0.0,0.0,0.0,0.0,2.0,3.0,0.0,0.0,0.0,0.0,292.0,291.0,0.0,42.0,42.0,0.0,0.4333,0.4333,0.0,0.0,0.0,0.0,2.0,3.0
2021-09-15,371.8798522949219,375.499976151174,365.663953189825,374.9430340194429,17940300,-0.006931649859308497,-0.006955785341332824,374.67451171875,375.6382202148437,370.03148193359374,360.4706317138672,373.3932795835205,368.75937870065775,4.633900882862747,5.292354247479243,-0.6584533646164958,55.70687299827032,370.03148193359374,8.616151028791736,387.2637839911772,352.79917987601027,0.09313965378046399,12065340.0,1.4869286733734814,0.004096102541445509,0.0095999330186333,0.01099256839223757,-0.009667030727829484,-0.014391814097646338,-0.0022999798371197144,0,0.0,0.0,0.0,0.0,0.0,0.0,0.0,0.0,0.0,0.0,0.0,0.0,0.0333,0.0,0.4333,0.0577,0.0,0.0,0.0,0.0,1.0,0.0,0.0,0.0,0.0,0.0,2.0,0.0,0.0,0.0,284.3333,0.0,292.0,118.0,0.0,42.0,0.0333,0.0,0.4333,0.0577,0.0,0.0,0.0,0.0,2.0
2021-09-16,371.0245361328125,371.5218080710542,367.692808076379,370.75602021254736,11934200,-0.0022999798371197144,-0.0023026288533139756,373.69190673828126,374.74412536621094,370.907177734375,360.9195703125,373.0288575141808,368.92716814007656,4.1016893741042395,5.054221272804242,-0.9525318987000029,59.580610571507364,370.907177734375,7.688794071633384,386.2847658776418,355.5295895911082,0.08291879514005762,12632400.0,0.9447294259206485,0.003722816005724236,0.009129863061269712,0.010767713544078574,-0.013068725798016989,-0.023530949121050027,-0.022355649886014795,0,0.2667,0.2357,2.0,0.5,0.7071,3.0,0.0,286.5,82.0,0.2667,0.2357,3.0,0.0,0.0333,0.0,0.0,0.0577,0.0,0.0,0.0,0.0,0.0,0.0,0.0,0.0,0.0,0.0,0.0,0.0,0.0,0.0,284.3333,0.0,0.0,118.0,0.0,0.0,0.0333,0.0,0.0,0.0577,0.0,0.0,0.0,0.0
2021-09-17,362.7300415039063,369.3835424227223,359.61711433443367,369.3835424227223,26299000,-0.022355649886014795,-0.02260932527428356,370.91315307617185,373.6938873291016,371.3845596313477,361.29888916015625,371.44442428183083,368.46812172258245,2.9763025592483814,4.63863753009307,-1.6623349708446886,41.28663581260955,371.3845596313477,6.7721317458874655,384.92882312312264,357.8402961395728,0.07293929238856643,15582280.0,1.6877504447359437,0.008776841579277701,0.010067046961140769,0.012106922734791858,-0.03689030791067538,-0.028138981919987316,-0.024731241236493173,0,0.0,0.0,0.0,0.0,0.0,0.0,0.0,0.0,0.0,0.0,0.0,0.0,0.2667,0.0,0.0333,0.2357,0.0,0.0577,0.5,0.0,0.0,0.7071,0.0,0.0,3.0,0.0,0.0,0.0,0.0,0.0,286.5,0.0,284.3333,82.0,0.0,118.0,0.2667,0.0,0.0333,0.2357,0.0,0.0577,3.0,0.0,0.0
2021-09-20,353.75927734375,359.0601829758789,347.8914440533356,357.33961110262305,19822800,-0.024731241236493173,-0.025042195954921666,366.77385864257815,371.6491088867188,371.2020614624024,361.40391357421873,368.723632445203,367.3785776945208,1.345054750682209,3.9799209742108976,-2.6348662235286886,23.091809109457927,371.2020614624024,7.203977427614436,385.6100163176313,356.79410660717355,0.07762863599661442,16941580.0,1.1700679629644932,0.011528090766057734,0.01196663961121963,0.013157150558874613,-0.05527080888718228,-0.0546429677923298,0.005004147693785654,1,0.0,0.0,1.0,0.0,0.0,0.0,0.0,283.0,38.0,0.0,0.0,0.0,0.0,0.2667,0.0,0.0,0.2357,0.0,0.0,0.5,0.0,0.0,0.7071,0.0,0.0,3.0,0.0,0.0,0.0,0.0,0.0,286.5,0.0,0.0,82.0,0.0,0.0,0.2667,0.0,0.0,0.2357,0.0,0.0,3.0,0.0
2021-09-21,355.529541015625,358.07557080480603,353.2520271354739,356.5439648008072,11751900,0.005004147693785654,0.00499166856101598,362.9846496582031,369.1925872802735,370.91016235351566,361.48984191894533,366.693772225268,366.50087127386183,0.19290095140615904,3.2225169696499503,-3.0296160182437912,26.642435381603406,370.91016235351566,7.723014741216823,386.3561918359493,355.46413287108203,0.08328717328435974,17549640.0,0.6696376677812195,0.012875903543467225,0.01019763431340766,0.012946074378471489,-0.050593538359633095,-0.06462918945045526,-0.0399183965104869,0,0.0,0.0,0.0,0.0,0.0,0.0,0.0,0.0,0.0,0.0,0.0,0.0,0.0,0.0,0.2667,0.0,0.0,0.2357,0.0,0.0,0.5,0.0,0.0,0.7071,0.0,0.0,3.0,0.0,0.0,0.0,283.0,0.0,286.5,38.0,0.0,82.0,0.0,0.0,0.2667,0.0,0.0,0.2357,0.0,0.0,3.0
2021-09-22,341.3373718261719,347.9312021290117,338.8311323565375,345.3354573587906,43692900,-0.0399183965104869,-0.0407369944979499,356.87615356445315,365.7753326416016,369.80124359130866,361.31321105957034,362.792787548484,364.6369083518107,-1.844120803326689,2.2091894150546225,-4.053310218381311,16.791950097910956,369.80124359130866,10.074806313766256,389.9508562188412,349.65163096377614,0.10897536434356161,22700160.0,1.924783790070202,0.01812376476601875,0.014674094437194132,0.01550895774456246,-0.0821299682686979,-0.09100304606959819,0.008012736408223198,1,0.0,0.0,0.0,0.0,0.0,0.0,0.0,0.0,0.0,0.0,0.0,0.0,0.0,0.0,0.0,0.0,0.0,0.0,0.0,0.0,0.0,0.0,0.0,0.0,0.0,0.0,0.0,0.0,0.0,0.0,0.0,283.0,0.0,0.0,38.0,0.0,0.0,0.0,0.0,0.0,0.0,0.0,0.0,0.0,0.0
2021-09-23,344.0724182128906,347.7621981391355,341.128576604054,343.47568576960776,21806300,0.008012736408223198,0.007980804894970071,351.48572998046876,362.58881835937507,368.6858612060547,361.2799932861328,359.9127307276235,363.1136127859648,-3.2008820583412785,1.127175120375442,-4.328057178716721,23.0811272224272,368.6858612060547,11.593825862142621,391.8735129303399,345.4982094817695,0.12578541335126425,24674580.0,0.8837556708158761,0.0206111403273098,0.015367116464002276,0.01551391755556086,-0.07264241389759207,-0.08476179590707544,0.02023341920508681,1,0.0,0.0,0.0,0.0,0.0,0.0,0.0,0.0,0.0,0.0,0.0,0.0,0.0,0.0,0.0,0.0,0.0,0.0,0.0,0.0,0.0,0.0,0.0,0.0,0.0,0.0,0.0,0.0,0.0,0.0,0.0,0.0,283.0,0.0,0.0,38.0,0.0,0.0,0.0,0.0,0.0,0.0,0.0,0.0,0.0
2021-09-24,351.0341796875,352.416610171636,340.50196423146525,341.3672125023388,18801900,0.02023341920508681,0.020031443473689618,349.1465576171875,360.0298553466797,368.1179763793946,361.4490649414063,358.5467997983738,362.2188399638563,-3.6720401654824855,0.1673320632038563,-3.839372228686342,30.737380333040548,368.1179763793946,12.181601558825662,392.4811794970459,343.75477326174325,0.13236627755739808,23175160.0,0.8112953696975554,0.025032807094042566,0.01769547506173707,0.01622772089417972,-0.03224398444615828,-0.06794480184234786,0.0017566328844178525,1,0.0,0.0,0.0,0.0,0.0,0.0,0.0,0.0,0.0,0.0,0.0,0.0,0.0,0.0,0.0,0.0,0.0,0.0,0.0,0.0,0.0,0.0,0.0,0.0,0.0,0.0,0.0,0.0,0.0,0.0,0.0,0.0,0.0,0.0,0.0,0.0,0.0,0.0,0.0,0.0,0.0,0.0,0.0,0.0,0.0
2021-09-27,351.6508178710937,353.2122590741928,345.1862825383086,347.90139830446395,15205800,0.0017566328844178525,0.0017550918093440372,348.72486572265626,357.7493621826172,367.1706741333008,361.6961102294922,357.4858795018692,361.43602351254054,-3.9501440106713517,-0.6561631515711857,-3.293980859100166,24.08477263412746,367.1706741333008,12.704147094963057,392.5789683232269,341.7623799433747,0.13840045504669934,22251760.0,0.6833526876076319,0.022860316829517925,0.01790620025720689,0.015236567729276848,-0.005960153154110803,-0.06090153955537392,-0.03656885154024658,0,0.0,0.0,0.0,0.0,0.0,0.0,0.0,0.0,0.0,0.0,0.0,0.0,0.0,0.0,0.0,0.0,0.0,0.0,0.0,0.0,0.0,0.0,0.0,0.0,0.0,0.0,0.0,0.0,0.0,0.0,0.0,0.0,0.0,0.0,0.0,0.0,0.0,0.0,0.0,0.0,0.0,0.0,0.0,0.0,0.0
2021-09-28,338.7913513183594,347.6925307819273,337.0708099085149,346.0714194747262,21710300,-0.03656885154024658,-0.03725425350490669,345.3772277832031,354.1809387207031,365.18108825683595,361.76970642089844,354.60979824286767,359.75864038704566,-5.148842144177991,-1.554698950092547,-3.5941431940854436,20.92908517008685,365.18108825683595,13.88389048676377,392.94886923036347,337.4133072833084,0.15207677432626593,24243440.0,0.895512353032408,0.027273060167137014,0.020112924585050172,0.015932863145925263,-0.04707960314479187,-0.09529121779676264,-0.003053006729261676,0,0.0667,0.0,2.0,1.0,0.0,4.0,0.0,268.0,82.0,0.0667,0.0,4.0,0.0,0.0,0.0,0.0,0.0,0.0,0.0,0.0,0.0,0.0,0.0,0.0,0.0,0.0,0.0,0.0,0.0,0.0,0.0,0.0,0.0,0.0,0.0,0.0,0.0,0.0,0.0,0.0,0.0,0.0,0.0,0.0,0.0
2021-09-29,337.75701904296875,343.34638092047214,337.03102146421867,341.2777127360052,14452200,-0.003053006729261676,-0.0030576766616182273,344.6611572265625,350.76865539550784,363.2034378051758,361.7289294433594,352.01706298134474,358.1288906578548,-6.1118276765100745,-2.466124695376053,-3.6457029811340216,20.05923537734303,363.2034378051758,14.848767892971367,392.9009735911185,333.5059020192331,0.1635311381709587,18395300.0,0.7856463335743369,0.021241335933585338,0.02021111263482385,0.015935112676551216,-0.010489190691450156,-0.09175768206149493,-0.0006476549343662485,0,0.1906,0.0,1.0,0.0,0.0,0.0,0.0,283.0,40.0,0.1906,0.0,0.0,0.0667,0.0,0.0,0.0,0.0,0.0,1.0,0.0,0.0,0.0,0.0,0.0,4.0,0.0,0.0,0.0,0.0,0.0,268.0,0.0,0.0,82.0,0.0,0.0,0.0667,0.0,0.0,0.0,0.0,0.0,4.0,0.0,0.0
2021-09-30,337.53826904296875,340.9296370355727,336.3050139673143,338.59248314967465,16547100,-0.0006476549343662485,-0.0006478647534217085,343.3543273925781,347.42002868652344,361.0820770263672,361.5928759765625,349.78955622159464,356.6036594271225,-6.814103205527886,-3.3357203974064205,-3.478382808121465,19.123151555010494,361.0820770263672,15.350233144070472,391.78254331450813,330.38161073822624,0.17004702388426282,17343460.0,0.9540829799820797,0.020571038391805616,0.020282163841810988,0.015710483607230544,-0.01899062181112976,-0.09025351109894508,0.010666289105311533,1,0.0,0.0,1.0,0.0,0.0,0.0,0.0,285.0,38.0,0.0,0.0,0.0,0.1906,0.0667,0.0,0.0,0.0,0.0,0.0,1.0,0.0,0.0,0.0,0.0,0.0,4.0,0.0,0.0,0.0,0.0,283.0,268.0,0.0,40.0,82.0,0.0,0.1906,0.0667,0.0,0.0,0.0,0.0,0.0,4.0,0.0
2021-10-01,341.1385498046875,343.1375626214993,336.7923973470681,339.7461639130024,14905300,0.010666289105311533,0.010609805535407031,341.3752014160156,345.26087951660156,359.4773834228516,361.4301696777344,348.4586321574551,355.4580957513866,-6.999463593931523,-4.068469036711441,-2.9309945572200817,24.262437149441823,359.4773834228516,15.687031286094038,390.8514459950396,328.1033208506635,0.1745537495207752,16564140.0,0.8998535390307013,0.018088602515774158,0.020592927821538074,0.01585693530063349,-0.02818993264878611,-0.059524961345078675,-0.0489199375797742,0,0.1507,0.0717,2.0,0.0,0.0,0.0,0.0,281.5,80.0,0.1507,0.0717,0.0,0.0,0.1906,0.0667,0.0,0.0,0.0,0.0,0.0,1.0,0.0,0.0,0.0,0.0,0.0,4.0,0.0,0.0,0.0,285.0,283.0,268.0,38.0,40.0,82.0,0.0,0.1906,0.0667,0.0,0.0,0.0,0.0,0.0,4.0
2021-10-04,324.4500732421875,334.1070861860798,320.9393344262675,333.69931953763825,42885000,-0.0489199375797742,-0.05015703236704864,335.9350524902344,342.3299591064453,356.98953399658205,360.5637237548828,344.76500770895234,353.16120519514965,-8.396197486197309,-4.934014726608615,-3.4621827595886936,19.269341779954388,356.98953399658205,17.109149906355146,391.20783380929237,322.77123418387174,0.19170477873470618,22099980.0,1.9404994936647002,0.02559674706906209,0.02415923665542607,0.01861119881561587,-0.07735157504703227,-0.08285070096715108,0.02062957716538838,1,0.0,0.0,0.0,0.0,0.0,0.0,0.0,0.0,0.0,0.0,0.0,0.0,0.1507,0.0,0.1906,0.0717,0.0,0.0,0.0,0.0,0.0,0.0,0.0,0.0,0.0,0.0,0.0,0.0,0.0,0.0,281.5,285.0,283.0,80.0,38.0,40.0,0.1507,0.0,0.1906,0.0717,0.0,0.0,0.0,0.0,0.0
2021-10-05,331.1433410644531,333.35122982063115,324.38045442717083,326.78723376028523,35377900,0.02062957716538838,0.02041966940162484,334.40545043945315,339.89133911132814,354.5419631958008,359.77803588867187,342.6693666867217,351.5302522965795,-8.860885609857803,-5.719388903258453,-3.1414967065993498,26.174978671150157,354.5419631958008,17.131226488022385,388.80441617184556,320.27951021975605,0.19327727904029704,24833500.0,1.4246038617190488,0.026698787097175967,0.025581854153811614,0.0189541696605866,-0.022574396377431416,-0.06859120589954049,0.0020423181292250625,1,0.1507,0.0717,2.0,0.0,0.0,0.0,0.0,280.5,80.0,0.1507,0.0717,0.0,0.0,0.1507,0.0,0.0,0.0717,0.0,0.0,0.0,0.0,0.0,0.0,0.0,0.0,0.0,0.0,0.0,0.0,0.0,0.0,281.5,285.0,0.0,80.0,38.0,0.0,0.1507,0.0,0.0,0.0717,0.0,0.0,0.0,0.0
2021-10-06,331.81964111328125,332.55559388638125,324.0223902342422,327.94089562536107,26443000,0.0020423181292250625,0.002040235432758327,333.2179748535156,338.93956604003904,352.3574493408203,359.0983660888672,341.0001781369616,350.07020702374257,-9.07002888678096,-6.389516899962955,-2.680511986818005,27.022640640113522,352.3574493408203,17.102333276125137,386.5621158930706,318.15278278857005,0.1941475431624297,27231660.0,0.9710388569775034,0.02685340412693157,0.02283654069709595,0.019006330145188318,-0.01757884394678455,-0.027883646791941663,-0.013247873230972762,0,0.4333,0.0,1.0,1.0,0.0,3.0,0.0,292.0,42.0,0.4333,0.0,3.0,0.1507,0.0,0.1507,0.0717,0.0,0.0717,0.0,0.0,0.0,0.0,0.0,0.0,0.0,0.0,0.0,0.0,0.0,0.0,280.5,0.0,281.5,80.0,0.0,80.0,0.1507,0.0,0.1507,0.0717,0.0,0.0717,0.0,0.0,0.0
2021-10-07,327.4237365722656,336.99124381786856,327.1850557540026,335.1612867253541,28307500,-0.013247873230972762,-0.013336409114391807,331.195068359375,337.2746978759766,349.93175811767577,358.22197326660154,338.9114948193161,348.39269069400353,-9.481195874687444,-7.007852694907854,-2.47334317977959,28.316655764865914,349.93175811767577,17.022114212449914,383.9759865425756,315.88752969277596,0.19457638602467942,29583740.0,0.9568600859796631,0.02713833638415027,0.022729712046971072,0.018994527097865036,-0.029965587307718144,-0.04838714398293864,0.0025211060729586343,1,0.0,0.0,1.0,0.0,0.0,0.0,0.0,289.0,40.0,0.0,0.0,0.0,0.4333,0.1507,0.0,0.0,0.0717,0.0,1.0,0.0,0.0,0.0,0.0,0.0,3.0,0.0,0.0,0.0,0.0,0.0,292.0,280.5,0.0,42.0,80.0,0.0,0.4333,0.1507,0.0,0.0,0.0717,0.0,3.0,0.0,0.0
2021-10-08,328.24920654296875,331.5809347237402,326.9165213408745,329.70126250959504,15946100,0.0025211060729586343,0.0025179334163268887,328.61719970703126,334.99620056152344,347.5130279541016,357.659658203125,337.2711427768011,346.90058075688984,-9.62943798008871,-7.532169751944025,-2.097268228144685,32.5912905845846,347.5130279541016,16.457213072076538,380.42745409825466,314.5986018099485,0.18942844438338766,29791900.0,0.5352495141296796,0.02613113863035771,0.021209191469670426,0.019011610230202026,-0.0377833090663553,-0.06490813277731255,-0.013937339567332674,0,0.2014,0.0,1.0,0.0,0.0,0.0,0.0,286.0,40.0,0.2014,0.0,0.0,0.0,0.4333,0.1507,0.0,0.0,0.0717,0.0,1.0,0.0,0.0,0.0,0.0,0.0,3.0,0.0,0.0,0.0,0.0,289.0,292.0,280.5,40.0,42.0,80.0,0.0,0.4333,0.1507,0.0,0.0,0.0717,0.0,3.0,0.0
2021-10-11,323.6742858886719,328.65692959617024,323.53503519072405,325.84238404848134,14708200,-0.013937339567332674,-0.014035376264174847,328.4620422363281,332.19854736328125,344.97395477294924,357.04602416992185,335.1793186401659,345.1801144703552,-10.000795830189304,-8.02589496759308,-1.9749008625962237,29.062646800545394,344.97395477294924,15.992424038374931,376.9588028496991,312.98910669619937,0.18543340814121037,24156540.0,0.6088703100692401,0.014186862684160443,0.021112241756665946,0.019078683967558272,-0.0023910839216748636,-0.07955770486129599,-0.005162189252490013,0,0.0,0.0,0.0,0.0,0.0,0.0,0.0,0.0,0.0,0.0,0.0,0.0,0.2014,0.0,0.4333,0.0,0.0,0.0,0.0,0.0,1.0,0.0,0.0,0.0,0.0,0.0,3.0,0.0,0.0,0.0,286.0,289.0,292.0,40.0,40.0,42.0,0.2014,0.0,0.4333,0.0,0.0,0.0,0.0,0.0,3.0
2021-10-12,322.00341796875,322.6101054368407,315.6383440595679,321.2674653084737,31658700,-0.005162189252490013,-0.005175559384044112,326.6340576171875,330.51975402832034,342.35034637451173,356.4854974365234,333.1522569984096,343.46332213690295,-10.311065138493348,-8.482929001773133,-1.8281361367202145,34.78874693570806,342.35034637451173,15.181407959421747,372.71316229335525,311.9875304556682,0.17737861953630588,23412700.0,1.3522020100202028,0.007945768235218425,0.0185831884767725,0.019011517371079357,-0.027601107926020885,-0.04955242595267406,0.002378355571123869,1,0.0,0.0,0.0,0.0,0.0,0.0,0.0,0.0,0.0,0.0,0.0,0.0,0.0,0.2014,0.0,0.0,0.0,0.0,0.0,0.0,0.0,0.0,0.0,0.0,0.0,0.0,0.0,0.0,0.0,0.0,0.0,286.0,289.0,0.0,40.0,40.0,0.0,0.2014,0.0,0.0,0.0,0.0,0.0,0.0,0.0
2021-10-13,322.7692565917969,325.21582586606814,320.8995093728485,325.18599076581125,14761500,0.002378355571123869,0.002375531759977565,324.8239807128906,329.02097778320314,339.89481658935546,355.9544104003906,331.5548723204692,341.930428392821,-10.375556072351799,-8.861454415888867,-1.5141016564629322,32.70349586308329,339.89481658935546,14.08594415428838,368.0667048979322,311.7229282807787,0.16576827261601143,21076400.0,0.7003805203924769,0.008027117193882492,0.01872237295404829,0.019135753337991022,-0.027275011482501776,-0.0443743922587887,0.012294233736803273,1,0.0,0.0,0.0,0.0,0.0,0.0,0.0,0.0,0.0,0.0,0.0,0.0,0.0,0.0,0.2014,0.0,0.0,0.0,0.0,0.0,0.0,0.0,0.0,0.0,0.0,0.0,0.0,0.0,0.0,0.0,0.0,0.0,286.0,0.0,0.0,40.0,0.0,0.0,0.2014,0.0,0.0,0.0,0.0,0.0,0.0
2021-10-14,326.7374572753906,328.7165896273782,325.3152669958324,326.5683714832651,14302200,0.012294233736803273,0.012219273406408066,324.6867248535156,327.94089660644534,337.6804626464844,355.34992553710936,330.81373154430327,340.80502312486317,-9.991291580559903,-9.087421848823075,-0.9038697317368278,29.265014962223276,337.6804626464844,12.30287092984739,362.28620450617916,313.0747207867896,0.14573387910484104,18275340.0,0.7825955632015601,0.009789432135001786,0.019441588285882015,0.01959240665028263,-0.0020959973887645367,-0.03199877690373287,-0.011475049859744568,0,0.0,0.0,0.0,0.0,0.0,0.0,0.0,0.0,0.0,0.0,0.0,0.0,0.0,0.0,0.0,0.0,0.0,0.0,0.0,0.0,0.0,0.0,0.0,0.0,0.0,0.0,0.0,0.0,0.0,0.0,0.0,0.0,0.0,0.0,0.0,0.0,0.0,0.0,0.0,0.0,0.0,0.0,0.0,0.0,0.0
2021-10-15,322.9881286621094,327.27461100023066,320.75040459622386,326.88672426029444,21596400,-0.011475049859744568,-0.011541396285087192,323.63450927734374,326.1258544921875,335.69336700439453,354.5898962402344,329.60979263935036,339.4852531646592,-9.875460525308824,-9.245029584120225,-0.6304309411885995,26.78059240924665,335.69336700439453,11.20447355293779,358.10231411027013,313.28441989851893,0.13350842946850508,19405400.0,1.1129067166871076,0.010709861187008684,0.018957720519421958,0.01926710160492422,-0.016027694129919223,-0.05320542387534277,0.03257762544673759,1,0.2449,0.1709,3.0,0.1111,0.1925,2.0,1.0,286.6667,122.0,0.2449,0.1709,2.0,0.0,0.0,0.0,0.0,0.0,0.0,0.0,0.0,0.0,0.0,0.0,0.0,0.0,0.0,0.0,0.0,0.0,0.0,0.0,0.0,0.0,0.0,0.0,0.0,0.0,0.0,0.0,0.0,0.0,0.0,0.0,0.0,0.0
2021-10-18,333.51031494140625,334.0573322431813,325.7130951753669,327.1551958287843,21585000,0.03257762544673759,0.032058225057762124,325.6017150878906,327.03187866210936,334.68091888427733,354.0295697021484,330.2098729935129,339.0426651481219,-8.832792154609024,-9.162582098217985,0.3297899436089615,45.55349481139565,334.68091888427733,10.369875146110976,355.4206691764993,313.94116859205536,0.12393745279152384,20780760.0,1.0387011832098538,0.01724094363550844,0.015276629440116186,0.020495464946812078,0.03038866379431049,0.027924918027235845,0.013866630504226318,1,0.0,0.0,0.0,0.0,0.0,0.0,0.0,0.0,0.0,0.0,0.0,0.0,0.2449,0.0,0.0,0.1709,0.0,0.0,0.1111,0.0,0.0,0.1925,0.0,0.0,2.0,0.0,0.0,1.0,0.0,0.0,286.6667,0.0,0.0,122.0,0.0,0.0,0.2449,0.0,0.0,0.1709,0.0,0.0,2.0,0.0,0.0
2021-10-19,338.1349792480469,340.59150395611067,335.439773710397,337.79683795577586,18786300,0.013866630504226318,0.013771368416071121,328.82802734375,327.7310424804688,333.8111907958984,353.59952941894534,331.4291201095951,338.9754291555237,-7.546309045928638,-8.839327487760116,1.293018441831478,50.30009008760159,333.8111907958984,9.191783658415613,352.19475811272963,315.4276234790672,0.11014350521322956,18206280.0,1.0318582379266934,0.016195717635226856,0.01453433118352909,0.02076574993753339,0.05009748462006214,0.021113630614220558,0.002323464236078543,1,0.1,0.0,1.0,0.0,0.0,0.0,0.0,281.0,40.0,0.1,0.0,0.0,0.0,0.2449,0.0,0.0,0.1709,0.0,0.0,0.1111,0.0,0.0,0.1925,0.0,0.0,2.0,0.0,0.0,1.0,0.0,0.0,286.6667,0.0,0.0,122.0,0.0,0.0,0.2449,0.0,0.0,0.1709,0.0,0.0,2.0,0.0
2021-10-20,338.9206237792969,342.1031759748288,337.59789392336336,341.57606899224464,13639500,0.002323464236078543,0.002320769166841072,332.05830078125,328.44114074707034,333.6903533935547,353.1947491455078,332.5816591357031,338.97136949802547,-6.389710362322376,-8.349404062672567,1.9596937003501917,51.08775994501765,333.6903533935547,9.103092940529661,351.896539274614,315.4841675124954,0.10912024094137901,17981880.0,0.758513570327463,0.016202132181223114,0.014534294757621677,0.018792383064055663,0.050039980133320006,0.02140012761809773,0.0032279672036588103,1,0.1,0.0,1.0,0.0,0.0,0.0,0.0,281.0,40.0,0.1,0.0,0.0,0.1,0.0,0.2449,0.0,0.0,0.1709,0.0,0.0,0.1111,0.0,0.0,0.1925,0.0,0.0,2.0,0.0,0.0,1.0,281.0,0.0,286.6667,40.0,0.0,122.0,0.1,0.0,0.2449,0.0,0.0,0.1709,0.0,0.0,2.0
2021-10-21,340.0146484375,340.4422949988617,335.95689262666303,338.4233722440555,16354400,0.0032279672036588103,0.0032227685020129035,334.7137390136719,329.7002319335937,333.48746490478516,352.8351220703125,333.7251959513641,339.048649419468,-5.323453468103878,-7.7442139437588295,2.4207604756549514,49.07929907929908,333.48746490478516,8.902530343160493,351.29252559110614,315.68240421846417,0.10678098915294794,18392320.0,0.8891972301482358,0.01637601703493165,0.013482615167164312,0.018712809816099386,0.040635656752750826,0.038454487133541715,-0.05051482731385082,0,0.1,0.0,1.0,0.0,0.0,0.0,0.0,281.0,40.0,0.1,0.0,0.0,0.1,0.1,0.0,0.0,0.0,0.0,0.0,0.0,0.0,0.0,0.0,0.0,0.0,0.0,0.0,0.0,0.0,0.0,281.0,281.0,0.0,40.0,40.0,0.0,0.1,0.1,0.0,0.0,0.0,0.0,0.0,0.0,0.0
2021-10-22,322.8388671875,327.8314967795092,319.35796368438537,324.5693941392045,35224500,-0.05051482731385082,-0.05183536476942058,334.68388671875,329.15919799804686,332.0776992797852,352.0784735107422,332.05037614153883,337.8479248096926,-5.797548668153752,-7.354880888637814,1.5573322204840618,48.69055331290309,332.0776992797852,8.180858708746392,348.439416697278,315.7159818622924,0.09854150069684488,21117940.0,1.6679893966930486,0.030905956419627366,0.021882853310100793,0.021132677382579554,-0.0004621268132288803,-0.016482414115936428,0.012569024946534446,1,0.1,0.0,1.0,0.0,0.0,0.0,0.0,281.0,40.0,0.1,0.0,0.0,0.1,0.1,0.1,0.0,0.0,0.0,0.0,0.0,0.0,0.0,0.0,0.0,0.0,0.0,0.0,0.0,0.0,0.0,281.0,281.0,281.0,40.0,40.0,40.0,0.1,0.1,0.1,0.0,0.0,0.0,0.0,0.0,0.0
2021-10-25,326.8966369628906,327.7618852998352,317.9755769646523,318.5523990722583,38409000,0.012569024946534446,0.012490690461599023,333.36115112304685,329.48143310546874,330.839990234375,351.39243774414064,331.2574931909776,337.03671830252205,-5.779225111544463,-7.0397497332191445,1.2605246216746817,46.39418617064831,330.839990234375,6.8237221543565525,344.4874345430881,317.19254592566193,0.08250178159565845,24482740.0,1.5688195030458192,0.026688829280621877,0.02180635987962542,0.02142298370032321,-0.019830505031538714,0.009955536212497007,-0.039185757619974115,0,0.0833,0.0236,2.0,0.5,0.7071,2.0,0.0,271.5,80.0,0.0833,0.0236,2.0,0.1,0.1,0.1,0.0,0.0,0.0,0.0,0.0,0.0,0.0,0.0,0.0,0.0,0.0,0.0,0.0,0.0,0.0,281.0,281.0,281.0,40.0,40.0,40.0,0.1,0.1,0.1,0.0,0.0,0.0,0.0,0.0,0.0
2021-10-26,314.0869445800781,328.40837240023257,307.91083471315727,326.4690297715566,65654000,-0.039185757619974115,-0.03997418486658573,328.5515441894531,328.6897857666016,329.6047698974609,350.38297668457034,328.61587032776225,335.3367350638225,-6.720864736060264,-6.975972733787369,0.25510799772710513,37.51575395766487,329.6047698974609,7.510082719951614,344.62493533736415,314.5846044575577,0.09114046161756671,33856280.0,1.9391971002130182,0.028444362642945257,0.025287255525412323,0.021642955757962268,-0.0711196301590784,-0.02458506011709527,-0.011367760263528925,0,0.1778,0.2269,3.0,0.3333,0.5774,3.0,0.0,286.0,120.0,0.1778,0.2269,3.0,0.0833,0.1,0.1,0.0236,0.0,0.0,0.5,0.0,0.0,0.7071,0.0,0.0,2.0,0.0,0.0,0.0,0.0,0.0,271.5,281.0,281.0,80.0,40.0,40.0,0.0833,0.1,0.1,0.0236,0.0,0.0,2.0,0.0,0.0
2021-10-27,310.5164794921875,317.50812148580394,310.3573488353756,312.47573207452166,29971800,-0.011367760263528925,-0.011432867133363406,322.87071533203124,327.4645080566406,328.24274291992185,349.46342102050784,325.83134866075073,333.4981976140717,-7.666848953320994,-7.114147977694094,-0.5527009756268999,37.95691141210663,328.24274291992185,8.374229961345808,344.99120284261346,311.49428299723024,0.10204923206346449,37122740.0,0.8073703611317483,0.027067770422055427,0.025384527401252445,0.02171260565939792,-0.08380765965309322,-0.037961413143834055,0.01505336017558312,1,0.4333,0.0,1.0,0.3333,0.0,2.0,1.0,292.0,42.0,0.4333,0.0,2.0,0.1778,0.0833,0.1,0.2269,0.0236,0.0,0.3333,0.5,0.0,0.5774,0.7071,0.0,3.0,2.0,0.0,0.0,0.0,0.0,286.0,271.5,281.0,120.0,80.0,40.0,0.1778,0.0833,0.1,0.2269,0.0236,0.0,3.0,2.0,0.0
2021-10-28,315.1907958984375,323.7438472514309,306.4288381691589,311.2822161756971,50806800,0.01505336017558312,0.014941182713472162,317.90594482421875,326.3098419189453,327.1253692626953,348.6970245361328,324.19434054347175,332.14209378328405,-7.9477532398123,-7.280869030117736,-0.6668842096945644,41.181957115961,327.1253692626953,8.557553938556094,344.24047713980747,310.01026138558314,0.10463944093169993,44013220.0,1.154353169343211,0.02967414523881181,0.02559026259107831,0.022119022327725325,-0.07300818553888133,-0.035339264353829614,0.020983287265161632,1,0.0,0.0,0.0,0.0,0.0,0.0,0.0,0.0,0.0,0.0,0.0,0.0,0.4333,0.1778,0.0833,0.0,0.2269,0.0236,0.3333,0.3333,0.5,0.0,0.5774,0.7071,2.0,3.0,2.0,1.0,0.0,0.0,292.0,286.0,271.5,42.0,120.0,80.0,0.4333,0.1778,0.0833,0.0,0.2269,0.0236,2.0,3.0,2.0
2021-10-29,321.8045349121094,324.2212689887201,317.85619493154763,318.44297211366296,37059400,0.020983287265161632,0.020766170062425544,317.69907836914064,326.1914825439453,326.1586685180664,348.06946716308596,323.82667813864674,331.37634868171557,-7.549670543068828,-7.334629332707955,-0.21504121036087298,48.77123484600526,326.1586685180664,7.9625924815094455,342.08385348108527,310.23348355504754,0.09765299224071823,44380200.0,0.8350435554594166,0.02494430365023108,0.026480100095098758,0.022574621570597343,-0.0032038653970059006,-0.003664511618128863,0.019810351761815337,1,0.087,0.0736,5.0,0.4,0.5477,4.0,0.0,282.4,204.0,0.087,0.0736,4.0,0.0,0.4333,0.1778,0.0,0.0,0.2269,0.0,0.3333,0.3333,0.0,0.0,0.5774,0.0,2.0,3.0,0.0,1.0,0.0,0.0,292.0,286.0,0.0,42.0,120.0,0.0,0.4333,0.1778,0.0,0.0,0.2269,0.0,2.0,3.0
2021-11-01,328.1795959472656,331.6306643775714,324.22130043277474,324.2610906857287,31518900,0.019810351761815337,0.019616680363841316,317.95567016601564,325.6584106445313,326.3451446533203,347.4848742675781,324.49635780151124,331.1395521828675,-6.643194381356238,-7.196342342437611,0.5531479610813728,53.82252091723427,326.3451446533203,7.964143606724798,342.2734318667699,310.4168574398707,0.09761620464965327,43002180.0,0.7329605150250522,0.026069605955596892,0.024998704216932715,0.020277531933575014,0.00392466253643553,-0.01598367053527916,-0.005758063506732358,0,0.2014,0.0,1.0,0.0,0.0,0.0,0.0,280.0,40.0,0.2014,0.0,0.0,0.087,0.0,0.4333,0.0736,0.0,0.0,0.4,0.0,0.3333,0.5477,0.0,0.0,4.0,0.0,2.0,0.0,0.0,1.0,282.4,0.0,292.0,204.0,0.0,42.0,0.087,0.0,0.4333,0.0736,0.0,0.0,4.0,0.0,2.0
2021-11-02,326.2899169921875,332.96332775200995,322.0332707364555,329.5719297472809,28353000,-0.005758063506732358,-0.005774705067261983,320.3962646484375,324.4739044189453,326.102473449707,346.7833221435547,324.7722899846922,330.7803199465208,-6.00802996182864,-6.958679866315817,0.950649904487177,52.149088409471524,326.102473449707,7.883783019977606,341.87003948966225,310.3349074097518,0.09670313673586393,35541980.0,0.7977327093200772,0.015181134817099847,0.024437749141574993,0.019769393601615233,0.03885221153787288,-0.035030573536641296,0.010790163140809383,1,0.0,0.0,0.0,0.0,0.0,0.0,0.0,0.0,0.0,0.0,0.0,0.0,0.2014,0.087,0.0,0.0,0.0736,0.0,0.0,0.4,0.0,0.0,0.5477,0.0,0.0,4.0,0.0,0.0,0.0,0.0,280.0,282.4,0.0,40.0,204.0,0.0,0.2014,0.087,0.0,0.0,0.0736,0.0,0.0,4.0,0.0
2021-11-03,329.8106384277344,330.33774547296565,321.43659590907413,325.703167324767,20786500,0.010790163140809383,0.010732364728324856,324.2550964355469,323.5629058837891,326.0020233154297,346.1092199707031,325.547420514391,330.70849168587,-5.161071171479023,-6.599158127348459,1.4380869558694362,51.88624183425228,326.0020233154297,7.819642394020802,341.6413081034713,310.3627385273881,0.09594593695456612,33704920.0,0.6167200515533043,0.01081297848508478,0.024797702079793732,0.01992592002058766,0.062135700388913806,-0.026879406894680047,0.012755529050677561,1,0.0333,0.0471,2.0,0.5,0.7071,2.0,0.0,277.5,80.0,0.0333,0.0471,2.0,0.0,0.2014,0.087,0.0,0.0,0.0736,0.0,0.0,0.4,0.0,0.0,0.5477,0.0,0.0,4.0,0.0,0.0,0.0,0.0,280.0,282.4,0.0,40.0,204.0,0.0,0.2014,0.087,0.0,0.0,0.0736,0.0,0.0,4.0
2021-11-04,334.0175476074219,335.4297828334908,330.8349952468989,332.18759062299523,22495300,0.012755529050677561,0.012674862528542273,328.02044677734375,322.96319580078125,326.3317138671875,345.4619696044922,326.8505169902419,330.9536069393183,-4.103089949076434,-6.099944491694055,1.996854542617621,56.73176931994624,326.3317138671875,8.019196639542903,342.3701071462733,310.29332058810166,0.09829503292231799,28042620.0,0.802182535012777,0.010708429312368439,0.025219085153200847,0.01987202653884285,0.0597312864270656,-0.01763777195375893,0.01572130034233621,1,0.1,0.0,1.0,0.0,0.0,0.0,0.0,281.0,40.0,0.1,0.0,0.0,0.0333,0.0,0.2014,0.0471,0.0,0.0,0.5,0.0,0.0,0.7071,0.0,0.0,2.0,0.0,0.0,0.0,0.0,0.0,277.5,0.0,280.0,80.0,0.0,40.0,0.0333,0.0,0.2014,0.0471,0.0,0.0,2.0,0.0,0.0
2021-11-05,339.26873779296875,344.89785944999534,337.7868772151696,338.4532045772252,26872800,0.01572130034233621,0.015599000839555068,331.51328735351564,324.60618286132814,326.8826904296875,344.9995068359375,328.7610124983537,331.56954255810723,-2.8085300597535365,-5.441661605305952,2.6331315455524154,53.756326503310966,326.8826904296875,8.520752025667887,343.9241944810233,309.8411863783517,0.10426678775150015,26005300.0,1.033358584596217,0.0097891089728213,0.01879014304566351,0.020136105016873754,0.05426959842448831,0.05089186053898076,-0.007357995631617542,0,0.0,0.0,1.0,0.0,0.0,0.0,0.0,289.0,40.0,0.0,0.0,0.0,0.1,0.0333,0.0,0.0,0.0471,0.0,0.0,0.5,0.0,0.0,0.7071,0.0,0.0,2.0,0.0,0.0,0.0,0.0,281.0,277.5,0.0,40.0,80.0,0.0,0.1,0.0333,0.0,0.0,0.0471,0.0,0.0,2.0,0.0
2021-11-08,336.7723999023437,342.9087481967458,336.493928866276,342.5407718652706,18342500,-0.007357995631617542,-0.007385199206141754,333.2318481445312,325.5937591552734,327.53759613037107,344.323017578125,329.99353363742904,331.954939398421,-1.9614057609919655,-4.745610436443155,2.784204675451189,49.08577898903111,327.53759613037107,8.761144934774956,345.059885999921,310.01530626082115,0.10699406771353025,23370020.0,0.7848730980974771,0.010918007579149588,0.018970188036981295,0.01991720649901056,0.026183236438802826,0.030210659342372326,-0.00959760435501944,0,0.0,0.0,1.0,0.0,0.0,0.0,0.0,301.0,40.0,0.0,0.0,0.0,0.0,0.1,0.0333,0.0,0.0,0.0471,0.0,0.0,0.5,0.0,0.0,0.7071,0.0,0.0,2.0,0.0,0.0,0.0,289.0,281.0,277.5,40.0,40.0,80.0,0.0,0.1,0.0333,0.0,0.0,0.0471,0.0,0.0,2.0
2021-11-09,333.5401916503906,339.44778499969465,332.6451081870871,338.1449348845488,17556700,-0.00959760435501944,-0.009643958188635775,334.68190307617186,327.53908386230466,328.11443481445315,343.4221600341797,330.5391733317308,332.07236549115953,-1.5331921594287223,-4.1031267810402685,2.569934621611546,46.50475559101124,328.11443481445315,8.75738701265169,345.62920883975653,310.59966078914977,0.10676015540253746,21210760.0,0.8277261163673532,0.011968551374470567,0.01300333462696258,0.020027607987808192,0.022220345406434028,0.06193586650448246,-0.02304920332185212,0,0.0,0.0,0.0,0.0,0.0,0.0,0.0,0.0,0.0,0.0,0.0,0.0,0.0,0.0,0.1,0.0,0.0,0.0,0.0,0.0,0.0,0.0,0.0,0.0,0.0,0.0,0.0,0.0,0.0,0.0,301.0,289.0,281.0,40.0,40.0,40.0,0.0,0.0,0.1,0.0,0.0,0.0,0.0,0.0,0.0
2021-11-10,325.85235595703125,331.37206208881173,323.73397273693166,330.67586926540287,21872600,-0.02304920332185212,-0.023318989847106307,333.89024658203124,329.0726715087891,328.26858978271486,342.39300659179685,329.8181245048539,331.611624044187,-1.7934995393330837,-3.6412013326988313,1.8477017933657476,41.52584774391469,328.26858978271486,8.685182523726048,345.63895483016694,310.8982247352628,0.10583019873421182,21427980.0,1.0207495060196994,0.016284991956859486,0.015102480611065637,0.02079180609024667,-0.012001682206410846,0.04938828525276251,0.00030522040209679524,1,0.0,0.0,0.0,0.0,0.0,0.0,0.0,0.0,0.0,0.0,0.0,0.0,0.0,0.0,0.0,0.0,0.0,0.0,0.0,0.0,0.0,0.0,0.0,0.0,0.0,0.0,0.0,0.0,0.0,0.0,0.0,301.0,289.0,0.0,40.0,40.0,0.0,0.0,0.0,0.0,0.0,0.0,0.0,0.0,0.0
2021-11-11,325.9518127441406,330.64606123344623,325.21585995993814,328.02048108238193,12376600,0.00030522040209679524,0.0003051738318257574,332.277099609375,330.1487731933594,328.2293075561523,341.3127331542969,329.223307310898,331.1923787627021,-1.9690714518040977,-3.3067753565198847,1.337703904715787,52.341075180173625,328.2293075561523,8.694244137005684,345.6177958301637,310.84081928214096,0.10595329468582938,19404240.0,0.6378296702164064,0.014228323160565355,0.014719867478917103,0.020611478610463085,-0.024147638113794834,0.03414127882455875,0.04012325306679121,1,0.0667,0.0,1.0,1.0,0.0,2.0,0.0,268.0,40.0,0.0667,0.0,2.0,0.0,0.0,0.0,0.0,0.0,0.0,0.0,0.0,0.0,0.0,0.0,0.0,0.0,0.0,0.0,0.0,0.0,0.0,0.0,0.0,301.0,0.0,0.0,40.0,0.0,0.0,0.0,0.0,0.0,0.0,0.0,0.0,0.0
2021-11-12,339.0300598144531,339.9947381897874,327.9806621119748,328.37847357263126,25414300,0.04012325306679121,0.03933921869544447,332.2293640136719,331.87132568359374,329.03140411376955,340.6286859130859,330.73203846529117,331.7729477294985,-1.0409092642073574,-2.8536021380573797,1.8126928738500223,58.03475581365271,329.03140411376955,8.9222573747204,346.87591886321036,311.18688936432875,0.1084669397895569,19112540.0,1.3297186035974287,0.023913660216062352,0.018106333330327917,0.022252440350493712,-0.0007035071373456825,0.053527912237310016,0.019566514185320072,1,0.4333,0.0,1.0,1.0,0.0,2.0,0.0,292.0,42.0,0.4333,0.0,2.0,0.0667,0.0,0.0,0.0,0.0,0.0,1.0,0.0,0.0,0.0,0.0,0.0,2.0,0.0,0.0,0.0,0.0,0.0,268.0,0.0,0.0,40.0,0.0,0.0,0.0667,0.0,0.0,0.0,0.0,0.0,2.0,0.0,0.0
2021-11-15,345.6636962890625,351.72046536297535,341.3274991922341,342.46126352400904,25076600,0.019566514185320072,0.01937755087117252,334.00762329101565,333.61973571777344,329.63907318115236,340.0578186035156,333.0292165920252,332.801892067244,0.22732452478118148,-2.2374168054896675,2.464741330270849,72.77285534503713,329.63907318115236,9.62921575056489,348.89750468228215,310.38064168002256,0.1168455627257899,20459360.0,1.2256786136027715,0.024832500211582436,0.01808488369687123,0.021509668851354694,0.026401499616052426,0.0532760127616414,-0.013235266592905859,0,0.0,0.0,0.0,0.0,0.0,0.0,0.0,0.0,0.0,0.0,0.0,0.0,0.4333,0.0667,0.0,0.0,0.0,0.0,1.0,1.0,0.0,0.0,0.0,0.0,2.0,2.0,0.0,0.0,0.0,0.0,292.0,268.0,0.0,42.0,40.0,0.0,0.4333,0.0667,0.0,0.0,0.0,0.0,2.0,2.0,0.0
2021-11-16,341.0887451171875,344.7586142960345,339.01015214438587,341.95399339737486,18181100,-0.013235266592905859,-0.013323633304545472,335.517333984375,335.09961853027346,329.78676147460936,339.2776983642578,334.26914405743474,333.4157330339065,0.8534110235282242,-1.619251239686089,2.472662263214313,71.733542643469,329.78676147460936,9.787727154996503,349.36221578460237,310.21130716461636,0.11871582850969074,20584240.0,0.8832534016315394,0.025430382413477247,0.018737953291312,0.021577205102213566,0.022631615786528947,0.045354843512845466,-0.0063855509217489725,0,0.4333,0.0,1.0,1.0,0.0,3.0,0.0,292.0,42.0,0.4333,0.0,3.0,0.0,0.4333,0.0667,0.0,0.0,0.0,0.0,1.0,1.0,0.0,0.0,0.0,0.0,2.0,2.0,0.0,0.0,0.0,0.0,292.0,268.0,0.0,42.0,40.0,0.0,0.4333,0.0667,0.0,0.0,0.0,0.0,2.0,2.0
2021-11-17,338.91070556640625,345.40507586011915,338.2443781663447,342.3617740288277,13602800,-0.0063855509217489725,-0.006406025760660527,338.12900390625,336.00962524414064,329.78626556396483,338.54571411132815,334.9832304434304,333.8227680363139,1.1604624071164835,-1.0633085103255746,2.2237709174420583,67.48275688330102,329.78626556396483,9.787240255673279,349.3607460753114,310.21178505261827,0.11871010139171444,18930280.0,0.7185736291275142,0.021695332983086357,0.018894258389723695,0.021629643264275467,0.04007443669088273,0.027591793830706868,-0.006103863102595031,0,0.0,0.0,1.0,0.0,0.0,0.0,0.0,283.0,38.0,0.0,0.0,0.0,0.4333,0.0,0.4333,0.0,0.0,0.0,1.0,0.0,1.0,0.0,0.0,0.0,3.0,0.0,2.0,0.0,0.0,0.0,292.0,0.0,292.0,42.0,0.0,42.0,0.4333,0.0,0.4333,0.0,0.0,0.0,3.0,0.0,2.0
2021-11-18,336.842041015625,340.59146020372583,333.47052297546645,337.8664199124364,17487200,-0.006103863102595031,-0.006122567827879997,340.3070495605469,336.2920745849609,329.6276351928711,337.7638037109375,335.2692013006911,334.04641788663326,1.222783414057858,-0.606090125448888,1.828873539506746,61.87929216391841,329.6276351928711,9.637296639255537,348.90222847138216,310.35304191436,0.11694767805031374,19952400.0,0.8764459413403901,0.022445507229388546,0.01874011532751266,0.021662030144723215,0.03341054673020882,0.008456122824788803,0.01951630964590234,1,0.25,0.2593,2.0,1.0,0.0,4.0,0.0,279.5,82.0,0.25,0.2593,4.0,0.0,0.4333,0.0,0.0,0.0,0.0,0.0,1.0,0.0,0.0,0.0,0.0,0.0,3.0,0.0,0.0,0.0,0.0,283.0,292.0,0.0,38.0,42.0,0.0,0.0,0.4333,0.0,0.0,0.0,0.0,0.0,3.0,0.0
2021-11-19,343.4159545898437,350.17887049456425,338.04542425593485,340.33289315722004,26488500,0.01951630964590234,0.019328308595340342,341.184228515625,336.70679626464846,330.65648956298827,337.09964660644533,336.5225479605607,334.74045764242663,1.7820903181340668,-0.12845403673229688,1.9105443548663636,61.99868396956688,330.65648956298827,9.96713493704266,350.5907594370736,310.72221968890295,0.12057389165675483,20167240.0,1.3134419980126184,0.015662467148160535,0.019106235595577285,0.018543985281926575,0.01293659558621707,0.012223987461543517,-0.012423827345003247,0,0.0,0.0,0.0,0.0,0.0,0.0,0.0,0.0,0.0,0.0,0.0,0.0,0.25,0.0,0.4333,0.2593,0.0,0.0,1.0,0.0,1.0,0.0,0.0,0.0,4.0,0.0,3.0,0.0,0.0,0.0,279.5,283.0,292.0,82.0,38.0,42.0,0.25,0.0,0.4333,0.2593,0.0,0.0,4.0,0.0,3.0
2021-11-22,339.1494140625,351.89944338056983,338.6521421286122,347.1455249066453,27116800,-0.012423827345003247,-0.012501648315935674,339.8813720703125,336.9444976806641,331.2691284179688,336.3935198974609,336.92668120701285,335.0670470068765,1.8596342001363269,0.269163610641428,1.590470589494899,59.76146969214006,331.2691284179688,10.099553262288964,351.4682349425467,311.07002189339084,0.12194982744720069,20575280.0,1.3179310318012682,0.013407187926705451,0.0194280511353044,0.018724714781220852,-0.018845722870228454,0.007058221400701337,-0.011026119456706063,0,0.05,0.0707,2.0,0.0,0.0,0.0,0.0,283.0,78.0,0.05,0.0707,0.0,0.0,0.25,0.0,0.0,0.2593,0.0,0.0,1.0,0.0,0.0,0.0,0.0,0.0,4.0,0.0,0.0,0.0,0.0,0.0,279.5,283.0,0.0,82.0,38.0,0.0,0.25,0.0,0.0,0.2593,0.0,0.0,4.0,0.0
2021-11-23,335.409912109375,339.5372630006256,331.6803726863649,337.08073848662684,17225000,-0.011026119456706063,-0.011087357674509996,338.74560546875,337.1314697265625,332.3352767944336,335.6122064208984,336.6933321150686,335.0924444218764,1.6008876931921918,0.5355084271515809,1.065379266040611,54.23626205408042,332.3352767944336,9.282705330445083,350.90068745532375,313.7698661335434,0.1117269935347479,20384060.0,0.8450230228914162,0.013047051598953698,0.019518623459854553,0.01637552273979357,-0.016649136299884182,0.005605682630728248,0.011297266273559092,1,0.0,0.0,0.0,0.0,0.0,0.0,0.0,0.0,0.0,0.0,0.0,0.0,0.05,0.0,0.25,0.0707,0.0,0.2593,0.0,0.0,1.0,0.0,0.0,0.0,0.0,0.0,4.0,0.0,0.0,0.0,283.0,0.0,279.5,78.0,0.0,82.0,0.05,0.0,0.25,0.0707,0.0,0.2593,0.0,0.0,4.0
2021-11-24,339.1991271972656,339.9151999920574,330.9941403345167,334.16673768286523,13566200,0.011297266273559092,0.011233928741832839,338.80328979492185,338.4661468505859,333.7694091796875,334.95859191894533,337.0788390507912,335.39664314597934,1.6821959048118629,0.7648459226836374,0.9173499821282255,53.945180601394334,333.7694091796875,7.837566618378422,349.44454241644434,318.09427594293066,0.09392792032848042,20376740.0,0.6657689110230587,0.014329873571625386,0.017817359388789974,0.016080171994195182,0.0008510254356743907,0.04095956649150123,-0.023280419567396016,0,0.0,0.0,0.0,0.0,0.0,0.0,0.0,0.0,0.0,0.0,0.0,0.0,0.0,0.05,0.0,0.0,0.0707,0.0,0.0,0.0,0.0,0.0,0.0,0.0,0.0,0.0,0.0,0.0,0.0,0.0,0.0,283.0,0.0,0.0,78.0,0.0,0.0,0.05,0.0,0.0,0.0707,0.0,0.0,0.0,0.0
2021-11-26,331.30242919921875,335.90717189663746,330.08908453672626,333.9677993263109,14750700,-0.023280419567396016,-0.02355568918936215,337.69536743164065,339.00120849609374,334.5749908447266,334.1641497802734,336.1901606120878,335.0933680388119,1.096792573275934,0.8312352528020969,0.2655573204738372,44.16945045775084,334.5749908447266,6.549662272698254,347.67431539012307,321.4756662993301,0.07830426603210022,19829440.0,0.7438787983926929,0.017858824535876224,0.019831999396313395,0.01701941178741511,-0.01644572571672931,0.016415360325908512,0.014739522912333936,1,0.0,0.0,0.0,0.0,0.0,0.0,0.0,0.0,0.0,0.0,0.0,0.0,0.0,0.0,0.05,0.0,0.0,0.0707,0.0,0.0,0.0,0.0,0.0,0.0,0.0,0.0,0.0,0.0,0.0,0.0,0.0,0.0,283.0,0.0,0.0,78.0,0.0,0.0,0.05,0.0,0.0,0.0707,0.0,0.0,0.0
2021-11-29,336.1856689453125,338.81127937579345,333.480508358334,335.0519046965654,16650900,0.014739522912333936,0.01463195188665736,336.2493103027344,338.7167694091797,335.2940475463867,333.63326232910157,336.18946958643005,335.1742792170712,1.0151903693588338,0.8680262761134443,0.14716409324538948,49.58506850923359,335.2940475463867,5.822968723102969,346.93998499259266,323.64811010018076,0.06946700981677748,17861920.0,0.9322010175837759,0.016409918228143285,0.015543291299846827,0.01671971316034557,-0.021054017869282293,-0.008389789597705088,-0.040144399141186726,0,0.0,0.0,0.0,0.0,0.0,0.0,0.0,0.0,0.0,0.0,0.0,0.0,0.0,0.0,0.0,0.0,0.0,0.0,0.0,0.0,0.0,0.0,0.0,0.0,0.0,0.0,0.0,0.0,0.0,0.0,0.0,0.0,0.0,0.0,0.0,0.0,0.0,0.0,0.0,0.0,0.0,0.0,0.0,0.0,0.0
2021-11-30,322.689697265625,333.9777763199374,321.6653182881593,333.1721982090698,25390000,-0.040144399141186726,-0.040972421605911385,332.9573669433594,336.41936950683595,335.01955261230466,333.0118707275391,334.11258153707547,334.24949536881593,-0.13691383174045768,0.6670382545426639,-0.8039520862831215,43.29934404813102,335.01955261230466,6.286910400614079,347.59337341353285,322.4457318110765,0.07506320573342182,17516560.0,1.4494855154208361,0.02319063293968896,0.01813201292836987,0.01867880392438261,-0.04853234625916747,-0.06646344198155374,-0.042717083655825605,0,0.2667,0.2357,2.0,0.5,0.7071,3.0,0.0,286.5,82.0,0.2667,0.2357,3.0,0.0,0.0,0.0,0.0,0.0,0.0,0.0,0.0,0.0,0.0,0.0,0.0,0.0,0.0,0.0,0.0,0.0,0.0,0.0,0.0,0.0,0.0,0.0,0.0,0.0,0.0,0.0,0.0,0.0,0.0,0.0,0.0,0.0
2021-12-01,308.90533447265625,328.696751567956,308.59702829866603,328.48790585194627,30329600,-0.042717083655825605,-0.04365630285481859,327.6564514160156,333.20102844238284,334.15032348632815,332.0793865966797,330.2345435271648,332.3721501172485,-2.137606590083692,0.10610928561739254,-2.2437158757010844,40.26731752184296,334.15032348632815,8.40305167260788,350.9564268315439,317.3442201411124,0.10059007676467745,20137480.0,1.5061268838007535,0.027567262664118797,0.02141198679584633,0.020903642137832856,-0.07902145011169426,-0.0943549475180544,-0.0006760381379165015,0,0.0,0.0,0.0,0.0,0.0,0.0,0.0,0.0,0.0,0.0,0.0,0.0,0.2667,0.0,0.0,0.2357,0.0,0.0,0.5,0.0,0.0,0.7071,0.0,0.0,3.0,0.0,0.0,0.0,0.0,0.0,286.5,0.0,0.0,82.0,0.0,0.0,0.2667,0.0,0.0,0.2357,0.0,0.0,3.0,0.0,0.0
2021-12-02,308.6965026855469,312.88352410113805,305.52390514456016,309.7009714085829,24396200,-0.0006760381379165015,-0.0006762667547400615,321.55592651367186,330.1796081542969,333.09461669921876,331.4265692138672,326.9209987823005,330.618398455641,-3.697399673340499,-0.654592506174186,-3.0428071671663126,40.10270104878578,333.09461669921876,10.126536430226459,353.34768955967166,312.84154383876586,0.12160552494753304,22303480.0,1.0938293037678426,0.025001617546528337,0.02158421820054183,0.020675216626845818,-0.089925421576865,-0.08915092496226618,-0.011437350715994832,0,0.0833,0.0236,2.0,0.5,0.7071,2.0,0.0,271.5,80.0,0.0833,0.0236,2.0,0.0,0.2667,0.0,0.0,0.2357,0.0,0.0,0.5,0.0,0.0,0.7071,0.0,0.0,3.0,0.0,0.0,0.0,0.0,0.0,286.5,0.0,0.0,82.0,0.0,0.0,0.2667,0.0,0.0,0.2357,0.0,0.0,3.0,0.0
2021-12-03,305.16583251953125,312.03813419280635,297.86588427329247,312.0182542421115,27471000,-0.011437350715994832,-0.011503260247245182,316.3286071777344,327.0119873046875,331.6520309448242,330.6484375,323.5740501264898,328.73302320111435,-5.158973074624555,-1.5554686198642602,-3.603504454760295,28.187078818882412,331.6520309448242,11.88969516784215,355.4314212805085,307.8726406091399,0.14339963646802084,24847540.0,1.1055822829946143,0.024986513040402888,0.0215683448211664,0.02040477569374148,-0.07889044684296909,-0.09403876190924876,0.03594707187454316,1,0.0,0.0,0.0,0.0,0.0,0.0,0.0,0.0,0.0,0.0,0.0,0.0,0.0833,0.0,0.2667,0.0236,0.0,0.2357,0.5,0.0,0.5,0.7071,0.0,0.7071,2.0,0.0,3.0,0.0,0.0,0.0,271.5,0.0,286.5,80.0,0.0,82.0,0.0833,0.0,0.2667,0.0236,0.0,0.2357,2.0,0.0,3.0
2021-12-06,316.1356506347656,318.35349435992003,304.66856118970094,306.4488031901516,21758300,0.03594707187454316,0.03531605360802164,312.318603515625,324.28395690917966,330.49537658691406,329.9504669189453,322.42968097391685,327.7998844924959,-5.370203518579046,-2.318415599607218,-3.0517879189718284,31.986398970241765,330.49537658691406,12.230072989286693,354.95552256548746,306.03523060834067,0.14802110838086618,25869020.0,0.8410948694616186,0.03226037734007376,0.024465442094003725,0.021896403441192962,-0.059639717461628106,-0.07943807965375427,0.015540875862873893,1,0.2014,0.0,1.0,0.0,0.0,0.0,0.0,289.0,40.0,0.2014,0.0,0.0,0.0,0.0833,0.0,0.0,0.0236,0.0,0.0,0.5,0.0,0.0,0.7071,0.0,0.0,2.0,0.0,0.0,0.0,0.0,0.0,271.5,0.0,0.0,80.0,0.0,0.0,0.0833,0.0,0.0,0.0236,0.0,0.0,2.0,0.0
2021-12-07,321.0486755371094,324.75833476686154,319.24855372146936,319.8154509609319,18794000,0.015540875862873893,0.015421353185746164,311.9903991699219,322.4738830566406,329.70919036865234,329.33842407226564,322.21721859902334,327.299794940245,-5.082576341221682,-2.871247747930111,-2.2113285932915705,37.82476507894481,329.70919036865234,12.310449957077669,354.3300902828077,305.088290454497,0.14934918791087623,24549820.0,0.7655453278272508,0.0295275107297902,0.02547735926275512,0.022268401209252622,-0.00508544816404477,-0.05337098569203169,0.024007989260201645,1,0.0,0.0,0.0,0.0,0.0,0.0,0.0,0.0,0.0,0.0,0.0,0.0,0.2014,0.0,0.0833,0.0,0.0,0.0236,0.0,0.0,0.5,0.0,0.0,0.7071,0.0,0.0,2.0,0.0,0.0,0.0,289.0,0.0,271.5,40.0,0.0,80.0,0.2014,0.0,0.0833,0.0,0.0,0.0236,0.0,0.0,2.0
2021-12-08,328.75640869140625,330.934462124912,321.30728505644385,323.2267473797036,19937700,0.024007989260201645,0.023724328598796175,315.9606140136719,321.80853271484375,329.4700012207031,329.1377252197266,323.2232478440053,327.4076922551459,-4.184444411140589,-3.133887080572207,-1.050557330568382,44.21922657554637,329.4700012207031,12.278529351982542,354.0270599246682,304.91294251673804,0.14907007383361115,22471440.0,0.8872462111907381,0.018959792221853955,0.026949709672164618,0.02293491443134752,0.06426264620078026,-0.019836931401714497,-0.002238530951879203,0,0.2014,0.0,2.0,0.0,0.0,0.0,0.0,284.0,80.0,0.2014,0.0,0.0,0.0,0.2014,0.0,0.0,0.0,0.0,0.0,0.0,0.0,0.0,0.0,0.0,0.0,0.0,0.0,0.0,0.0,0.0,0.0,289.0,0.0,0.0,40.0,0.0,0.0,0.2014,0.0,0.0,0.0,0.0,0.0,0.0,0.0
2021-12-09,328.0204772949219,334.29604689329693,326.2104001076286,327.7420062161899,16879200,-0.002238530951879203,-0.002241040207687713,319.8254089355469,320.6906677246094,329.57840728759766,328.9429943847656,323.96128314414636,327.45308373957374,-3.491800595427378,-3.2054697835432417,-0.28633081188413634,44.90056215275609,329.57840728759766,12.254455908713139,354.08731910502394,305.0694954701714,0.14872886861207046,20968040.0,0.804996556664333,0.019245613209803402,0.02656307384271047,0.022320537883342196,0.06259861851774629,-0.032956010219456267,-0.00021240024840507576,0,0.2014,0.0,1.0,0.0,0.0,0.0,0.0,288.0,42.0,0.2014,0.0,0.0,0.2014,0.0,0.2014,0.0,0.0,0.0,0.0,0.0,0.0,0.0,0.0,0.0,0.0,0.0,0.0,0.0,0.0,0.0,284.0,0.0,289.0,80.0,0.0,40.0,0.2014,0.0,0.2014,0.0,0.0,0.0,0.0,0.0,0.0
2021-12-10,327.9508056640625,333.20199551569453,324.58924289085,330.745471208429,14528000,-0.00021240024840507576,-0.00021242280853241136,324.3824035644531,320.3555053710937,329.67835693359376,328.7512451171875,324.5750558395181,327.48995203027664,-2.9148961907585544,-3.147355064986305,0.23245887422775047,40.33321989720553,329.67835693359376,12.23145040928443,354.14125775216263,305.2154561150249,0.14840465140692488,18379440.0,0.790448457624389,0.01618669135090852,0.025592589969010503,0.022321159653947494,0.07466423405403022,-0.010116507576649392,0.014374632663992193,1,0.2167,0.3064,2.0,0.1667,0.2357,2.0,1.0,296.5,82.0,0.2167,0.3064,2.0,0.2014,0.2014,0.0,0.0,0.0,0.0,0.0,0.0,0.0,0.0,0.0,0.0,0.0,0.0,0.0,0.0,0.0,0.0,288.0,284.0,0.0,42.0,80.0,0.0,0.2014,0.2014,0.0,0.0,0.0,0.0,0.0,0.0,0.0
2021-12-13,332.6649780273437,339.22897381049984,327.7917190076466,329.1443144886279,22948700,0.014374632663992193,0.014272297156269494,327.6882690429687,320.00343627929686,329.36010284423827,328.58177368164064,325.8196592530297,327.8732872893186,-2.053628036288899,-2.928609659246824,0.8749816229579253,45.96933781517702,329.36010284423827,12.056880648909305,353.47386414205687,305.24634154641967,0.1464279436979805,18617520.0,1.232640007906531,0.011177024957583732,0.02556834942038243,0.0205938314527955,0.05228555324079709,-0.010472459843437032,-0.002242227748031511,0,0.4333,0.0,1.0,1.0,0.0,2.0,0.0,292.0,42.0,0.4333,0.0,2.0,0.2167,0.2014,0.2014,0.3064,0.0,0.0,0.1667,0.0,0.0,0.2357,0.0,0.0,2.0,0.0,0.0,1.0,0.0,0.0,296.5,288.0,284.0,82.0,42.0,80.0,0.2167,0.2014,0.2014,0.3064,0.0,0.0,2.0,0.0,0.0
2021-12-14,331.9190673828125,333.86839525555865,325.8622987485897,326.26011023347246,20461000,-0.002242227748031511,-0.002244745304662778,329.8623474121094,320.92637329101564,328.6728713989258,328.7311535644531,326.7580297345348,328.1729747036515,-1.414944969116732,-2.625876721220806,1.210931752104074,47.74624998916352,328.6728713989258,11.455392772254672,351.58365694343513,305.76208585441645,0.13941391297063538,18950920.0,1.0796837303940916,0.011896442213789632,0.0215786255371012,0.02003146913597192,0.03385901476627229,0.028601378337747896,0.023731087819744978,1,0.0,0.0,0.0,0.0,0.0,0.0,0.0,0.0,0.0,0.0,0.0,0.0,0.4333,0.2167,0.2014,0.0,0.3064,0.0,1.0,0.1667,0.0,0.0,0.2357,0.0,2.0,2.0,0.0,0.0,1.0,0.0,292.0,296.5,288.0,42.0,82.0,42.0,0.4333,0.2167,0.2014,0.0,0.3064,0.0,2.0,2.0,0.0
2021-12-15,339.7958679199219,340.24339445822574,322.21233929002034,330.67588712581085,24681300,0.023731087819744978,0.023453882578359564,332.0702392578125,324.0154266357422,328.6082275390625,328.9042041015625,328.7638509938251,329.0339297567085,-0.27007876288342914,-2.154717129553331,1.8846383666699018,50.36595115860203,328.6082275390625,11.385073336360378,351.37837421178324,305.8380808663418,0.13858537166428056,19899640.0,1.240288769043058,0.011796169501405766,0.015218093594056509,0.02062097345050379,0.03357944951539493,0.10000000000000009,-0.019785923501614233,0,0.0,0.0,1.0,0.0,0.0,0.0,0.0,283.0,38.0,0.0,0.0,0.0,0.0,0.4333,0.2167,0.0,0.0,0.3064,0.0,1.0,0.1667,0.0,0.0,0.2357,0.0,2.0,2.0,0.0,0.0,1.0,0.0,292.0,296.5,0.0,42.0,82.0,0.0,0.4333,0.2167,0.0,0.0,0.3064,0.0,2.0,2.0
2021-12-16,333.0726928710937,342.5805286092637,331.91901848912727,337.13044833195045,22635000,-0.019785923501614233,-0.01998428576672712,333.0806823730469,326.4530456542969,328.3163269042969,328.92926513671875,329.42674974417406,329.33309739481115,0.09365234936291245,-1.7050432337700823,1.7986955831329947,51.101467636128284,328.3163269042969,11.180020431666792,350.6763677676305,305.9562860409633,0.13621034978166946,21050800.0,1.075256047276113,0.016703363013893177,0.01766594027774148,0.02105300716178601,0.015402134701576475,0.0789649055738657,-0.003314236980588081,0,0.0,0.0,0.0,0.0,0.0,0.0,0.0,0.0,0.0,0.0,0.0,0.0,0.0,0.0,0.4333,0.0,0.0,0.0,0.0,0.0,1.0,0.0,0.0,0.0,0.0,0.0,2.0,0.0,0.0,0.0,283.0,0.0,292.0,38.0,0.0,42.0,0.0,0.0,0.4333,0.0,0.0,0.0,0.0,0.0,2.0
2021-12-17,331.96881103515625,335.27067365821455,328.9453891340822,330.9841919527616,40012600,-0.003314236980588081,-0.003319741228923568,333.8842834472656,329.1333435058594,328.0726654052734,329.0201666259766,329.81783609663285,329.52833544224416,0.2895006543886893,-1.306134456138328,1.5956351105270172,47.246761341084536,328.0726654052734,11.036612993251154,350.14589139177576,305.9994394187711,0.13456303017037355,26147720.0,1.5302519684316644,0.016916771146851327,0.016852736369380585,0.021024240091403672,0.012251853941806168,0.08783086328614309,-0.024985856715334487,0,0.2014,0.0,1.0,0.0,0.0,0.0,0.0,292.0,42.0,0.2014,0.0,0.0,0.0,0.0,0.0,0.0,0.0,0.0,0.0,0.0,0.0,0.0,0.0,0.0,0.0,0.0,0.0,0.0,0.0,0.0,0.0,283.0,0.0,0.0,38.0,0.0,0.0,0.0,0.0,0.0,0.0,0.0,0.0,0.0,0.0
2021-12-20,323.6742858886719,328.099987506514,320.77020469169213,327.98064710888303,17901800,-0.024985856715334487,-0.025303302156509635,332.0861450195313,329.88720703125,327.08558197021483,328.9286682128906,328.87267452617726,329.0947021419795,-0.22202761580223296,-1.089313088071109,0.8672854722688761,50.68969542068577,327.08558197021483,10.459878851337693,348.0053396728902,306.16582426753945,0.1279161103749317,25138340.0,0.7121313499618511,0.01906220299651772,0.01687424749264684,0.021146988281473354,-0.027026265860582432,0.02384620411766125,0.026886076288315186,1,0.0,0.0,0.0,0.0,0.0,0.0,0.0,0.0,0.0,0.0,0.0,0.0,0.2014,0.0,0.0,0.0,0.0,0.0,0.0,0.0,0.0,0.0,0.0,0.0,0.0,0.0,0.0,0.0,0.0,0.0,292.0,0.0,283.0,42.0,0.0,38.0,0.2014,0.0,0.0,0.0,0.0,0.0,0.0,0.0,0.0
2021-12-21,332.3766174316406,334.1667844938566,321.9836204758514,324.62911116189,16116800,0.026886076288315186,0.026530996154937977,332.1776550292969,331.02000122070314,326.7469421386719,329.10271484375,329.4117426654793,329.3378069782507,0.07393568722864075,-0.856663333011159,0.9305990202397998,67.70175699444351,326.7469421386719,10.153914772409173,347.05477168349023,306.43911259385357,0.1243031038754123,24269500.0,0.6640763097715239,0.024039052902139653,0.01818023857903131,0.022009032009564913,0.0013784988383942487,0.03528418821719104,-0.011220865208495856,0,0.0,0.0,0.0,0.0,0.0,0.0,0.0,0.0,0.0,0.0,0.0,0.0,0.0,0.2014,0.0,0.0,0.0,0.0,0.0,0.0,0.0,0.0,0.0,0.0,0.0,0.0,0.0,0.0,0.0,0.0,0.0,292.0,0.0,0.0,42.0,0.0,0.0,0.2014,0.0,0.0,0.0,0.0,0.0,0.0,0.0
2021-12-22,328.6470642089844,332.6849102644765,326.469010505274,331.9787621990585,16764600,-0.011220865208495856,-0.011284294047160392,329.94789428710936,331.0090667724609,326.40879974365237,329.2355877685547,329.29409982601857,329.2866408471939,0.007458978824672613,-0.6838388706439927,0.6912978494686653,64.28771248858061,326.40879974365237,9.961014344047888,346.33082843174816,306.4867710555566,0.12206796326411365,22686160.0,0.7389791837842985,0.020404087529942768,0.01717656297593773,0.022013847748486772,-0.032810298074504196,-0.0003326003068870875,0.014495166590878794,1,0.1,0.0,1.0,0.0,0.0,0.0,0.0,281.0,40.0,0.1,0.0,0.0,0.0,0.0,0.2014,0.0,0.0,0.0,0.0,0.0,0.0,0.0,0.0,0.0,0.0,0.0,0.0,0.0,0.0,0.0,0.0,0.0,292.0,0.0,0.0,42.0,0.0,0.0,0.2014,0.0,0.0,0.0,0.0,0.0,0.0
2021-12-23,333.4108581542969,334.8330788736841,326.56839186475736,328.2989187380859,13987700,0.014495166590878794,0.01439111594599437,330.01552734375,331.54810485839846,326.11938629150393,329.4484197998047,329.92744726113835,329.5921384254978,0.3353088356405465,-0.4800093293870849,0.8153181650276313,69.87677483284135,326.11938629150393,9.649039960900286,345.4174662133045,306.82130636970334,0.11834978681427347,20956700.0,0.6674571855301645,0.0205758586696584,0.017729720384733468,0.02211760577387669,0.0010152897263602245,0.016433062057063408,0.03263334049414346,1,0.0,0.0,0.0,0.0,0.0,0.0,0.0,0.0,0.0,0.0,0.0,0.0,0.1,0.0,0.0,0.0,0.0,0.0,0.0,0.0,0.0,0.0,0.0,0.0,0.0,0.0,0.0,0.0,0.0,0.0,281.0,0.0,0.0,40.0,0.0,0.0,0.1,0.0,0.0,0.0,0.0,0.0,0.0,0.0,0.0
2021-12-27,344.2911682128906,345.97194967670947,336.1657622970974,337.00117545379527,17795000,0.03263334049414346,0.03211218085050023,332.47999877929686,333.18214111328126,326.7688232421875,329.7994940185547,332.13725048448487,330.6809554467862,1.4562950376986805,-0.09274845596993173,1.5490434936686122,69.83877820994273,326.7688232421875,10.422369233960003,347.61356171010755,305.9240847742675,0.12758095011084192,16513180.0,1.0776240554514636,0.024810380079890806,0.02019254886568942,0.02263125107004367,0.037119020727611085,0.049825651489834755,0.00011558507899445125,1,0.0,0.0,0.0,0.0,0.0,0.0,0.0,0.0,0.0,0.0,0.0,0.0,0.0,0.1,0.0,0.0,0.0,0.0,0.0,0.0,0.0,0.0,0.0,0.0,0.0,0.0,0.0,0.0,0.0,0.0,0.0,281.0,0.0,0.0,40.0,0.0,0.0,0.1,0.0,0.0,0.0,0.0,0.0,0.0,0.0
2021-12-28,344.3309631347656,350.78554282472703,343.31653936309965,344.73872974375746,16637600,0.00011558507899445125,0.000115578399553899,336.6113342285156,334.34873962402344,327.1760879516602,330.2263507080078,334.0132062768358,331.69206712737724,2.3211391494585314,0.3900290651157611,1.9311100843427704,67.61472100955046,327.1760879516602,10.955230215144077,349.0865483819483,305.26562752137204,0.13393680795844334,16260340.0,1.0232012368745056,0.018250417484936284,0.019963638976371854,0.022439161851925227,0.06381933365321046,0.035068269514271,-0.00947369046117641,0,0.0,0.0,1.0,0.0,0.0,0.0,0.0,301.0,40.0,0.0,0.0,0.0,0.0,0.0,0.1,0.0,0.0,0.0,0.0,0.0,0.0,0.0,0.0,0.0,0.0,0.0,0.0,0.0,0.0,0.0,0.0,0.0,281.0,0.0,0.0,40.0,0.0,0.0,0.1,0.0,0.0,0.0,0.0,0.0,0.0
2021-12-29,341.0688781738281,347.7820493153799,339.775983279587,345.0172185629761,10747000,-0.00947369046117641,-0.009518851319640049,338.34978637695315,335.263720703125,328.0950469970703,330.37752197265627,335.09869426098845,332.38664572341065,2.7120485375778003,0.8544329596081691,1.8576155779696313,59.987088361058554,328.0950469970703,11.323744304722364,350.74253560651505,305.4475583876256,0.1380544376803528,15186380.0,0.7076735864636602,0.01836941190936056,0.02032768702241283,0.020403492512990094,0.026151841875505122,0.02756639099754654,0.0041406048328829215,1,0.1507,0.0717,2.0,0.0,0.0,0.0,0.0,279.5,80.0,0.1507,0.0717,0.0,0.0,0.0,0.0,0.0,0.0,0.0,0.0,0.0,0.0,0.0,0.0,0.0,0.0,0.0,0.0,0.0,0.0,0.0,301.0,0.0,0.0,40.0,0.0,0.0,0.0,0.0,0.0,0.0,0.0,0.0,0.0,0.0,0.0
2021-12-30,342.4811096191406,345.3354759968904,341.3473453994496,342.12308839747084,10593300,0.0041406048328829215,0.0041320561184661625,341.11659545898436,335.53224487304686,329.77383575439455,330.4644445800781,336.2344504699349,333.13438378976105,3.1000666801738817,1.3035597037213118,1.7965069764525698,61.60224755196266,329.77383575439455,10.806098701191665,351.3860331567779,308.1616383520112,0.1310728448358738,13952120.0,0.7592609581912999,0.01605184609151943,0.018998467893596657,0.01734160915487435,0.042093926636628254,0.00790251428204991,-0.02326048898005162,0,0.2014,0.0,1.0,0.0,0.0,0.0,0.0,282.0,40.0,0.2014,0.0,0.0,0.1507,0.0,0.0,0.0717,0.0,0.0,0.0,0.0,0.0,0.0,0.0,0.0,0.0,0.0,0.0,0.0,0.0,0.0,279.5,301.0,0.0,80.0,40.0,0.0,0.1507,0.0,0.0,0.0717,0.0,0.0,0.0,0.0,0.0
2021-12-31,334.51483154296875,341.5661438294916,334.4352510380069,341.1484220561163,12870500,-0.02326048898005162,-0.023535283758368178,341.33739013671874,335.67645874023435,331.06475219726565,330.37632873535154,335.96989371194013,333.2366391788875,2.733254533052616,1.5894986695875728,1.143755863465043,54.67424374130737,331.06475219726565,9.634251890167356,350.33325597760034,311.79624841693095,0.11640323321918317,13728680.0,0.9374899844704662,0.020672691227295793,0.019446311342715288,0.018451967144704942,0.0033111500770648394,0.004329801580080783,0.006511131534326697,1,0.0,0.0,1.0,0.0,0.0,0.0,0.0,289.0,40.0,0.0,0.0,0.0,0.2014,0.1507,0.0,0.0,0.0717,0.0,0.0,0.0,0.0,0.0,0.0,0.0,0.0,0.0,0.0,0.0,0.0,0.0,282.0,279.5,301.0,40.0,80.0,40.0,0.2014,0.1507,0.0,0.0,0.0717,0.0,0.0,0.0,0.0
2022-01-03,336.6929016113281,339.2190212736129,335.3502612713005,336.45419043574395,14537900,0.006511131534326697,0.006490025683175325,339.81773681640624,336.14886779785155,332.64110565185547,330.3098937988281,336.08112569646136,333.49265861832754,2.5884670781338173,1.789292351296822,0.7991747268369953,52.97576720354498,332.64110565185547,7.521133737528523,347.6833731269125,317.59883817679844,0.09044142302004235,13077260.0,1.1116931222595559,0.012184471579232114,0.019474675686822623,0.018084990638809577,-0.022069304423354086,0.014230525335922506,-0.0059374119949934245,0,0.2014,0.0,1.0,0.0,0.0,0.0,0.0,288.0,42.0,0.2014,0.0,0.0,0.0,0.2014,0.1507,0.0,0.0,0.0717,0.0,0.0,0.0,0.0,0.0,0.0,0.0,0.0,0.0,0.0,0.0,0.0,289.0,282.0,279.5,40.0,40.0,80.0,0.0,0.2014,0.1507,0.0,0.0,0.0717,0.0,0.0,0.0
2022-01-04,334.6938171386719,341.2180219087376,330.059239480784,338.095170221446,15998000,-0.0059374119949934245,-0.005955108508020371,337.8903076171875,337.2508209228516,333.56901397705076,330.54699279785154,335.8676936106476,333.58163332353826,2.2860602871093647,1.8886459384593308,0.3974143486500339,52.01267420501771,333.56901397705076,6.445499871128383,346.46001371930754,320.678014234794,0.0772913502280141,12949340.0,1.235429759354531,0.011922363506927746,0.017409107268615564,0.01669441956489697,-0.027988031945654357,0.03404512415851957,-0.03672763091776832,0,0.2014,0.0,1.0,0.0,0.0,0.0,0.0,288.0,42.0,0.2014,0.0,0.0,0.2014,0.0,0.2014,0.0,0.0,0.0,0.0,0.0,0.0,0.0,0.0,0.0,0.0,0.0,0.0,0.0,0.0,0.0,288.0,289.0,282.0,42.0,40.0,40.0,0.2014,0.0,0.2014,0.0,0.0,0.0,0.0,0.0,0.0
2022-01-05,322.4013061523437,333.92806619447765,322.0730896720679,331.20299529734746,20564500,-0.03672763091776832,-0.037419073236054264,334.15679321289065,336.2532897949219,333.6366455078125,330.45708618164065,333.79594169398547,332.75346094048683,1.0424807534986371,1.7194129014671922,-0.676932147968555,38.142382528485,333.6366455078125,6.312945121831598,346.2625357514757,321.0107552641493,0.07568647157716107,14912840.0,1.3789794566293208,0.01853188488456686,0.01941640191913087,0.01860751325960076,-0.05473255760371776,-0.030012072920107102,0.025572945330025076,1,0.4333,0.0,1.0,1.0,0.0,3.0,0.0,291.0,42.0,0.4333,0.0,3.0,0.2014,0.2014,0.0,0.0,0.0,0.0,0.0,0.0,0.0,0.0,0.0,0.0,0.0,0.0,0.0,0.0,0.0,0.0,288.0,288.0,289.0,42.0,42.0,40.0,0.2014,0.2014,0.0,0.0,0.0,0.0,0.0,0.0,0.0
2022-01-06,330.64605712890625,337.31946856345746,320.95920923669814,321.05866969710286,27962800,0.025572945330025076,0.02525142747792726,331.78978271484374,336.45318908691405,333.7311279296875,330.7882684326172,333.31134406858865,332.59735695444385,0.7139871141447998,1.5183277440027136,-0.8043406298579139,48.37941657692415,333.7311279296875,6.249886799062696,346.2309015278129,321.2313543315621,0.0749092461087952,18386740.0,1.520813368764664,0.024456817212396433,0.02107403412240057,0.018715104832025507,-0.03455680374136738,0.006082491333775364,-0.002015300966070721,0,0.0,0.0,0.0,0.0,0.0,0.0,0.0,0.0,0.0,0.0,0.0,0.0,0.4333,0.2014,0.2014,0.0,0.0,0.0,1.0,0.0,0.0,0.0,0.0,0.0,3.0,0.0,0.0,0.0,0.0,0.0,291.0,288.0,288.0,42.0,42.0,42.0,0.4333,0.2014,0.2014,0.0,0.0,0.0,3.0,0.0,0.0
2022-01-07,329.9797058105469,335.16127066586523,327.0855796234997,330.9245042382811,14722000,-0.002015300966070721,-0.0020173344175330875,330.88275756835935,336.1100738525391,333.82908935546874,331.1775329589844,332.7987843365823,332.4034568697108,0.39532746687149256,1.2937276885764695,-0.8984002217049769,48.66380453772217,333.82908935546874,6.17051701086312,346.17012337719495,321.4880553337425,0.07393624111998942,18757040.0,0.7848786375675479,0.02265430615900476,0.020522000852723064,0.01871348160050839,-0.013557323337513472,-0.010291063592662408,-0.01121183045055496,0,0.0667,0.0,1.0,1.0,0.0,2.0,0.0,268.0,42.0,0.0667,0.0,2.0,0.0,0.4333,0.2014,0.0,0.0,0.0,0.0,1.0,0.0,0.0,0.0,0.0,0.0,3.0,0.0,0.0,0.0,0.0,0.0,291.0,288.0,0.0,42.0,42.0,0.0,0.4333,0.2014,0.0,0.0,0.0,0.0,3.0,0.0
2022-01-10,326.280029296875,326.5485452273899,313.7089796497509,323.53507838065843,24942400,-0.01121183045055496,-0.011275156802707447,328.80018310546876,334.3089599609375,333.74555053710935,331.3993176269531,331.7958989458581,331.9498696420933,-0.15397069623520565,1.0041880116141344,-1.15815870784934,51.8655941912583,333.74555053710935,6.264876347642746,346.27530323239483,321.21579784182387,0.07508566136759502,20837940.0,1.196970525877318,0.022271409460871774,0.01694725254132532,0.018895163117020688,-0.030926913708663628,-0.052313682658506444,0.019203213305767575,1,0.1341,0.0953,2.0,0.5,0.7071,2.0,0.0,271.0,80.0,0.1341,0.0953,2.0,0.0667,0.0,0.4333,0.0,0.0,0.0,1.0,0.0,1.0,0.0,0.0,0.0,2.0,0.0,3.0,0.0,0.0,0.0,268.0,0.0,291.0,42.0,0.0,42.0,0.0667,0.0,0.4333,0.0,0.0,0.0,2.0,0.0,3.0
2022-01-11,332.545654296875,332.80424543512305,323.50525347179314,324.9970693904748,16226800,0.019203213305767575,0.019021158603326777,328.37055053710935,333.13042907714845,333.7395843505859,331.61414001464846,331.9112459229376,331.9940018387438,-0.08275591580621722,0.786799226130064,-0.8695551419362813,50.125398052221186,333.7395843505859,6.26601627622599,346.2716169030379,321.2075517981339,0.07510066614865425,20883700.0,0.7770079056872106,0.0249802962338994,0.018609448264898496,0.01911917227715057,-0.00641829257606763,-0.03422668914406646,-0.0033197648936537094,0,0.2014,0.0,1.0,0.0,0.0,0.0,0.0,287.0,40.0,0.2014,0.0,0.0,0.1341,0.0667,0.0,0.0953,0.0,0.0,0.5,1.0,0.0,0.7071,0.0,0.0,2.0,2.0,0.0,0.0,0.0,0.0,271.0,268.0,0.0,80.0,42.0,0.0,0.1341,0.0667,0.0,0.0953,0.0,0.0,2.0,2.0,0.0
2022-01-12,331.4416809082031,334.5346975988246,328.2292934650969,333.35118803299963,14104900,-0.0033197648936537094,-0.003325287539105281,330.1786254882812,332.16770935058594,333.7157150268555,331.6793817138672,331.83900515144,331.9530891772223,-0.11408402578229015,0.6066225757475933,-0.7207066015298834,52.15718773615662,333.7157150268555,6.274220114307805,346.2641552554711,321.1672747982399,0.07520437104740958,19591780.0,0.719939688992016,0.015844147995519545,0.018484669922709723,0.019127801388832695,0.02804075102471071,-0.028226548599718404,-0.020344488527008764,0,0.1341,0.0953,2.0,0.5,0.7071,2.0,0.0,276.0,82.0,0.1341,0.0953,2.0,0.2014,0.1341,0.0667,0.0,0.0953,0.0,0.0,0.5,1.0,0.0,0.7071,0.0,0.0,2.0,2.0,0.0,0.0,0.0,287.0,271.0,268.0,40.0,80.0,42.0,0.2014,0.1341,0.0667,0.0,0.0953,0.0,0.0,2.0,2.0
2022-01-13,324.6986694335937,333.7987390964755,323.982596686455,333.15229169931075,14797100,-0.020344488527008764,-0.020554288019883116,328.98914794921876,330.38946533203125,332.9608551025391,331.64755676269533,330.74049196407907,331.4157247517683,-0.6752327876892537,0.35025150306022385,-1.0254842907494774,43.474382905265486,332.9608551025391,6.410901507892323,345.78265811832375,320.1390520867544,0.07701687942767955,16958640.0,0.872540486737144,0.014670333595829308,0.01908900568002203,0.018798317737758228,-0.0179871725885844,-0.05192239713694591,0.01660127337865669,1,0.0833,0.0236,2.0,0.5,0.7071,2.0,0.0,274.5,82.0,0.0833,0.0236,2.0,0.1341,0.2014,0.1341,0.0953,0.0,0.0953,0.5,0.0,0.5,0.7071,0.0,0.7071,2.0,0.0,2.0,0.0,0.0,0.0,276.0,287.0,271.0,82.0,40.0,80.0,0.1341,0.2014,0.1341,0.0953,0.0,0.0953,2.0,0.0,2.0
2022-01-14,330.0890808105469,330.91456916029665,319.4574051713878,320.03425757139314,16868500,0.01660127337865669,0.01646497861561411,329.0110229492187,329.94689025878904,332.8116744995117,331.65312561035154,330.64027486353564,331.31745483019637,-0.6771799666607308,0.14476520911603288,-0.8219451757767636,38.40908117284539,332.8116744995117,6.442796824791417,345.69726814909455,319.92608084992884,0.07743474545453041,17387940.0,0.970126420956134,0.017283066041140584,0.01904958298379433,0.018757519246455405,0.0003314597779016104,-0.013230357266994286,-0.04142808129796727,0,0.2014,0.0,1.0,0.0,0.0,0.0,0.0,288.0,40.0,0.2014,0.0,0.0,0.0833,0.1341,0.2014,0.0236,0.0953,0.0,0.5,0.5,0.0,0.7071,0.7071,0.0,2.0,2.0,0.0,0.0,0.0,0.0,274.5,276.0,287.0,82.0,82.0,40.0,0.0833,0.1341,0.2014,0.0236,0.0953,0.0,2.0,2.0,0.0
2022-01-18,316.41412353515625,322.4410569090777,315.906926804408,321.5260935528969,22645600,-0.04142808129796727,-0.0423106867582576,327.037841796875,327.91901245117185,332.03394012451173,331.3010571289062,328.45163619763116,330.2135043638971,-1.7618681662659128,-0.23656146596035635,-1.5253067003055565,31.36368099789314,332.03394012451173,7.415328474228092,346.8645970729679,317.20328317605555,0.08933217455356961,16928580.0,1.3377140906088993,0.025563719618682607,0.022603303925496396,0.02089594737284329,-0.03023754099501441,-0.060229300882563064,0.004526121938709382,1,0.1667,0.2333,3.0,0.6667,0.5774,5.0,0.0,281.0,122.0,0.1667,0.2333,5.0,0.2014,0.0833,0.1341,0.0,0.0236,0.0953,0.0,0.5,0.5,0.0,0.7071,0.7071,0.0,2.0,2.0,0.0,0.0,0.0,288.0,274.5,276.0,40.0,82.0,82.0,0.2014,0.0833,0.1341,0.0,0.0236,0.0953,0.0,2.0,2.0
2022-01-19,317.84625244140625,325.3152861632207,317.58766133858995,317.8362972909692,20814700,0.004526121938709382,0.004515909851314822,324.09796142578125,326.2342559814453,331.74253845214844,330.872607421875,326.82003869667346,329.29741162889775,-2.4773729322242843,-0.6847237592131422,-1.7926491730111422,34.10912544527132,331.74253845214844,7.862178603223373,347.4668956585952,316.01818124570167,0.09479855842313029,17846160.0,1.166340546089467,0.022642382000859114,0.022845394950864246,0.02023282762231094,-0.04420265808780077,-0.05033724507162096,-0.009480771634803209,0,0.0,0.0,0.0,0.0,0.0,0.0,0.0,0.0,0.0,0.0,0.0,0.0,0.1667,0.2014,0.0833,0.2333,0.0,0.0236,0.6667,0.0,0.5,0.5774,0.0,0.7071,5.0,0.0,2.0,0.0,0.0,0.0,281.0,288.0,274.5,122.0,40.0,82.0,0.1667,0.2014,0.0833,0.2333,0.0,0.0236,5.0,0.0,2.0
2022-01-20,314.83282470703125,326.0313990944483,314.2560025809042,322.1327735262741,16925000,-0.009480771634803209,-0.009526000245286978,320.77619018554685,325.47740783691404,330.86534881591797,330.43381591796873,324.9758519290362,328.2259607457965,-3.250108816760303,-1.1978007707225746,-2.0523080460377283,31.486413859763545,330.86534881591797,8.71964003669771,348.3046288893134,313.42606874252255,0.10541617691792823,18410180.0,0.9193283281315011,0.022436772977137358,0.02008796516084898,0.01923133115143069,-0.05011094608155786,-0.02347534361953274,-0.042298497873588636,0,0.0667,0.0,1.0,1.0,0.0,2.0,0.0,266.0,40.0,0.0667,0.0,2.0,0.0,0.1667,0.2014,0.0,0.2333,0.0,0.0,0.6667,0.0,0.0,0.5774,0.0,0.0,5.0,0.0,0.0,0.0,0.0,0.0,281.0,288.0,0.0,122.0,40.0,0.0,0.1667,0.2014,0.0,0.2333,0.0,0.0,5.0,0.0
2022-01-21,301.515869140625,316.5732470863481,301.386573585334,313.09234364850283,28710700,-0.042298497873588636,-0.0432191339829822,316.13963012695314,322.56438903808595,329.5087890625,329.79332946777345,321.36662380774214,326.2474354417097,-4.880811633967539,-1.934402943371568,-2.9464086905959714,29.38104423662331,329.5087890625,10.916613144395193,351.3420153512904,307.6755627737096,0.1325198417372057,21192900.0,1.354732009305003,0.02670354814496649,0.021105658276557797,0.021132021220358097,-0.07139789126148532,-0.08810081765748834,0.018273551042947922,1,0.0833,0.0236,2.0,0.5,0.7071,2.0,0.0,273.5,80.0,0.0833,0.0236,2.0,0.0667,0.0,0.1667,0.0,0.0,0.2333,1.0,0.0,0.6667,0.0,0.0,0.5774,2.0,0.0,5.0,0.0,0.0,0.0,266.0,0.0,281.0,40.0,0.0,122.0,0.0667,0.0,0.1667,0.0,0.0,0.2333,2.0,0.0,5.0
2022-01-24,307.025634765625,307.84116803697805,287.43313840822844,296.2149475733403,38878100,0.018273551042947922,0.018108596218711737,311.5269409179688,320.26898193359375,328.1895278930664,329.4167950439453,319.1603178012626,324.82359835459226,-5.663280553329685,-2.6801784653631917,-2.983102087966493,32.20376092108559,328.1895278930664,11.96427465331614,352.1180771996987,304.2609785864341,0.14582152855546882,25594820.0,1.5189831379943286,0.02719510112765782,0.022759601706585492,0.021322895975442988,-0.0698703695023436,-0.06956206894159922,-0.027728222605852393,0,0.0,0.0,1.0,0.0,0.0,0.0,0.0,301.0,40.0,0.0,0.0,0.0,0.0833,0.0667,0.0,0.0236,0.0,0.0,0.5,1.0,0.0,0.7071,0.0,0.0,2.0,2.0,0.0,0.0,0.0,0.0,273.5,266.0,0.0,80.0,40.0,0.0,0.0833,0.0667,0.0,0.0236,0.0,0.0,2.0,2.0,0.0
2022-01-25,298.5123596191406,304.5592038134467,295.9563743911163,298.313469040386,25108500,-0.027728222605852393,-0.028119907231694937,307.94658813476565,317.4922149658203,325.9005874633789,328.8680059814453,315.98370885016686,322.87461770752174,-6.890908857354873,-3.522324543761529,-3.368584313593344,29.86940174330239,325.9005874633789,13.051356093235814,352.00329964985053,299.79787527690723,0.1601881873833982,26087400.0,0.9624761379056556,0.024285568654045474,0.023683927752042023,0.02011814709991248,-0.05657700647495456,-0.08510379791730738,-0.018390756654320106,0,0.0,0.0,0.0,0.0,0.0,0.0,0.0,0.0,0.0,0.0,0.0,0.0,0.0,0.0833,0.0667,0.0,0.0236,0.0,0.0,0.5,1.0,0.0,0.7071,0.0,0.0,2.0,2.0,0.0,0.0,0.0,301.0,273.5,266.0,40.0,80.0,40.0,0.0,0.0833,0.0667,0.0,0.0236,0.0,0.0,2.0,2.0
2022-01-26,293.0224914550781,305.83222250136595,289.26311650463043,305.334950521936,28348800,-0.018390756654320106,-0.018561969018443043,302.9818359375,313.53989868164064,323.33516387939454,327.94785461425784,312.45121386630706,320.66334909622964,-8.21213522992258,-4.46028668099374,-3.751848548928841,32.315593051336165,323.33516387939454,14.227627882349841,351.79041964409424,294.87990811469484,0.17601089484540963,27594220.0,1.0273455817921289,0.022649648907275905,0.02167922218151111,0.020203218097401356,-0.07809990143238921,-0.11885033628048314,3.395210524392844e-05,1,0.0833,0.0236,2.0,0.5,0.7071,2.0,0.0,273.5,80.0,0.0833,0.0236,2.0,0.0,0.0,0.0833,0.0,0.0,0.0236,0.0,0.0,0.5,0.0,0.0,0.7071,0.0,0.0,2.0,0.0,0.0,0.0,0.0,301.0,273.5,0.0,40.0,80.0,0.0,0.0,0.0833,0.0,0.0,0.0236,0.0,0.0,2.0
2022-01-27,293.0324401855469,300.06384275378633,292.6545086332904,296.12545726130645,21629900,3.395210524392844e-05,3.395152888424891e-05,298.62175903320315,309.698974609375,320.93334197998047,326.8952294921875,309.4637102231132,318.61661510284574,-9.152904879732546,-5.398810320741501,-3.754094558991045,24.86707838348069,320.93334197998047,15.103986890662384,351.14131576130524,290.7253681986557,0.18825076631152343,28535200.0,0.7580076537048979,0.023701684072937396,0.021859781881008372,0.02027447124913537,-0.06924431892313265,-0.11588536667267924,0.023995304354147207,1,0.1,0.0,1.0,0.0,0.0,0.0,0.0,281.0,40.0,0.1,0.0,0.0,0.0833,0.0,0.0,0.0236,0.0,0.0,0.5,0.0,0.0,0.7071,0.0,0.0,2.0,0.0,0.0,0.0,0.0,0.0,273.5,0.0,301.0,80.0,0.0,40.0,0.0833,0.0,0.0,0.0236,0.0,0.0,2.0,0.0,0.0
2022-01-28,300.0638427734375,300.2528085495781,291.4312086833994,294.0070738384395,21871600,0.023995304354147207,0.023711941015149066,298.33135375976565,307.23549194335936,318.81247863769534,326.0747314453125,308.0175767693169,317.2423356710377,-9.224758901720804,-6.164000036937362,-3.060758864783442,31.577637799892457,318.81247863769534,14.895683692088712,348.60384602187276,289.0211112535179,0.1868895942309266,27167380.0,0.8050684313319871,0.02243802619067626,0.024340575242872715,0.021326250178494315,-0.004815754379117854,-0.07586981093310097,0.03828174993684197,1,0.0,0.0,0.0,0.0,0.0,0.0,0.0,0.0,0.0,0.0,0.0,0.0,0.1,0.0833,0.0,0.0,0.0236,0.0,0.0,0.5,0.0,0.0,0.7071,0.0,0.0,2.0,0.0,0.0,0.0,0.0,281.0,273.5,0.0,40.0,80.0,0.0,0.1,0.0833,0.0,0.0,0.0236,0.0,0.0,2.0,0.0
2022-01-31,311.5508117675781,312.0779187865982,297.6868682661031,299.0394333145059,21579500,0.03828174993684197,0.03756718330372368,299.23638916015625,305.3816650390625,317.6642776489258,325.52753356933596,308.561151384434,316.8207413078185,-8.259589923384453,-6.5831180142267804,-1.676471909157673,41.7234587429045,317.6642776489258,14.501446514416145,346.6671706777581,288.6613846200935,0.18260090963633974,23707660.0,0.9102332326345156,0.02782043346473795,0.027495759398227432,0.023125113117702094,0.014738759535201318,-0.0561614125418729,0.01832342906388429,1,0.0,0.0,0.0,0.0,0.0,0.0,0.0,0.0,0.0,0.0,0.0,0.0,0.0,0.1,0.0833,0.0,0.0,0.0236,0.0,0.0,0.5,0.0,0.0,0.7071,0.0,0.0,2.0,0.0,0.0,0.0,0.0,281.0,273.5,0.0,40.0,80.0,0.0,0.1,0.0833,0.0,0.0,0.0236,0.0,0.0,2.0
2022-02-01,317.2594909667969,317.9158935557531,310.4170243618747,312.84371380550573,18023800,0.01832342906388429,0.018157577947972403,302.9858154296875,305.46620178222656,316.6926071166992,325.13588256835936,309.8993574740283,316.85324128255763,-6.953883808529326,-6.657271173087291,-0.29661263544203553,41.356402391990635,316.6926071166992,13.793094227662845,344.2787955720249,289.10641866137354,0.17421428751672965,22290720.0,0.808578637208668,0.022024878176406984,0.025198064961690685,0.023535914935976218,0.06280185976746466,0.0026717120658070748,0.012539199125352507,1,0.0,0.0,0.0,0.0,0.0,0.0,0.0,0.0,0.0,0.0,0.0,0.0,0.0,0.0,0.1,0.0,0.0,0.0,0.0,0.0,0.0,0.0,0.0,0.0,0.0,0.0,0.0,0.0,0.0,0.0,0.0,0.0,281.0,0.0,0.0,40.0,0.0,0.0,0.1,0.0,0.0,0.0,0.0,0.0,0.0
2022-02-02,321.2376708984375,326.2103902621904,315.1411121023052,326.0313796493522,58458300,0.012539199125352507,0.01246123443467704,308.62885131835935,305.8053436279297,316.0197998046875,324.69231689453125,311.6437133854759,317.1780138466969,-5.534300461220994,-6.432677030714031,0.8983765694930375,44.41176126497276,316.0197998046875,13.183522746283082,342.38684529725367,289.6527543121214,0.16686957911410616,28312620.0,2.0647435666497835,0.014124291955808034,0.02546443105469175,0.023763817284594316,0.0962901492757422,0.010669996676007543,-0.26390096972198074,0,0.0,0.0,0.0,0.0,0.0,0.0,0.0,0.0,0.0,0.0,0.0,0.0,0.0,0.0,0.0,0.0,0.0,0.0,0.0,0.0,0.0,0.0,0.0,0.0,0.0,0.0,0.0,0.0,0.0,0.0,0.0,0.0,0.0,0.0,0.0,0.0,0.0,0.0,0.0,0.0,0.0,0.0,0.0,0.0,0.0
2022-02-03,236.46273803710935,246.64687242629063,234.4637103810404,243.31514449064096,188119900,-0.26390096972198074,-0.306390617296392,297.3149108886718,297.9683349609375,311.7228713989258,322.6385833740234,300.0774094857272,311.1991045274682,-11.12169504174102,-7.3704806329194295,-3.751214408821591,23.945709169912988,311.7228713989258,22.030637455686115,355.784146310298,267.6615964875536,0.28269516903676284,61610620.0,3.053368071933053,0.12878866890447804,0.08794331062321524,0.06309369112121105,-0.1930492818904891,-0.248926034770515,-0.002817868076435359,0,0.2014,0.0,1.0,0.0,0.0,0.0,0.0,280.0,40.0,0.2014,0.0,0.0,0.0,0.0,0.0,0.0,0.0,0.0,0.0,0.0,0.0,0.0,0.0,0.0,0.0,0.0,0.0,0.0,0.0,0.0,0.0,0.0,0.0,0.0,0.0,0.0,0.0,0.0,0.0,0.0,0.0,0.0,0.0,0.0,0.0
2022-02-04,235.79641723632807,241.28630399106297,228.85450483892365,233.6879889562969,89342200,-0.002817868076435359,-0.002821845740796388,284.46142578125,291.3963897705078,306.9803894042969,320.6463134765625,290.1880260627427,305.61372028368004,-15.425694220937316,-8.981523350523009,-6.4441708704143075,21.35821333833657,306.9803894042969,27.317381705388343,361.61515281507354,252.3456259935202,0.35594953486635933,75104740.0,1.1895680618826454,0.1262962793625827,0.0879211061844121,0.062493412996188595,-0.2141791724824187,-0.21796349257373848,-0.05137287831338477,0,0.0,0.0,0.0,0.0,0.0,0.0,0.0,0.0,0.0,0.0,0.0,0.0,0.2014,0.0,0.0,0.0,0.0,0.0,0.0,0.0,0.0,0.0,0.0,0.0,0.0,0.0,0.0,0.0,0.0,0.0,280.0,0.0,0.0,40.0,0.0,0.0,0.2014,0.0,0.0,0.0,0.0,0.0,0.0,0.0,0.0
2022-02-07,223.6828765869141,236.99981906259535,222.78777795400237,236.40308664065424,88613800,-0.05137287831338477,-0.0527394746690576,266.88783874511716,283.0621139526367,301.66554794311526,318.33598846435547,279.9564646049229,299.54476889873445,-19.588304293811518,-11.102879539180712,-8.485424754630806,21.56275189294344,301.66554794311526,32.463018484015535,366.59158491114636,236.7395109750842,0.43045046019159017,88511600.0,1.0011546509158122,0.11862093470852716,0.08729646039884513,0.06294497190002847,-0.282034043442695,-0.2714521158545361,-0.02103077224592398,0,0.0,0.0,0.0,0.0,0.0,0.0,0.0,0.0,0.0,0.0,0.0,0.0,0.0,0.2014,0.0,0.0,0.0,0.0,0.0,0.0,0.0,0.0,0.0,0.0,0.0,0.0,0.0,0.0,0.0,0.0,0.0,280.0,0.0,0.0,40.0,0.0,0.0,0.2014,0.0,0.0,0.0,0.0,0.0,0.0,0.0
2022-02-08,218.9786529541016,224.53816449083425,214.9706425378392,219.645010673908,94729700,-0.02103077224592398,-0.021255069270376136,247.23167114257814,275.10874328613284,296.30047912597655,316.08951293945313,270.57526281248886,293.57690845839124,-23.001645645902386,-13.482632760525048,-9.519012885377338,20.27744956023436,296.30047912597655,36.76287776887386,369.8262346637243,222.77472358822882,0.4962918437029402,103852780.0,0.9121537237616557,0.11353306870874441,0.08731682598688512,0.06293552963259254,-0.3097806080227903,-0.2664335465590528,0.05368342312391783,1,0.1087,0.0638,4.0,0.5,0.5774,4.0,0.0,276.75,162.0,0.1087,0.0638,4.0,0.0,0.0,0.2014,0.0,0.0,0.0,0.0,0.0,0.0,0.0,0.0,0.0,0.0,0.0,0.0,0.0,0.0,0.0,0.0,0.0,280.0,0.0,0.0,40.0,0.0,0.0,0.2014,0.0,0.0,0.0,0.0,0.0,0.0
2022-02-09,230.7341766357422,232.0966968743596,220.9975988764952,222.97673145512317,86563300,0.05368342312391783,0.05229204743536178,229.13097229003907,268.8799118041992,291.20990524291994,313.98048309326174,264.44586493914323,288.92189128634317,-24.476026347199934,-15.681311477860026,-8.794714869339908,25.979993384297757,291.20990524291994,38.488291387756824,368.1864880184336,214.2333224674063,0.528667338504861,109473780.0,0.7907217600415369,0.12177843213614577,0.09095339849102656,0.06444843004659873,-0.281733751865325,-0.21257178761270978,-0.01693957468871088,0,0.0,0.0,0.0,0.0,0.0,0.0,0.0,0.0,0.0,0.0,0.0,0.0,0.1087,0.0,0.0,0.0638,0.0,0.0,0.5,0.0,0.0,0.5774,0.0,0.0,4.0,0.0,0.0,0.0,0.0,0.0,276.75,0.0,0.0,162.0,0.0,0.0,0.1087,0.0,0.0,0.0638,0.0,0.0,4.0,0.0,0.0
2022-02-10,226.8256378173828,233.71781985918588,225.46310233543517,227.0245435651345,49310400,-0.01693957468871088,-0.017084690417692755,227.20355224609375,262.2592315673828,285.9791030883789,312.0632019042969,258.65813768964165,284.3221688071609,-25.664031117519244,-17.67785540579187,-7.986175711727373,27.455567668544404,285.9791030883789,39.81875728331998,365.6166176550189,206.34158852173894,0.5569463901845222,81711880.0,0.6034667174467164,0.03860750987852528,0.0907120840673523,0.0643816201992412,-0.040755259368662644,-0.2259367677047709,-0.03735707013237921,0,0.0667,0.0,2.0,1.0,0.0,4.0,0.0,267.0,82.0,0.0667,0.0,4.0,0.0,0.1087,0.0,0.0,0.0638,0.0,0.0,0.5,0.0,0.0,0.5774,0.0,0.0,4.0,0.0,0.0,0.0,0.0,0.0,276.75,0.0,0.0,162.0,0.0,0.0,0.1087,0.0,0.0,0.0638,0.0,0.0,4.0,0.0
2022-02-11,218.3520965576172,229.16278291797863,217.57635359972844,227.2134855483474,46156900,-0.03735707013237921,-0.038072725281256194,223.71468811035157,254.0880569458008,280.6617744445801,310.2521371459961,252.45720828471482,279.4354967886762,-26.978288503961352,-19.537942025425767,-7.440346478535584,23.70531464662338,280.6617744445801,41.44359687473664,363.5489681940534,197.7745806951068,0.5906553816493476,73074820.0,0.6316389147451885,0.04055731462526033,0.08940174187966324,0.0645476268978574,-0.0739804314381386,-0.2723145363352444,-0.008426320672724974,0,0.0667,0.0,1.0,1.0,0.0,2.0,0.0,266.0,40.0,0.0667,0.0,2.0,0.0667,0.0,0.1087,0.0,0.0,0.0638,1.0,0.0,0.5,0.0,0.0,0.5774,4.0,0.0,4.0,0.0,0.0,0.0,267.0,0.0,276.75,82.0,0.0,162.0,0.0667,0.0,0.1087,0.0,0.0,0.0638,4.0,0.0,4.0
2022-02-14,216.5121917724609,219.79418949229444,213.608125569464,218.1134079680913,38184000,-0.008426320672724974,-0.008462022812685294,222.28055114746093,244.58419494628907,274.9829299926758,308.40845092773435,246.92720574436805,274.7745112319195,-27.847305487551466,-21.19981471785091,-6.647490769700557,24.682175252376723,274.9829299926758,42.090746309317616,359.164422611311,190.80143737404057,0.6122670423278812,62988860.0,0.6062024300804936,0.03498878854337534,0.0867906993022061,0.06409632285069396,-0.032057370344425684,-0.30505014400674246,0.015158559490739298,1,0.0,0.0,0.0,0.0,0.0,0.0,0.0,0.0,0.0,0.0,0.0,0.0,0.0667,0.0667,0.0,0.0,0.0,0.0,1.0,1.0,0.0,0.0,0.0,0.0,2.0,4.0,0.0,0.0,0.0,0.0,266.0,267.0,0.0,40.0,82.0,0.0,0.0667,0.0667,0.0,0.0,0.0,0.0,2.0,4.0,0.0
2022-02-15,219.7942047119141,219.94338022860828,213.88661144225017,219.2670976522134,42685500,0.015158559490739298,0.01504481654029712,222.44366149902345,234.8376663208008,270.15193405151365,306.70101837158205,242.75289789322127,270.7018959341413,-27.94899804092003,-22.549651382464734,-5.399346658455297,27.078012313163484,270.15193405151365,42.62657235051602,355.4050787525457,184.8987893504816,0.631149615865979,52580020.0,0.8118197748878757,0.03484862310630203,0.08659344301362999,0.06428313438183118,0.0037243436600344904,-0.30720999380624714,-0.02018107897756205,0,0.0894,0.1026,3.0,0.3333,0.5774,2.0,0.0,279.0,118.0,0.0894,0.1026,2.0,0.0,0.0667,0.0667,0.0,0.0,0.0,0.0,1.0,1.0,0.0,0.0,0.0,0.0,2.0,4.0,0.0,0.0,0.0,0.0,266.0,267.0,0.0,40.0,82.0,0.0,0.0667,0.0667,0.0,0.0,0.0,0.0,2.0,4.0
2022-02-16,215.3585205078125,216.27351421238137,211.2013344622757,211.2510646903228,45817500,-0.02018107897756205,-0.020387498857324434,219.3685302734375,224.24975128173827,265.027547454834,304.68547576904297,238.5383782954661,266.6023866433021,-28.064008347836022,-23.652522775538994,-4.411485572297028,26.34192925795155,265.027547454834,42.751332474138195,350.5302124031104,179.52488250655762,0.6452360576807417,44430860.0,1.031208939012209,0.019187694540186553,0.08533051174343322,0.06411021508107893,-0.06663796561097701,-0.32959755340804897,-0.04077758008226884,0,0.1,0.0,1.0,0.0,0.0,0.0,0.0,281.0,40.0,0.1,0.0,0.0,0.0894,0.0,0.0667,0.1026,0.0,0.0,0.3333,0.0,1.0,0.5774,0.0,0.0,2.0,0.0,2.0,0.0,0.0,0.0,279.0,0.0,266.0,118.0,0.0,40.0,0.0894,0.0,0.0667,0.1026,0.0,0.0,2.0,0.0,2.0
2022-02-17,206.57672119140625,216.3132993444326,206.0297190085316,212.85229080407169,38747500,-0.04077758008226884,-0.0416323019830542,215.3187469482422,221.26114959716796,259.61474227905273,302.3960366821289,233.62120027945687,262.15604105427275,-28.534840774815876,-24.628986375394373,-3.9058543994215036,21.825928063725897,259.61474227905273,42.96621462771445,345.54717153448166,173.68231302362383,0.6619996114324087,42318280.0,0.9156208617174422,0.022852326681487685,0.030428600268576158,0.06429916685202108,-0.08927084619190606,-0.1263878490699576,-0.0074623591357559915,0,0.0,0.0,0.0,0.0,0.0,0.0,0.0,0.0,0.0,0.0,0.0,0.0,0.1,0.0894,0.0,0.0,0.1026,0.0,0.0,0.3333,0.0,0.0,0.5774,0.0,0.0,2.0,0.0,0.0,0.0,0.0,281.0,279.0,0.0,40.0,118.0,0.0,0.1,0.0894,0.0,0.0,0.1026,0.0,0.0,2.0,0.0
2022-02-18,205.03517150878903,209.6001243107233,204.0605075725601,208.2475440165722,37128400,-0.0074623591357559915,-0.007490341835913544,212.65536193847657,218.18502502441407,254.79070739746095,299.9216119384766,229.22334969935415,257.92486553238507,-28.701515833030925,-25.443492266921687,-3.2580235661092374,15.852586049601399,254.79070739746095,43.4278683576402,341.64644411274134,167.93497068218056,0.6817810398382365,40512580.0,0.9164659471206228,0.02040500854955932,0.030290946837677593,0.06409339636057577,-0.06098830860235949,-0.1304567986574131,-0.019790454622750087,0,0.4333,0.0,1.0,0.3333,0.0,2.0,1.0,292.0,42.0,0.4333,0.0,2.0,0.0,0.1,0.0894,0.0,0.0,0.1026,0.0,0.0,0.3333,0.0,0.0,0.5774,0.0,0.0,2.0,0.0,0.0,0.0,0.0,281.0,279.0,0.0,40.0,118.0,0.0,0.1,0.0894,0.0,0.0,0.1026,0.0,0.0,2.0
2022-02-22,200.97743225097656,206.34796321719116,198.968449332644,201.23600820064885,39852400,-0.019790454622750087,-0.01998890836062499,209.54841003417968,215.91448059082032,249.48829727172853,297.38075103759763,224.8778239380653,253.70653714116963,-28.828713203104343,-26.120536454158223,-2.7081767489461193,12.322782880680691,249.48829727172853,43.18789129379381,335.8640798593161,163.1125146841409,0.6924235207193866,40846260.0,0.9756682741577809,0.02049312189988972,0.027409414147026304,0.0635598700776453,-0.07175004508665395,-0.10150729766350763,-0.01796320578969801,0,0.0333,0.0471,2.0,0.5,0.7071,2.0,0.0,275.5,78.0,0.0333,0.0471,2.0,0.4333,0.0,0.1,0.0,0.0,0.0,0.3333,0.0,0.0,0.0,0.0,0.0,2.0,0.0,0.0,1.0,0.0,0.0,292.0,0.0,281.0,42.0,0.0,40.0,0.4333,0.0,0.1,0.0,0.0,0.0,2.0,0.0,0.0
2022-02-23,197.3672332763672,205.8109164230289,196.9694217878785,203.04608560408667,44481400,-0.01796320578969801,-0.01812650268367464,205.06301574707032,213.7533386230469,244.43104095458983,294.7690795898437,220.6454253747271,249.5332553734065,-28.887829998679393,-26.673995163062465,-2.213834835616929,9.768090369554969,244.43104095458983,43.06690934342887,330.5648596414476,158.29722226773208,0.7047698880672002,41205440.0,1.0795030947370057,0.012098555397750095,0.02729304695851028,0.06352442854122162,-0.1020362273197426,-0.09869190163602026,0.04610736162429929,1,0.0,0.0,0.0,0.0,0.0,0.0,0.0,0.0,0.0,0.0,0.0,0.0,0.0333,0.4333,0.0,0.0471,0.0,0.0,0.5,0.3333,0.0,0.7071,0.0,0.0,2.0,2.0,0.0,0.0,1.0,0.0,275.5,292.0,0.0,78.0,42.0,0.0,0.0333,0.4333,0.0,0.0471,0.0,0.0,2.0,2.0,0.0
2022-02-24,206.46731567382807,207.2132235842458,189.18213817357775,190.0175513911171,49957200,0.04610736162429929,0.045076000551783034,203.2847747802734,211.32665252685547,240.10328216552733,292.24512634277346,218.46417772843495,246.34318576603033,-27.879008037595383,-26.914997737969053,-0.9640102996263309,30.83865511684658,240.10328216552733,42.268527784450804,324.64033773442895,155.5662265966257,0.7041724278522917,42033380.0,1.1885125583524332,0.0325597262624853,0.025365828607313286,0.06513211546971862,-0.04128559581956215,-0.10517237331608653,0.013872693618126375,1,0.2167,0.3064,2.0,0.5,0.7071,2.0,0.0,288.5,80.0,0.2167,0.3064,2.0,0.0,0.0333,0.4333,0.0,0.0471,0.0,0.0,0.5,0.3333,0.0,0.7071,0.0,0.0,2.0,2.0,0.0,0.0,1.0,0.0,275.5,292.0,0.0,78.0,42.0,0.0,0.0333,0.4333,0.0,0.0471,0.0,0.0,2.0,2.0
2022-02-25,209.33157348632807,210.1670018065916,202.07140075591067,203.821807545478,37627600,0.013872693618126375,0.013777348587021052,203.83574523925776,209.57724609375,235.9182388305664,289.79337646484373,217.05916169118777,243.60158485642276,-26.542423165234993,-26.840482823422246,0.29805965818725255,33.55579406059249,235.9182388305664,40.8727491974866,317.6637372255396,154.1727404355932,0.6929985472948686,41809400.0,0.8999794304630059,0.02758972061506528,0.02638321373648707,0.06537324082437744,0.013335734438195912,-0.0771256040515984,0.0026131381902469997,1,0.1,0.0,1.0,0.0,0.0,0.0,0.0,281.0,40.0,0.1,0.0,0.0,0.2167,0.0,0.0333,0.3064,0.0,0.0471,0.5,0.0,0.5,0.7071,0.0,0.7071,2.0,0.0,2.0,0.0,0.0,0.0,288.5,0.0,275.5,80.0,0.0,78.0,0.2167,0.0,0.0333,0.3064,0.0,0.0471,2.0,0.0,2.0
2022-02-28,209.8785858154297,211.9870139048231,205.70150471309748,206.54685787368692,34239800,0.0026131381902469997,0.002609729880943959,204.80442810058588,208.72989501953126,231.40897598266602,287.1950308227539,215.9544577103019,241.1035849274603,-25.149127217158394,-26.502211702169475,1.353084485011081,39.98267326842304,231.40897598266602,38.31846257462523,308.0459011319165,154.77205083341556,0.6623504971993052,41231680.0,0.8304245667409138,0.027000496716094148,0.024336254783380924,0.06488698306746857,0.02362235840319249,-0.03880663788337646,-0.03572949361024824,0,0.1,0.0,1.0,0.0,0.0,0.0,0.0,281.0,40.0,0.1,0.0,0.0,0.1,0.2167,0.0,0.0,0.3064,0.0,0.0,0.5,0.0,0.0,0.7071,0.0,0.0,2.0,0.0,0.0,0.0,0.0,281.0,288.5,0.0,40.0,80.0,0.0,0.1,0.2167,0.0,0.0,0.3064,0.0,0.0,2.0,0.0
2022-03-01,202.37973022460935,210.5946568294758,201.1166553063998,208.7249095655625,27094900,-0.03572949361024824,-0.036383415446609314,205.08488769531246,207.3166488647461,225.95042190551757,284.5811715698242,213.86603809711843,238.23515124576764,-24.369113148649205,-26.075591991465426,1.706478842816221,38.42420746948898,225.95042190551757,33.81206100726321,293.574543920044,158.32629989099115,0.5985748682762259,38680180.0,0.7004853648561098,0.03125939311814982,0.026373612467076528,0.06376680626174276,0.006977390236937664,-0.06527328291380374,0.022703793470604916,1,0.25,0.2593,2.0,0.6667,0.4714,4.0,1.0,279.5,82.0,0.25,0.2593,4.0,0.1,0.1,0.2167,0.0,0.0,0.3064,0.0,0.0,0.5,0.0,0.0,0.7071,0.0,0.0,2.0,0.0,0.0,0.0,281.0,281.0,288.5,40.0,40.0,80.0,0.1,0.1,0.2167,0.0,0.0,0.3064,0.0,0.0,2.0
2022-03-02,206.9745178222656,208.00883673199812,200.917749517631,203.6626850352375,29452100,0.022703793470604916,0.022449898093122738,207.00634460449214,206.03468017578126,220.43617324829103,282.0812857055664,212.80580420867952,235.91954876995268,-23.113744561273165,-25.483222505426976,2.369477944153811,31.591924110796057,220.43617324829103,26.294339994803067,273.02485323789716,167.8474932586849,0.47713294251730837,35674320.0,0.8255826600198687,0.030107476599290868,0.02715573025349074,0.06390937277427915,0.04867720130851527,-0.058325863989231896,-0.02469846911174478,0,0.2667,0.2357,2.0,0.5,0.7071,2.0,0.0,286.5,82.0,0.2667,0.2357,2.0,0.25,0.1,0.1,0.2593,0.0,0.0,0.6667,0.0,0.0,0.4714,0.0,0.0,4.0,0.0,0.0,1.0,0.0,0.0,279.5,281.0,281.0,82.0,40.0,40.0,0.25,0.1,0.1,0.2593,0.0,0.0,4.0,0.0,0.0
2022-03-03,201.8625640869141,207.9392275463434,200.32101810234195,207.87955734412708,27263500,-0.02469846911174478,-0.02500859334657134,206.08539428710938,204.6850845336914,214.46741790771483,279.6450512695312,211.122228805331,233.3968091638017,-22.2745803584707,-24.841494076035723,2.566913717565022,31.013607235900267,214.46741790771483,11.715869179377966,237.89915626647075,191.0356795489589,0.21851093828003823,31135580.0,0.8756380963515052,0.025055638347583176,0.027459986179313448,0.06348770088983777,-0.022302569159122765,-0.06266739012264355,-0.014337153273443537,0,0.0667,0.0,1.0,1.0,0.0,2.0,0.0,268.0,42.0,0.0667,0.0,2.0,0.2667,0.25,0.1,0.2357,0.2593,0.0,0.5,0.6667,0.0,0.7071,0.4714,0.0,2.0,4.0,0.0,0.0,1.0,0.0,286.5,279.5,281.0,82.0,82.0,40.0,0.2667,0.25,0.1,0.2357,0.2593,0.0,2.0,4.0,0.0
2022-03-04,198.9684295654297,204.7666217220041,197.70535469430797,201.26582330801816,32130900,-0.014337153273443537,-0.014440923294062009,204.01276550292965,203.92425537109375,212.59270248413085,276.97688751220704,209.2524135376539,230.84655882318154,-21.594145285527645,-24.19202431793411,2.597879032406464,33.88989723647383,212.59270248413085,10.988279870147158,234.56926222442516,190.61614274383655,0.20674801612190583,30036240.0,1.0697377567897979,0.023051199515722556,0.02490542745629467,0.027501635358117567,-0.049505880781884115,-0.03683034362292448,-0.0629310956360224,0,0.1,0.0,1.0,0.0,0.0,0.0,0.0,281.0,40.0,0.1,0.0,0.0,0.0667,0.2667,0.25,0.0,0.2357,0.2593,1.0,0.5,0.6667,0.0,0.7071,0.4714,2.0,2.0,4.0,0.0,0.0,1.0,268.0,286.5,279.5,42.0,82.0,82.0,0.0667,0.2667,0.25,0.0,0.2357,0.2593,2.0,2.0,4.0
2022-03-07,186.44712829589844,199.793904334964,186.25816254490505,199.6944438842725,38560600,-0.0629310956360224,-0.06499846223935571,199.32647399902345,202.0654510498047,210.12523803710937,274.1328887939453,205.74390811584536,227.55771211745684,-21.813804001611487,-23.716380254669588,1.9025762530581005,28.78000973579806,210.12523803710937,11.04420460306689,232.21364724324314,188.0368288309756,0.21024042054608244,30900400.0,1.2478997035637078,0.031318121124617015,0.031260026999133016,0.030045425420166267,-0.11164291692024841,-0.09065782751372387,0.015042394225582623,1,0.0,0.0,0.0,0.0,0.0,0.0,0.0,0.0,0.0,0.0,0.0,0.0,0.1,0.0667,0.2667,0.0,0.0,0.2357,0.0,1.0,0.5,0.0,0.0,0.7071,0.0,2.0,2.0,0.0,0.0,0.0,281.0,268.0,286.5,40.0,42.0,82.0,0.1,0.0667,0.2667,0.0,0.0,0.2357,0.0,2.0,2.0
2022-03-08,189.25173950195312,195.62676912026828,185.0945535599288,186.8250652943482,37508100,0.015042394225582623,0.014930379331437765,196.70087585449218,200.89288177490235,208.40368118286133,271.24970642089846,203.2066514060158,224.72023266445657,-21.51358125844078,-23.27582045542383,1.7622391969830495,28.2968001070397,208.40368118286133,11.494009581598132,231.3917003460576,185.41566201966506,0.22061049049345444,32983040.0,1.1371935394675567,0.03425190395200134,0.03186087595594546,0.02902973055123772,-0.06486811059628472,-0.058343330480910005,0.043144847430443445,1,0.0,0.0,0.0,0.0,0.0,0.0,0.0,0.0,0.0,0.0,0.0,0.0,0.0,0.1,0.0667,0.0,0.0,0.0,0.0,0.0,1.0,0.0,0.0,0.0,0.0,0.0,2.0,0.0,0.0,0.0,0.0,281.0,268.0,0.0,40.0,42.0,0.0,0.1,0.0667,0.0,0.0,0.0,0.0,0.0,2.0
2022-03-09,197.4169769287109,198.01370937755135,192.86196375080277,194.6720410502253,31894700,0.043144847430443445,0.042240042148525295,194.78936767578125,200.89785614013672,207.3255973815918,268.31222259521485,202.31593225566118,222.69776927662355,-20.381837020962365,-22.69702376853154,2.315186747569175,37.892636691885315,207.3255973815918,11.461067319017495,230.24773201962677,184.40346274355682,0.22112208938528502,33471560.0,0.9528895575826164,0.0402501991053223,0.03492455420095167,0.03098544505404976,-0.0461773796799565,0.000252036021977764,-0.016574303796460632,0,0.0,0.0,0.0,0.0,0.0,0.0,0.0,0.0,0.0,0.0,0.0,0.0,0.0,0.0,0.1,0.0,0.0,0.0,0.0,0.0,0.0,0.0,0.0,0.0,0.0,0.0,0.0,0.0,0.0,0.0,0.0,0.0,281.0,0.0,0.0,40.0,0.0,0.0,0.1,0.0,0.0,0.0,0.0,0.0,0.0
2022-03-10,194.1449279785156,195.2090820963161,190.02751669994052,193.77693640367505,24853000,-0.016574303796460632,-0.01671319438478939,193.24584045410157,199.66561737060545,205.49613494873046,265.30850189208985,201.05885467456187,220.58274399528221,-19.523889320720343,-22.062396878969302,2.538507558248959,40.936782072064304,205.49613494873046,10.398873990359922,226.2938829294503,184.69838696801062,0.20241497958984675,32989460.0,0.7533618313243078,0.039604531151418876,0.03128009753414838,0.027839337441356207,-0.03823213156588845,-0.05968202596666228,-0.03893250291075967,0,0.0,0.0,1.0,0.0,0.0,0.0,0.0,285.0,38.0,0.0,0.0,0.0,0.0,0.0,0.0,0.0,0.0,0.0,0.0,0.0,0.0,0.0,0.0,0.0,0.0,0.0,0.0,0.0,0.0,0.0,0.0,0.0,0.0,0.0,0.0,0.0,0.0,0.0,0.0,0.0,0.0,0.0,0.0,0.0,0.0
2022-03-11,186.5863800048828,192.50391312145888,185.65150631922032,191.5889345627671,34694500,-0.03893250291075967,-0.03971063617315753,190.7694305419922,197.3910980224609,203.48417205810546,262.21885192871093,198.83232010999586,218.06449481080818,-19.232174700812322,-21.49635244333791,2.264177742525586,37.63498571088452,203.48417205810546,9.937346545727538,223.35886514956053,183.60947896665039,0.195343872601352,33502180.0,1.0355893258289461,0.04216779929154692,0.032058269403555086,0.028624899129592152,-0.06223122727354646,-0.10865629633711604,-0.005223695374393045,0,0.1,0.0,1.0,0.0,0.0,0.0,0.0,281.0,40.0,0.1,0.0,0.0,0.0,0.0,0.0,0.0,0.0,0.0,0.0,0.0,0.0,0.0,0.0,0.0,0.0,0.0,0.0,0.0,0.0,0.0,285.0,0.0,0.0,38.0,0.0,0.0,0.0,0.0,0.0,0.0,0.0,0.0,0.0,0.0,0.0
2022-03-14,185.61170959472656,191.24081582813352,184.8061315650172,186.0095210345352,31010500,-0.005223695374393045,-0.005237386570981907,190.60234680175782,194.9644104003906,201.84715270996094,259.08146392822266,196.79838003072365,215.66058479480213,-18.862204764078484,-20.969522907486024,2.1073181434075394,39.257398787791885,201.84715270996094,10.0552143050404,221.95758132004173,181.73672409988015,0.1992639315450533,31992160.0,0.9693156073237943,0.03124176760249709,0.03178394479809572,0.027860334954331375,-0.00448072710375047,-0.11562340258021264,0.028934379754968598,1,0.4333,0.0,1.0,1.0,0.0,3.0,0.0,291.0,42.0,0.4333,0.0,3.0,0.1,0.0,0.0,0.0,0.0,0.0,0.0,0.0,0.0,0.0,0.0,0.0,0.0,0.0,0.0,0.0,0.0,0.0,281.0,285.0,0.0,40.0,38.0,0.0,0.1,0.0,0.0,0.0,0.0,0.0,0.0,0.0,0.0
2022-03-15,190.98226928710935,191.2309052691189,184.89566530368785,189.75898450477263,31721700,0.028934379754968598,0.0285236839292196,190.94845275878907,193.8246643066406,200.57065658569337,256.2108126831055,195.9035937624753,213.83256142386193,-17.928967661386622,-20.361411858266145,2.4324441968795227,45.64333177645696,200.57065658569337,9.710094675855835,219.99084593740503,181.15046723398171,0.19364935711235928,30834880.0,1.0287602870515469,0.03350616287305514,0.032921615215974157,0.029038055121570233,0.009144062769041783,-0.05631720590224443,0.06040724455494284,1,0.196,0.0077,2.0,0.0,0.0,0.0,0.0,282.5,80.0,0.196,0.0077,0.0,0.4333,0.1,0.0,0.0,0.0,0.0,1.0,0.0,0.0,0.0,0.0,0.0,3.0,0.0,0.0,0.0,0.0,0.0,291.0,281.0,285.0,42.0,40.0,38.0,0.4333,0.1,0.0,0.0,0.0,0.0,3.0,0.0,0.0
2022-03-16,202.51898193359372,202.61842721960824,193.45868627586609,193.6376968960136,40640300,0.06040724455494284,0.0586530273171128,191.9688537597656,193.37911071777344,199.70689544677734,253.5273342895508,196.92134578880123,212.99451849865687,-16.07317270985564,-19.503764028584044,3.4305913187284034,47.3926237566097,199.70689544677734,8.616881645827284,216.94065873843192,182.47313215512276,0.17259056832364056,32584000.0,1.2472471151485391,0.039179869148872296,0.0382166377011602,0.032336523737839455,0.025843800691595087,-0.02152697798527048,0.02067473842482581,1,0.0,0.0,0.0,0.0,0.0,0.0,0.0,0.0,0.0,0.0,0.0,0.0,0.196,0.4333,0.1,0.0077,0.0,0.0,0.0,1.0,0.0,0.0,0.0,0.0,0.0,3.0,0.0,0.0,0.0,0.0,282.5,291.0,281.0,80.0,42.0,40.0,0.196,0.4333,0.1,0.0077,0.0,0.0,0.0,3.0,0.0
2022-03-17,206.7060089111328,206.90491466408685,200.0127324420216,200.5995097246736,29499700,0.02067473842482581,0.020463916855666734,194.48106994628904,193.8634552001953,199.27426986694337,250.967578125,198.42667857685225,212.5287029736551,-14.102024396802847,-18.423416102227804,4.321391705424958,48.29591697075326,199.27426986694337,7.983645325733006,215.2415605184094,183.30697921547736,0.16025441379990976,33513340.0,0.8802375412298505,0.037380452309515595,0.037850301021758175,0.03252312406851565,0.06469950600000862,0.02399377440847994,0.04161844761282918,1,0.0,0.0,0.0,0.0,0.0,0.0,0.0,0.0,0.0,0.0,0.0,0.0,0.0,0.196,0.4333,0.0,0.0077,0.0,0.0,0.0,1.0,0.0,0.0,0.0,0.0,0.0,3.0,0.0,0.0,0.0,0.0,282.5,291.0,0.0,80.0,42.0,0.0,0.196,0.4333,0.0,0.0077,0.0,0.0,0.0,3.0
2022-03-18,215.3087921142578,215.61709826329755,204.8760222186683,205.57219984158613,52128000,0.04161844761282918,0.040775703157142525,200.22555236816405,195.4974914550781,199.71087341308595,248.8257278442383,201.0239268133762,212.73463550258862,-11.710708689212424,-17.08087461962473,5.3701659304123055,53.19073927630648,199.71087341308595,8.617610232535952,216.94609387815785,182.47565294801404,0.1726017233866103,37000040.0,1.4088633417693603,0.02442241589702522,0.03911410619835873,0.03251065694678248,0.15393627395859943,0.08212540343469255,-0.023095675645833813,0,0.1,0.0,1.0,0.0,0.0,0.0,0.0,281.0,40.0,0.1,0.0,0.0,0.0,0.0,0.196,0.0,0.0,0.0077,0.0,0.0,0.0,0.0,0.0,0.0,0.0,0.0,0.0,0.0,0.0,0.0,0.0,0.0,282.5,0.0,0.0,80.0,0.0,0.0,0.196,0.0,0.0,0.0077,0.0,0.0,0.0
2022-03-21,210.33609008789065,213.53852258706053,206.49715011422617,213.3296616955776,30142300,-0.023095675645833813,-0.023366559724207432,205.17042846679686,197.88638763427733,199.975919342041,246.41952850341798,202.45656731714763,212.55696547187023,-10.100398154722598,-15.684779326644303,5.584381171921706,54.81811885015961,199.975919342041,8.867869288272324,217.71165791858567,182.24018076549635,0.17737874274961338,36826400.0,0.8184970564594964,0.031123632181694803,0.03248448095060325,0.03294963575025902,0.1332048530081884,0.12812727130921298,0.024398193750613917,1,0.2667,0.2357,2.0,0.5,0.7071,3.0,0.0,286.0,82.0,0.2667,0.2357,3.0,0.1,0.0,0.0,0.0,0.0,0.0,0.0,0.0,0.0,0.0,0.0,0.0,0.0,0.0,0.0,0.0,0.0,0.0,281.0,0.0,0.0,40.0,0.0,0.0,0.1,0.0,0.0,0.0,0.0,0.0,0.0,0.0,0.0
2022-03-22,215.4679107666016,218.2625916253425,209.03321108990383,210.21672065408816,31998800,0.024398193750613917,0.024105312115022957,210.06755676269532,200.50800476074215,200.70044326782227,244.12929260253907,204.45831246321748,212.77259104925776,-8.314278586040274,-14.210679178523497,5.896400592483223,55.110091950312835,200.70044326782227,9.521839385481126,219.74412203878452,181.65676449686,0.1897721645342821,36881820.0,0.8676036052450774,0.03107213792153107,0.03269668727920751,0.03290775307217719,0.12820897757101335,0.13852539127851937,-0.014724056283928255,0,0.0,0.0,0.0,0.0,0.0,0.0,0.0,0.0,0.0,0.0,0.0,0.0,0.2667,0.1,0.0,0.2357,0.0,0.0,0.5,0.0,0.0,0.7071,0.0,0.0,3.0,0.0,0.0,0.0,0.0,0.0,286.0,281.0,0.0,82.0,40.0,0.0,0.2667,0.1,0.0,0.2357,0.0,0.0,3.0,0.0,0.0
2022-03-23,212.29534912109372,215.61712212921572,211.00243900654775,212.16605355697843,23717300,-0.014724056283928255,-0.01483353113894351,212.0228302001953,201.99584197998047,201.44684906005858,241.84959899902344,205.66401041058307,212.73723979531968,-7.073229384736607,-12.78318921976612,5.7099598350295135,56.426921210683275,201.44684906005858,9.827009506940572,221.10086807393972,181.79283004617744,0.19512858211072406,33497220.0,0.70803786105235,0.027510599425666565,0.03198720195295161,0.0328017626738767,0.04827383139179364,0.07536521136049767,0.02862361413666137,1,0.4333,0.0,1.0,0.3333,0.0,2.0,1.0,293.0,42.0,0.4333,0.0,2.0,0.0,0.2667,0.1,0.0,0.2357,0.0,0.0,0.5,0.0,0.0,0.7071,0.0,0.0,3.0,0.0,0.0,0.0,0.0,0.0,286.0,281.0,0.0,82.0,40.0,0.0,0.2667,0.1,0.0,0.2357,0.0,0.0,3.0,0.0
2022-03-24,218.37200927734372,219.46599845135205,213.61807552021895,213.82693641441747,31502300,0.02862361413666137,0.028221611645869272,214.3560302734375,204.41855010986328,202.04208374023438,239.56612609863282,207.6190871593155,213.15463012732147,-5.535542968005956,-11.333659969414088,5.798117001408132,61.50220133540021,202.04208374023438,10.485584284630285,223.01325230949493,181.07091517097382,0.20759208360000087,33897740.0,0.929333341986811,0.028509524783250362,0.031355553085441606,0.031844097210645184,0.05643764507700588,0.1247886388333006,0.010247268787835884,1,0.0,0.0,0.0,0.0,0.0,0.0,0.0,0.0,0.0,0.0,0.0,0.0,0.4333,0.0,0.2667,0.0,0.0,0.2357,0.3333,0.0,0.5,0.0,0.0,0.7071,2.0,0.0,3.0,1.0,0.0,0.0,293.0,0.0,286.0,42.0,0.0,82.0,0.4333,0.0,0.2667,0.0,0.0,0.2357,2.0,0.0,3.0
2022-03-25,220.60972595214844,224.2696400667639,217.69570455578992,219.30686075020924,40039000,0.010247268787835884,0.010195121471515502,215.4162170410156,207.82088470458984,202.6059913635254,237.34948699951173,209.6176469735975,213.70685944767902,-4.089212474081535,-9.884770470347577,5.795557996266043,73.06299594794714,202.6059913635254,11.178604842830135,224.96320104918567,180.2487816778651,0.22069643187940974,31479940.0,1.2718893365108066,0.023131493139999938,0.025796762239124853,0.03179095561290183,0.0246201457257611,0.182346353181702,0.007979455354412579,1,0.0,0.0,0.0,0.0,0.0,0.0,0.0,0.0,0.0,0.0,0.0,0.0,0.0,0.4333,0.0,0.0,0.0,0.0,0.0,0.3333,0.0,0.0,0.0,0.0,0.0,2.0,0.0,0.0,1.0,0.0,0.0,293.0,0.0,0.0,42.0,0.0,0.0,0.4333,0.0,0.0,0.0,0.0,0.0,2.0,0.0
2022-03-28,222.3700714111328,222.81761313998632,218.34216550037956,220.9180457863605,26224100,0.007979455354412579,0.007947787848624724,217.82301330566406,211.49672088623046,203.23056564331054,235.3029150390625,211.57955842552602,214.3485788523793,-2.769020426853274,-8.461620461648717,5.6926000347954435,72.67776417389648,203.23056564331054,11.930035707931173,227.09063705917288,179.3704942274482,0.23480790244651573,30696300.0,0.8543081739493034,0.01703713540834845,0.02484259103249945,0.0318091990761154,0.057213107452048106,0.19803902402852813,0.028042347466195716,1,0.0,0.0,0.0,0.0,0.0,0.0,0.0,0.0,0.0,0.0,0.0,0.0,0.0,0.0,0.4333,0.0,0.0,0.0,0.0,0.0,0.3333,0.0,0.0,0.0,0.0,0.0,2.0,0.0,0.0,1.0,0.0,0.0,293.0,0.0,0.0,42.0,0.0,0.0,0.4333,0.0,0.0,0.0,0.0,0.0,2.0
2022-03-29,228.60585021972656,229.6302291723117,224.0607775359655,224.8365357013117,31417900,0.028042347466195716,0.027656360217786793,220.45060119628906,215.2590789794922,204.5418716430664,233.2732504272461,214.19898793232608,215.40467302773834,-1.2056850954122638,-7.0104333884014265,5.804748292989163,71.93620880241258,204.5418716430664,13.204823611851713,230.95151886676982,178.13222441936298,0.2582321850441389,30580120.0,1.0273962299690125,0.017798228860110992,0.024802555543781,0.030865134366334396,0.06097399564687933,0.19700038685819865,-0.008744343929910858,0,0.4333,0.0,1.0,1.0,0.0,3.0,0.0,292.0,42.0,0.4333,0.0,3.0,0.0,0.0,0.0,0.0,0.0,0.0,0.0,0.0,0.0,0.0,0.0,0.0,0.0,0.0,0.0,0.0,0.0,0.0,0.0,0.0,0.0,0.0,0.0,0.0,0.0,0.0,0.0,0.0,0.0,0.0,0.0,0.0,0.0
2022-03-30,226.6068420410156,229.88882489160557,225.47306256023052,227.66105618580252,25588000,-0.008744343929910858,-0.008782800051790593,223.31289978027343,217.66786499023436,205.52348785400392,231.47710479736327,216.10788856443216,216.23446332501814,-0.1265747605859815,-5.633661662838337,5.507086902252356,73.24789313564358,205.52348785400392,14.09489214928569,233.71327215257529,177.33370355543255,0.274321777942931,30954260.0,0.8266390474202905,0.01561814400630847,0.021168337013495755,0.03080066578663112,0.06741312505983621,0.1189412462843622,-0.02409482626851167,0,0.3222,0.1925,3.0,0.4444,0.5092,4.0,1.0,288.3333,124.0,0.3222,0.1925,4.0,0.4333,0.0,0.0,0.0,0.0,0.0,1.0,0.0,0.0,0.0,0.0,0.0,3.0,0.0,0.0,0.0,0.0,0.0,292.0,0.0,0.0,42.0,0.0,0.0,0.4333,0.0,0.0,0.0,0.0,0.0,3.0,0.0,0.0
2022-03-31,221.14678955078125,227.24334871629463,221.047329087266,227.2035584606741,24192300,-0.02409482626851167,-0.02438985535119447,223.86785583496095,219.11194305419923,206.48769912719726,229.54311553955077,216.88310410079356,216.59833934174134,0.28476475905222287,-4.449976378460225,4.734741137512448,75.51773966295123,206.48769912719726,14.485464283736906,235.45862769467107,177.51677055972345,0.28060682248803204,29492260.0,0.8202931887891942,0.01984945358237742,0.023606613604122004,0.030770320482901917,0.012706666402072742,0.06986144580759057,0.01119803691086707,1,0.0,0.0,1.0,0.0,0.0,0.0,0.0,301.0,40.0,0.0,0.0,0.0,0.3222,0.4333,0.0,0.1925,0.0,0.0,0.4444,1.0,0.0,0.5092,0.0,0.0,4.0,3.0,0.0,1.0,0.0,0.0,288.3333,292.0,0.0,124.0,42.0,0.0,0.3222,0.4333,0.0,0.1925,0.0,0.0,4.0,3.0,0.0
2022-04-01,223.62319946289065,226.0399338283744,221.4849209966877,223.32483326114888,19544800,0.01119803691086707,0.011135803062514419,224.47055053710938,219.9433837890625,207.7204376220703,227.71892303466797,217.9200418488085,217.11869935071536,0.8013424980931347,-3.399712603149553,4.201055101242687,77.45695881612136,207.7204376220703,14.856219516046261,237.43287665416284,178.00799858997777,0.28608103634127513,25393420.0,0.7696797044273674,0.019944325397563682,0.020395042749797483,0.03045286706382039,0.013659749123644094,0.0386161998634067,0.04020451206622555,1,0.0667,0.0,1.0,1.0,0.0,2.0,0.0,262.0,40.0,0.0667,0.0,2.0,0.0,0.3222,0.4333,0.0,0.1925,0.0,0.0,0.4444,1.0,0.0,0.5092,0.0,0.0,4.0,3.0,0.0,1.0,0.0,301.0,288.3333,292.0,40.0,124.0,42.0,0.0,0.3222,0.4333,0.0,0.1925,0.0,0.0,4.0,3.0
2022-04-04,232.6138610839844,233.0713579334283,224.6276751614297,224.74701556757384,28054800,0.04020451206622555,0.03941734003847281,226.5193084716797,222.17116088867186,210.0287742614746,226.34088287353515,220.18062942345094,218.2664891087353,1.9141403147156382,-2.3369420195765147,4.251082334292153,78.5773300056267,210.0287742614746,14.963109705329837,239.9549936721343,180.10255485081493,0.28497256641038277,25759560.0,1.089102453613338,0.026223927682878317,0.020874417153068158,0.026601332668879468,0.04606640456535249,0.10591511417172783,-0.008764884468462464,0,0.2014,0.0,1.0,0.0,0.0,0.0,0.0,282.0,40.0,0.2014,0.0,0.0,0.0667,0.0,0.3222,0.0,0.0,0.1925,1.0,0.0,0.4444,0.0,0.0,0.5092,2.0,0.0,4.0,0.0,0.0,1.0,262.0,301.0,288.3333,40.0,40.0,124.0,0.0667,0.0,0.3222,0.0,0.0,0.1925,2.0,0.0,4.0
2022-04-05,230.5750274658203,235.56764151553008,229.75950945342072,232.80281100735016,29727200,-0.008764884468462464,-0.008803522003031502,226.91314392089845,223.68187255859374,212.09493865966797,224.81187072753906,221.77976758381547,219.1782326907416,2.6015348930738753,-1.3492466370464364,3.9507815301203117,72.1463526855455,212.09493865966797,14.795235772925217,241.6854102055184,182.50446711381755,0.2790304354535486,25421420.0,1.1693760616047413,0.024781263720857784,0.02102185894135239,0.026962629284358865,0.00861385325091657,0.07011306994842026,-0.036835635579858694,0,0.0667,0.0,1.0,1.0,0.0,2.0,0.0,266.0,40.0,0.0667,0.0,2.0,0.2014,0.0667,0.0,0.0,0.0,0.0,0.0,1.0,0.0,0.0,0.0,0.0,0.0,2.0,0.0,0.0,0.0,0.0,282.0,262.0,301.0,40.0,40.0,40.0,0.2014,0.0667,0.0,0.0,0.0,0.0,0.0,2.0,0.0
2022-04-06,222.08164978027344,227.7406068432896,220.20196246813512,225.6719537672772,28995100,-0.036835635579858694,-0.03753120218410144,226.00810546875,224.6605026245117,213.3281723022461,223.28325653076172,221.82621099865514,219.39330062329952,2.4329103753556183,-0.5928152345660254,3.0257256099216434,61.36432636971947,213.3281723022461,14.533003391626885,242.39417908549984,184.26216551899233,0.27250040601362924,26102840.0,1.1108025027161796,0.03036906911425367,0.024444626136207726,0.027749230569069454,-0.019969354058264055,0.04609757443907814,-0.0015675046273128102,0,0.0,0.0,0.0,0.0,0.0,0.0,0.0,0.0,0.0,0.0,0.0,0.0,0.0667,0.2014,0.0667,0.0,0.0,0.0,1.0,0.0,1.0,0.0,0.0,0.0,2.0,0.0,2.0,0.0,0.0,0.0,266.0,282.0,262.0,40.0,40.0,40.0,0.0667,0.2014,0.0667,0.0,0.0,0.0,2.0,0.0,2.0
2022-04-07,221.7335357666016,224.28952060062412,217.3674891193529,222.70818443526176,21037200,-0.0015675046273128102,-0.0015687344480255882,226.12545471191407,224.9966552734375,214.70760269165038,221.8574774169922,221.8119532706469,219.56665137465524,2.2453018959916733,-0.025191808454485463,2.270493704446159,55.40857578572663,214.70760269165038,13.912418292642231,242.53243927693484,186.88276610636592,0.2591881818478943,25471820.0,0.8259009367999617,0.028170715739055975,0.02299472313161211,0.02729832535658242,0.002653197982264155,0.01539357768599614,-0.002780781017606704,0,0.1005,0.1007,3.0,0.0,0.0,0.0,0.0,282.0,118.0,0.1005,0.1007,0.0,0.0,0.0667,0.2014,0.0,0.0,0.0,0.0,1.0,0.0,0.0,0.0,0.0,0.0,2.0,0.0,0.0,0.0,0.0,0.0,266.0,282.0,0.0,40.0,40.0,0.0,0.0667,0.2014,0.0,0.0,0.0,0.0,2.0,0.0
2022-04-08,221.116943359375,223.90166926727147,218.82948939304805,221.166673588639,18375700,-0.002780781017606704,-0.0027846545718111853,225.62420349121095,225.04737701416016,216.434130859375,220.41916748046876,221.70502866891277,219.68148781796782,2.023540850944954,0.38455472342540264,1.6389861275195514,59.794020791989674,216.434130859375,12.286515424722054,241.0071617088191,191.86110000993088,0.22707167997833103,25238000.0,0.7280965211189476,0.02757394422714837,0.02282930730435632,0.0252128273916215,-0.011207495955407598,0.0022991615851812863,-0.026402307068052577,0,0.4333,0.0,1.0,0.3333,0.0,2.0,1.0,293.0,42.0,0.4333,0.0,2.0,0.1005,0.0,0.0667,0.1007,0.0,0.0,0.0,0.0,1.0,0.0,0.0,0.0,0.0,0.0,2.0,0.0,0.0,0.0,282.0,0.0,266.0,118.0,0.0,40.0,0.1005,0.0,0.0667,0.1007,0.0,0.0,0.0,0.0,2.0
2022-04-11,215.2789459228516,219.4062963982786,214.0457062146972,217.22824316659032,20516600,-0.026402307068052577,-0.026757106937811033,222.15722045898437,224.33826446533203,217.91749267578126,218.72346954345704,220.7164005541341,219.35537360351478,1.3610269506193333,0.5798491688641889,0.7811777817551444,49.83050689715393,217.91749267578126,9.935360344725686,237.78821336523262,198.0467719863299,0.1823692118100415,23730360.0,0.8645717974779986,0.015612978548953856,0.024123930845592462,0.02625703973442396,-0.07452227945639966,-0.03188884836561778,-0.010717849163636939,0,0.2014,0.0,1.0,0.0,0.0,0.0,0.0,284.0,40.0,0.2014,0.0,0.0,0.4333,0.1005,0.0,0.0,0.1007,0.0,0.3333,0.0,0.0,0.0,0.0,0.0,2.0,0.0,0.0,1.0,0.0,0.0,293.0,282.0,0.0,42.0,118.0,0.0,0.4333,0.1005,0.0,0.0,0.1007,0.0,2.0,0.0,0.0
2022-04-12,212.97161865234372,220.81856899309665,211.96713483071343,219.0383421853489,20128800,-0.010717849163636939,-0.010775699031063977,218.63653869628905,222.77484130859375,219.01696014404297,216.75188568115234,219.52489564616636,218.882502866391,0.6423927797753493,0.592357891046421,0.05003488872892825,50.616147399363065,219.01696014404297,7.780864364763716,234.5786888735704,203.45523141451554,0.1421052389668161,21810680.0,0.9228873194233284,0.015432937684909472,0.021564767314472866,0.026070896205014592,-0.07634568672483866,-0.06838946401571022,0.003969390085824864,1,0.05,0.0707,2.0,0.0,0.0,0.0,0.0,282.0,78.0,0.05,0.0707,0.0,0.2014,0.4333,0.1005,0.0,0.0,0.1007,0.0,0.3333,0.0,0.0,0.0,0.0,0.0,2.0,0.0,0.0,1.0,0.0,284.0,293.0,282.0,40.0,42.0,118.0,0.2014,0.4333,0.1005,0.0,0.0,0.1007,0.0,2.0,0.0
2022-04-13,213.8169860839844,215.4281422520734,210.17695197963877,210.6642839254778,19231800,0.003969390085824864,0.003961532842444251,216.98360595703124,221.49585571289063,219.5818603515625,214.6830355834961,218.64675571352296,218.50727940102755,0.13947631249541814,0.5017815753362205,-0.36230526284080233,45.41264355946338,219.5818603515625,6.877764918840623,233.33739018924376,205.82633051388126,0.1252883987380187,19858020.0,0.9684651339861678,0.011796866147907726,0.021814046596212798,0.022681309603367165,-0.03721452764992539,-0.05644073162943708,-0.02237325970493942,0,0.0,0.0,0.0,0.0,0.0,0.0,0.0,0.0,0.0,0.0,0.0,0.0,0.05,0.2014,0.4333,0.0707,0.0,0.0,0.0,0.0,0.3333,0.0,0.0,0.0,0.0,0.0,2.0,0.0,0.0,1.0,282.0,284.0,293.0,78.0,40.0,42.0,0.05,0.2014,0.4333,0.0707,0.0,0.0,0.0,0.0,2.0
2022-04-14,209.033203125,213.816971425158,208.8541925299448,213.7175109775493,18379500,-0.02237325970493942,-0.022627337936580342,214.44353942871095,220.2844970703125,219.69822006225587,212.43894622802733,217.16774762298098,217.80549597317366,-0.6377483501926804,0.2738755902304402,-0.9116239404231206,38.91002738438092,219.69822006225587,6.6648535444875705,233.027927151231,206.36851297328073,0.12134560840044951,19326480.0,0.9510009065282452,0.012807376380075572,0.021657919399106926,0.022952836108702298,-0.05727745511157167,-0.054776225557638725,0.0028072442186404256,1,0.1,0.0,1.0,0.0,0.0,0.0,0.0,281.0,40.0,0.1,0.0,0.0,0.0,0.05,0.2014,0.0,0.0707,0.0,0.0,0.0,0.0,0.0,0.0,0.0,0.0,0.0,0.0,0.0,0.0,0.0,0.0,282.0,284.0,0.0,78.0,40.0,0.0,0.05,0.2014,0.0,0.0707,0.0,0.0,0.0,0.0
2022-04-18,209.62001037597656,212.21577041740997,207.1634858657661,208.85420736648305,16580800,0.0028072442186404256,0.002803311267372699,212.14415283203124,218.8841781616211,219.4137809753418,211.9020916748047,216.006557277288,217.19916370671464,-1.1926064294266325,-0.019420813700974423,-1.1731856157256582,37.50486742946494,219.4137809753418,6.976163564545527,233.36610810443287,205.46145384625075,0.12717822068486256,18967500.0,0.8741689732437063,0.013967298626262434,0.021098432793729232,0.020866856200301837,-0.05199480785474142,-0.06261957221141479,0.03102901753916254,1,0.0,0.0,0.0,0.0,0.0,0.0,0.0,0.0,0.0,0.0,0.0,0.0,0.1,0.0,0.05,0.0,0.0,0.0707,0.0,0.0,0.0,0.0,0.0,0.0,0.0,0.0,0.0,0.0,0.0,0.0,281.0,0.0,282.0,40.0,0.0,78.0,0.1,0.0,0.05,0.0,0.0,0.0707,0.0,0.0,0.0
2022-04-19,216.1243133544922,217.23819756774503,207.85965670497785,209.37136754834543,20089900,0.03102901753916254,0.03055734968159325,212.31322631835937,217.23522338867187,219.70319213867188,211.50864959716796,216.02467359685787,217.11954516210557,-1.0948715652477006,-0.23451096401031973,-0.8603606012373808,37.83206376671554,219.70319213867188,6.694110736342343,233.09141361135656,206.3149706659872,0.12187552982147226,18882160.0,1.0639619619789262,0.019983907679859633,0.01894333865712088,0.02137201018116252,0.003926846761612923,-0.0708880702665381,-0.0777230997372691,0,0.0,0.0,0.0,0.0,0.0,0.0,0.0,0.0,0.0,0.0,0.0,0.0,0.0,0.1,0.0,0.0,0.0,0.0,0.0,0.0,0.0,0.0,0.0,0.0,0.0,0.0,0.0,0.0,0.0,0.0,0.0,281.0,0.0,0.0,40.0,0.0,0.0,0.1,0.0,0.0,0.0,0.0,0.0,0.0,0.0
2022-04-20,199.3264617919922,212.99149873928465,197.83464612778909,212.4444966273035,43036500,-0.0777230997372691,-0.08090977484970117,209.58419494628907,214.11036682128906,218.8961196899414,211.02152130126953,213.45571793457086,215.80153898654163,-2.3458210519707734,-0.6567729816024107,-1.6890480703683628,29.360401689267192,218.8961196899414,8.064403475927747,235.0249266417969,202.7673127380859,0.14736494164173744,23463700.0,1.8341736384287217,0.041084830348834235,0.029307181908830804,0.02707132980957636,-0.06407030639432754,-0.13552450157882046,-0.06162055916611886,0,0.0667,0.0,1.0,1.0,0.0,2.0,0.0,266.0,40.0,0.0667,0.0,2.0,0.0,0.0,0.1,0.0,0.0,0.0,0.0,0.0,0.0,0.0,0.0,0.0,0.0,0.0,0.0,0.0,0.0,0.0,0.0,0.0,281.0,0.0,0.0,40.0,0.0,0.0,0.1,0.0,0.0,0.0,0.0,0.0,0.0
2022-04-21,187.0438537597656,201.86254983495067,184.5674343138861,200.50002972875927,49954100,-0.06162055916611886,-0.06360089062766984,204.2295684814453,210.6065872192383,217.633544921875,210.3828253173828,209.39235421537003,213.67134008085452,-4.278985865484486,-1.3812155583788261,-2.8977703071056604,26.613002466184184,217.633544921875,10.698677333187316,239.03089958824964,196.23619025550036,0.1966365495177295,29608160.0,1.6871734008462531,0.04482890910111391,0.03233861129044043,0.029967871746068173,-0.1252151796476202,-0.15776988353235877,-0.02105602611039581,0,0.0667,0.0,1.0,1.0,0.0,2.0,0.0,262.0,40.0,0.0667,0.0,2.0,0.0667,0.0,0.0,0.0,0.0,0.0,1.0,0.0,0.0,0.0,0.0,0.0,2.0,0.0,0.0,0.0,0.0,0.0,266.0,0.0,0.0,40.0,0.0,0.0,0.0667,0.0,0.0,0.0,0.0,0.0,2.0,0.0,0.0
2022-04-22,183.1054534912109,191.66847592938143,182.2700403693244,189.33129200746063,36426800,-0.02105602611039581,-0.021280865985421553,199.0440185546875,206.74377899169923,215.87021713256837,209.4302508544922,205.3482156424225,211.40720033347353,-6.058984691051023,-2.316769384913266,-3.742215306137757,22.760089412387472,215.87021713256837,13.187373361432638,242.24496385543364,189.4954704097031,0.24435743914287383,33217620.0,1.096610774643096,0.04485629919133584,0.03192071730370723,0.02900107003447032,-0.12403651308105601,-0.17420947238243156,0.015642834636902858,1,0.0,0.0,0.0,0.0,0.0,0.0,0.0,0.0,0.0,0.0,0.0,0.0,0.0667,0.0667,0.0,0.0,0.0,0.0,1.0,1.0,0.0,0.0,0.0,0.0,2.0,2.0,0.0,0.0,0.0,0.0,262.0,266.0,0.0,40.0,40.0,0.0,0.0667,0.0667,0.0,0.0,0.0,0.0,2.0,2.0,0.0
2022-04-25,185.96974182128903,186.15869238689544,180.66882179717325,181.732975721518,29281100,0.015642834636902858,0.015521746639659315,194.31396484374997,203.22905883789062,214.1382179260254,208.6131329345703,202.36691197763272,209.52294414738577,-7.156032169753047,-3.2846219418812224,-3.8714102278718245,15.826306576543558,214.1382179260254,14.718067239858405,243.5743524057422,184.7020834463086,0.2749264915418843,35757680.0,0.8188758331077408,0.0471752689255892,0.0334242103760933,0.02920763352344634,-0.11282447945817853,-0.15895300018218061,-0.03230105598974953,0,0.312,0.1716,2.0,0.5,0.7071,3.0,0.0,287.5,82.0,0.312,0.1716,3.0,0.0,0.0667,0.0667,0.0,0.0,0.0,0.0,1.0,1.0,0.0,0.0,0.0,0.0,2.0,2.0,0.0,0.0,0.0,0.0,262.0,266.0,0.0,40.0,40.0,0.0,0.0667,0.0667,0.0,0.0,0.0,0.0,2.0,2.0
2022-04-26,179.9627227783203,186.16868242264508,178.52063710146584,185.61174024473183,31747400,-0.03230105598974953,-0.03283424833253038,187.0816467285156,199.6974365234375,212.01785049438476,207.84534545898438,198.92011363927696,207.3332981200476,-8.413184480770639,-4.3103344496591065,-4.102850031111532,14.95664333772983,212.01785049438476,16.425414291258587,244.86867907690194,179.16702191186758,0.3098873845378149,38089180.0,0.8335017976233671,0.03639878374485826,0.03366672348347658,0.02942914768553763,-0.1673184752557607,-0.1640486625068639,-0.03315836638463998,0,0.0,0.0,0.0,0.0,0.0,0.0,0.0,0.0,0.0,0.0,0.0,0.0,0.312,0.0,0.0667,0.1716,0.0,0.0,0.5,0.0,1.0,0.7071,0.0,0.0,3.0,0.0,2.0,0.0,0.0,0.0,287.5,0.0,262.0,82.0,0.0,40.0,0.312,0.0,0.0667,0.1716,0.0,0.0,3.0,0.0,2.0
2022-04-27,173.99545288085938,180.2213074290636,168.0779196901877,173.47828580189343,71062900,-0.03315836638463998,-0.03372056776250609,182.01544494628905,195.79981994628906,209.2873306274414,206.99501068115234,195.08555044567427,204.86382810232996,-9.778277656655689,-5.403923091058424,-4.374354565597265,15.498806123420948,209.2873306274414,17.987593193010888,245.2625170134632,173.31214424141962,0.34378752195050244,43694460.0,1.626359497290961,0.027915475650934433,0.03393095420193114,0.02841835026321974,-0.12708302090651202,-0.18301107921384252,0.1759360678616424,1,0.0,0.0,1.0,0.0,0.0,0.0,0.0,285.0,38.0,0.0,0.0,0.0,0.0,0.312,0.0,0.0,0.1716,0.0,0.0,0.5,0.0,0.0,0.7071,0.0,0.0,3.0,0.0,0.0,0.0,0.0,0.0,287.5,0.0,0.0,82.0,0.0,0.0,0.312,0.0,0.0,0.1716,0.0,0.0,3.0,0.0
2022-04-28,204.60752868652344,207.3922548646818,191.84752760640737,201.81286253176168,100890600,0.1759360678616424,0.1620644839354267,185.5281799316406,194.87887420654297,208.1873649597168,206.69127716064452,196.55047017503568,204.84484296041836,-8.294372785382677,-5.982013029923275,-2.3123597554594024,41.43285773125872,208.1873649597168,17.539809231792226,243.26698342330127,173.10774649613234,0.3370004560110763,53881760.0,1.8724444041916968,0.08884920383878837,0.07074331090056438,0.050979141430894014,0.09390137432324397,-0.04307168277941964,-0.025567598982158213,0,0.0667,0.0,1.0,1.0,0.0,2.0,0.0,266.0,40.0,0.0667,0.0,2.0,0.0,0.0,0.312,0.0,0.0,0.1716,0.0,0.0,0.5,0.0,0.0,0.7071,0.0,0.0,3.0,0.0,0.0,0.0,285.0,0.0,287.5,38.0,0.0,82.0,0.0,0.0,0.312,0.0,0.0,0.1716,0.0,0.0,3.0
2022-04-29,199.37620544433597,211.32067153701624,198.8093081695008,203.34444084157772,49193400,-0.025567598982158213,-0.025900130303238945,188.78233032226564,193.91317443847657,207.09883575439454,206.371630859375,196.98519867800493,204.4397586999678,-7.4545600219628625,-6.276522428331194,-1.178037593631669,39.6043406662761,207.09883575439454,17.36791533641214,241.83466642721882,172.36300508157026,0.3354517232923382,56435080.0,0.8716812308939759,0.08940441779761008,0.070851241771183,0.05101085542093848,0.088860007405001,-0.04619839114692814,0.05317511381744122,1,0.0,0.0,0.0,0.0,0.0,0.0,0.0,0.0,0.0,0.0,0.0,0.0,0.0667,0.0,0.0,0.0,0.0,0.0,1.0,0.0,0.0,0.0,0.0,0.0,2.0,0.0,0.0,0.0,0.0,0.0,266.0,285.0,0.0,40.0,38.0,0.0,0.0667,0.0,0.0,0.0,0.0,0.0,2.0,0.0,0.0
2022-05-02,209.97805786132807,210.7239657841902,199.89338335125444,200.07239396848428,49915300,0.05317511381744122,0.05180951924713594,193.58399353027343,193.94897918701173,206.4165786743164,206.43965759277344,198.9841000908239,204.85000308229078,-5.865902991466896,-6.194398540958335,0.32849554949143833,47.57574560691596,206.4165786743164,16.94755223596871,240.31168314625384,172.52147420237898,0.32841455555192633,60561920.0,0.8242027333347424,0.09050439662632656,0.07303510207619528,0.05251079742884294,0.1290979694057448,0.0017080787502552486,0.004262733809060393,1,0.0,0.0,0.0,0.0,0.0,0.0,0.0,0.0,0.0,0.0,0.0,0.0,0.0,0.0667,0.0,0.0,0.0,0.0,0.0,1.0,0.0,0.0,0.0,0.0,0.0,2.0,0.0,0.0,0.0,0.0,0.0,266.0,285.0,0.0,40.0,38.0,0.0,0.0667,0.0,0.0,0.0,0.0,0.0,2.0,0.0
2022-05-03,210.8731384277344,213.72747451752304,206.95463309822625,209.30175727056672,41556300,0.004262733809060393,0.00425367409626796,199.76607666015624,193.42386169433593,205.3295425415039,206.55641693115234,200.81318291188705,205.29616125602735,-4.482978344140292,-5.852114501594727,1.3691361574544345,49.02774345084553,205.3295425415039,15.839825519257591,237.0091935800191,173.64989150298874,0.3085737263756059,62523700.0,0.6646487651882406,0.08580801490294196,0.07235809750243574,0.05160095642930963,0.1717601021601003,-0.02429701149886221,0.05367168599331018,1,0.0953,0.1348,2.0,0.0,0.0,0.0,0.0,287.0,80.0,0.0953,0.1348,0.0,0.0,0.0,0.0667,0.0,0.0,0.0,0.0,0.0,1.0,0.0,0.0,0.0,0.0,0.0,2.0,0.0,0.0,0.0,0.0,0.0,266.0,0.0,0.0,40.0,0.0,0.0,0.0667,0.0,0.0,0.0,0.0,0.0,2.0
2022-05-04,222.1910552978516,223.07619875767404,205.83081125477665,209.50066548109533,41375900,0.05367168599331018,0.05228090823005462,209.4051971435547,195.71032104492187,204.91034393310548,206.98068939208986,204.1020863558816,206.54763488875508,-2.445548532873488,-5.170801307850479,2.7252527749769913,53.536628196593696,204.91034393310548,15.235973585793383,235.38229110469226,174.4383967615187,0.2974173639719679,56586300.0,0.7311999547593675,0.07690816998296371,0.06855483634557599,0.053144166837921565,0.2769934594209964,0.11470927291991884,-0.06772304498852566,0,0.0,0.0,0.0,0.0,0.0,0.0,0.0,0.0,0.0,0.0,0.0,0.0,0.0953,0.0,0.0,0.1348,0.0,0.0,0.0,0.0,0.0,0.0,0.0,0.0,0.0,0.0,0.0,0.0,0.0,0.0,287.0,0.0,0.0,80.0,0.0,0.0,0.0953,0.0,0.0,0.1348,0.0,0.0,0.0,0.0,0.0
2022-05-05,207.1436004638672,218.96872672428552,205.03517227050344,217.54653624399765,41129200,-0.06772304498852566,-0.0701253464109578,209.91241149902345,197.72029571533204,204.16344146728517,207.17621673583983,204.570011603264,206.59178048691155,-2.021768883647553,-4.540994823009894,2.5192259393623413,49.265627585176276,204.16344146728517,14.706853675106922,233.57714881749902,174.7497341170713,0.2881388277825152,44634020.0,0.9214764881137751,0.05220877292408335,0.06931482875917015,0.05467980091544286,0.012394811635837888,0.10746007580616457,-0.02165356462291279,0,0.0,0.0,1.0,0.0,0.0,0.0,0.0,285.0,38.0,0.0,0.0,0.0,0.0,0.0953,0.0,0.0,0.1348,0.0,0.0,0.0,0.0,0.0,0.0,0.0,0.0,0.0,0.0,0.0,0.0,0.0,0.0,287.0,0.0,0.0,80.0,0.0,0.0,0.0953,0.0,0.0,0.1348,0.0,0.0,0.0,0.0
2022-05-06,202.658203125,208.23759469091388,199.92320755691543,206.2087167530172,34747200,-0.02165356462291279,-0.021891443269458428,210.56881103515624,199.67557067871093,203.20967483520508,207.10003448486327,204.27588722199263,206.30040438602921,-2.024517164036581,-4.037699291215231,2.0131821271786503,47.37395019651817,203.20967483520508,14.114015931186493,231.43770669757805,174.9816429728321,0.2778217315220329,41744780.0,0.8323723349362483,0.05168954728132907,0.06934701762382889,0.05485321022724404,0.01646133084612411,0.1067840922320078,-0.03710058451634046,0,0.0,0.0,1.0,0.0,0.0,0.0,0.0,285.0,38.0,0.0,0.0,0.0,0.0,0.0,0.0953,0.0,0.0,0.1348,0.0,0.0,0.0,0.0,0.0,0.0,0.0,0.0,0.0,0.0,0.0,0.0,285.0,0.0,287.0,38.0,0.0,80.0,0.0,0.0,0.0953,0.0,0.0,0.1348,0.0,0.0,0.0
2022-05-09,195.13946533203125,201.46476514421292,194.51289781874493,198.74964937032928,36303200,-0.03710058451634046,-0.03780632177351212,207.60109252929686,200.59254302978516,201.9108009338379,206.81619232177735,202.87028385430625,205.47366815980715,-2.603384305500896,-3.7508362940723643,1.1474519885714685,42.14446507754358,201.9108009338379,13.563922766712064,229.03864646726203,174.78295540041375,0.2687111873952041,39022360.0,0.9303178997887365,0.045801035603186095,0.0710434856629528,0.055376064499920816,-0.07066734820024101,0.049307610049563966,0.007339001896993214,1,0.0667,0.0,1.0,1.0,0.0,2.0,0.0,262.0,40.0,0.0667,0.0,2.0,0.0,0.0,0.0,0.0,0.0,0.0,0.0,0.0,0.0,0.0,0.0,0.0,0.0,0.0,0.0,0.0,0.0,0.0,285.0,285.0,0.0,38.0,38.0,0.0,0.0,0.0,0.0,0.0,0.0,0.0,0.0,0.0,0.0
2022-05-10,196.57159423828125,201.8526350537205,193.13048086930365,198.4214464849374,34452500,0.007339001896993214,0.0073122024634215185,204.74078369140625,202.25343017578126,200.97543334960938,206.55005249023438,201.9012546826101,204.81425527673116,-2.9130005941210584,-3.583269154082103,0.6702685599610447,48.834673709542315,200.97543334960938,13.23456716517958,227.44456767996854,174.5062990192502,0.26340666507547167,37601600.0,0.9162509042168419,0.046122335135135265,0.06970304958644542,0.05519843694461493,-0.0678206067215823,0.09229062109945896,-0.04507962575012503,0,0.1,0.0,1.0,0.0,0.0,0.0,0.0,281.0,40.0,0.1,0.0,0.0,0.0667,0.0,0.0,0.0,0.0,0.0,1.0,0.0,0.0,0.0,0.0,0.0,2.0,0.0,0.0,0.0,0.0,0.0,262.0,285.0,285.0,40.0,38.0,38.0,0.0667,0.0,0.0,0.0,0.0,0.0,2.0,0.0,0.0
2022-05-11,187.7102203369141,199.575121728314,187.242783491894,195.2588048631205,31153400,-0.04507962575012503,-0.046127319726346545,197.84461669921876,203.62490692138672,199.71236343383788,206.25666229248046,199.7180186294261,203.5472897256336,-3.829271096207492,-3.632469542507181,-0.19680155370031116,50.29027910956881,199.71236343383788,13.234866422397593,226.18209627863305,173.2426305890427,0.26507855988158946,35557100.0,0.8761513171771601,0.027947613104627365,0.07063634248028511,0.0559754220441164,-0.15518552227368132,0.07882256248067399,0.013245647356475265,1,0.0667,0.0,1.0,1.0,0.0,2.0,0.0,262.0,40.0,0.0667,0.0,2.0,0.1,0.0667,0.0,0.0,0.0,0.0,0.0,1.0,0.0,0.0,0.0,0.0,0.0,2.0,0.0,0.0,0.0,0.0,281.0,262.0,285.0,40.0,40.0,38.0,0.1,0.0667,0.0,0.0,0.0,0.0,0.0,2.0,0.0
2022-05-12,190.19656372070312,196.9694046398967,183.7718040297496,186.0393627029016,38262200,0.013245647356475265,0.013158690791887943,194.45520935058593,202.18381042480468,198.53134231567384,205.92110321044922,198.2531794126995,202.5583470586017,-4.305167645902202,-3.767009163186185,-0.5381584827160171,53.12857096886382,198.53134231567384,12.961046785214606,224.45343588610305,172.60924874524463,0.26113855140526787,34983700.0,1.0937150730197207,0.026080297299933115,0.04033915368656015,0.05609088665334458,-0.08181298724756014,-0.07043223217802097,0.038590190780027234,1,0.0,0.0,1.0,0.0,0.0,0.0,0.0,289.0,40.0,0.0,0.0,0.0,0.0667,0.1,0.0667,0.0,0.0,0.0,1.0,0.0,1.0,0.0,0.0,0.0,2.0,0.0,2.0,0.0,0.0,0.0,262.0,281.0,262.0,40.0,40.0,40.0,0.0667,0.1,0.0667,0.0,0.0,0.0,2.0,0.0,2.0
2022-05-13,197.53628540039065,198.79936028001964,190.2363375246296,191.5292475043217,24549800,0.038590190780027234,0.03786420772723864,193.43082580566406,201.99981842041015,197.95649642944335,205.83457763671876,198.14288802619043,202.18634249132683,-4.043454465136392,-3.8222982235762264,-0.22115624156016578,54.90924478746718,197.95649642944335,12.723534024852043,223.40356447914743,172.50942837973926,0.2570975796065784,32944220.0,0.745192935209879,0.03543052202723426,0.04204320034103396,0.05671645242700312,-0.02527367580304729,-0.00922838329601472,0.007149379973547809,1,0.0,0.0,0.0,0.0,0.0,0.0,0.0,0.0,0.0,0.0,0.0,0.0,0.0,0.0667,0.1,0.0,0.0,0.0,0.0,1.0,0.0,0.0,0.0,0.0,0.0,2.0,0.0,0.0,0.0,0.0,289.0,262.0,281.0,40.0,40.0,40.0,0.0,0.0667,0.1,0.0,0.0,0.0,0.0,2.0,0.0
2022-05-16,198.94854736328125,204.24946796576893,194.8609714857813,195.97487092994703,27112600,0.007149379973547809,0.0071239443173711885,194.19264221191406,200.89686737060546,197.42292327880858,205.8341799926758,198.26683561651208,201.9465058151753,-3.679670198663217,-3.793772618593625,0.1141024199304077,58.385302794981875,197.42292327880858,12.429020888910657,222.2809650566299,172.56488150098727,0.2518252831533225,31106100.0,0.8716168211379761,0.03046116659750722,0.03787207603222476,0.056741565998403846,0.019519793316891576,-0.052526966914470785,0.012897471539983885,1,0.0667,0.0,1.0,1.0,0.0,2.0,0.0,266.0,40.0,0.0667,0.0,2.0,0.0,0.0,0.0667,0.0,0.0,0.0,0.0,0.0,1.0,0.0,0.0,0.0,0.0,0.0,2.0,0.0,0.0,0.0,0.0,289.0,262.0,0.0,40.0,40.0,0.0,0.0,0.0667,0.0,0.0,0.0,0.0,0.0,2.0
2022-05-17,201.5144805908203,204.3389968062403,197.27772903099373,201.0172086397617,24872700,0.012897471539983885,0.012815007449214523,195.18121948242188,199.96100158691405,196.692431640625,206.13552703857422,198.76647330486722,201.91450394670454,-3.148030641837323,-3.6646242232423645,0.5165935814050413,62.530565838158815,196.692431640625,11.678719140944144,220.04986992251327,173.3349933587367,0.23750215589956658,29190140.0,0.8520925216528595,0.03070260662935917,0.03819692652841384,0.05634387418073408,0.025145476240821196,-0.04438051193571657,-0.0512288954498229,0,0.4333,0.0,1.0,1.0,0.0,2.0,0.0,291.0,42.0,0.4333,0.0,2.0,0.0667,0.0,0.0,0.0,0.0,0.0,1.0,0.0,0.0,0.0,0.0,0.0,2.0,0.0,0.0,0.0,0.0,0.0,266.0,0.0,289.0,40.0,0.0,40.0,0.0667,0.0,0.0,0.0,0.0,0.0,2.0,0.0,0.0
2022-05-18,191.1911163330078,199.9033150480278,190.58444397385065,198.90877119206743,23960000,-0.0512288954498229,-0.05258770593453758,195.8773986816406,196.8610076904297,196.2856643676758,206.17431457519533,197.60103377073503,201.12017893828255,-3.5191451675475207,-3.635528412103396,0.11638324455587545,42.50637921424443,196.2856643676758,11.723737273889892,219.73313891545558,172.838189819896,0.2389117373733291,27751460.0,0.8633779988512316,0.0332460234106946,0.034901798588685154,0.05476036506100442,0.01854398758813458,-0.1395192930844481,-0.004941778869601565,0,0.0,0.0,0.0,0.0,0.0,0.0,0.0,0.0,0.0,0.0,0.0,0.0,0.4333,0.0667,0.0,0.0,0.0,0.0,1.0,1.0,0.0,0.0,0.0,0.0,2.0,2.0,0.0,0.0,0.0,0.0,291.0,266.0,0.0,42.0,40.0,0.0,0.4333,0.0667,0.0,0.0,0.0,0.0,2.0,2.0,0.0
2022-05-19,190.2462921142578,194.2244676339712,188.56552570462853,190.15678680719276,24446900,-0.004941778869601565,-0.004954029836511084,195.88734436035156,195.17127685546876,196.4457862854004,206.03090087890624,196.4695350543539,200.31470584020664,-3.84517078585273,-3.677456886853263,-0.16771389899946687,44.64410584715858,196.4457862854004,11.612208799836186,219.67020388507277,173.22136868572804,0.23644607541677135,24988400.0,0.9783299450945239,0.032993429435941954,0.029457516975526503,0.05287751029520355,0.00026145789693510224,-0.08157292000221283,0.01176228933938872,1,0.0,0.0,0.0,0.0,0.0,0.0,0.0,0.0,0.0,0.0,0.0,0.0,0.0,0.4333,0.0667,0.0,0.0,0.0,0.0,1.0,1.0,0.0,0.0,0.0,0.0,2.0,2.0,0.0,0.0,0.0,0.0,291.0,266.0,0.0,42.0,40.0,0.0,0.4333,0.0667,0.0,0.0,0.0,0.0,2.0,2.0
2022-05-20,192.4840240478516,196.830191307738,186.84496182938275,193.90622974804248,31465600,0.01176228933938872,0.011693651316711514,194.87689208984375,194.15385894775392,196.91471481323242,205.99768280029298,195.856379514892,199.73465533706923,-3.8782758221772156,-3.7176206739180544,-0.16065514825916116,38.62077056335326,196.91471481323242,11.228154632772856,219.37102407877813,174.4584055476867,0.2280815761975415,26371560.0,1.1931641510779036,0.02686044443727323,0.02964119765130267,0.05262957452526226,-0.02557637115782818,-0.05020363804801409,0.01389877929861294,1,0.0833,0.0236,2.0,0.5,0.7071,2.0,0.0,273.5,80.0,0.0833,0.0236,2.0,0.0,0.0,0.4333,0.0,0.0,0.0,0.0,0.0,1.0,0.0,0.0,0.0,0.0,0.0,2.0,0.0,0.0,0.0,0.0,0.0,291.0,0.0,0.0,42.0,0.0,0.0,0.4333,0.0,0.0,0.0,0.0,0.0,2.0
2022-05-23,195.1593170166016,195.91517998360317,190.19655338584505,194.12499818745917,25059200,0.01389877929861294,0.013803077009416189,194.11904602050782,194.15584411621097,197.37419357299805,206.16914154052733,195.74913913053962,199.39574138740494,-3.6466022568653216,-3.7034169905075083,0.0568147336421867,40.010092530382835,197.37419357299805,10.941048361459805,219.25629029591767,175.49209685007844,0.2217320950302108,25960880.0,0.9652677413092314,0.02776983859433408,0.027783230270411154,0.05261026614852365,-0.01904628305609335,0.00010173075208830262,-0.07618600244363538,0,0.4333,0.0,1.0,1.0,0.0,3.0,0.0,292.0,42.0,0.4333,0.0,3.0,0.0833,0.0,0.0,0.0236,0.0,0.0,0.5,0.0,0.0,0.7071,0.0,0.0,2.0,0.0,0.0,0.0,0.0,0.0,273.5,0.0,0.0,80.0,0.0,0.0,0.0833,0.0,0.0,0.0236,0.0,0.0,2.0,0.0,0.0
2022-05-24,180.29090881347656,182.67780799517152,175.149118904387,179.56489604850404,50406300,-0.07618600244363538,-0.07924452895021404,189.87433166503905,192.52777557373048,197.39060287475587,206.06272552490233,193.37094985099148,197.980568604151,-4.609618753159509,-3.884657343037909,-0.7249614101216002,24.512974958938116,197.39060287475587,10.913772475627546,219.21814782601098,175.56305792350076,0.2211609330268337,31067600.0,1.6224716424828438,0.04033566918251884,0.03660700387175182,0.05504770148460462,-0.10532033090187043,-0.08282318453941762,0.01406672311772339,1,0.4333,0.0,1.0,1.0,0.0,2.0,0.0,292.0,42.0,0.4333,0.0,2.0,0.4333,0.0833,0.0,0.0,0.0236,0.0,1.0,0.5,0.0,0.0,0.7071,0.0,3.0,2.0,0.0,0.0,0.0,0.0,292.0,273.5,0.0,42.0,80.0,0.0,0.4333,0.0833,0.0,0.0,0.0236,0.0,3.0,2.0,0.0
2022-05-25,182.82701110839844,184.4381674068017,178.341623480769,179.41571756268058,28030200,0.01406672311772339,0.013968704895387889,188.20151062011718,192.03945465087892,197.83218078613282,205.89962036132812,191.7488054290541,196.8580828637249,-5.109277434670787,-4.129581361364485,-0.979696073306302,32.553150306281,197.83218078613282,10.062864257439518,217.95790930101185,177.7064522712538,0.20346263620918195,31881640.0,0.8791956750029171,0.03877930032707845,0.03467563350986435,0.05449447448053849,-0.043747352832237074,-0.02601461561203733,0.042430442762497744,1,0.1444,0.2502,3.0,0.1111,0.1925,2.0,1.0,292.3333,120.0,0.1444,0.2502,2.0,0.4333,0.4333,0.0833,0.0,0.0,0.0236,1.0,1.0,0.5,0.0,0.0,0.7071,2.0,3.0,2.0,0.0,0.0,0.0,292.0,292.0,273.5,42.0,42.0,80.0,0.4333,0.4333,0.0833,0.0,0.0,0.0236,2.0,3.0,2.0
2022-05-26,190.58444213867188,191.7778917192253,181.26555597869333,181.88218348281484,23056500,0.042430442762497744,0.04155495089409088,188.269140625,192.0782424926758,197.13102645874022,205.66092956542968,191.56967261514916,196.39336873594317,-4.823696120794011,-4.26840431325039,-0.5552918075436208,41.7257278284315,197.13102645874022,10.054471465926744,217.2399693905937,177.02208352688675,0.20401601202094186,31603560.0,0.7295538857014843,0.04507470506264687,0.03724156996038081,0.03797538463560354,0.001777432929998879,0.002039355550809807,0.018264404039601834,1,0.1,0.0,1.0,0.0,0.0,0.0,0.0,281.0,40.0,0.1,0.0,0.0,0.1444,0.4333,0.4333,0.2502,0.0,0.0,0.1111,1.0,1.0,0.1925,0.0,0.0,2.0,2.0,3.0,1.0,0.0,0.0,292.3333,292.0,292.0,120.0,42.0,42.0,0.1444,0.4333,0.4333,0.2502,0.0,0.0,2.0,2.0,3.0
2022-05-27,194.0653533935547,194.26425913571137,188.76443265841132,190.315918692983,22562700,0.018264404039601834,0.0180996133236733,188.5854064941406,191.73114929199218,196.86548385620117,205.40811645507813,191.9536235041346,196.2209231550255,-4.267299650890891,-4.268183380778491,0.0008837298876001043,49.22077522420991,196.86548385620117,10.06218245112164,216.98984875844445,176.74111895395788,0.20444787484374832,29822980.0,0.7565541739960259,0.04554713162224295,0.03546482906398998,0.03785991964490057,0.008215379710214243,-0.017571111048284904,-0.007635945997988669,0,0.0,0.0,0.0,0.0,0.0,0.0,0.0,0.0,0.0,0.0,0.0,0.0,0.1,0.1444,0.4333,0.0,0.2502,0.0,0.0,0.1111,1.0,0.0,0.1925,0.0,0.0,2.0,2.0,0.0,1.0,0.0,281.0,292.3333,292.0,40.0,120.0,42.0,0.1,0.1444,0.4333,0.0,0.2502,0.0,0.0,2.0,2.0
2022-05-31,192.5834808349609,196.5218813694072,190.96236941635183,193.82666071413087,26131100,-0.007635945997988669,-0.0076652491002120035,188.0702392578125,191.09464263916016,195.99575500488282,204.9536102294922,192.05052463195406,195.95148298316886,-3.900958351214797,-4.194738374865752,0.2937800236509549,47.10887164303786,195.99575500488282,9.610767495643996,215.21728999617082,176.77422001359483,0.19614236023437479,30037360.0,0.8699532848426094,0.04521614804206643,0.0353867036700503,0.03568862959454689,-0.013198632896535334,-0.031993531054527846,-0.02582117906679038,0,0.0667,0.0,1.0,1.0,0.0,2.0,0.0,268.0,40.0,0.0667,0.0,2.0,0.0,0.1,0.1444,0.0,0.0,0.2502,0.0,0.0,0.1111,0.0,0.0,0.1925,0.0,0.0,2.0,0.0,0.0,1.0,0.0,281.0,292.3333,0.0,40.0,120.0,0.0,0.1,0.1444,0.0,0.0,0.2502,0.0,0.0,2.0
2022-06-01,187.6107482910156,198.44133003927212,183.99060934126828,195.43780341060557,36623500,-0.02582117906679038,-0.026160397803710083,189.53420715332032,189.7042694091797,194.83263549804687,204.4991033935547,191.36748211796353,195.3336507837501,-3.9661686657865687,-4.149024433049915,0.18285576726334618,49.923580542872344,194.83263549804687,9.110101523464085,213.05283854497503,176.6124324511187,0.18703440519964443,27280800.0,1.3424642972346852,0.026055868599707533,0.03561195110845456,0.03596830832759078,0.040600158519983554,-0.0689961945118801,0.05417730965873213,1,0.3111,0.2117,3.0,0.7778,0.3849,7.0,1.0,284.3333,124.0,0.3111,0.2117,7.0,0.0667,0.0,0.1,0.0,0.0,0.0,1.0,0.0,0.0,0.0,0.0,0.0,2.0,0.0,0.0,0.0,0.0,0.0,268.0,0.0,281.0,40.0,0.0,40.0,0.0667,0.0,0.1,0.0,0.0,0.0,2.0,0.0,0.0
2022-06-02,197.7749938964844,199.84364695984004,186.7057158063208,187.4217886042337,31951600,0.05417730965873213,0.05276066145351885,192.5238037109375,190.36265716552734,193.61183242797853,204.14524505615233,192.3532531608129,195.51449101432303,-3.16123785351013,-3.951467117141958,0.790229263631828,55.207767548979206,193.61183242797853,6.518201971456837,206.6482363708922,180.57542848506486,0.13466536398557216,28065080.0,1.1384824130200235,0.03342331260527965,0.036502908216948106,0.03601201871295509,0.08176025357228678,0.034436106079369866,-0.04063162400429232,0,0.1,0.0,1.0,0.0,0.0,0.0,0.0,281.0,40.0,0.1,0.0,0.0,0.3111,0.0667,0.0,0.2117,0.0,0.0,0.7778,1.0,0.0,0.3849,0.0,0.0,7.0,2.0,0.0,1.0,0.0,0.0,284.3333,268.0,0.0,124.0,40.0,0.0,0.3111,0.0667,0.0,0.2117,0.0,0.0,7.0,2.0,0.0
2022-06-03,189.73907470703125,195.5372671802595,188.7445308558882,194.91069969786824,19465000,-0.04063162400429232,-0.04148015272999933,192.35473022460937,190.3119354248047,192.74160614013672,203.6941195678711,191.9510718602311,195.08668239896807,-3.1356105387369553,-3.788295801460958,0.6526852627240025,44.69267232783834,192.74160614013672,5.73078396501787,204.20317407017245,181.280038210101,0.11893195412828883,27346780.0,0.7117839833428287,0.03756393423413981,0.039125038999151165,0.03398822864513983,-0.004435658137433518,-0.002666109292274399,0.018188478408072806,1,0.05,0.0707,2.0,0.0,0.0,0.0,0.0,291.0,80.0,0.05,0.0707,0.0,0.1,0.3111,0.0667,0.0,0.2117,0.0,0.0,0.7778,1.0,0.0,0.3849,0.0,0.0,7.0,2.0,0.0,1.0,0.0,281.0,284.3333,268.0,40.0,124.0,40.0,0.1,0.3111,0.0667,0.0,0.2117,0.0,0.0,7.0,2.0
2022-06-06,193.1901397705078,195.8455699864437,187.3720522709119,192.93156383683885,30574200,0.018188478408072806,0.01802504677492708,192.1796875,190.3825469970703,192.2682029724121,203.19048217773437,192.14169769258137,194.94619775982287,-2.8045000672414915,-3.591536654617064,0.7870365873755727,46.18627461878714,192.2682029724121,5.238400156001595,202.74500328441528,181.79140266040892,0.10898110191945215,28949080.0,1.0561371898519745,0.03755455278207176,0.03938372321645502,0.0340556750444288,-0.0045098911667761366,0.00366843807505135,0.007207144447527458,1,0.0,0.0,0.0,0.0,0.0,0.0,0.0,0.0,0.0,0.0,0.0,0.0,0.05,0.1,0.3111,0.0707,0.0,0.2117,0.0,0.0,0.7778,0.0,0.0,0.3849,0.0,0.0,7.0,0.0,0.0,1.0,291.0,281.0,284.3333,80.0,40.0,124.0,0.05,0.1,0.3111,0.0707,0.0,0.2117,0.0,0.0,7.0
2022-06-07,194.58248901367188,195.45769241660395,190.4451983260251,190.882784851957,18828700,0.007207144447527458,0.007181297098068324,192.5794891357422,190.32486419677736,192.24035415649413,202.66993743896484,192.51720404967222,194.9192563712191,-2.4020523215468756,-3.353639788003026,0.9515874664561506,45.33653008150847,192.24035415649413,5.223792476461586,202.6879391094173,181.79276920357097,0.10869294325600609,27488600.0,0.6849639486914576,0.03742051295095553,0.039198039671019806,0.03306736100563066,0.010379956629946285,-0.0029556775036297944,0.005060241568525248,1,0.4333,0.0,1.0,0.3333,0.0,2.0,1.0,292.0,42.0,0.4333,0.0,2.0,0.0,0.05,0.1,0.0,0.0707,0.0,0.0,0.0,0.0,0.0,0.0,0.0,0.0,0.0,0.0,0.0,0.0,0.0,0.0,291.0,281.0,0.0,80.0,40.0,0.0,0.05,0.1,0.0,0.0707,0.0,0.0,0.0,0.0
2022-06-08,195.56712341308597,200.927714742946,193.3492946345468,193.60787060059096,22267200,0.005060241568525248,0.00504748157382672,194.17076416015624,191.85248565673828,192.19013061523438,202.1338784790039,192.9864224132743,194.96724652246846,-1.9808241091941454,-3.07907665224125,1.0982525430471046,53.36701293334211,192.19013061523438,5.18464054412641,202.5594117034872,181.82084952698156,0.1079064887989714,24617340.0,0.9045331461482029,0.03393837132156362,0.028526036417905284,0.03304605657073513,0.04240895148357238,0.084730920156455,-0.06428002806029376,0,0.1,0.0,1.0,0.0,0.0,0.0,0.0,281.0,40.0,0.1,0.0,0.0,0.4333,0.0,0.05,0.0,0.0,0.0707,0.3333,0.0,0.0,0.0,0.0,0.0,2.0,0.0,0.0,1.0,0.0,0.0,292.0,0.0,291.0,42.0,0.0,80.0,0.4333,0.0,0.05,0.0,0.0,0.0707,2.0,0.0,0.0
2022-06-09,182.99606323242188,198.36176224590696,182.6778019251525,193.2199725076688,23501600,-0.06428002806029376,-0.06643902254448812,191.21497802734376,191.86939086914063,191.95442276000978,201.2216827392578,191.44944407775856,194.08049220468723,-2.6310481269286754,-2.9894709471787353,0.3584228202500599,45.268077320738556,191.95442276000978,5.496791259892562,202.9480052797949,180.96084024022466,0.1145436751257334,22927340.0,1.0250469526774584,0.03564578424107946,0.03648520287793807,0.03467177364264874,-0.07472598215221193,0.0009246561708717849,-0.045815124536910834,0,0.0,0.0,0.0,0.0,0.0,0.0,0.0,0.0,0.0,0.0,0.0,0.0,0.1,0.4333,0.0,0.0,0.0,0.0,0.0,0.3333,0.0,0.0,0.0,0.0,0.0,2.0,0.0,0.0,1.0,0.0,281.0,292.0,0.0,40.0,42.0,0.0,0.1,0.4333,0.0,0.0,0.0,0.0,0.0,2.0,0.0
2022-06-10,174.61207580566406,182.10098998699743,174.06507363809263,182.04130460691536,27450800,-0.045815124536910834,-0.046897836515072525,188.1895782470703,190.27215423583985,191.17519836425782,200.18178741455077,188.85907972820556,192.63838728624108,-3.7793075580355264,-3.147438269350094,-0.6318692886854325,39.202024228643594,191.17519836425782,6.726235692561691,204.6276697493812,177.72272697913445,0.14073448334539249,24524500.0,1.119321494831699,0.036642987467734346,0.035937151764570144,0.03591528686862537,-0.07972526968798699,-0.08380729378416996,-0.0644187463193776,0,0.2014,0.0,1.0,0.0,0.0,0.0,0.0,295.0,42.0,0.2014,0.0,0.0,0.0,0.1,0.4333,0.0,0.0,0.0,0.0,0.0,0.3333,0.0,0.0,0.0,0.0,0.0,2.0,0.0,0.0,1.0,0.0,281.0,292.0,0.0,40.0,42.0,0.0,0.1,0.4333,0.0,0.0,0.0,0.0,0.0,2.0
2022-06-13,163.36378479003906,171.63839779027666,163.13504392925233,169.6592498541508,31749300,-0.0644187463193776,-0.06658728115452772,182.22430725097655,187.20199737548828,189.46657333374023,199.02612731933593,184.93672666079533,190.46989821244833,-5.533171551652998,-3.6245849258106757,-1.9085866258423225,32.59286275896201,189.46657333374023,8.986030070300886,207.438633474342,171.49451319313846,0.18971219909006823,24759520.0,1.2823067652361597,0.0360329200428863,0.03860288434433258,0.03691233007968967,-0.15438859879650035,-0.1582022141853131,-0.0032267257252310833,0,0.2014,0.0,1.0,0.0,0.0,0.0,0.0,286.0,40.0,0.2014,0.0,0.0,0.2014,0.0,0.1,0.0,0.0,0.0,0.0,0.0,0.0,0.0,0.0,0.0,0.0,0.0,0.0,0.0,0.0,0.0,295.0,0.0,281.0,42.0,0.0,40.0,0.2014,0.0,0.1,0.0,0.0,0.0,0.0,0.0,0.0
2022-06-14,162.83665466308594,165.8401812350533,160.47959067651584,165.1241084738487,27244300,-0.0032267257252310833,-0.0032319428304854476,175.87514038085936,184.2273147583008,187.66097869873047,197.81039642333985,181.53671558422468,188.42299128286592,-6.886275698641242,-4.27692308037679,-2.6093526182644524,38.664262661065365,187.66097869873047,10.483740014778611,208.62845872828768,166.69349866917327,0.22346126696075952,26442640.0,1.0303169426350773,0.033365541300476934,0.038739012188815376,0.036749025295299796,-0.1631484647539656,-0.1544619821124078,0.034324921992008095,1,0.0,0.0,0.0,0.0,0.0,0.0,0.0,0.0,0.0,0.0,0.0,0.0,0.2014,0.2014,0.0,0.0,0.0,0.0,0.0,0.0,0.0,0.0,0.0,0.0,0.0,0.0,0.0,0.0,0.0,0.0,286.0,295.0,0.0,40.0,42.0,0.0,0.2014,0.2014,0.0,0.0,0.0,0.0,0.0,0.0,0.0
2022-06-15,168.42601013183594,171.22067597309285,163.08529924081037,166.287731710114,30008300,0.034324921992008095,0.03374896462714424,170.44691772460936,182.3088409423828,186.00655517578124,196.52663940429687,179.51968397616488,186.94173341982668,-7.422049443661791,-4.90594835303379,-2.516101090628001,41.00398317359844,186.00655517578124,10.788857425680256,207.58427002714177,164.42884032442072,0.23201026255197296,27990860.0,1.0720749558963176,0.04317326081175989,0.04160060983840837,0.03772983908913991,-0.1387815743647326,-0.10225820393520801,-0.05007389494822734,0,0.0,0.0,0.0,0.0,0.0,0.0,0.0,0.0,0.0,0.0,0.0,0.0,0.0,0.2014,0.2014,0.0,0.0,0.0,0.0,0.0,0.0,0.0,0.0,0.0,0.0,0.0,0.0,0.0,0.0,0.0,0.0,286.0,295.0,0.0,40.0,42.0,0.0,0.2014,0.2014,0.0,0.0,0.0,0.0,0.0,0.0
2022-06-16,159.9922637939453,164.17930006661163,158.7391440100492,162.82671982781204,26944100,-0.05007389494822734,-0.05137108156892366,165.84615783691407,178.53056793212892,184.4466125488281,195.11498413085937,176.51546548659266,184.94547641050212,-8.430010923909464,-5.610760867208925,-2.8192500567005387,31.04980085593482,184.4466125488281,12.167222379473806,208.7810573077757,160.11216778988052,0.26386437162141535,28679360.0,0.9394944657063476,0.040637990002019175,0.03649668223196412,0.03766139859840502,-0.12570652631614054,-0.191038964826436,0.017840580480032342,1,0.0,0.0,0.0,0.0,0.0,0.0,0.0,0.0,0.0,0.0,0.0,0.0,0.0,0.0,0.2014,0.0,0.0,0.0,0.0,0.0,0.0,0.0,0.0,0.0,0.0,0.0,0.0,0.0,0.0,0.0,0.0,0.0,286.0,0.0,0.0,40.0,0.0,0.0,0.2014,0.0,0.0,0.0,0.0,0.0,0.0
2022-06-17,162.84661865234375,164.9948218770204,159.02755866012222,160.79784553375922,31374200,0.017840580480032342,0.017683305157922564,163.49306640625,175.84132232666016,183.0766288757324,193.9302835083008,174.41256597363127,183.3085239839719,-8.895958010340621,-6.267800295835265,-2.628157714505356,30.510397846985654,183.0766288757324,12.994272131202797,209.065173138138,157.08808461332683,0.28390892296849013,29464040.0,1.0648302133719612,0.042733494891162634,0.03755777827508007,0.03810648881830847,-0.06738054684382067,-0.14173388426296007,-0.040857485854054576,0,0.0,0.0,0.0,0.0,0.0,0.0,0.0,0.0,0.0,0.0,0.0,0.0,0.0,0.0,0.0,0.0,0.0,0.0,0.0,0.0,0.0,0.0,0.0,0.0,0.0,0.0,0.0,0.0,0.0,0.0,0.0,0.0,0.0,0.0,0.0,0.0,0.0,0.0,0.0,0.0,0.0,0.0,0.0,0.0,0.0
2022-06-21,156.193115234375,166.84467140754418,155.11900605148205,165.02465433449234,50724900,-0.040857485854054576,-0.0417156081052764,162.05893249511718,172.14161987304686,181.2620834350586,192.61947509765625,171.60957355220722,181.29997518770548,-9.690401635498262,-6.952320563767866,-2.738081071730396,28.659774811171985,181.2620834350586,14.098420543918637,209.45892452289587,153.06524234722133,0.31111681553566,33259160.0,1.5251407431817279,0.036506683247921404,0.03646998347739923,0.03855364134366446,-0.04389387504017528,-0.1915057599734743,-0.007640867690893671,0,0.1,0.0,1.0,0.0,0.0,0.0,0.0,281.0,40.0,0.1,0.0,0.0,0.0,0.0,0.0,0.0,0.0,0.0,0.0,0.0,0.0,0.0,0.0,0.0,0.0,0.0,0.0,0.0,0.0,0.0,0.0,0.0,0.0,0.0,0.0,0.0,0.0,0.0,0.0,0.0,0.0,0.0,0.0,0.0,0.0
2022-06-22,154.99966430664062,159.91269815327516,154.59189768808022,157.51585902033707,47267800,-0.007640867690893671,-0.007670208676377545,160.4915344238281,168.18333740234374,179.25410079956055,191.29712951660156,169.0542028990431,179.3518040113303,-10.297601112287197,-7.621376673471732,-2.6762244388154643,29.989048844997768,179.25410079956055,14.854532263886483,208.9631653273335,149.54503627178758,0.3314743082055705,37263860.0,1.2684622580698832,0.036403575823804886,0.03550965730547627,0.038159309540171375,-0.04812792532897636,-0.20342439295372594,0.018607690564476087,1,0.2167,0.3064,2.0,0.5,0.7071,2.0,0.0,290.0,82.0,0.2167,0.3064,2.0,0.1,0.0,0.0,0.0,0.0,0.0,0.0,0.0,0.0,0.0,0.0,0.0,0.0,0.0,0.0,0.0,0.0,0.0,281.0,0.0,0.0,40.0,0.0,0.0,0.1,0.0,0.0,0.0,0.0,0.0,0.0,0.0,0.0
2022-06-23,157.88385009765625,158.87839403527929,153.4084023783526,155.41738538150125,40499200,0.018607690564476087,0.018436685571885592,158.3831024169922,164.41501007080078,178.13374786376954,190.14922760009765,167.33568708344515,177.76158520291,-10.425898119464847,-8.182280962670356,-2.2436171567944907,23.120274235703704,178.13374786376954,15.59857327650573,209.330894416781,146.93660131075808,0.3502665488952711,39362040.0,1.0288897628273332,0.03212384904502193,0.03688468963460185,0.03539067382551239,-0.06259223279069415,-0.19268715854573037,0.07187392844123308,1,0.0444,0.0385,3.0,0.6667,0.5774,4.0,0.0,273.0,122.0,0.0444,0.0385,4.0,0.2167,0.1,0.0,0.3064,0.0,0.0,0.5,0.0,0.0,0.7071,0.0,0.0,2.0,0.0,0.0,0.0,0.0,0.0,290.0,281.0,0.0,82.0,40.0,0.0,0.2167,0.1,0.0,0.3064,0.0,0.0,2.0,0.0,0.0
2022-06-24,169.23158264160156,169.32108794464224,160.41992365461232,160.84757021949636,68736000,0.07187392844123308,0.06940845166669593,160.23096618652343,163.03856201171874,177.4539764404297,189.2744268798828,167.62736332316155,177.1297331613316,-9.50236983817004,-8.446298737770293,-1.0560711003997465,36.77189408767263,177.4539764404297,15.679309730690278,208.81259590181025,146.09535697904914,0.3534281968813189,47720420.0,1.440389669663427,0.041359196529725285,0.04348879893170776,0.039265250913099244,0.057748535013890434,-0.07521735903869231,-0.003937421426717269,0,0.0,0.0,0.0,0.0,0.0,0.0,0.0,0.0,0.0,0.0,0.0,0.0,0.0444,0.2167,0.1,0.0385,0.3064,0.0,0.6667,0.5,0.0,0.5774,0.7071,0.0,4.0,2.0,0.0,0.0,0.0,0.0,273.0,290.0,281.0,122.0,82.0,40.0,0.0444,0.2167,0.1,0.0385,0.3064,0.0,4.0,2.0,0.0
2022-06-27,168.56524658203125,170.81291027293958,167.09331072287182,170.38526369159317,29174600,-0.003937421426717269,-0.003945193478399717,161.37469177246095,162.43387908935546,176.35301666259767,188.36939208984376,167.77165305529536,176.49532674805008,-8.723673692754716,-8.501773728767178,-0.22189996398753742,33.52411724073015,176.35301666259767,15.480603244369773,207.31422315133722,145.39181017385812,0.3511276084148329,47280500.0,0.6170535421579721,0.041730776367513885,0.04128993297895411,0.03777470768648696,0.035116651343532146,-0.03463007467113943,-0.051979652201683435,0,0.0,0.0,0.0,0.0,0.0,0.0,0.0,0.0,0.0,0.0,0.0,0.0,0.0,0.0444,0.2167,0.0,0.0385,0.3064,0.0,0.6667,0.5,0.0,0.5774,0.7071,0.0,4.0,2.0,0.0,0.0,0.0,0.0,273.0,290.0,0.0,122.0,82.0,0.0,0.0444,0.2167,0.0,0.0385,0.3064,0.0,4.0,2.0
2022-06-28,159.80328369140625,170.36534871677802,159.73367351964967,168.97297835077882,27744500,-0.051979652201683435,-0.05337931303518707,162.0967254638672,162.07782897949218,174.63991317749023,187.38479370117187,166.5457500762355,175.2588791142246,-8.71312903798912,-8.544044790611567,-0.1690842473775529,28.818928691969973,174.63991317749023,15.31219805685621,205.26430929120266,144.0155170637778,0.3507147427700358,42684420.0,0.6499912614485567,0.0451190127420129,0.03936834362674984,0.03870877167647924,0.02311349288100195,-0.021794922927434013,0.02028880723026405,1,0.0,0.0,1.0,0.0,0.0,0.0,0.0,283.0,38.0,0.0,0.0,0.0,0.0,0.0,0.0444,0.0,0.0,0.0385,0.0,0.0,0.6667,0.0,0.0,0.5774,0.0,0.0,4.0,0.0,0.0,0.0,0.0,0.0,273.0,0.0,0.0,122.0,0.0,0.0,0.0444,0.0,0.0,0.0385,0.0,0.0,4.0
2022-06-29,163.04550170898438,165.4224606193557,159.44525825847654,162.6775253846381,28595200,0.02028880723026405,0.020085731561781263,163.70589294433594,162.09871368408204,173.16301422119142,186.45330352783202,166.0072503274276,174.35418449161423,-8.34693416418662,-8.504622665326577,0.15768850113995647,30.72388762039786,173.16301422119142,14.90962056736997,202.98225535593136,143.34377308645148,0.34440658438354566,38949900.0,0.7341533611126088,0.044831219335935465,0.039952186697288054,0.0392584619368743,0.05190874082427954,0.0012825554929911664,-0.01640835349333436,0,0.0,0.0,1.0,0.0,0.0,0.0,0.0,289.0,40.0,0.0,0.0,0.0,0.0,0.0,0.0,0.0,0.0,0.0,0.0,0.0,0.0,0.0,0.0,0.0,0.0,0.0,0.0,0.0,0.0,0.0,283.0,0.0,0.0,38.0,0.0,0.0,0.0,0.0,0.0,0.0,0.0,0.0,0.0,0.0,0.0
2022-06-30,160.3701934814453,164.32847369776013,157.62525795853676,161.26527686322095,35250600,-0.01640835349333436,-0.016544461451005132,164.20316162109376,161.29313201904296,171.80098648071288,185.3382211303711,165.14001081266107,173.3183333056758,-8.178322493014718,-8.439362630864206,0.26104013784948776,34.80701397750329,171.80098648071288,14.763853040104312,201.3286925609215,142.27328040050426,0.34374314938550743,37900180.0,0.930090569490699,0.046058156501222414,0.03842011491579416,0.03908399941231122,0.015747927240507442,-0.047830003477995486,-0.007565922085217558,0,0.0,0.0,0.0,0.0,0.0,0.0,0.0,0.0,0.0,0.0,0.0,0.0,0.0,0.0,0.0,0.0,0.0,0.0,0.0,0.0,0.0,0.0,0.0,0.0,0.0,0.0,0.0,0.0,0.0,0.0,289.0,283.0,0.0,40.0,38.0,0.0,0.0,0.0,0.0,0.0,0.0,0.0,0.0,0.0,0.0
2022-07-01,159.15684509277344,159.74362229999235,154.15429093017875,159.43531614621747,31423900,-0.007565922085217558,-0.007594688863708215,162.18821411132814,161.20959014892577,169.87007904052734,184.5348287963867,164.2195237788322,172.26933417879414,-8.049810399961927,-8.36145218468375,0.31164178472182336,38.51611051120891,169.87007904052734,13.673087193381631,197.2162534272906,142.52390465376408,0.32196575808078665,30437760.0,1.0323985733509955,0.026196411341401236,0.034981910614409854,0.03633192411435046,-0.05953225391837402,-0.00522161935434462,0.05099044600246039,1,0.0,0.0,0.0,0.0,0.0,0.0,0.0,0.0,0.0,0.0,0.0,0.0,0.0,0.0,0.0,0.0,0.0,0.0,0.0,0.0,0.0,0.0,0.0,0.0,0.0,0.0,0.0,0.0,0.0,0.0,0.0,289.0,283.0,0.0,40.0,38.0,0.0,0.0,0.0,0.0,0.0,0.0,0.0,0.0,0.0
2022-07-05,167.27232360839844,167.33199380811976,156.16327121943758,157.2771554156595,28618600,0.05099044600246039,0.04973300146573258,161.92962951660155,161.65216064453125,168.7467414855957,184.13939819335937,164.6891852910732,171.8991852476537,-7.2099999565805035,-8.131161739063101,0.9211617824825975,53.04602077786916,168.7467414855957,12.853110526253591,194.45296253810287,143.04052043308852,0.3046722067187469,30326560.0,0.9436810505378783,0.03884473017766179,0.03827384849277482,0.03802598041537484,-0.007670163333481805,0.02717713755852058,0.00939414591330201,1,0.0556,0.0509,3.0,0.3333,0.5774,2.0,0.0,276.0,118.0,0.0556,0.0509,2.0,0.0,0.0,0.0,0.0,0.0,0.0,0.0,0.0,0.0,0.0,0.0,0.0,0.0,0.0,0.0,0.0,0.0,0.0,0.0,0.0,289.0,0.0,0.0,40.0,0.0,0.0,0.0,0.0,0.0,0.0,0.0,0.0,0.0
2022-07-06,168.8437042236328,170.65376603815452,164.55722289787468,167.28226318217594,23085900,0.00939414591330201,0.00935029533647428,163.7377136230469,162.91721954345704,167.52941970825196,183.8541632080078,165.32834204992852,171.67285331994844,-6.344511270019922,-7.773831645254465,1.4293203752345436,54.60646621587784,167.52941970825196,11.497685784694015,190.52479127764,144.53404813886394,0.2745233835279064,29394840.0,0.7853725347714089,0.026379112847549055,0.03498410645404601,0.03778662447204942,0.05657218251963081,0.0809932561385629,0.01425468948494224,1,0.0,0.0,0.0,0.0,0.0,0.0,0.0,0.0,0.0,0.0,0.0,0.0,0.0556,0.0,0.0,0.0509,0.0,0.0,0.3333,0.0,0.0,0.5774,0.0,0.0,2.0,0.0,0.0,0.0,0.0,0.0,276.0,0.0,0.0,118.0,0.0,0.0,0.0556,0.0,0.0,0.0509,0.0,0.0,2.0,0.0,0.0
2022-07-07,171.25051879882812,171.7776258586484,166.86457650059305,168.52546301415413,24083400,0.01425468948494224,0.01415404669239208,165.37871704101562,164.54230499267578,166.36282119750976,183.5597787475586,166.23944616514385,171.64156928134693,-5.402123116203086,-7.29948993944419,1.8973668232411045,52.27710158933466,166.36282119750976,9.642280161543628,185.647381520597,147.0782608744225,0.23183738030256382,28492480.0,0.8452546075315311,0.026002694147205276,0.03455377056948738,0.03794908329052276,0.05032348027907374,0.10484444959853545,-0.007607897800549157,0,0.0667,0.0,1.0,1.0,0.0,2.0,0.0,268.0,40.0,0.0667,0.0,2.0,0.0,0.0556,0.0,0.0,0.0509,0.0,0.0,0.3333,0.0,0.0,0.5774,0.0,0.0,2.0,0.0,0.0,0.0,0.0,0.0,276.0,0.0,0.0,118.0,0.0,0.0,0.0556,0.0,0.0,0.0509,0.0,0.0,2.0,0.0
2022-07-08,169.94766235351562,171.45935811835196,167.23254664618602,169.05256375997112,19249200,-0.007607897800549157,-0.007636985479662204,167.2942108154297,165.74868621826172,165.08184814453125,183.3594775390625,166.80994096335488,171.51609469410016,-4.706153730745285,-6.7808226977044095,2.0746689669591243,59.068675895508754,165.08184814453125,6.858109861310193,178.79806786715164,151.36562842191086,0.166174777866694,25292200.0,0.7610725836423877,0.023975856588392404,0.03486771981917465,0.03786604158721708,0.059721003411886686,0.07640941266885437,-0.04681653017816079,0,0.0,0.0,0.0,0.0,0.0,0.0,0.0,0.0,0.0,0.0,0.0,0.0,0.0667,0.0,0.0556,0.0,0.0,0.0509,1.0,0.0,0.3333,0.0,0.0,0.5774,2.0,0.0,2.0,0.0,0.0,0.0,268.0,0.0,276.0,40.0,0.0,118.0,0.0667,0.0,0.0556,0.0,0.0,0.0509,2.0,0.0,2.0
2022-07-11,161.99130249023438,166.57615011403516,161.0265937694072,166.15844353009987,21885600,-0.04681653017816079,-0.047947875681064206,167.86110229492186,165.024658203125,164.03161010742187,183.11939453125,166.06861196749017,170.81055453085085,-4.741942563360681,-6.373046670835664,1.6311041074749832,49.287128843824576,164.03161010742187,5.429995241155525,174.89160058973292,153.17161962511082,0.13241338636131172,23384540.0,0.9359003854683479,0.03556476936651656,0.030625880141309385,0.03664048351201521,0.017809208242402175,-0.0427832679831438,0.002394439775506685,1,0.0,0.0,0.0,0.0,0.0,0.0,0.0,0.0,0.0,0.0,0.0,0.0,0.0,0.0667,0.0,0.0,0.0,0.0,0.0,1.0,0.0,0.0,0.0,0.0,0.0,2.0,0.0,0.0,0.0,0.0,0.0,268.0,0.0,0.0,40.0,0.0,0.0,0.0667,0.0,0.0,0.0,0.0,0.0,2.0,0.0
2022-07-12,162.37918090820312,165.00477610187934,161.2155664085036,163.90083180592828,16639700,0.002394439775506685,0.002391577672432577,166.88247375488282,164.4060516357422,163.41996536254882,182.2748275756836,165.50100718913828,170.18600833658067,-4.685001147442392,-6.03543756615701,1.3504364187146178,55.75712408781513,163.41996536254882,4.831444156164559,173.08285367487795,153.7570770502197,0.11825835712168849,20988760.0,0.7927909986106849,0.024422065491833504,0.030691296437242267,0.03540953416784933,-0.02925255412635186,-0.03669834559176299,0.0013474373693933561,1,0.0,0.0,0.0,0.0,0.0,0.0,0.0,0.0,0.0,0.0,0.0,0.0,0.0,0.0,0.0667,0.0,0.0,0.0,0.0,0.0,1.0,0.0,0.0,0.0,0.0,0.0,2.0,0.0,0.0,0.0,0.0,0.0,268.0,0.0,0.0,40.0,0.0,0.0,0.0667,0.0,0.0,0.0,0.0,0.0,2.0
2022-07-13,162.5979766845703,164.07983728307198,158.73914175720867,159.2861439003452,16555100,0.0013474373693933561,0.0013465303903014009,165.63332824707032,164.6855209350586,163.38167495727538,181.5392630004883,165.05438711151243,169.62393191791324,-4.569544806400813,-5.7422590142057715,1.1727142078049582,57.20210224447487,163.38167495727538,4.834946176567962,173.05156731041131,153.71178260413944,0.11837181073905174,19682600.0,0.841103309522116,0.02342549301504063,0.025485745040548676,0.032328050039801146,-0.03699117812998265,0.01748833270886263,-0.03327414613766244,0,0.0,0.0,0.0,0.0,0.0,0.0,0.0,0.0,0.0,0.0,0.0,0.0,0.0,0.0,0.0,0.0,0.0,0.0,0.0,0.0,0.0,0.0,0.0,0.0,0.0,0.0,0.0,0.0,0.0,0.0,0.0,0.0,0.0,0.0,0.0,0.0,0.0,0.0,0.0,0.0,0.0,0.0,0.0,0.0,0.0
2022-07-14,157.1876678466797,161.70289051613514,156.42186478762832,160.3403702170275,23765200,-0.03327414613766244,-0.033840325416594354,162.8207580566406,164.09973754882813,163.09922561645507,180.48345520019532,163.84412260923048,168.70272717189596,-4.858604562665477,-5.565528123897713,0.7069235612322364,49.37027603510057,163.09922561645507,5.029546963161579,173.15831954277823,153.04013169013191,0.12334937689990229,19618960.0,1.2113384195696408,0.022105655068826852,0.02681521260206549,0.03318544379217953,-0.08211858889997514,-0.0359276018099548,0.042075140676784306,1,0.0833,0.0236,2.0,0.5,0.7071,2.0,0.0,273.5,80.0,0.0833,0.0236,2.0,0.0,0.0,0.0,0.0,0.0,0.0,0.0,0.0,0.0,0.0,0.0,0.0,0.0,0.0,0.0,0.0,0.0,0.0,0.0,0.0,0.0,0.0,0.0,0.0,0.0,0.0,0.0,0.0,0.0,0.0,0.0,0.0,0.0
2022-07-15,163.80136108398438,164.07983213438212,158.94799765167076,159.66405522731205,23342800,0.042075140676784306,0.041214052705113066,161.59149780273438,164.44285430908204,162.8679931640625,179.54201965332032,163.8375439130388,168.33966301723584,-4.50211910419705,-5.352846319957581,0.8507272157605312,44.628089442933444,162.8679931640625,4.8757158850291225,172.61942493412076,153.11656139400426,0.1197464471762146,20437680.0,1.142145292420666,0.03479183078709981,0.02985140051929262,0.03366441921187577,-0.0361658476757748,0.0213952950236731,0.015361318229182963,1,0.0,0.0,0.0,0.0,0.0,0.0,0.0,0.0,0.0,0.0,0.0,0.0,0.0833,0.0,0.0,0.0236,0.0,0.0,0.5,0.0,0.0,0.7071,0.0,0.0,2.0,0.0,0.0,0.0,0.0,0.0,273.5,0.0,0.0,80.0,0.0,0.0,0.0833,0.0,0.0,0.0236,0.0,0.0,2.0,0.0,0.0
2022-07-18,166.31756591796875,170.75323822305413,164.73624481833002,165.84018911300018,23574300,0.015361318229182963,0.01524452769933808,162.45675048828124,165.15892639160157,163.18425827026368,178.42454986572267,164.2190857599511,168.18987804691974,-3.9707922869686456,-5.076435513359794,1.1056432263911482,47.85496397078054,163.18425827026368,4.884501606129275,172.95326148252224,153.41525505800513,0.11972972535229784,20775420.0,1.1347207421077408,0.027227176351305997,0.029871205752924696,0.03175474825841929,0.026706763642419418,0.0449915982000102,0.051127232933337874,1,0.1227,0.0702,3.0,0.3333,0.5774,2.0,0.0,275.6667,120.0,0.1227,0.0702,2.0,0.0,0.0833,0.0,0.0,0.0236,0.0,0.0,0.5,0.0,0.0,0.7071,0.0,0.0,2.0,0.0,0.0,0.0,0.0,0.0,273.5,0.0,0.0,80.0,0.0,0.0,0.0833,0.0,0.0,0.0236,0.0,0.0,2.0,0.0
2022-07-19,174.8209228515625,175.52705568698772,168.58512844487848,169.44043679280568,25933700,0.051127232933337874,0.049863143495782775,164.94509887695312,165.91378631591797,163.7829734802246,177.77809631347657,165.850137620199,168.68106655096733,-2.830928930768323,-4.6273341968415,1.7964052660731769,64.40292168888041,163.7829734802246,5.531905196121302,174.8467838724672,152.719163087982,0.13510330356260705,22634220.0,1.1457739652614494,0.03374396413411632,0.029894723577125432,0.033433606983118994,0.07662153407703776,0.045127604377853237,0.04158604682665645,1,0.1,0.0,1.0,0.0,0.0,0.0,0.0,281.0,40.0,0.1,0.0,0.0,0.1227,0.0,0.0833,0.0702,0.0,0.0236,0.3333,0.0,0.5,0.5774,0.0,0.7071,2.0,0.0,2.0,0.0,0.0,0.0,275.6667,0.0,273.5,120.0,0.0,80.0,0.1227,0.0,0.0833,0.0702,0.0,0.0236,2.0,0.0,2.0
2022-07-20,182.09103393554688,182.59826102275755,175.73589919863173,176.52159735604093,24784300,0.04158604682665645,0.04074459647869418,168.84371032714844,167.23851928710937,165.0778694152832,177.3667529296875,168.34873705332944,169.67439746834359,-1.3256604150141413,-3.966999440476028,2.6413390254618867,66.95591999839158,165.0778694152832,6.591388108216506,178.26064563171622,151.8950931988502,0.15971585122981394,24280060.0,1.0207676587290146,0.03436884044530885,0.032093749068208395,0.03267509268401396,0.11988499271913966,0.07845912746837169,0.00043692061301614515,1,0.0833,0.0236,2.0,0.5,0.7071,2.0,0.0,274.5,82.0,0.0833,0.0236,2.0,0.1,0.1227,0.0,0.0,0.0702,0.0,0.0,0.3333,0.0,0.0,0.5774,0.0,0.0,2.0,0.0,0.0,0.0,0.0,281.0,275.6667,0.0,40.0,120.0,0.0,0.1,0.1227,0.0,0.0,0.0702,0.0,0.0,2.0,0.0
2022-07-21,182.17059326171875,182.8468909638626,177.89405171672502,179.64445858660227,27195800,0.00043692061301614515,0.0004368251909986584,173.84029541015624,168.33052673339844,166.4364158630371,177.10737548828126,170.47517647000475,170.6000416011862,-0.12486513118145126,-3.198572578617113,3.0737074474356616,70.34904605056073,166.4364158630371,7.17876828584111,180.79395243471933,152.07887929135487,0.17252878821299844,24966180.0,1.0893056126327696,0.021299080425335085,0.032094135580732486,0.03251848442836355,0.1589369303411723,0.0637666649974864,-0.07588569707402759,0,0.0667,0.0,1.0,1.0,0.0,2.0,0.0,268.0,40.0,0.0667,0.0,2.0,0.0833,0.1,0.1227,0.0236,0.0,0.0702,0.5,0.0,0.3333,0.7071,0.0,0.5774,2.0,0.0,2.0,0.0,0.0,0.0,274.5,281.0,275.6667,82.0,40.0,120.0,0.0833,0.1,0.1227,0.0236,0.0,0.0702,2.0,0.0,2.0
2022-07-22,168.34645080566406,174.64191553629726,167.4911424415764,172.12572067431967,42583900,-0.07588569707402759,-0.07891951052588121,174.7493133544922,168.17040557861327,166.9595458984375,176.5428726196289,170.14768021395233,170.43310894966604,-0.2854287357137082,-2.6159438100364323,2.330515074322724,56.94320830293578,166.9595458984375,6.898467104960786,180.75648010835909,153.16261168851594,0.1652727807287441,28814400.0,1.4778687045366206,0.050312285800245896,0.04138537639013829,0.037475757369551624,0.027747569932275118,-0.009421792131043327,-0.015478276364929044,0,0.2014,0.0,1.0,0.0,0.0,0.0,0.0,286.0,40.0,0.2014,0.0,0.0,0.0667,0.0833,0.1,0.0,0.0236,0.0,1.0,0.5,0.0,0.0,0.7071,0.0,2.0,2.0,0.0,0.0,0.0,0.0,268.0,274.5,281.0,40.0,82.0,40.0,0.0667,0.0833,0.1,0.0,0.0236,0.0,2.0,2.0,0.0
2022-07-25,165.74073791503906,169.63936342925976,163.9107807474895,168.0779221932663,26166300,-0.015478276364929044,-0.015599315493712141,174.63394775390626,168.54534912109375,166.78500366210938,176.1034829711914,169.46968909104257,170.08552591006404,-0.6158368190214674,-2.2159224118334393,1.600085592811972,48.73771468181667,166.78500366210938,6.882097911703327,180.54919948551603,153.02080783870272,0.16505315851168023,29332800.0,0.8920491736213386,0.050845752221839895,0.038549612194759955,0.03407016247119756,-0.0034682325931476576,0.02314590578114961,-0.0450044812251168,0,0.0,0.0,1.0,0.0,0.0,0.0,0.0,285.0,38.0,0.0,0.0,0.0,0.2014,0.0667,0.0833,0.0,0.0,0.0236,0.0,1.0,0.5,0.0,0.0,0.7071,0.0,2.0,2.0,0.0,0.0,0.0,286.0,268.0,274.5,40.0,40.0,82.0,0.2014,0.0667,0.0833,0.0,0.0,0.0236,0.0,2.0,2.0
2022-07-26,158.2816619873047,165.09429404679975,157.08821229436276,165.03462383848307,28468400,-0.0450044812251168,-0.04604863089473732,171.3260955810547,168.1355972290039,166.27082443237305,175.46518493652343,167.74845415200596,169.21116561948926,-1.4627114674833024,-2.0652802229634117,0.6025687554801094,42.06516206834887,166.27082443237305,7.122063978037208,180.51495238844745,152.02669647629864,0.1713364687364967,29839740.0,0.9540431652554613,0.04464581556078665,0.04143417318151535,0.035496845282050785,-0.09460687310466276,-0.025234262779135874,0.06553575303618087,1,0.1,0.0,1.0,0.0,0.0,0.0,0.0,281.0,40.0,0.1,0.0,0.0,0.0,0.2014,0.0667,0.0,0.0,0.0,0.0,0.0,1.0,0.0,0.0,0.0,0.0,0.0,2.0,0.0,0.0,0.0,285.0,286.0,268.0,38.0,40.0,40.0,0.0,0.2014,0.0667,0.0,0.0,0.0,0.0,0.0,2.0
2022-07-27,168.65476989746094,169.93772495402914,161.13601983906517,161.70290201621123,43846600,0.06553575303618087,0.06347772716596194,168.6388427734375,168.74127655029298,166.7133987426758,174.88755462646483,167.8878873436144,169.16995112156124,-1.2820637779468314,-1.9086369339600957,0.6265731560132644,48.25838140193156,166.7133987426758,6.97246004755211,180.65831883778,152.76847864757158,0.1672921336890068,33652200.0,1.3029341320924042,0.05321567442653662,0.04661849600484024,0.03659134980683223,-0.07378871846508295,0.03725011427811564,-0.05224682367861855,0,0.0,0.0,0.0,0.0,0.0,0.0,0.0,0.0,0.0,0.0,0.0,0.0,0.1,0.0,0.2014,0.0,0.0,0.0,0.0,0.0,0.0,0.0,0.0,0.0,0.0,0.0,0.0,0.0,0.0,0.0,281.0,285.0,286.0,40.0,38.0,40.0,0.1,0.0,0.2014,0.0,0.0,0.0,0.0,0.0,0.0
2022-07-28,159.8430938720703,160.62877686133453,154.0051261429839,160.18123514970122,73214300,-0.05224682367861855,-0.05366117315751151,164.1733428955078,169.00681915283204,166.55327835083008,174.10544555664063,166.6502268095307,168.47907280678413,-1.8288459972534383,-1.8926787466187645,0.06383274936532612,43.840929835784294,166.55327835083008,7.096788127282072,180.74685460539422,152.35970209626595,0.1704388697131088,42855900.0,1.7083832097797502,0.05481462165921338,0.048674077468845195,0.03837407146542916,-0.12256368599278378,0.01689334832539613,-0.010079541008013337,0,0.0,0.0,1.0,0.0,0.0,0.0,0.0,289.0,40.0,0.0,0.0,0.0,0.0,0.1,0.0,0.0,0.0,0.0,0.0,0.0,0.0,0.0,0.0,0.0,0.0,0.0,0.0,0.0,0.0,0.0,0.0,281.0,285.0,0.0,40.0,38.0,0.0,0.1,0.0,0.0,0.0,0.0,0.0,0.0,0.0
2022-07-29,158.23194885253906,159.26626788550806,154.32338322942775,156.82963823792085,42065400,-0.010079541008013337,-0.010130683533828583,162.15044250488282,168.4498779296875,166.44636611938478,173.239794921875,165.35510712383967,167.72002658795117,-2.3649194641114946,-1.9871268901173107,-0.37779257399418387,47.516439764947194,166.44636611938478,7.210040566203,180.8664472517908,152.02628498697877,0.17327000244707189,42752200.0,0.9839353296438546,0.046731133257699634,0.046748364346982575,0.03826007894921835,-0.06008146833342498,-0.03400101314536552,0.005216642145349892,1,0.3174,0.164,2.0,0.5,0.7071,3.0,0.0,288.5,82.0,0.3174,0.164,3.0,0.0,0.0,0.1,0.0,0.0,0.0,0.0,0.0,0.0,0.0,0.0,0.0,0.0,0.0,0.0,0.0,0.0,0.0,289.0,0.0,281.0,40.0,0.0,40.0,0.0,0.0,0.1,0.0,0.0,0.0,0.0,0.0,0.0
2022-08-01,159.05738830566406,164.28869859202598,154.3830353145556,156.39201811114253,40596700,0.005216642145349892,0.005203082604119883,160.81377258300782,167.72386016845704,166.4413932800293,172.59712036132814,164.38622730565882,167.07834967815214,-2.6921223724933157,-2.128125986592512,-0.5639963859008037,47.818122083815325,166.4413932800293,7.215365169703317,180.87212361943594,152.01066294062267,0.17340314275220775,45638280.0,0.8895317702595278,0.04719979536901115,0.04642751777023984,0.03823331694369372,-0.04032412123566731,-0.043652500397255434,0.0016257697991699516,1,0.0,0.0,0.0,0.0,0.0,0.0,0.0,0.0,0.0,0.0,0.0,0.0,0.3174,0.0,0.0,0.164,0.0,0.0,0.5,0.0,0.0,0.7071,0.0,0.0,3.0,0.0,0.0,0.0,0.0,0.0,288.5,289.0,0.0,82.0,40.0,0.0,0.3174,0.0,0.0,0.164,0.0,0.0,3.0,0.0,0.0
2022-08-02,159.31597900390625,161.3547968962479,157.14786555712988,157.446231742076,27374500,0.0016257697991699516,0.0016244496660779986,161.02063598632813,166.1733657836914,166.0435760498047,171.9785140991211,163.60618910538918,166.50335925783764,-2.897170152448467,-2.2819348197637033,-0.6152353326847639,47.84538726010801,166.0435760498047,7.384494097818791,180.81256424544227,151.27458785416712,0.1778929187987089,45419500.0,0.6027036845407809,0.04223716196176756,0.042424817363334866,0.036361131185023654,0.0065346610821190865,-0.08869043587432168,0.053748745801619924,1,0.0667,0.0,1.0,1.0,0.0,2.0,0.0,266.0,40.0,0.0667,0.0,2.0,0.0,0.3174,0.0,0.0,0.164,0.0,0.0,0.5,0.0,0.0,0.7071,0.0,0.0,3.0,0.0,0.0,0.0,0.0,0.0,288.5,289.0,0.0,82.0,40.0,0.0,0.3174,0.0,0.0,0.164,0.0,0.0,3.0,0.0
2022-08-03,167.87901306152344,168.61496583389362,160.6884649262481,161.80234923612875,31721900,0.053748745801619924,0.052354040109371607,160.86548461914063,164.75216369628907,165.9953414916992,171.48641387939452,164.26354663710214,166.60525953959217,-2.3417129024900305,-2.2938904363089687,-0.047822466181061785,56.73981305807758,165.9953414916992,7.36837441301068,180.73209031772058,151.25859266567784,0.17755617348765534,42994560.0,0.7378119464415963,0.03791276071710983,0.04415700417912617,0.038376706889930515,-0.004599673263964932,-0.07804898773354174,0.010485798235776222,1,0.0,0.0,0.0,0.0,0.0,0.0,0.0,0.0,0.0,0.0,0.0,0.0,0.0667,0.0,0.3174,0.0,0.0,0.164,1.0,0.0,0.5,0.0,0.0,0.7071,2.0,0.0,3.0,0.0,0.0,0.0,266.0,0.0,288.5,40.0,0.0,82.0,0.0667,0.0,0.3174,0.0,0.0,0.164,2.0,0.0,3.0
2022-08-04,169.6393585205078,171.2107245114859,165.88992380784927,167.38173964213652,23938200,0.010485798235776222,0.010431203567603077,162.82473754882812,163.49904022216796,165.9147834777832,170.97601470947265,165.09059461916456,166.83000761225261,-1.7394129930880524,-2.1829949476647856,0.4435819545767332,53.920144822372706,165.9147834777832,7.316520844243209,180.54782516626963,151.28174178929677,0.1763922585047506,33139340.0,0.7223499321350395,0.02442435435601946,0.044463717203161356,0.03831437895396997,0.061286755724822894,-0.06878846095213464,-0.02028507346760533,0,0.0,0.0,0.0,0.0,0.0,0.0,0.0,0.0,0.0,0.0,0.0,0.0,0.0,0.0667,0.0,0.0,0.0,0.0,0.0,1.0,0.0,0.0,0.0,0.0,0.0,2.0,0.0,0.0,0.0,0.0,0.0,266.0,0.0,0.0,40.0,0.0,0.0,0.0667,0.0,0.0,0.0,0.0,0.0,2.0,0.0
2022-08-05,166.19821166992188,170.67365867957452,164.8953617463084,166.07887127250194,25832700,-0.02028507346760533,-0.02049364092807323,164.4179901123047,163.28421630859376,165.72731094360353,170.69416076660156,165.26099724235797,166.78320791282073,-1.522210670462755,-2.0508380922243794,0.5286274217616245,49.92083838846309,165.72731094360353,7.255529174770591,180.2383692931447,151.21625259406235,0.17511969833963262,29892800.0,0.86417799603918,0.027038201041848824,0.03775250159216277,0.03855493347316073,0.05034547621483698,-0.012760822253520931,0.018790179844483612,1,0.0,0.0,1.0,0.0,0.0,0.0,0.0,301.0,40.0,0.0,0.0,0.0,0.0,0.0,0.0667,0.0,0.0,0.0,0.0,0.0,1.0,0.0,0.0,0.0,0.0,0.0,2.0,0.0,0.0,0.0,0.0,0.0,266.0,0.0,0.0,40.0,0.0,0.0,0.0667,0.0,0.0,0.0,0.0,0.0,2.0
2022-08-08,169.32110595703125,176.54148950557416,166.2181337172502,167.0833820897577,27299100,0.018790179844483612,0.01861582513332915,166.47073364257812,163.64225311279296,166.09380111694335,170.42404266357423,165.88562935230772,166.97120036054002,-1.0855710082323071,-1.8577846754259648,0.7722136671936577,46.07189501455128,166.09380111694335,7.241992568946302,180.57778625483596,151.60981597905075,0.1744072932341974,27233280.0,1.0024168957980824,0.027099337481071326,0.03781202866706013,0.03716434352706619,0.06452839293226154,0.021602220956850937,-0.010102979031107462,0,0.0,0.0,0.0,0.0,0.0,0.0,0.0,0.0,0.0,0.0,0.0,0.0,0.0,0.0,0.0,0.0,0.0,0.0,0.0,0.0,0.0,0.0,0.0,0.0,0.0,0.0,0.0,0.0,0.0,0.0,301.0,0.0,0.0,40.0,0.0,0.0,0.0,0.0,0.0,0.0,0.0,0.0,0.0,0.0,0.0
2022-08-09,167.61045837402344,168.60500213233394,165.69099620474026,168.02816493144982,18655100,-0.010102979031107462,-0.010154360487216916,168.12962951660157,164.57513275146485,166.35536499023436,169.96456298828124,166.1509876633409,167.01855280598323,-0.8675651426423201,-1.6597407688692358,0.7921756262269157,38.76543215722635,166.35536499023436,7.19508678762934,180.74553856549304,151.9651914149757,0.17300522380030756,25489400.0,0.7318767801517494,0.02877230028389217,0.03436509789728803,0.03727771991041607,0.05206307253030662,0.05893794814630504,0.05820928526774827,1,0.0667,0.0,1.0,1.0,0.0,2.0,0.0,268.0,40.0,0.0667,0.0,2.0,0.0,0.0,0.0,0.0,0.0,0.0,0.0,0.0,0.0,0.0,0.0,0.0,0.0,0.0,0.0,0.0,0.0,0.0,0.0,301.0,0.0,0.0,40.0,0.0,0.0,0.0,0.0,0.0,0.0,0.0,0.0,0.0,0.0
2022-08-10,177.366943359375,179.4952665528651,173.0008965438518,175.02977445946118,30262100,0.05820928526774827,0.05657812603619453,170.02721557617187,165.44635009765625,167.09381332397462,169.63059478759766,167.87651930888464,167.78510025438263,0.09141905450201193,-1.3095088041949863,1.4009278586969982,46.759695941787086,167.09381332397462,7.538836208582849,182.17148574114032,152.01614090680891,0.18046954722293548,25197440.0,1.2009989903736253,0.030466702349232475,0.03301264883380551,0.03931787931455514,0.05651647650784364,0.051656845917912086,-0.00476612020729672,0,0.0,0.0,0.0,0.0,0.0,0.0,0.0,0.0,0.0,0.0,0.0,0.0,0.0667,0.0,0.0,0.0,0.0,0.0,1.0,0.0,0.0,0.0,0.0,0.0,2.0,0.0,0.0,0.0,0.0,0.0,268.0,0.0,301.0,40.0,0.0,40.0,0.0667,0.0,0.0,0.0,0.0,0.0,2.0,0.0,0.0
2022-08-11,176.52159118652344,182.10098272209228,175.40769176912545,178.72947971988444,24079100,-0.00476612020729672,-0.004777514376615054,171.403662109375,167.11419982910155,168.0605094909668,169.3093569946289,169.2065303669829,168.4322477308375,0.7742826361453865,-0.8927505161269117,1.6670331522722983,56.68508196295846,168.0605094909668,7.440671389626224,182.94185227021924,153.17916671171437,0.1770950573019928,25225620.0,0.9545493827307316,0.03133471055944682,0.02656299235589834,0.038358830626842394,0.040569787141606195,0.10434293350078483,0.016958696268727147,1,0.0,0.0,0.0,0.0,0.0,0.0,0.0,0.0,0.0,0.0,0.0,0.0,0.0,0.0667,0.0,0.0,0.0,0.0,0.0,1.0,0.0,0.0,0.0,0.0,0.0,2.0,0.0,0.0,0.0,0.0,0.0,268.0,0.0,0.0,40.0,0.0,0.0,0.0667,0.0,0.0,0.0,0.0,0.0,2.0,0.0
2022-08-12,179.51516723632812,180.46993602185643,177.93384613659634,179.82347340571212,21274000,0.016958696268727147,0.01681650293659391,174.06705322265626,169.24252166748047,168.846199798584,169.14744537353516,170.79247450072833,169.25320473124424,1.5392697694840933,-0.40634645900471056,1.945616228488804,61.19280512920341,168.846199798584,7.7887600444170255,184.42371988741806,153.26867970974993,0.18451727201934576,24313880.0,0.8749734719427751,0.026938630561522132,0.025619197588982127,0.03753575729304736,0.08012694861515368,0.1345064542156622,0.002160699978392966,1,0.0667,0.0,2.0,1.0,0.0,4.0,0.0,268.0,82.0,0.0667,0.0,4.0,0.0,0.0,0.0667,0.0,0.0,0.0,0.0,0.0,1.0,0.0,0.0,0.0,0.0,0.0,2.0,0.0,0.0,0.0,0.0,0.0,268.0,0.0,0.0,40.0,0.0,0.0,0.0667,0.0,0.0,0.0,0.0,0.0,2.0
2022-08-15,179.90304565429688,180.45004783498263,177.22772013238097,177.98358320952337,15878700,0.002160699978392966,0.0021583690232539186,176.18344116210938,171.32708740234375,169.52547378540038,168.7900064086914,172.19410083204656,170.04208183665554,2.1520189953910176,0.1053266318744352,2.0466923635165823,69.85022037293191,169.52547378540038,8.141066998321808,185.807607782044,153.24333978875677,0.19209070628824673,22029800.0,0.7207827579006618,0.027500604986149785,0.025740138754467592,0.03746481067282844,0.06249628265451457,0.1310574602707122,-0.007850043332870205,0,0.0,0.0,0.0,0.0,0.0,0.0,0.0,0.0,0.0,0.0,0.0,0.0,0.0667,0.0,0.0,0.0,0.0,0.0,1.0,0.0,0.0,0.0,0.0,0.0,4.0,0.0,0.0,0.0,0.0,0.0,268.0,0.0,0.0,82.0,0.0,0.0,0.0667,0.0,0.0,0.0,0.0,0.0,4.0,0.0,0.0
2022-08-16,178.4907989501953,180.0025099612496,176.07404932771448,178.46096384656903,21156700,-0.007850043332870205,-0.007881017126601466,178.35950927734376,173.24456939697265,169.70896759033204,168.56504089355468,173.16282361945406,170.66791273395478,2.49491088549928,0.5832434825994043,1.9116674028998757,60.80871439120727,169.70896759033204,8.30638416654179,186.32173592341562,153.09619925724846,0.19577949909147846,22530120.0,0.9390407152735982,0.027052652275455346,0.02635937033926538,0.03589834058240943,0.06491444914429123,0.12035716734866209,-0.02574251940979555,0,0.0,0.0,0.0,0.0,0.0,0.0,0.0,0.0,0.0,0.0,0.0,0.0,0.0,0.0667,0.0,0.0,0.0,0.0,0.0,1.0,0.0,0.0,0.0,0.0,0.0,4.0,0.0,0.0,0.0,0.0,0.0,268.0,0.0,0.0,82.0,0.0,0.0,0.0667,0.0,0.0,0.0,0.0,0.0,4.0,0.0
2022-08-17,173.89599609375,177.1680386425796,173.21969839282943,175.79556329036916,20118100,-0.02574251940979555,-0.026079656486197103,177.66531982421876,173.8462677001953,169.2992156982422,168.17915802001954,173.27561938473036,170.90703001986552,2.368589364864846,0.9403126590524927,1.4282767058123533,67.01996369699296,169.2992156982422,7.8531993110788445,185.00561432039987,153.59281707608451,0.18554602934667647,20501320.0,0.9813075450751464,0.015534255378732983,0.024177258034696024,0.035104584688306954,-0.019569301922243154,0.035841186593237095,-0.001086742114736139,0,0.0667,0.0,1.0,1.0,0.0,2.0,0.0,266.0,40.0,0.0667,0.0,2.0,0.0,0.0,0.0667,0.0,0.0,0.0,0.0,0.0,1.0,0.0,0.0,0.0,0.0,0.0,4.0,0.0,0.0,0.0,0.0,0.0,268.0,0.0,0.0,82.0,0.0,0.0,0.0667,0.0,0.0,0.0,0.0,0.0,4.0
2022-08-18,173.70701599121094,174.80100501702563,170.92229044048858,173.38875470517027,18844500,-0.001086742114736139,-0.0010873330471143055,177.10240478515624,174.25303344726564,168.87603683471679,167.76164855957032,173.34198809341967,171.11443638811332,2.227551705306354,1.1977604683032652,1.0297912370030886,69.41108377948198,168.87603683471679,7.333975675621291,183.54398818595936,154.2080854834742,0.17371264302700887,19454400.0,0.9686497656057241,0.015566995107077397,0.024097757849612076,0.035101325082979494,-0.0159446511692638,0.02397826486835819,-0.03836011800004968,0,0.4333,0.0,1.0,0.3333,0.0,2.0,1.0,293.0,42.0,0.4333,0.0,2.0,0.0667,0.0,0.0,0.0,0.0,0.0,1.0,0.0,0.0,0.0,0.0,0.0,2.0,0.0,0.0,0.0,0.0,0.0,266.0,0.0,0.0,40.0,0.0,0.0,0.0667,0.0,0.0,0.0,0.0,0.0,2.0,0.0,0.0
2022-08-19,167.04359436035156,171.37980622182872,166.13855580043537,169.27136290717905,26240800,-0.03836011800004968,-0.03911524143567013,174.60809020996095,174.3375717163086,168.81089401245117,167.1911779785156,172.37300444217843,170.81289253420505,1.5601119079733792,1.270230756237288,0.2898811517360911,58.73775775003038,168.81089401245117,7.344705566508529,183.50030514546822,154.12148287943413,0.1740339238051021,20447760.0,1.2833092720180597,0.017298049747707597,0.026559541120630727,0.03177779586986387,-0.0694736443052636,0.005086593182534793,-0.029233142684785718,0,0.0,0.0,0.0,0.0,0.0,0.0,0.0,0.0,0.0,0.0,0.0,0.0,0.4333,0.0667,0.0,0.0,0.0,0.0,0.3333,1.0,0.0,0.0,0.0,0.0,2.0,2.0,0.0,1.0,0.0,0.0,293.0,266.0,0.0,42.0,40.0,0.0,0.4333,0.0667,0.0,0.0,0.0,0.0,2.0,2.0,0.0
2022-08-22,162.16038513183594,164.5870746639757,161.3746869564038,164.5870746639757,19499700,-0.029233142684785718,-0.02966894527239462,171.05955810546874,173.62149963378906,168.63187637329102,166.77446441650392,170.80183224058726,170.17196605995548,0.6298661806317796,1.1421578411161863,-0.5122916604844068,52.82609190017692,168.63187637329102,7.46610502598377,183.56408642525855,153.6996663213235,0.17709830873153456,21171960.0,0.9210153429347118,0.015488877025176104,0.02728129680226072,0.03227729826687532,-0.0986234583074006,-0.04229077517963109,-0.011898176242170821,0,0.0,0.0,0.0,0.0,0.0,0.0,0.0,0.0,0.0,0.0,0.0,0.0,0.0,0.4333,0.0667,0.0,0.0,0.0,0.0,0.3333,1.0,0.0,0.0,0.0,0.0,2.0,2.0,0.0,1.0,0.0,0.0,293.0,266.0,0.0,42.0,40.0,0.0,0.4333,0.0667,0.0,0.0,0.0,0.0,2.0,2.0
2022-08-23,160.23097229003906,164.14947778082166,159.8232056388481,161.5934926104906,18111800,-0.011898176242170821,-0.011969526061003252,167.4075927734375,172.88355102539063,168.72934188842774,166.4868423461914,169.17554609434907,169.4355961510728,-0.2600500567237134,0.8617162615482064,-1.1217663182719197,41.24745834692491,168.72934188842774,7.335458303655448,183.40025849573863,154.05842528111685,0.17389881858262718,20562980.0,0.8807964604352093,0.014753660666421099,0.027331914810542767,0.03069015894801657,-0.10230122094557559,-0.04402759920575494,0.013344764737717174,1,0.0,0.0,0.0,0.0,0.0,0.0,0.0,0.0,0.0,0.0,0.0,0.0,0.0,0.0,0.4333,0.0,0.0,0.0,0.0,0.0,0.3333,0.0,0.0,0.0,0.0,0.0,2.0,0.0,0.0,1.0,0.0,0.0,293.0,0.0,0.0,42.0,0.0,0.0,0.4333,0.0,0.0,0.0,0.0,0.0,2.0
2022-08-24,162.3692169189453,164.55722544085438,158.8982687352094,159.72374191837798,20891500,0.013344764737717174,0.013256507677559,165.10223693847655,171.38377838134767,168.41506423950196,166.46695098876953,168.12841852890233,168.91216065239666,-0.7837421234943349,0.5326245845396981,-1.316366708034033,41.751279405552516,168.41506423950196,7.472194920968484,183.3594540814389,153.470674397565,0.17747093954356286,20717660.0,1.0083909090119252,0.020873663050780977,0.018069111844793203,0.026904122408520015,-0.06628547772077753,-0.08455761911644266,0.033811203784897215,1,0.0667,0.0,1.0,1.0,0.0,2.0,0.0,262.0,40.0,0.0667,0.0,2.0,0.0,0.0,0.0,0.0,0.0,0.0,0.0,0.0,0.0,0.0,0.0,0.0,0.0,0.0,0.0,0.0,0.0,0.0,0.0,0.0,0.0,0.0,0.0,0.0,0.0,0.0,0.0,0.0,0.0,0.0,0.0,0.0,0.0
2022-08-25,167.85911560058594,167.9585760592434,163.12509217387682,164.27875154641242,15550500,0.033811203784897215,0.03325217119921305,163.93265686035156,170.5175308227539,168.81586532592775,166.56740020751954,168.08698730916134,168.8341573152255,-0.7471700060641524,0.2766656664189279,-1.0238356724830804,51.80074823141242,168.81586532592775,7.198164292641712,183.21219391121116,154.41953674064433,0.1705565831444675,20058860.0,0.7752434585016297,0.029915738441492295,0.02255184868818913,0.02519785337947932,-0.033665309125573195,-0.04907317868432426,-0.04147401806138906,0,0.0,0.0,0.0,0.0,0.0,0.0,0.0,0.0,0.0,0.0,0.0,0.0,0.0667,0.0,0.0,0.0,0.0,0.0,1.0,0.0,0.0,0.0,0.0,0.0,2.0,0.0,0.0,0.0,0.0,0.0,262.0,0.0,0.0,40.0,0.0,0.0,0.0667,0.0,0.0,0.0,0.0,0.0,2.0,0.0,0.0
2022-08-26,160.89732360839844,169.98745496377722,160.7879231637551,167.56076522844228,24023600,-0.04147401806138906,-0.04235860998994571,162.70340270996093,168.65574645996094,168.9491340637207,166.4168264770508,166.98088520135164,168.24624370731237,-1.2653585059607337,-0.03173916805700451,-1.2336193379037292,41.56878939666387,168.9491340637207,7.014220962033998,182.9775759877887,154.9206921396527,0.16606704736085895,19615420.0,1.2247303397021323,0.030765996268771544,0.023824823938609026,0.026955543440931255,-0.03679441151568019,-0.10371181396288187,-0.016133142309210036,0,0.0,0.0,0.0,0.0,0.0,0.0,0.0,0.0,0.0,0.0,0.0,0.0,0.0,0.0667,0.0,0.0,0.0,0.0,0.0,1.0,0.0,0.0,0.0,0.0,0.0,2.0,0.0,0.0,0.0,0.0,0.0,262.0,0.0,0.0,40.0,0.0,0.0,0.0667,0.0,0.0,0.0,0.0,0.0,2.0,0.0
2022-08-29,158.30154418945312,162.16037921789805,158.14241352991138,159.7834200023075,20052700,-0.016133142309210036,-0.016264698309538937,161.93163452148437,166.49559631347657,168.91134185791014,166.38301208496094,165.6456019687519,167.50959929858206,-1.8639973298301697,-0.3981908004116377,-1.465806529418532,40.845086062964874,168.91134185791014,7.072119422339051,183.05558070258826,154.76710301323203,0.16747530022674717,19726020.0,1.0165608673214364,0.028910726596275752,0.02343244058137967,0.027208729458873024,-0.023796446581238584,-0.12007301703137019,-0.012628042932396388,0,0.0,0.0,0.0,0.0,0.0,0.0,0.0,0.0,0.0,0.0,0.0,0.0,0.0,0.0,0.0667,0.0,0.0,0.0,0.0,0.0,1.0,0.0,0.0,0.0,0.0,0.0,2.0,0.0,0.0,0.0,0.0,0.0,262.0,0.0,0.0,40.0,0.0,0.0,0.0667,0.0,0.0,0.0,0.0,0.0,2.0
2022-08-30,156.30250549316406,160.7779525428565,155.0593257571384,159.47510260758702,19567900,-0.012628042932396388,-0.012708454342937166,161.14594116210938,164.27676696777343,168.76066818237305,166.25212982177734,164.20820251096913,166.67944420188445,-2.4712416909153205,-0.8128009785123743,-1.658440712402946,25.554014143293728,168.76066818237305,7.315233940194248,183.39113606276155,154.13020030198456,0.17338717650226318,20017240.0,0.9775523498744083,0.02895941105628434,0.023376593456225128,0.027353235362993413,-0.024517524550521697,-0.1243105728000159,0.03671422522958845,1,0.0,0.0,0.0,0.0,0.0,0.0,0.0,0.0,0.0,0.0,0.0,0.0,0.0,0.0,0.0,0.0,0.0,0.0,0.0,0.0,0.0,0.0,0.0,0.0,0.0,0.0,0.0,0.0,0.0,0.0,0.0,0.0,0.0,0.0,0.0,0.0,0.0,0.0,0.0,0.0,0.0,0.0,0.0,0.0,0.0
2022-08-31,162.04103088378906,166.9242450912224,161.25534787740136,166.15845721205108,40953000,0.03671422522958845,0.03605631289799771,161.08030395507814,163.09127044677734,168.46876907348633,166.36908813476563,163.87479149140296,166.3358580301737,-2.4610665387707513,-1.14245409056405,-1.3186124482067014,34.90879102145914,168.46876907348633,7.467164656973224,183.40309838743278,153.53443975953988,0.17729493004643576,24029540.0,1.7042773186669409,0.03402555992422524,0.027547410334735917,0.025792451222877433,-0.002021233096911934,-0.06817273241627564,0.014914420339674495,1,0.0,0.0,0.0,0.0,0.0,0.0,0.0,0.0,0.0,0.0,0.0,0.0,0.0,0.0,0.0,0.0,0.0,0.0,0.0,0.0,0.0,0.0,0.0,0.0,0.0,0.0,0.0,0.0,0.0,0.0,0.0,0.0,0.0,0.0,0.0,0.0,0.0,0.0,0.0,0.0,0.0,0.0,0.0,0.0,0.0
2022-09-01,164.45777893066406,166.4468667188068,159.47511948455926,162.68749201325986,30145700,0.014914420339674495,0.014804294002765317,160.40003662109376,162.16634674072264,168.20969009399414,166.5582504272461,163.9644818666739,166.19674105983967,-2.23225919316576,-1.360415111084392,-0.8718440820813678,34.11667184414138,168.20969009399414,7.5141541394354245,183.23799837286498,153.1813818151233,0.17868540475252226,26948580.0,1.1186377909336966,0.030170239447864008,0.028361999847576234,0.02591905249328968,-0.020263044147183606,-0.05324619162771671,-0.030478928882746725,0,0.0,0.0,0.0,0.0,0.0,0.0,0.0,0.0,0.0,0.0,0.0,0.0,0.0,0.0,0.0,0.0,0.0,0.0,0.0,0.0,0.0,0.0,0.0,0.0,0.0,0.0,0.0,0.0,0.0,0.0,0.0,0.0,0.0,0.0,0.0,0.0,0.0,0.0,0.0,0.0,0.0,0.0,0.0,0.0,0.0
2022-09-02,159.44528198242188,167.01374633389952,158.3512776451919,166.53636952107885,22634200,-0.030478928882746725,-0.030953070531223526,160.10962829589843,161.4065155029297,167.87204360961914,166.5894790649414,163.26922034601978,165.69663298003093,-2.427412634011148,-1.5738146156697435,-0.8535980183414045,30.338373783246965,167.87204360961914,7.757089922740511,183.38622345510015,152.35786376413813,0.18483339467241752,26670700.0,0.8486541410611645,0.026960611234148717,0.0274290584058006,0.026409028462156106,-0.009024647479597747,-0.04548700240212966,-0.011102927764506387,0,0.1,0.0,1.0,0.0,0.0,0.0,0.0,281.0,40.0,0.1,0.0,0.0,0.0,0.0,0.0,0.0,0.0,0.0,0.0,0.0,0.0,0.0,0.0,0.0,0.0,0.0,0.0,0.0,0.0,0.0,0.0,0.0,0.0,0.0,0.0,0.0,0.0,0.0,0.0,0.0,0.0,0.0,0.0,0.0,0.0
2022-09-06,157.6749725341797,160.80779471201183,156.82961938183865,159.22647366039627,19339800,-0.011102927764506387,-0.011165025338045904,159.98431396484375,160.95797424316407,167.28973693847655,166.35834686279296,162.4085668365059,165.10243590996785,-2.69386907346194,-1.7978255072281832,-0.8960435662337567,30.13099520820286,167.28973693847655,8.073267430118069,183.43627179871268,151.14320207824042,0.19303676550312557,26528120.0,0.7290301762808672,0.02636640510626186,0.026168572235572885,0.026028975945084003,-0.003958089344495375,-0.027660347464083967,0.011668971654695603,1,0.0667,0.0,1.0,1.0,0.0,2.0,0.0,268.0,40.0,0.0667,0.0,2.0,0.1,0.0,0.0,0.0,0.0,0.0,0.0,0.0,0.0,0.0,0.0,0.0,0.0,0.0,0.0,0.0,0.0,0.0,281.0,0.0,0.0,40.0,0.0,0.0,0.1,0.0,0.0,0.0,0.0,0.0,0.0,0.0,0.0
2022-09-07,159.51487731933594,160.08177456193138,155.9544087423871,156.89922230451234,16831200,0.011668971654695603,0.011601414247374717,160.6267883300781,160.88636474609376,166.88495788574218,166.17733947753905,161.96338383386438,164.68854268103215,-2.725158847167762,-1.9832921752160992,-0.7418666719516629,35.51101415721597,166.88495788574218,8.257194474464368,183.39934683467092,150.37056893681344,0.19791345077649622,25980780.0,0.6478327440515643,0.02580922522594372,0.026288386837929216,0.02618154981833879,0.020552273401096333,-0.004469142017105798,0.010412028275964547,1,0.4333,0.0,1.0,1.0,0.0,2.0,0.0,292.0,42.0,0.4333,0.0,2.0,0.0667,0.1,0.0,0.0,0.0,0.0,1.0,0.0,0.0,0.0,0.0,0.0,2.0,0.0,0.0,0.0,0.0,0.0,268.0,281.0,0.0,40.0,40.0,0.0,0.0667,0.1,0.0,0.0,0.0,0.0,2.0,0.0,0.0
2022-09-08,161.17575073242188,161.34482134155223,156.8793298093499,157.84403841920698,22530800,0.010412028275964547,0.0103581964527686,160.4537322998047,160.76701812744142,166.07539825439454,166.20478881835936,161.84220951056554,164.42833587002397,-2.586126359458433,-2.103859012064566,-0.4822673473938668,37.73840525765878,166.07539825439454,7.963929346580821,182.0032569475562,150.1475395612329,0.19181478847051547,22296340.0,1.0105156272285047,0.019461810022590068,0.0261372048436753,0.022271607246306325,-0.005339883032389081,-0.007350322980982371,0.043749326647236186,1,0.4333,0.0,1.0,1.0,0.0,3.0,0.0,292.0,42.0,0.4333,0.0,3.0,0.4333,0.0667,0.1,0.0,0.0,0.0,1.0,1.0,0.0,0.0,0.0,0.0,2.0,2.0,0.0,0.0,0.0,0.0,292.0,268.0,281.0,42.0,40.0,40.0,0.4333,0.0667,0.1,0.0,0.0,0.0,2.0,2.0,0.0
2022-09-09,168.22708129882812,168.6149527821049,162.13053799376215,162.35927882350626,22086800,0.043749326647236186,0.04281935205432362,161.2075927734375,160.80381469726564,165.66067276000976,166.30842041015626,162.82449747799058,164.70972442030578,-1.8852269423151995,-2.0601325981146927,0.17490565579949324,51.149293969781496,165.66067276000976,7.598912978161946,180.85849871633366,150.46284680368586,0.18348139848907616,20684560.0,1.0677916281516262,0.027808367744134435,0.027724537866801364,0.024749731502477997,0.022919574815328136,0.002192110311826978,-0.0011230003274397271,0,0.1286,0.0876,2.0,0.5,0.7071,2.0,0.0,272.5,80.0,0.1286,0.0876,2.0,0.4333,0.4333,0.0667,0.0,0.0,0.0,1.0,1.0,1.0,0.0,0.0,0.0,3.0,2.0,2.0,0.0,0.0,0.0,292.0,292.0,268.0,42.0,42.0,40.0,0.4333,0.4333,0.0667,0.0,0.0,0.0,3.0,2.0,2.0
2022-09-12,168.0381622314453,170.45489688608853,166.36732040709853,166.4767208549756,23220400,-0.0011230003274397271,-0.0011236313647884468,162.9261688232422,161.5178985595703,165.08682250976562,166.46177978515624,163.62659974775286,164.9562753692791,-1.3296756215262349,-1.914041202797001,0.5843655812707662,56.280579030366745,165.08682250976562,6.898685791481666,178.88419409272896,151.2894509268023,0.16715291230645812,20801800.0,1.1162687844321164,0.02066657108505979,0.023548213218108724,0.024343322773416276,0.05389234565103518,0.044381338750087984,-0.09369102466649637,0,0.1,0.0,1.0,0.0,0.0,0.0,0.0,281.0,40.0,0.1,0.0,0.0,0.1286,0.4333,0.4333,0.0876,0.0,0.0,0.5,1.0,1.0,0.7071,0.0,0.0,2.0,3.0,2.0,0.0,0.0,0.0,272.5,292.0,292.0,80.0,42.0,42.0,0.1286,0.4333,0.4333,0.0876,0.0,0.0,2.0,3.0,2.0
2022-09-13,152.29449462890625,160.74811680005658,151.8369978106444,160.65859632601516,44444100,-0.09369102466649637,-0.09837499870054554,161.8500732421875,160.9171936035156,163.7063949584961,166.3245327758789,161.88319896023802,164.01836568480704,-2.135166724569018,-1.9582663071514048,-0.1769004174176132,43.45256453023999,163.7063949584961,6.530322097315356,176.7670391531268,150.6457507638654,0.15956180817422455,25822660.0,1.7211278776082712,0.051888912814789294,0.03890200690677459,0.03161860611822525,-0.03412385503417226,-0.03794687911166372,-0.010840444005734251,0,0.2167,0.3064,2.0,0.5,0.7071,2.0,0.0,288.0,80.0,0.2167,0.3064,2.0,0.1,0.1286,0.4333,0.0,0.0876,0.0,0.0,0.5,1.0,0.0,0.7071,0.0,0.0,2.0,3.0,0.0,0.0,0.0,281.0,272.5,292.0,40.0,80.0,42.0,0.1,0.1286,0.4333,0.0,0.0876,0.0,0.0,2.0,3.0
2022-09-14,150.6435546875,152.70225251808156,148.23676044725983,152.49340681271397,43064200,-0.010840444005734251,-0.01089962974060266,160.0758087158203,160.3512985229492,162.31403274536132,165.99195739746094,160.15402291827832,163.02763894426576,-2.8736160259874453,-2.141336250918613,-0.7322797750688324,40.248154904050445,162.31403274536132,6.170996554781996,174.6560258549253,149.97203963579733,0.15207549095802625,31069260.0,1.3860709910696296,0.05096295275610145,0.038857729925023954,0.031625878467947205,-0.05561439021186887,-0.03620511896344203,-0.012675719082841153,0,0.1,0.0,1.0,0.0,0.0,0.0,0.0,281.0,40.0,0.1,0.0,0.0,0.2167,0.1,0.1286,0.3064,0.0,0.0876,0.5,0.0,0.5,0.7071,0.0,0.7071,2.0,0.0,2.0,0.0,0.0,0.0,288.0,281.0,272.5,80.0,40.0,80.0,0.2167,0.1,0.1286,0.3064,0.0,0.0876,2.0,0.0,2.0
2022-09-15,148.73403930664062,153.35866224787844,147.8886709440106,148.98267527499826,34606300,-0.012675719082841153,-0.012756741415689866,157.58746643066405,159.02059936523438,161.05593490600586,165.58976409912108,158.39710236264173,161.96885378592316,-3.5717514232814267,-2.427419285391176,-1.1443321378902507,33.08707978501617,161.05593490600586,6.249888059746833,173.55571102549953,148.55615878651219,0.15522279420238305,33484360.0,1.033506389251579,0.04964625090805712,0.03630728587464628,0.03137312028834563,-0.07719344485285828,-0.08212112391886606,-0.021798660037092854,0,0.0667,0.0,1.0,1.0,0.0,2.0,0.0,266.0,40.0,0.0667,0.0,2.0,0.1,0.2167,0.1,0.0,0.3064,0.0,0.0,0.5,0.0,0.0,0.7071,0.0,0.0,2.0,0.0,0.0,0.0,0.0,281.0,288.0,281.0,40.0,80.0,40.0,0.1,0.2167,0.1,0.0,0.3064,0.0,0.0,2.0,0.0
2022-09-16,145.49183654785156,147.76935082908668,143.50274852782164,147.24224371782174,40122800,-0.021798660037092854,-0.022039761052724247,153.04041748046876,157.12400512695314,159.6451759338379,165.07459045410155,156.41167685267402,160.74833399051045,-4.336657137836426,-2.8092668558802263,-1.5273902819561993,35.41706387861433,159.6451759338379,6.425882703873101,172.4969413415841,146.7934105260917,0.16100411844667809,37091560.0,1.08172317368156,0.037434680036195524,0.0355912483202771,0.03149862938496792,-0.1351461641933327,-0.11532408199923827,0.011825857977485477,1,0.0,0.0,1.0,0.0,0.0,0.0,0.0,283.0,38.0,0.0,0.0,0.0,0.0667,0.1,0.2167,0.0,0.0,0.3064,1.0,0.0,0.5,0.0,0.0,0.7071,2.0,0.0,2.0,0.0,0.0,0.0,266.0,281.0,288.0,40.0,40.0,80.0,0.0667,0.1,0.2167,0.0,0.0,0.3064,2.0,0.0,2.0
2022-09-19,147.21240234375,147.76934453755968,144.3083357792163,144.44757132766873,22169500,0.011825857977485477,0.011756478960965069,148.8752655029297,155.90071716308594,158.65361633300782,164.61988525390626,154.9964038513011,159.74567238704668,-4.7492685357455855,-3.1972671918532987,-1.5520013438922868,39.326081656272855,158.65361633300782,6.746230358868329,172.14607705074448,145.16115561527116,0.1700870239152508,36881380.0,0.6011027786921205,0.04011321390150202,0.035610560020884606,0.03097600478960936,-0.12393470394547168,-0.07672149019762464,-0.01303884278469336,0,0.0,0.0,1.0,0.0,0.0,0.0,0.0,301.0,40.0,0.0,0.0,0.0,0.0,0.0667,0.1,0.0,0.0,0.0,0.0,1.0,0.0,0.0,0.0,0.0,0.0,2.0,0.0,0.0,0.0,0.0,283.0,266.0,281.0,38.0,40.0,40.0,0.0,0.0667,0.1,0.0,0.0,0.0,0.0,2.0,0.0
2022-09-20,145.2929229736328,148.0279188542088,144.4276745875859,144.984616775181,23217400,-0.01303884278469336,-0.01312459471484645,147.474951171875,154.66251220703126,157.81024322509765,164.28591766357422,153.50356063935212,158.67509835642343,-5.171537717071317,-3.5921212968969027,-1.579416420174414,39.38640610804883,157.81024322509765,7.315110506397407,172.44046423789246,143.18002221230284,0.18541535344985846,32636040.0,0.7114037119699571,0.012552545715722356,0.035638434754970034,0.030540698587692323,-0.04597389861225165,-0.07852894699482371,-0.027174990078153383,0,0.1,0.0,1.0,0.0,0.0,0.0,0.0,281.0,40.0,0.1,0.0,0.0,0.0,0.0,0.0667,0.0,0.0,0.0,0.0,0.0,1.0,0.0,0.0,0.0,0.0,0.0,2.0,0.0,0.0,0.0,301.0,283.0,266.0,40.0,38.0,40.0,0.0,0.0,0.0667,0.0,0.0,0.0,0.0,0.0,2.0
2022-09-21,141.34458923339844,148.78378932239417,141.22524880888676,145.5912963868724,38338600,-0.027174990078153383,-0.027551058888286063,145.6151580810547,152.8454833984375,156.8659240722656,163.86522583007812,151.6329496538208,157.39135693990306,-5.758407286082274,-4.025378494733977,-1.7330287913482971,29.334674900525144,156.8659240722656,8.15678294303423,173.17948995833407,140.55235818619715,0.20799374985421387,31690920.0,1.2097660781069153,0.014948768739245577,0.03542704384979273,0.030910526226436332,-0.06172826625999128,-0.11390967658497486,0.004925425548670814,1,0.0,0.0,0.0,0.0,0.0,0.0,0.0,0.0,0.0,0.0,0.0,0.0,0.1,0.0,0.0,0.0,0.0,0.0,0.0,0.0,0.0,0.0,0.0,0.0,0.0,0.0,0.0,0.0,0.0,0.0,281.0,301.0,283.0,40.0,40.0,38.0,0.1,0.0,0.0,0.0,0.0,0.0,0.0,0.0,0.0
2022-09-22,142.040771484375,143.7911633394302,140.1013986788416,140.7776964430799,34418500,0.004925425548670814,0.00491333532366966,144.27650451660156,150.9319854736328,155.8495018005371,163.4540817260742,150.1572299354445,156.25427653578984,-6.097046600345351,-4.439712115856252,-1.6573344844890991,26.820249449743216,155.8495018005371,8.684425515115876,173.21835283076885,138.48065077030535,0.22289260895374766,31653360.0,1.0873569188231518,0.01686763472799389,0.03509199579814282,0.030692839131465647,-0.045001587084354755,-0.11872120440632583,-0.016874384452362445,0,0.1341,0.0953,2.0,0.5,0.7071,2.0,0.0,275.5,80.0,0.1341,0.0953,2.0,0.0,0.1,0.0,0.0,0.0,0.0,0.0,0.0,0.0,0.0,0.0,0.0,0.0,0.0,0.0,0.0,0.0,0.0,0.0,281.0,301.0,0.0,40.0,40.0,0.0,0.1,0.0,0.0,0.0,0.0,0.0,0.0,0.0
2022-09-23,139.6439208984375,141.84185454910397,138.13220983189828,140.648404833641,31710700,-0.016874384452362445,-0.01701837905649131,143.10692138671874,148.07366943359375,154.4387420654297,163.10320678710937,148.53979777590496,155.02387982191186,-6.484082046006904,-4.848586101886383,-1.635495944120521,28.353999057899173,154.4387420654297,8.91937822994784,172.27749852532537,136.59998560553402,0.2310140088079465,29970940.0,1.058048229384864,0.016061860460392558,0.029122723354074207,0.02927442824254939,-0.04019411527251371,-0.16990819896362153,-0.028773002273674964,0,0.0667,0.0,1.0,1.0,0.0,2.0,0.0,268.0,42.0,0.0667,0.0,2.0,0.1341,0.0,0.1,0.0953,0.0,0.0,0.5,0.0,0.0,0.7071,0.0,0.0,2.0,0.0,0.0,0.0,0.0,0.0,275.5,0.0,281.0,80.0,0.0,40.0,0.1341,0.0,0.1,0.0953,0.0,0.0,2.0,0.0,0.0
2022-09-26,135.62594604492188,141.4639290253509,135.44693542815818,139.35548564952038,30497000,-0.028773002273674964,-0.029195060745389335,140.7896301269531,144.83244781494142,153.17517318725587,162.53969848632812,146.55305135575372,153.5869958384311,-7.033944482677384,-5.285657778044584,-1.7482867046328003,27.025917537161448,153.17517318725587,9.711162173750449,172.59749753475677,133.75284883975496,0.2535962446571836,31636440.0,0.9639833053276539,0.013557850888417516,0.028646104185703465,0.028658259210130533,-0.07870570763306373,-0.19288604300421275,-0.014445936279516292,0,0.0,0.0,1.0,0.0,0.0,0.0,0.0,301.0,40.0,0.0,0.0,0.0,0.0667,0.1341,0.0,0.0,0.0953,0.0,1.0,0.5,0.0,0.0,0.7071,0.0,2.0,2.0,0.0,0.0,0.0,0.0,268.0,275.5,0.0,42.0,80.0,0.0,0.0667,0.1341,0.0,0.0,0.0953,0.0,2.0,2.0,0.0
2022-09-27,133.6667022705078,138.65931720321777,133.38823117550757,137.16750126191505,30826500,-0.014445936279516292,-0.014551294715498847,138.46438598632812,142.96966857910155,151.94343109130858,161.8866812133789,144.57053611186976,152.11141853710345,-7.54088242523369,-5.736702707482405,-1.8041797177512846,23.134190593399907,151.94343109130858,10.552584444160466,173.0485999796295,130.83826220298766,0.27780297886833977,33158260.0,0.9296778540249097,0.01349060101089449,0.012851817299133253,0.028635861326985073,-0.0800191810115547,-0.12231428590894577,0.05364566429995676,1,0.0,0.0,0.0,0.0,0.0,0.0,0.0,0.0,0.0,0.0,0.0,0.0,0.0,0.0667,0.1341,0.0,0.0,0.0953,0.0,1.0,0.5,0.0,0.0,0.7071,0.0,2.0,2.0,0.0,0.0,0.0,301.0,268.0,275.5,40.0,42.0,80.0,0.0,0.0667,0.1341,0.0,0.0,0.0953,0.0,2.0,2.0
2022-09-28,140.83734130859375,141.25504786331297,133.53739381203422,133.8854750198669,32658500,0.05364566429995676,0.05225621171877585,138.3629364013672,141.98904724121093,151.17017288208007,161.20700958251953,143.9961984498273,151.276301705362,-7.280103255534698,-6.0453828170928645,-1.2347204384418333,31.03320993304054,151.17017288208007,10.780510841400782,172.73119456488163,129.6091511992785,0.2852549715560647,32022240.0,1.0198693158255012,0.032492188529480555,0.024705134535126454,0.0317409619601943,-0.003588732526344396,-0.06509547254941361,-0.03672037752022883,0,0.0,0.0,0.0,0.0,0.0,0.0,0.0,0.0,0.0,0.0,0.0,0.0,0.0,0.0,0.0667,0.0,0.0,0.0,0.0,0.0,1.0,0.0,0.0,0.0,0.0,0.0,2.0,0.0,0.0,0.0,0.0,301.0,268.0,0.0,40.0,42.0,0.0,0.0,0.0667,0.0,0.0,0.0,0.0,0.0,2.0
2022-09-29,135.66574096679688,139.07701935824966,134.4623361357391,138.5996425215861,38985400,-0.03672037752022883,-0.03741154330945867,137.08793029785156,140.68221740722657,149.85140838623047,160.27850372314452,142.71458960628414,150.11996387287567,-7.4053742665915365,-6.3173811069926,-1.0879931595989367,18.53132415770999,149.85140838623047,10.991858052408602,171.83512449104768,127.86769228141327,0.2934068667296856,32935620.0,1.1836850194409578,0.035968260795358954,0.026485571923895706,0.030934251101764253,-0.04488169453711677,-0.08786353413626602,-0.005351597516137119,0,0.0,0.0,0.0,0.0,0.0,0.0,0.0,0.0,0.0,0.0,0.0,0.0,0.0,0.0,0.0,0.0,0.0,0.0,0.0,0.0,0.0,0.0,0.0,0.0,0.0,0.0,0.0,0.0,0.0,0.0,0.0,0.0,301.0,0.0,0.0,40.0,0.0,0.0,0.0,0.0,0.0,0.0,0.0,0.0,0.0
2022-09-30,134.93971252441406,140.2207535161453,134.76070190208554,135.3077040962049,33166400,-0.005351597516137119,-0.005365968609259827,136.14708862304687,139.62700500488282,148.37550506591796,159.33388610839845,141.51845467061182,148.99550081002667,-7.477046139414853,-6.549314113477052,-0.927732025937801,18.340914093090674,148.37550506591796,10.908820010039971,170.1931450859979,126.55786504583801,0.29408681723290037,33226760.0,0.9981833919407128,0.03567621544425315,0.02609950484298158,0.030459327987107043,-0.03368716907802083,-0.0725272583934079,0.021595065884660647,1,0.0,0.0,0.0,0.0,0.0,0.0,0.0,0.0,0.0,0.0,0.0,0.0,0.0,0.0,0.0,0.0,0.0,0.0,0.0,0.0,0.0,0.0,0.0,0.0,0.0,0.0,0.0,0.0,0.0,0.0,0.0,0.0,0.0,0.0,0.0,0.0,0.0,0.0,0.0,0.0,0.0,0.0,0.0,0.0,0.0
2022-10-03,137.85374450683594,138.8582284840784,135.35744452894616,136.39176361215863,27723100,0.021595065884660647,0.021365195932693298,136.5926483154297,138.6911392211914,147.29592819213866,158.72403198242188,140.95465310695397,148.17018552830885,-7.2155324213548795,-6.682557775052618,-0.5329746463022618,31.694426445130034,147.29592819213866,10.823712968271465,168.9433541286816,125.64850225559573,0.29393108420899683,32671980.0,0.8485283108033245,0.03485615503631639,0.027056014675744117,0.030785945775469434,0.016426049195455317,-0.06357248226315215,0.012048083416432487,1,0.0,0.0,0.0,0.0,0.0,0.0,0.0,0.0,0.0,0.0,0.0,0.0,0.0,0.0,0.0,0.0,0.0,0.0,0.0,0.0,0.0,0.0,0.0,0.0,0.0,0.0,0.0,0.0,0.0,0.0,0.0,0.0,0.0,0.0,0.0,0.0,0.0,0.0,0.0,0.0,0.0,0.0,0.0,0.0,0.0
2022-10-04,139.51461791992188,141.61310616860757,138.57974422019424,139.723478817418,34670700,0.012048083416432487,0.011976082993899097,137.7622314453125,138.11330871582032,146.38791046142578,158.19950958251954,140.73310923202595,147.52903237213204,-6.795923140106083,-6.705230848063311,-0.09069229204277196,35.8961427522774,146.38791046142578,10.667799038236279,167.72350853789834,125.05231238495321,0.29149399030590906,33440820.0,1.0367778062858506,0.03338215730746638,0.027512840115129052,0.03104933408369079,0.043749980736259575,-0.03977003790308187,-0.009267184572629095,0,0.0333,0.0471,2.0,0.5,0.7071,2.0,0.0,281.5,80.0,0.0333,0.0471,2.0,0.0,0.0,0.0,0.0,0.0,0.0,0.0,0.0,0.0,0.0,0.0,0.0,0.0,0.0,0.0,0.0,0.0,0.0,0.0,0.0,0.0,0.0,0.0,0.0,0.0,0.0,0.0,0.0,0.0,0.0,0.0,0.0,0.0
2022-10-05,138.22171020507812,139.44501015706985,134.04462876250682,137.48575741421112,27979300,-0.009267184572629095,-0.00931039207602783,137.23910522460938,137.80102081298827,145.3232521057129,157.798310546875,140.34674015095706,146.8396011004984,-6.4928609495413525,-6.66275686835892,0.16989591881756727,36.46606024793181,145.3232521057129,10.346462425018357,166.01617695574961,124.63032725567618,0.2847847753225892,32504980.0,0.860769642067154,0.02242643451105584,0.026375300373200364,0.030787165581914105,-0.01857200000520043,-0.02209408259104695,0.0006476791185470177,1,0.0,0.0,1.0,0.0,0.0,0.0,0.0,301.0,40.0,0.0,0.0,0.0,0.0333,0.0,0.0,0.0471,0.0,0.0,0.5,0.0,0.0,0.7071,0.0,0.0,2.0,0.0,0.0,0.0,0.0,0.0,281.5,0.0,0.0,80.0,0.0,0.0,0.0333,0.0,0.0,0.0471,0.0,0.0,2.0,0.0,0.0
2022-10-06,138.3112335205078,140.67823778690772,135.8547087657765,136.96859312643528,36231100,0.0006476791185470177,0.0006474694649473382,137.76820373535156,137.42806701660157,144.18002624511718,157.19143981933593,140.0335852847341,146.20787016864728,-6.174284883913174,-6.565062471469772,0.39077758755659797,39.93868986685207,144.18002624511718,9.7485863863131,163.67719901774336,124.68285347249098,0.27045594705995535,31954120.0,1.1338475288945526,0.012738181751351378,0.026286447360373038,0.03057859392374633,0.019500078169022883,-0.026256812919925987,-0.04041143532944669,0,0.4333,0.0,1.0,1.0,0.0,2.0,0.0,292.0,42.0,0.4333,0.0,2.0,0.0,0.0333,0.0,0.0,0.0471,0.0,0.0,0.5,0.0,0.0,0.7071,0.0,0.0,2.0,0.0,0.0,0.0,0.0,301.0,281.5,0.0,40.0,80.0,0.0,0.0,0.0333,0.0,0.0,0.0471,0.0,0.0,2.0,0.0
2022-10-07,132.7218780517578,137.5354667997412,131.71739419387347,136.0138158739346,33214800,-0.04041143532944669,-0.04125066485442925,137.32463684082032,136.7358627319336,142.40476608276367,156.6490155029297,138.90870724889157,145.20890778961842,-6.300200540726848,-6.512090085321187,0.21188954459433873,31.682153828467293,142.40476608276367,8.257886579636793,158.92053924203725,125.8889929234901,0.23195534269793808,31963800.0,1.0391380248906577,0.023893151020536185,0.02867660786908392,0.028950540864212098,-0.016435743275019843,-0.04956923869041219,0.002547694250477184,1,0.0,0.0,0.0,0.0,0.0,0.0,0.0,0.0,0.0,0.0,0.0,0.0,0.4333,0.0,0.0333,0.0,0.0,0.0471,1.0,0.0,0.5,0.0,0.0,0.7071,2.0,0.0,2.0,0.0,0.0,0.0,292.0,301.0,281.5,42.0,40.0,80.0,0.4333,0.0,0.0333,0.0,0.0,0.0471,2.0,0.0,2.0
2022-10-10,133.0600128173828,135.36736179554413,131.15049047797407,132.82133200966584,24024000,0.002547694250477184,0.0025444543791146184,136.3658905029297,136.4792694091797,140.65585861206054,156.14557678222656,138.00890810558252,144.3089896435269,-6.300081537944379,-6.469688375845826,0.16960683790144682,33.89206079777796,140.65585861206054,5.914927561663201,152.48571373538695,128.82600348873413,0.16820991660154083,31223980.0,0.7694086404103513,0.020210611518206394,0.02743934432383516,0.02903047971401582,-0.0347740404629735,-0.01891919136688769,-0.039240748600293474,0,0.0,0.0,0.0,0.0,0.0,0.0,0.0,0.0,0.0,0.0,0.0,0.0,0.0,0.4333,0.0,0.0,0.0,0.0,0.0,1.0,0.0,0.0,0.0,0.0,0.0,2.0,0.0,0.0,0.0,0.0,0.0,292.0,301.0,0.0,42.0,40.0,0.0,0.4333,0.0,0.0,0.0,0.0,0.0,2.0,0.0
2022-10-11,127.83863830566406,131.93616859802694,126.29710015003457,130.90183466965098,38481400,-0.039240748600293474,-0.04003142023178241,134.03069458007812,135.8964630126953,139.43306579589844,155.52120178222657,136.44425121328737,143.08896361850003,-6.644712405212658,-6.504693181719193,-0.14001922349346518,32.79265240040405,139.43306579589844,5.910115484487795,151.25329676487402,127.61283482692285,0.16954702819599465,31986120.0,1.2030655796951928,0.021189565426825208,0.02975457879024868,0.022763016232729555,-0.08369000889182487,-0.04360146443239998,-0.008090622226004651,0,0.1,0.0,1.0,0.0,0.0,0.0,0.0,281.0,40.0,0.1,0.0,0.0,0.0,0.0,0.4333,0.0,0.0,0.0,0.0,0.0,1.0,0.0,0.0,0.0,0.0,0.0,2.0,0.0,0.0,0.0,0.0,0.0,292.0,0.0,0.0,42.0,0.0,0.0,0.4333,0.0,0.0,0.0,0.0,0.0,2.0
2022-10-12,126.8043441772461,128.9625025668848,125.56116433237112,127.61987743974096,34605200,-0.008090622226004651,-0.008123528920616225,131.74722137451172,134.49316329956054,138.24110527038573,154.87096908569336,134.96118859235796,141.88269551174048,-6.921506919382523,-6.588055929251859,-0.3334509901306637,30.7537429640833,138.24110527038573,5.9340852458919935,150.10927576216972,126.37293477860175,0.17170248268155894,33311300.0,1.0388426750081805,0.021305135414794455,0.021792777367308808,0.022756241490428767,-0.0826018286916882,-0.09963974753399707,0.021882315326392954,1,0.1,0.0,1.0,0.0,0.0,0.0,0.0,281.0,40.0,0.1,0.0,0.0,0.1,0.0,0.0,0.0,0.0,0.0,0.0,0.0,0.0,0.0,0.0,0.0,0.0,0.0,0.0,0.0,0.0,0.0,281.0,0.0,0.0,40.0,0.0,0.0,0.1,0.0,0.0,0.0,0.0,0.0,0.0,0.0,0.0
2022-10-13,129.57911682128906,130.4244851984627,121.86146169388738,122.85600558442788,34325700,0.021882315326392954,0.021646333807049462,130.00079803466798,133.88450088500977,137.28335914611816,154.10497116088868,134.13317755065503,140.97131931244778,-6.838141761792741,-6.638073095760038,-0.20006866603270357,37.40663905168187,137.28335914611816,5.69226997934291,148.66789910480398,125.89881918743234,0.16585462403449255,32930220.0,1.0423768805674545,0.027027777618643663,0.02175545031227512,0.023701395374894692,-0.06313382128808798,-0.04486485756929204,-0.027093366926920437,0,0.0667,0.0,1.0,1.0,0.0,2.0,0.0,268.0,40.0,0.0667,0.0,2.0,0.1,0.1,0.0,0.0,0.0,0.0,0.0,0.0,0.0,0.0,0.0,0.0,0.0,0.0,0.0,0.0,0.0,0.0,281.0,281.0,0.0,40.0,40.0,0.0,0.1,0.1,0.0,0.0,0.0,0.0,0.0,0.0,0.0
2022-10-14,126.0683822631836,131.0709290948318,125.82968627274845,130.2852461198938,23559400,-0.027093366926920437,-0.027467159187549134,128.67009887695312,132.99736785888672,136.31218643188475,153.23355163574217,132.89243981412096,139.8673980495393,-6.974958235418342,-6.705450123691699,-0.26950811172664313,37.887563376830876,136.31218643188475,5.872190881601893,148.05656819508854,124.56780466868096,0.17231594724764338,30999140.0,0.7600017290802261,0.024107970420092998,0.022920324848867638,0.02390871540706076,-0.05013111542905946,-0.0657429165607969,0.05743131142000113,1,0.0,0.0,0.0,0.0,0.0,0.0,0.0,0.0,0.0,0.0,0.0,0.0,0.0667,0.1,0.1,0.0,0.0,0.0,1.0,0.0,0.0,0.0,0.0,0.0,2.0,0.0,0.0,0.0,0.0,0.0,268.0,281.0,281.0,40.0,40.0,40.0,0.0667,0.1,0.1,0.0,0.0,0.0,2.0,0.0,0.0
2022-10-17,133.30865478515625,134.05456269396552,129.46971480746316,129.5890703922366,29612200,0.05743131142000113,0.055842676088758814,128.7198272705078,132.54285888671876,135.61699905395508,152.57576049804686,132.95647288658793,139.38156521514057,-6.425092328552637,-6.649378564663887,0.22428623611124987,49.5998087131697,135.61699905395508,5.309924545347353,146.2368481446498,124.99714996326038,0.156615308770689,32116780.0,0.9220164661588117,0.03908886049279075,0.029627819955223494,0.027665175217768682,0.0018686453015352988,-0.03297037550876469,-0.009250941679726843,0,0.1,0.0,1.0,0.0,0.0,0.0,0.0,281.0,40.0,0.1,0.0,0.0,0.0,0.0667,0.1,0.0,0.0,0.0,0.0,1.0,0.0,0.0,0.0,0.0,0.0,2.0,0.0,0.0,0.0,0.0,0.0,268.0,281.0,0.0,40.0,40.0,0.0,0.0667,0.1,0.0,0.0,0.0,0.0,2.0,0.0
2022-10-18,132.07542419433594,137.08791844061363,130.68305372137272,136.34201056509087,25445000,-0.009250941679726843,-0.009293997383633401,129.5671844482422,131.79893951416017,134.95612411499025,151.83084686279298,132.82092693393378,138.84036958396985,-6.019442650036069,-6.523391381738324,0.5039487317022546,38.70803572236235,134.95612411499025,4.844393449383806,144.64491101375785,125.26733721622263,0.143584249507821,29509500.0,0.8622646944204408,0.03323768640842261,0.029191830729064748,0.02761720007913187,0.03314166941094654,-0.05332196608857043,0.0032378682474369924,1,0.4333,0.0,1.0,0.3333,0.0,2.0,1.0,293.0,42.0,0.4333,0.0,2.0,0.1,0.0,0.0667,0.0,0.0,0.0,0.0,0.0,1.0,0.0,0.0,0.0,0.0,0.0,2.0,0.0,0.0,0.0,281.0,0.0,268.0,40.0,0.0,40.0,0.1,0.0,0.0667,0.0,0.0,0.0,0.0,0.0,2.0
2022-10-19,132.50306701660156,136.25250141415526,131.4985832357917,132.16492576470924,30691000,0.0032378682474369924,0.003232637639681063,130.7069290161133,131.2270751953125,134.5140480041504,151.12869903564453,132.77202540819036,138.3709397641648,-5.598914355974443,-6.338495976585548,0.739581620611105,45.35627180783874,134.5140480041504,4.629375237827242,143.7727984798049,125.25529752849592,0.13766220871397478,28726660.0,1.0683803825436025,0.03232756055166812,0.029260509809087364,0.027130083987677106,0.044941069458865224,-0.041372973753485365,-0.012759737444351327,0,0.4333,0.0,1.0,1.0,0.0,3.0,0.0,292.0,42.0,0.4333,0.0,3.0,0.4333,0.1,0.0,0.0,0.0,0.0,0.3333,0.0,0.0,0.0,0.0,0.0,2.0,0.0,0.0,1.0,0.0,0.0,293.0,281.0,0.0,42.0,40.0,0.0,0.4333,0.1,0.0,0.0,0.0,0.0,2.0,0.0,0.0
2022-10-20,130.81236267089844,136.02377835804865,130.5935617909642,132.20471811090155,26356300,-0.012759737444351327,-0.012841842064173213,130.95357818603514,130.47718811035156,133.95262756347657,150.197607421875,132.47053883322238,137.8110451646636,-5.340506331441219,-6.138898047556683,0.7983917161154643,44.10679192829411,133.95262756347657,4.340374932228736,142.63337742793405,125.2718776990191,0.1296092510069487,27132780.0,0.9713822173769145,0.03265168530161549,0.029339400333165566,0.027150562068632162,0.009517319455960127,-0.054217366577802184,-0.011556390536292205,0,0.0,0.0,1.0,0.0,0.0,0.0,0.0,283.0,38.0,0.0,0.0,0.0,0.4333,0.4333,0.1,0.0,0.0,0.0,1.0,0.3333,0.0,0.0,0.0,0.0,3.0,2.0,0.0,0.0,1.0,0.0,292.0,293.0,281.0,42.0,42.0,40.0,0.4333,0.4333,0.1,0.0,0.0,0.0,3.0,2.0,0.0
2022-10-21,129.30064392089844,129.41004435433513,124.7555862965603,125.6208346129462,46348600,-0.011556390536292205,-0.011623684570551712,131.60003051757812,130.13506469726562,133.43546371459962,149.2531884765625,131.98286269286484,137.18064507253285,-5.197782379668013,-5.95067491397895,0.752892534310937,37.27805547637161,133.43546371459962,4.241643174330905,141.91875006326143,124.95217736593781,0.12715189968997156,31690620.0,1.4625337087125465,0.0297652290125562,0.026797687772500873,0.027041209467305104,0.025638955618285664,-0.025777469254354535,-0.002230627954457942,0,0.2014,0.0,1.0,0.0,0.0,0.0,0.0,288.0,40.0,0.2014,0.0,0.0,0.0,0.4333,0.4333,0.0,0.0,0.0,0.0,1.0,0.3333,0.0,0.0,0.0,0.0,3.0,2.0,0.0,0.0,1.0,283.0,292.0,293.0,38.0,42.0,42.0,0.0,0.4333,0.4333,0.0,0.0,0.0,0.0,3.0,2.0
2022-10-24,129.01222229003906,132.75170149571628,123.8903202286884,126.55569790256348,63563400,-0.002230627954457942,-0.00223311951083998,130.7407440185547,129.73028564453125,133.10477752685546,148.24312957763672,131.5258410924301,136.57557671827405,-5.049735625843937,-5.770487056351948,0.7207514305080114,33.71372539554764,133.10477752685546,4.318984921640549,141.74274737013656,124.46680768357436,0.12979203307016213,38480860.0,1.651818592411916,0.006807568912799136,0.026744404788030765,0.026378597425462603,-0.03222920898902948,-0.030420788647443686,0.06005243085555256,1,0.4333,0.0,1.0,0.3333,0.0,2.0,1.0,292.0,42.0,0.4333,0.0,2.0,0.2014,0.0,0.4333,0.0,0.0,0.0,0.0,0.0,1.0,0.0,0.0,0.0,0.0,0.0,3.0,0.0,0.0,0.0,288.0,283.0,292.0,40.0,38.0,42.0,0.2014,0.0,0.4333,0.0,0.0,0.0,0.0,0.0,3.0
2022-10-25,136.7597198486328,137.59514821908343,129.87747820261947,130.16590441846992,38433200,0.06005243085555256,0.058318369971994403,131.67760314941407,130.6223937988281,133.25942840576172,147.38026306152344,132.331053208769,136.58921695015246,-4.25816374138347,-5.468022393358253,1.2098586519747832,48.111010212172985,133.25942840576172,4.394874349349725,142.04917710446117,124.46967970706227,0.1319193516564627,41078500.0,0.9356037830008399,0.030199740944625214,0.029939606560831757,0.029615149988928197,0.03546682271036583,0.06978392183463589,-0.05592308554858283,0,0.0,0.0,0.0,0.0,0.0,0.0,0.0,0.0,0.0,0.0,0.0,0.0,0.4333,0.2014,0.0,0.0,0.0,0.0,0.3333,0.0,0.0,0.0,0.0,0.0,2.0,0.0,0.0,1.0,0.0,0.0,292.0,288.0,283.0,42.0,40.0,38.0,0.4333,0.2014,0.0,0.0,0.0,0.0,2.0,0.0,0.0
2022-10-26,129.1116943359375,134.8104265434671,127.82872422697164,130.96153139210486,82791500,-0.05592308554858283,-0.05754763898260954,130.99932861328125,130.85312881469727,132.67314605712892,146.39268096923828,131.8357672283334,136.03532638613655,-4.199559157803151,-5.214329746247233,1.0147705884440823,40.05588094126728,132.67314605712892,4.103194419817286,140.8795348967635,124.46675721749435,0.12370836274736273,51498600.0,1.6076456447359735,0.04163686663291403,0.035879014089741486,0.02960643403546231,-0.025594673066995144,0.018196144411789295,-0.24557080193214798,0,0.1,0.0,1.0,0.0,0.0,0.0,0.0,281.0,40.0,0.1,0.0,0.0,0.0,0.4333,0.2014,0.0,0.0,0.0,0.0,0.3333,0.0,0.0,0.0,0.0,0.0,2.0,0.0,0.0,1.0,0.0,0.0,292.0,288.0,0.0,42.0,40.0,0.0,0.4333,0.2014,0.0,0.0,0.0,0.0,2.0,0.0
2022-10-27,97.40563201904295,101.94074977611926,95.85413837496334,97.44541468558528,232316600,-0.24557080193214798,-0.281793844716402,124.31798248291015,127.63578033447266,130.7601406097412,144.86287368774413,126.53882334998102,133.1738675441296,-6.635044194148577,-5.498472635827502,-1.1365715583210747,25.601190125425106,130.7601406097412,8.830384177695157,148.4209089651315,113.09937225435088,0.27012464613508747,92690660.0,2.50636471894795,0.11634959784183976,0.0853302921658724,0.061469494901375814,-0.2553790021811708,-0.24829220627131332,0.012864890530393414,1,0.0667,0.0,1.0,1.0,0.0,2.0,0.0,262.0,40.0,0.0667,0.0,2.0,0.1,0.0,0.4333,0.0,0.0,0.0,0.0,0.0,0.3333,0.0,0.0,0.0,0.0,0.0,2.0,0.0,0.0,1.0,281.0,0.0,292.0,40.0,0.0,42.0,0.1,0.0,0.4333,0.0,0.0,0.0,0.0,0.0,2.0
2022-10-28,98.65874481201172,100.2997436475868,96.97797090050766,99.03667632324228,95928300,0.012864890530393414,0.012782840784255874,118.18960266113281,124.89481658935547,128.9460922241211,143.36190826416015,122.24958049798573,130.61719178619492,-8.36761128820919,-6.072300366303841,-2.295310921905349,26.530037985685397,128.9460922241211,11.306154285104688,151.55840079433045,106.33378365391171,0.3507249918191695,102606600.0,0.9349135435732204,0.11890625893428249,0.08612032280449078,0.06174443005393733,-0.236981798231665,-0.21741880842058248,-0.06088699296959288,0,0.0,0.0,0.0,0.0,0.0,0.0,0.0,0.0,0.0,0.0,0.0,0.0,0.0667,0.1,0.0,0.0,0.0,0.0,1.0,0.0,0.0,0.0,0.0,0.0,2.0,0.0,0.0,0.0,0.0,0.0,262.0,281.0,0.0,40.0,40.0,0.0,0.0667,0.1,0.0,0.0,0.0,0.0,2.0,0.0,0.0
2022-10-31,92.6517105102539,98.77809679977636,92.0947607837391,97.684100061051,121361400,-0.06088699296959288,-0.06281945873995289,110.91750030517578,120.82912216186523,126.685990524292,141.8740705871582,117.69606203833467,127.804933913903,-10.108871875568326,-6.879614668156739,-3.229257207411587,26.248647512891438,126.685990524292,13.696960958709749,154.07991244171149,99.2920686068725,0.43246963305175745,114166200.0,1.0630239072510077,0.11635463637789455,0.08228603920860486,0.06203409198308831,-0.2818377292815033,-0.30498353119252575,0.021897728475149814,1,0.0,0.0,1.0,0.0,0.0,0.0,0.0,285.0,38.0,0.0,0.0,0.0,0.0,0.0667,0.1,0.0,0.0,0.0,0.0,1.0,0.0,0.0,0.0,0.0,0.0,2.0,0.0,0.0,0.0,0.0,0.0,262.0,281.0,0.0,40.0,40.0,0.0,0.0667,0.1,0.0,0.0,0.0,0.0,2.0,0.0
2022-11-01,94.68057250976562,96.95807886145064,93.0395812097166,93.81532420707086,110189600,0.021897728475149814,0.02166141678900136,102.50167083740234,117.0896369934082,124.44428825378418,140.52447433471679,114.15521749547788,125.35127751359653,-11.196060018118644,-7.7429037381491215,-3.453156279969522,28.60357798934379,124.44428825378418,15.08536511188842,154.61501847756102,94.27355803000734,0.48488734432308334,128517480.0,0.8573899830591138,0.1076079772206293,0.08382651193229174,0.062320111587415336,-0.30768670325912384,-0.2831325503035863,-0.04894958667110616,0,0.2286,0.143,4.0,0.25,0.5,2.0,0.0,285.0,162.0,0.2286,0.143,2.0,0.0,0.0,0.0667,0.0,0.0,0.0,0.0,0.0,1.0,0.0,0.0,0.0,0.0,0.0,2.0,0.0,0.0,0.0,285.0,0.0,262.0,38.0,0.0,40.0,0.0,0.0,0.0667,0.0,0.0,0.0,0.0,0.0,2.0
2022-11-02,90.0459976196289,94.68056783639769,89.98632741901386,93.69597158741377,71821100,-0.04894958667110616,-0.05018820698068568,94.68853149414062,112.84393005371093,122.03550262451172,139.1207748413086,110.44610674534727,122.73607159552485,-12.289964850177583,-8.652315960554814,-3.6376488896227688,24.305081783932778,122.03550262451172,16.54527544169992,155.12605350791156,88.94495174111188,0.5423102322152171,126323400.0,0.5685494532287763,0.1078085222490684,0.08321269926760301,0.06268868336415917,-0.30257287627767493,-0.32042329549740256,-0.01800295174526023,0,0.05,0.0707,2.0,0.0,0.0,0.0,0.0,291.0,80.0,0.05,0.0707,0.0,0.2286,0.0,0.0,0.143,0.0,0.0,0.25,0.0,0.0,0.5,0.0,0.0,2.0,0.0,0.0,0.0,0.0,0.0,285.0,285.0,0.0,162.0,38.0,0.0,0.2286,0.0,0.0,0.143,0.0,0.0,2.0,0.0,0.0
2022-11-03,88.4249038696289,89.96644239820337,87.92763190794012,89.58851843891637,60664000,-0.01800295174526023,-0.018166976482759244,92.89238586425782,108.60518417358398,119.54118614196777,137.64188858032227,107.05822937985214,120.19450361582885,-13.136274235976714,-9.549107615639194,-3.58716662033752,24.917141261160964,119.54118614196777,17.68364883690683,154.90848381578144,84.1738884681541,0.5917173622789934,91992880.0,0.6594423394506184,0.036536789051480736,0.0830782605728932,0.06251842015909018,-0.09219926982926718,-0.32403251447960724,0.021144985918499337,1,0.0667,0.0,1.0,1.0,0.0,2.0,0.0,268.0,40.0,0.0667,0.0,2.0,0.05,0.2286,0.0,0.0707,0.143,0.0,0.0,0.25,0.0,0.0,0.5,0.0,0.0,2.0,0.0,0.0,0.0,0.0,291.0,285.0,285.0,80.0,162.0,38.0,0.05,0.2286,0.0,0.0707,0.143,0.0,0.0,2.0,0.0
2022-11-04,90.29464721679688,90.89137207641866,87.6093739668464,89.85704544544903,55638100,0.021144985918499337,0.020924532938841285,91.21956634521484,104.70458450317383,117.41982460021973,136.09059921264648,104.4792167393821,117.97969943812278,-13.500482698740683,-10.339382632259493,-3.1611000664811897,19.129171499759963,117.41982460021973,18.5431831588894,154.50619091799854,80.33345828244093,0.6316883276575667,83934840.0,0.6628725330268098,0.03845749318128069,0.08472347949717253,0.06297437006157995,-0.08477806616283357,-0.3016690058246272,0.06531554443984411,1,0.0,0.0,1.0,0.0,0.0,0.0,0.0,289.0,40.0,0.0,0.0,0.0,0.0667,0.05,0.2286,0.0,0.0707,0.143,1.0,0.0,0.25,0.0,0.0,0.5,2.0,0.0,2.0,0.0,0.0,0.0,268.0,291.0,285.0,40.0,80.0,162.0,0.0667,0.05,0.2286,0.0,0.0707,0.143,2.0,0.0,2.0
2022-11-07,96.19229125976562,96.35141434480566,92.59203945904672,94.2628735846916,81987300,0.06531554443984411,0.06327104113640979,91.92768249511718,101.42259140014647,115.57643852233886,134.79649856567383,103.20430512713341,116.36581735083706,-13.161512223703653,-10.903808550548327,-2.2577036731553264,25.8629753762293,115.57643852233886,18.738048023975693,153.05253457029025,78.10034247438747,0.6485075423172505,76060020.0,1.0779289829269043,0.043502939146396226,0.08985857808213568,0.06550892443348312,0.03821387354872274,-0.254393967080803,-0.002584842969401424,0,0.0,0.0,0.0,0.0,0.0,0.0,0.0,0.0,0.0,0.0,0.0,0.0,0.0,0.0667,0.05,0.0,0.0,0.0707,0.0,1.0,0.0,0.0,0.0,0.0,0.0,2.0,0.0,0.0,0.0,0.0,289.0,268.0,291.0,40.0,40.0,80.0,0.0,0.0667,0.05,0.0,0.0,0.0707,0.0,2.0,0.0
2022-11-08,95.9436492919922,97.26639447310278,94.27281527052818,95.39664712303136,52088300,-0.002584842969401424,-0.002588189443974396,92.1802978515625,97.34098434448242,113.98168907165527,133.5493406677246,102.0872811524963,114.853064161293,-12.765783008796703,-11.276203442198003,-1.4895795665986995,25.34870465255058,113.98168907165527,18.995005970345126,151.97170101234553,75.99167713096502,0.666598508060494,64439760.0,0.8083254810384148,0.042961616300856126,0.08535649900142862,0.06527163304632234,0.01334040076802756,-0.29845096642356606,0.05182964116172917,1,0.0,0.0,0.0,0.0,0.0,0.0,0.0,0.0,0.0,0.0,0.0,0.0,0.0,0.0,0.0667,0.0,0.0,0.0,0.0,0.0,1.0,0.0,0.0,0.0,0.0,0.0,2.0,0.0,0.0,0.0,0.0,289.0,268.0,0.0,40.0,40.0,0.0,0.0,0.0667,0.0,0.0,0.0,0.0,0.0,2.0
2022-11-09,100.91637420654295,104.32766020399548,100.19035379603652,101.16501019006644,107677300,0.05182964116172917,0.05053116314294208,94.35437316894532,94.52145233154297,112.68729057312012,132.4416180419922,101.90714162234963,113.82071675723745,-11.913575134887822,-11.403677780735968,-0.5098973541518532,30.696114450438884,112.68729057312012,18.957247473366678,150.60178551985348,74.77279562638677,0.6729151930781677,71611000.0,1.5036418985909985,0.035212072721974325,0.08860968820823537,0.0668152197131883,0.12072026380153567,-0.21837928991956956,0.1024931673565399,1,0.2014,0.0,1.0,0.0,0.0,0.0,0.0,280.0,40.0,0.2014,0.0,0.0,0.0,0.0,0.0,0.0,0.0,0.0,0.0,0.0,0.0,0.0,0.0,0.0,0.0,0.0,0.0,0.0,0.0,0.0,0.0,0.0,289.0,0.0,0.0,40.0,0.0,0.0,0.0,0.0,0.0,0.0,0.0,0.0,0.0
2022-11-10,111.25961303710938,112.13480881332468,104.03922322309134,106.53553018244602,80671000,0.1024931673565399,0.09757413091062589,98.9213150024414,95.9068504333496,111.77131538391113,131.4259896850586,103.34598337846651,113.6310053705613,-10.285021992094784,-11.179946623007732,0.8949246309129482,39.543453317043934,111.77131538391113,18.536012831024863,148.84334104596087,74.6992897218614,0.6633549141783841,75612400.0,1.0669017251138702,0.0405073096964641,0.05041765121436922,0.07106945110693037,0.2582384392653374,0.14222977389395663,0.010279900871013048,1,0.1,0.0,1.0,0.0,0.0,0.0,0.0,281.0,40.0,0.1,0.0,0.0,0.2014,0.0,0.0,0.0,0.0,0.0,0.0,0.0,0.0,0.0,0.0,0.0,0.0,0.0,0.0,0.0,0.0,0.0,280.0,0.0,0.0,40.0,0.0,0.0,0.2014,0.0,0.0,0.0,0.0,0.0,0.0,0.0,0.0
2022-11-11,112.40335083007812,114.27309826134385,108.21632182510676,108.63403603943785,59961700,0.010279900871013048,0.010227422035120901,103.34305572509766,97.28131103515625,111.08806381225585,130.3849011230469,104.7394245248683,113.54006799719217,-8.80064347232387,-10.70408599287096,1.90344252054709,40.4680375793375,111.08806381225585,18.23061097659342,147.5492857654427,74.626841859069,0.6564381572948839,76477120.0,0.7840475687368981,0.042525119751958315,0.05043365970452113,0.0709471787415608,0.2448506560992303,0.13931462481360302,0.010617574288675158,1,0.4333,0.0,1.0,0.3333,0.0,2.0,1.0,292.0,42.0,0.4333,0.0,2.0,0.1,0.2014,0.0,0.0,0.0,0.0,0.0,0.0,0.0,0.0,0.0,0.0,0.0,0.0,0.0,0.0,0.0,0.0,281.0,280.0,0.0,40.0,40.0,0.0,0.1,0.2014,0.0,0.0,0.0,0.0,0.0,0.0,0.0
2022-11-14,113.5968017578125,115.63561213348964,110.195463552089,110.3844217272286,53395000,0.010617574288675158,0.010561603679618198,106.82395782470704,99.37582015991211,110.10247116088867,129.46793151855468,106.10209794532126,113.54427049797886,-7.4421725526575955,-10.051703304828287,2.6095307521706914,35.62522762348675,110.10247116088867,17.48361578950243,145.06970273989353,75.13523958188381,0.6351761447371792,70758660.0,0.7546072805788012,0.043173060578535816,0.04313776309704193,0.06960603034504861,0.18093456627461224,0.2260626504595462,0.025039424125684384,1,0.0,0.0,0.0,0.0,0.0,0.0,0.0,0.0,0.0,0.0,0.0,0.0,0.4333,0.1,0.2014,0.0,0.0,0.0,0.3333,0.0,0.0,0.0,0.0,0.0,2.0,0.0,0.0,1.0,0.0,0.0,292.0,281.0,280.0,42.0,40.0,40.0,0.4333,0.1,0.2014,0.0,0.0,0.0,2.0,0.0,0.0
2022-11-15,116.44120025634766,118.0921391651889,113.78576989580782,115.43670880464906,50670500,0.025039424125684384,0.024731074412349445,110.92346801757813,101.55188293457032,109.32075996398926,128.64325607299804,107.69272907009454,113.75885788748765,-6.066128817393107,-9.25458840734125,3.1884595899481436,41.63821834794963,109.32075996398926,16.78502931664532,142.89081859727992,75.75070133069862,0.6141570666788042,70475100.0,0.7189844356375514,0.03878064256187812,0.04315319510660478,0.06992773191856996,0.21364156059953254,0.2298320254066648,-0.032883570179124466,0,0.1,0.0,1.0,0.0,0.0,0.0,0.0,281.0,40.0,0.1,0.0,0.0,0.0,0.4333,0.1,0.0,0.0,0.0,0.0,0.3333,0.0,0.0,0.0,0.0,0.0,2.0,0.0,0.0,1.0,0.0,0.0,292.0,281.0,0.0,42.0,40.0,0.0,0.4333,0.1,0.0,0.0,0.0,0.0,2.0,0.0
2022-11-16,112.61219787597656,115.4466461900179,112.0453082131683,113.87526516406972,33287800,-0.032883570179124466,-0.03343638765275066,113.26263275146485,103.80850296020508,108.326216506958,127.70520248413087,108.44957042484562,113.6739201088572,-5.224349684011585,-8.448540662675317,3.2241909786637315,65.87746481857684,108.326216506958,15.90537619062483,140.13696888820766,76.51546412570835,0.5873140114555074,55597200.0,0.5987315907995366,0.04939980258000879,0.040443907690214075,0.07020544588701465,0.11589619386737038,0.250607476766169,-0.015720202548646478,0,0.0,0.0,0.0,0.0,0.0,0.0,0.0,0.0,0.0,0.0,0.0,0.0,0.1,0.0,0.4333,0.0,0.0,0.0,0.0,0.0,0.3333,0.0,0.0,0.0,0.0,0.0,2.0,0.0,0.0,1.0,281.0,0.0,292.0,40.0,0.0,42.0,0.1,0.0,0.4333,0.0,0.0,0.0,0.0,0.0,2.0
2022-11-17,110.84191131591795,111.7171147780013,109.20092000004686,109.8075923679846,35093800,-0.015720202548646478,-0.01584507534542293,113.17909240722656,106.05020370483399,107.32769393920898,126.69852569580078,108.81762286962598,113.4641416797506,-4.646518810124618,-7.688136292165177,3.041617482040558,62.58476284686527,107.32769393920898,15.021738367831892,137.37117067487276,77.2842172035452,0.5598457515108929,46481760.0,0.7550015317836501,0.023304578516589868,0.04019037293503818,0.07022469719194016,-0.0037542978066272825,0.2535146374525894,0.0053836413156114205,1,0.2014,0.0,1.0,0.0,0.0,0.0,0.0,280.0,40.0,0.2014,0.0,0.0,0.0,0.1,0.0,0.0,0.0,0.0,0.0,0.0,0.0,0.0,0.0,0.0,0.0,0.0,0.0,0.0,0.0,0.0,0.0,281.0,0.0,0.0,40.0,0.0,0.0,0.1,0.0,0.0,0.0,0.0,0.0,0.0,0.0
2022-11-18,111.43864440917967,113.69625567046504,110.01644636211768,113.17909619324595,33357700,0.0053836413156114205,0.005369201322016508,112.98615112304688,108.16460342407227,106.43459396362304,125.56275695800781,109.22085695263425,113.31410484489349,-4.093247892259242,-6.96915861218399,2.8759107199247476,71.84825299401436,106.43459396362304,14.15243456791121,134.73946309944546,78.12972482780063,0.5318734836437932,41160960.0,0.8104208453835868,0.02283474872800215,0.04060225071645743,0.07025171963922386,-0.008582541479184358,0.2341666737078687,-0.01954494736105583,0,0.0,0.0,1.0,0.0,0.0,0.0,0.0,301.0,40.0,0.0,0.0,0.0,0.2014,0.0,0.1,0.0,0.0,0.0,0.0,0.0,0.0,0.0,0.0,0.0,0.0,0.0,0.0,0.0,0.0,0.0,280.0,0.0,281.0,40.0,0.0,40.0,0.2014,0.0,0.1,0.0,0.0,0.0,0.0,0.0,0.0
2022-11-21,109.26058197021484,111.75688902125616,108.59423944835756,110.91152072494832,24351100,-0.01954494736105583,-0.019738475662216735,112.11890716552735,109.47143249511718,105.44701194763184,124.3872053527832,109.2269684938005,113.01384389121358,-3.786875397413084,-6.3327019692298085,2.5458265718167246,66.89717541459302,105.44701194763184,13.147477689621057,131.74196732687395,79.15205656838972,0.49873305831180836,35352180.0,0.6888146643290456,0.022813210393796055,0.03938781813468532,0.07032514281607433,-0.03817202351209181,0.13585590424453575,0.014382023382021547,1,0.3174,0.164,2.0,0.5,0.7071,2.0,0.0,287.0,82.0,0.3174,0.164,2.0,0.0,0.2014,0.0,0.0,0.0,0.0,0.0,0.0,0.0,0.0,0.0,0.0,0.0,0.0,0.0,0.0,0.0,0.0,301.0,280.0,0.0,40.0,40.0,0.0,0.0,0.2014,0.0,0.0,0.0,0.0,0.0,0.0,0.0
2022-11-22,110.83197021484376,111.01098841320024,107.72899063925352,109.2605890945775,29029000,0.014382023382021547,0.014279583114402878,110.99706115722657,110.96026458740235,104.15062446594239,123.55795486450195,109.47389183549946,112.8522236188899,-3.3783317833904363,-5.741827932061935,2.3634961486714987,75.93050956668894,104.15062446594239,11.000399303219496,126.15142307238138,82.1498258595034,0.422480397390864,31023880.0,0.9356985651053318,0.01922304023705028,0.038981728515899976,0.06880422095460767,-0.0481722107738074,0.15517776353847945,0.007178648703569657,1,0.2014,0.0,1.0,0.0,0.0,0.0,0.0,286.0,40.0,0.2014,0.0,0.0,0.3174,0.0,0.2014,0.164,0.0,0.0,0.5,0.0,0.0,0.7071,0.0,0.0,2.0,0.0,0.0,0.0,0.0,0.0,287.0,301.0,280.0,82.0,40.0,40.0,0.3174,0.0,0.2014,0.164,0.0,0.0,2.0,0.0,0.0
2022-11-23,111.62759399414062,112.05524813167705,110.12583831924256,111.110434556727,21343100,0.007178648703569657,0.007153004857270571,110.80014038085938,112.03138656616211,103.27641944885254,122.77763565063476,109.80523062913656,112.76151031335291,-2.956279684216355,-5.1847182824928195,2.2284385982764645,79.55404553651967,103.27641944885254,9.505489515919603,122.28739848069173,84.26544041701334,0.3681572063263551,28634940.0,0.7453516577998767,0.015021997695563864,0.03681532781114635,0.06792938194028582,-0.008743314671118552,0.10613956230408439,-0.007394719194228849,0,0.1341,0.0953,2.0,0.5,0.7071,2.0,0.0,272.0,80.0,0.1341,0.0953,2.0,0.2014,0.3174,0.0,0.0,0.164,0.0,0.0,0.5,0.0,0.0,0.7071,0.0,0.0,2.0,0.0,0.0,0.0,0.0,286.0,287.0,301.0,40.0,82.0,40.0,0.2014,0.3174,0.0,0.0,0.164,0.0,0.0,2.0,0.0
2022-11-25,110.80213928222656,112.11493692364834,110.41426018138652,110.69273884646076,12007600,-0.007394719194228849,-0.00742219566788206,110.7921859741211,111.98563919067382,103.94624481201171,122.01899765014649,109.95860119115041,112.61637171845466,-2.657770527304251,-4.679328731455106,2.021558204150855,76.8349695466257,103.94624481201171,9.541955226730595,123.0301552654729,84.86233435855053,0.36718806894803585,24017700.0,0.4999479550498174,0.013454051644158445,0.01794179863392698,0.03760363361255277,-0.0003588176459538017,-0.0041117683442798425,-0.02360659855520797,0,0.0667,0.0,1.0,1.0,0.0,2.0,0.0,268.0,40.0,0.0667,0.0,2.0,0.1341,0.2014,0.3174,0.0953,0.0,0.164,0.5,0.0,0.5,0.7071,0.0,0.7071,2.0,0.0,2.0,0.0,0.0,0.0,272.0,286.0,287.0,80.0,40.0,82.0,0.1341,0.2014,0.3174,0.0953,0.0,0.164,2.0,0.0,2.0
2022-11-28,108.1864776611328,111.4286927029082,107.78865860772652,110.17556534039694,23309400,-0.02360659855520797,-0.023889698531239397,110.14175262451172,111.5639518737793,104.42263145446778,121.27289047241212,109.68596680191692,112.2882314179123,-2.602264615995381,-4.2639159083631615,1.6616512923677806,67.16967342167203,104.42263145446778,9.501834490832339,123.42630043613245,85.4189624728031,0.36397605992051624,22008040.0,1.0591311175370455,0.01646436308989746,0.018902957396688538,0.03819028538350622,-0.029183473697917517,-0.03751554680358271,0.006251102768660033,1,0.05,0.0707,2.0,0.0,0.0,0.0,0.0,282.0,78.0,0.05,0.0707,0.0,0.0667,0.1341,0.2014,0.0,0.0953,0.0,1.0,0.5,0.0,0.0,0.7071,0.0,2.0,2.0,0.0,0.0,0.0,0.0,268.0,272.0,286.0,40.0,80.0,40.0,0.0667,0.1341,0.2014,0.0,0.0953,0.0,2.0,2.0,0.0
2022-11-29,108.86276245117188,110.33469060045373,107.94778398452566,108.9423277755151,23899200,0.006251102768660033,0.006231645669200805,110.06218872070312,111.09054794311524,105.23318405151367,120.50589767456054,109.55931997872537,112.03449297593153,-2.4751729972061582,-3.9061673261317607,1.4309943289256024,68.27001839372936,105.23318405151367,9.12899541447802,123.49117488046971,86.97519322255764,0.34700063470508313,21917660.0,1.0904083738866284,0.015061296508989644,0.01858438766967319,0.03487296635982128,-0.0036410159260492625,-0.041674054492604085,0.07893300515948698,1,0.0,0.0,0.0,0.0,0.0,0.0,0.0,0.0,0.0,0.0,0.0,0.0,0.05,0.0667,0.1341,0.0707,0.0,0.0953,0.0,1.0,0.5,0.0,0.0,0.7071,0.0,2.0,2.0,0.0,0.0,0.0,282.0,268.0,272.0,78.0,40.0,80.0,0.05,0.0667,0.1341,0.0707,0.0,0.0953,0.0,2.0,2.0
2022-11-30,117.45562744140624,117.51530523222728,108.78320383513544,108.91249939210816,43348600,0.07893300515948698,0.07597259459810551,111.38692016601563,111.19199066162109,106.3719367980957,119.94915176391602,110.7741365114455,112.43605849189261,-1.6619219804471044,-3.4573182569948298,1.7953962765477254,71.21712486985402,106.3719367980957,9.163795880887335,124.69952855987037,88.04434503632103,0.34459449199580194,24781580.0,1.7492266433375112,0.039306286766587005,0.03138014804806055,0.03818733656202419,0.05976305585583974,0.008711926558857996,0.019813845196901214,1,0.0667,0.0,1.0,1.0,0.0,2.0,0.0,266.0,40.0,0.0667,0.0,2.0,0.0,0.05,0.0667,0.0,0.0707,0.0,0.0,0.0,1.0,0.0,0.0,0.0,0.0,0.0,2.0,0.0,0.0,0.0,0.0,282.0,268.0,0.0,78.0,40.0,0.0,0.05,0.0667,0.0,0.0707,0.0,0.0,0.0,2.0
2022-12-01,119.78287506103516,120.5387229953931,117.75400450444506,118.549635107101,36551400,0.019813845196901214,0.019620105931248383,113.01797637939453,111.90905838012695,107.85878067016601,119.51791748046875,112.16009628830545,112.98026712664391,-0.8201708383384556,-2.929888773263555,2.1097179349250994,63.764870262924106,107.85878067016601,8.779853808337837,125.4184882868417,90.29907305349033,0.3256055280352847,27823240.0,1.3137003454665956,0.039303107411325346,0.02936209817954279,0.03545539753434368,0.0730579310642725,0.06367584791263803,0.025323720790225268,1,0.1,0.0,1.0,0.0,0.0,0.0,0.0,281.0,40.0,0.1,0.0,0.0,0.0667,0.0,0.05,0.0,0.0,0.0707,1.0,0.0,0.0,0.0,0.0,0.0,2.0,0.0,0.0,0.0,0.0,0.0,266.0,0.0,282.0,40.0,0.0,78.0,0.0667,0.0,0.05,0.0,0.0,0.0707,2.0,0.0,0.0
2022-12-02,122.81622314453124,123.36322532044332,116.96830778897608,117.18710865934092,39950500,0.025323720790225268,0.02500838788929889,115.42079315185546,113.10648956298829,109.57834663391114,119.13342651367188,113.7995004200325,113.70885646130223,0.09064395873026854,-2.3257822268647903,2.416426185595059,65.84921348262412,109.57834663391114,8.11607307437072,125.81049278265257,93.3462004851697,0.29626557887337357,33411820.0,1.195699605708399,0.0373598210615557,0.028762982570094252,0.03465074045633945,0.10842826627835533,0.10803054265714063,-0.008583674457228851,0,0.0,0.0,0.0,0.0,0.0,0.0,0.0,0.0,0.0,0.0,0.0,0.0,0.1,0.0667,0.0,0.0,0.0,0.0,0.0,1.0,0.0,0.0,0.0,0.0,0.0,2.0,0.0,0.0,0.0,0.0,281.0,266.0,0.0,40.0,40.0,0.0,0.1,0.0667,0.0,0.0,0.0,0.0,0.0,2.0,0.0
2022-12-05,121.7620086669922,123.98978485438488,120.68789944551496,121.085718518777,35474900,-0.008583674457228851,-0.008620726370895572,118.13589935302734,114.13882598876953,111.1517147064209,118.77578826904296,115.02450168879554,114.3053862543163,0.7191154344792352,-1.7168026945959851,2.4359181290752203,62.480990987629006,111.1517147064209,7.1767644678645155,125.50524364214994,96.79818577069187,0.2582691409420042,35844920.0,0.9896771983310327,0.033215306148891274,0.029380808912506072,0.035103343103255184,0.12548269709252735,0.09263720240446638,-0.06787549053578457,0,0.0,0.0,0.0,0.0,0.0,0.0,0.0,0.0,0.0,0.0,0.0,0.0,0.0,0.1,0.0667,0.0,0.0,0.0,0.0,0.0,1.0,0.0,0.0,0.0,0.0,0.0,2.0,0.0,0.0,0.0,0.0,281.0,266.0,0.0,40.0,40.0,0.0,0.1,0.0667,0.0,0.0,0.0,0.0,0.0,2.0
2022-12-06,113.49735260009766,119.8922701806366,113.1194210619246,119.25576269165522,43689200,-0.06787549053578457,-0.07028887937368428,119.0628173828125,114.56250305175782,112.0169677734375,118.33321640014648,114.7895556751497,114.24553190955936,0.5440237655903388,-1.2646374025587201,1.808661168149059,46.13980636605412,112.0169677734375,6.263332836476167,124.54363344638983,99.49030210048517,0.22365657492690624,39802920.0,1.097638062735096,0.05359965271140311,0.03750131158548498,0.037717188948277004,0.04257277736273246,0.038776753276289266,-0.0016649945467042127,0,0.0,0.0,0.0,0.0,0.0,0.0,0.0,0.0,0.0,0.0,0.0,0.0,0.0,0.0,0.1,0.0,0.0,0.0,0.0,0.0,0.0,0.0,0.0,0.0,0.0,0.0,0.0,0.0,0.0,0.0,0.0,0.0,281.0,0.0,0.0,40.0,0.0,0.0,0.1,0.0,0.0,0.0,0.0,0.0,0.0
2022-12-07,113.30838012695312,115.24773758210962,112.26410605862742,113.13930949501996,29461100,-0.0016649945467042127,-0.0016663821906180928,118.23336791992188,114.81014404296874,112.88520431518555,117.9260499572754,114.5616825138887,114.17611325899594,0.38556925489275784,-0.9345960710684246,1.3201653259611823,51.00922894245194,112.88520431518555,4.99260986069696,122.87042403657946,102.89998459379163,0.17690927313227506,37025420.0,0.7956992790358624,0.03708028490589335,0.03737182830057773,0.037702919889140506,-0.035309055894507946,0.022343822881691455,0.012288274710070768,1,0.0,0.0,0.0,0.0,0.0,0.0,0.0,0.0,0.0,0.0,0.0,0.0,0.0,0.0,0.0,0.0,0.0,0.0,0.0,0.0,0.0,0.0,0.0,0.0,0.0,0.0,0.0,0.0,0.0,0.0,0.0,0.0,0.0,0.0,0.0,0.0,0.0,0.0,0.0,0.0,0.0,0.0,0.0,0.0,0.0
2022-12-08,114.70074462890624,116.69977231445004,113.96477671294508,115.75495868721892,30619400,0.012288274710070768,0.012213386734259453,117.2169418334961,115.11745910644531,113.57442283630371,117.40331802368163,114.58307668542986,114.21497484195227,0.36810184347758934,-0.6740564881592218,1.042158331636811,55.65597754360477,113.57442283630371,4.130373758196657,121.83517035269702,105.3136753199104,0.14546844809063447,35839020.0,0.854359298887079,0.03587331644998012,0.03747257197763842,0.03635204059797059,-0.04242785481262934,0.02753038495953719,0.004942312307470553,1,0.0,0.0,0.0,0.0,0.0,0.0,0.0,0.0,0.0,0.0,0.0,0.0,0.0,0.0,0.0,0.0,0.0,0.0,0.0,0.0,0.0,0.0,0.0,0.0,0.0,0.0,0.0,0.0,0.0,0.0,0.0,0.0,0.0,0.0,0.0,0.0,0.0,0.0,0.0,0.0,0.0,0.0,0.0,0.0,0.0
2022-12-09,115.26763153076172,116.8986828065847,113.24870876786908,114.67090674971358,26033400,0.004942312307470553,0.004930139174472449,115.70722351074218,115.56400833129882,113.77482376098632,116.99535583496093,114.68839281548091,114.29294941149371,0.39544340398720124,-0.4601565097299372,0.8555999137171384,55.61714589762883,113.77482376098632,4.109329314786188,121.9934823905587,105.55616513141395,0.1444723596643456,33055600.0,0.7875639831072496,0.032083315761052646,0.03728217835253319,0.028584458649456686,-0.0614624959186888,0.04030149848606257,-0.010267362590470563,0,0.0,0.0,0.0,0.0,0.0,0.0,0.0,0.0,0.0,0.0,0.0,0.0,0.0,0.0,0.0,0.0,0.0,0.0,0.0,0.0,0.0,0.0,0.0,0.0,0.0,0.0,0.0,0.0,0.0,0.0,0.0,0.0,0.0,0.0,0.0,0.0,0.0,0.0,0.0,0.0,0.0,0.0,0.0,0.0,0.0
2022-12-12,114.08413696289062,115.08862848901884,112.52270324616534,114.55157383904242,24747100,-0.010267362590470563,-0.010320435549838048,114.17164916992188,116.15377426147461,113.85886306762696,116.57824432373047,114.59543037662087,114.2774818227083,0.31794855391257215,-0.30453549700143534,0.6224840509140075,57.28887742159216,113.85886306762696,4.0969735009696775,122.0528100695663,105.6649160656876,0.1439316497842161,30910040.0,0.8006168869402951,0.032044962915197886,0.03638949230856089,0.028646362515665845,-0.06305638177421857,0.05451383046438374,0.04742391546552205,1,0.0969,0.0953,3.0,0.0,0.0,0.0,0.0,283.6667,120.0,0.0969,0.0953,0.0,0.0,0.0,0.0,0.0,0.0,0.0,0.0,0.0,0.0,0.0,0.0,0.0,0.0,0.0,0.0,0.0,0.0,0.0,0.0,0.0,0.0,0.0,0.0,0.0,0.0,0.0,0.0,0.0,0.0,0.0,0.0,0.0,0.0
2022-12-13,119.49445343017578,122.62726829375318,117.99268998734809,121.46364614138356,44701100,0.04742391546552205,0.04633373577569366,115.3710693359375,117.216943359375,114.15374565124512,116.21105850219726,115.34912623101394,114.66392416400218,0.6852020670117582,-0.10658798419879657,0.7917900512105548,61.72907558386139,114.15374565124512,4.285045804135417,122.72383725951595,105.58365404297429,0.1501499851691875,31112420.0,1.4367606248565685,0.0222301705110749,0.03868824824793864,0.030415543648512462,0.05283912525438916,0.09766141093261838,0.011984834741239903,1,0.0,0.0,0.0,0.0,0.0,0.0,0.0,0.0,0.0,0.0,0.0,0.0,0.0969,0.0,0.0,0.0953,0.0,0.0,0.0,0.0,0.0,0.0,0.0,0.0,0.0,0.0,0.0,0.0,0.0,0.0,283.6667,0.0,0.0,120.0,0.0,0.0,0.0969,0.0,0.0,0.0953,0.0,0.0,0.0,0.0,0.0
2022-12-14,120.92657470703124,123.46266438405227,118.73858142362371,118.73858142362371,36922000,0.011984834741239903,0.011913585319433663,116.89470825195312,117.5640380859375,114.3780143737793,115.83929763793945,116.2071952273243,115.12782420422657,1.0793710230977354,0.1306038172605099,0.9487672058372254,62.377553378907265,114.3780143737793,4.521897418338702,123.4218092104567,105.33421953710189,0.15813869275825898,32604600.0,1.1324168982290843,0.02116874523534583,0.03033052316904258,0.030054959501908986,0.0672341672481993,0.029551136384303955,-0.044740382513964505,0,0.0667,0.0,1.0,1.0,0.0,2.0,0.0,266.0,40.0,0.0667,0.0,2.0,0.0,0.0969,0.0,0.0,0.0953,0.0,0.0,0.0,0.0,0.0,0.0,0.0,0.0,0.0,0.0,0.0,0.0,0.0,0.0,283.6667,0.0,0.0,120.0,0.0,0.0,0.0969,0.0,0.0,0.0953,0.0,0.0,0.0,0.0
2022-12-15,115.51627349853516,117.98273807859609,113.38795019647952,117.68437946643276,34531000,-0.044740382513964505,-0.0457721246754143,117.05781402587891,117.1373779296875,114.52321815490723,115.3851889038086,116.10089957674136,115.1565982260272,0.9443013507141558,0.29334332395123913,0.6509580267629167,55.59226061128581,114.52321815490723,4.508818331294256,123.54085481749574,105.50558149231871,0.1574813702910621,33386920.0,1.0342673118694388,0.033566171656953914,0.033171084721404606,0.030891173418245942,0.007110057325847574,-0.035619461966712396,0.028239247090786845,1,0.0,0.0,0.0,0.0,0.0,0.0,0.0,0.0,0.0,0.0,0.0,0.0,0.0667,0.0,0.0969,0.0,0.0,0.0953,1.0,0.0,0.0,0.0,0.0,0.0,2.0,0.0,0.0,0.0,0.0,0.0,266.0,0.0,283.6667,40.0,0.0,120.0,0.0667,0.0,0.0969,0.0,0.0,0.0953,2.0,0.0,0.0
2022-12-16,118.7783660888672,122.63719329319322,118.1716937651158,119.57400416230846,67064000,0.028239247090786845,0.02784787058846182,117.7599609375,116.7335922241211,114.92004089355468,114.99453155517578,116.51281750168378,115.42487732697832,1.0879401747054658,0.4522626941020846,0.6356774806033811,62.37509912202139,114.92004089355468,4.517010599282792,123.95406209212027,105.8860196949891,0.1572227285740943,41593040.0,1.612385149053784,0.03565165650963625,0.03346038567388322,0.031147396015609802,0.03045724555525875,-0.03287722869406473,-0.04144678382361133,0,0.1667,0.2333,3.0,0.4444,0.5092,4.0,1.0,280.3333,120.0,0.1667,0.2333,4.0,0.0,0.0667,0.0,0.0,0.0,0.0,0.0,1.0,0.0,0.0,0.0,0.0,0.0,2.0,0.0,0.0,0.0,0.0,0.0,266.0,0.0,0.0,40.0,0.0,0.0,0.0667,0.0,0.0,0.0,0.0,0.0,2.0,0.0
2022-12-19,113.85538482666016,117.15727014981177,113.70620172958878,116.19256138822004,29769900,-0.04144678382361133,-0.042330197770141395,117.7142105102539,115.94292984008788,115.0408779144287,114.61720169067382,116.10398170552631,115.30861862325105,0.7953630822752586,0.5208827717367195,0.27448031053853916,55.30657388064071,115.0408779144287,4.450816895296692,123.94251170502208,106.13924412383533,0.15475601285335663,42597600.0,0.6988633162431687,0.041560889095123496,0.035632127076914426,0.03275081730437418,-0.0020051178219885335,-0.06493506412132155,0.022798715534742886,1,0.0,0.0,0.0,0.0,0.0,0.0,0.0,0.0,0.0,0.0,0.0,0.0,0.1667,0.0,0.0667,0.2333,0.0,0.0,0.4444,0.0,1.0,0.5092,0.0,0.0,4.0,0.0,2.0,1.0,0.0,0.0,280.3333,0.0,266.0,120.0,0.0,40.0,0.1667,0.0,0.0667,0.2333,0.0,0.0,4.0,0.0,2.0
2022-12-20,116.45114135742188,116.68983735609928,111.84640584196114,112.64204399535026,28742500,0.022798715534742886,0.022542708601824838,117.10554809570313,116.23830871582031,115.40040588378906,114.2850242614746,116.15739088274101,115.39324993689333,0.7641409458476858,0.5695344065589127,0.19460653928877303,48.77635265728322,115.40040588378906,4.244981335490625,123.8903685547703,106.91044321280782,0.14713921681576814,39405880.0,0.7293962220866531,0.03561282384520132,0.029108401074903614,0.03268177788427561,-0.025468228736928,0.02602517758922307,0.022802919700377622,1,0.0,0.0,0.0,0.0,0.0,0.0,0.0,0.0,0.0,0.0,0.0,0.0,0.0,0.1667,0.0,0.0,0.2333,0.0,0.0,0.4444,0.0,0.0,0.5092,0.0,0.0,4.0,0.0,0.0,1.0,0.0,0.0,280.3333,0.0,0.0,120.0,0.0,0.0,0.1667,0.0,0.0,0.2333,0.0,0.0,4.0,0.0
2022-12-21,119.1065673828125,119.68339701899684,114.98915666577656,116.0632582010016,20392800,0.022802919700377622,0.02254681904597225,116.74154663085938,116.81812744140625,115.8141357421875,114.11038284301758,116.61111034429048,115.6683104884429,0.9427998558475821,0.6441874964166466,0.29861235943093545,49.1826689112499,115.8141357421875,4.179014268785579,124.17216427975866,107.45610720461634,0.14433520543946152,36100040.0,0.5648968810006859,0.037169413582232406,0.029699197048558817,0.03288029404715786,-0.015050515807861653,0.051171742543340226,-0.022043955188009723,0,0.05,0.0707,2.0,0.0,0.0,0.0,0.0,291.0,80.0,0.05,0.0707,0.0,0.0,0.0,0.1667,0.0,0.0,0.2333,0.0,0.0,0.4444,0.0,0.0,0.5092,0.0,0.0,4.0,0.0,0.0,1.0,0.0,0.0,280.3333,0.0,0.0,120.0,0.0,0.0,0.1667,0.0,0.0,0.2333,0.0,0.0,4.0
2022-12-22,116.48098754882812,117.97280344044226,113.75593172362,116.56054529634388,23618100,-0.022043955188009723,-0.022290553912349693,116.93448944091797,116.99615173339843,116.05680541992187,113.90391571044921,116.5910914526809,115.72850878921217,0.8625826634687286,0.6878665298270631,0.1747161336416655,42.26753301029208,116.05680541992187,4.062400333932756,124.18160608778739,107.93200475205636,0.14001420491401603,33917460.0,0.6963404688912437,0.03169998584178468,0.030779519341662554,0.03338267889379061,0.008351325930759046,0.015520761662721094,0.0078551705870471,1,0.0,0.0,0.0,0.0,0.0,0.0,0.0,0.0,0.0,0.0,0.0,0.0,0.05,0.0,0.0,0.0707,0.0,0.0,0.0,0.0,0.0,0.0,0.0,0.0,0.0,0.0,0.0,0.0,0.0,0.0,291.0,0.0,0.0,80.0,0.0,0.0,0.05,0.0,0.0,0.0707,0.0,0.0,0.0,0.0,0.0
2022-12-23,117.39596557617188,117.53520111836418,114.9096057687837,115.39693016645676,17796600,0.0078551705870471,0.007824479353053157,116.6580093383789,117.20898513793945,116.38649673461914,113.66025268554688,116.71491824091028,115.85202410676473,0.8628941341455487,0.7228720506907603,0.1400220834547884,44.65285501994341,116.38649673461914,3.8768322624705087,124.14016125956016,108.63283220967813,0.13323993319638583,24063980.0,0.7395534736980334,0.028657870509031468,0.030824530681802815,0.03331505102265045,-0.011638487362766403,0.01846428192499272,-0.009827244815277858,0,0.0,0.0,0.0,0.0,0.0,0.0,0.0,0.0,0.0,0.0,0.0,0.0,0.0,0.05,0.0,0.0,0.0707,0.0,0.0,0.0,0.0,0.0,0.0,0.0,0.0,0.0,0.0,0.0,0.0,0.0,0.0,291.0,0.0,0.0,80.0,0.0,0.0,0.05,0.0,0.0,0.0707,0.0,0.0,0.0,0.0
2022-12-27,116.2422866821289,117.9529033803573,115.4168210233242,117.2865607976981,21392300,-0.009827244815277858,-0.009875850890300015,117.13538970947266,117.42480010986328,116.78928718566894,113.46373077392577,116.64220569340546,115.8809324456806,0.7612732477248585,0.73055229009758,0.030720957627278445,54.07079654028005,116.78928718566894,3.36469612470016,123.51867943506926,110.05989493626862,0.11523988906109317,22388460.0,0.9555056488923311,0.019942299937095814,0.03080496347622715,0.03286614036532498,0.02096432996210673,0.018917176188485207,-0.010780245796351284,0,0.1,0.0,1.0,0.0,0.0,0.0,0.0,281.0,40.0,0.1,0.0,0.0,0.0,0.0,0.05,0.0,0.0,0.0707,0.0,0.0,0.0,0.0,0.0,0.0,0.0,0.0,0.0,0.0,0.0,0.0,0.0,0.0,291.0,0.0,0.0,80.0,0.0,0.0,0.05,0.0,0.0,0.0707,0.0,0.0,0.0
2022-12-28,114.98916625976562,117.50536106480486,114.8797658258276,115.61572617323714,19612500,-0.010780245796351284,-0.010838773655936548,116.8429946899414,116.97427139282226,117.09560737609863,113.09734100341797,116.38789193438394,115.81487569116838,0.5730162432155623,0.6990450807211765,-0.12602883750561422,52.41637392109711,117.09560737609863,2.843611676981608,122.78283073006185,111.40838402213541,0.09713811613268229,20562460.0,0.9538012475161046,0.01768921378231048,0.026535521643495433,0.03302799804778653,-0.012554407630656295,-0.037702897842390115,0.04013147680511886,1,0.0,0.0,0.0,0.0,0.0,0.0,0.0,0.0,0.0,0.0,0.0,0.0,0.1,0.0,0.0,0.0,0.0,0.0,0.0,0.0,0.0,0.0,0.0,0.0,0.0,0.0,0.0,0.0,0.0,0.0,281.0,0.0,0.0,40.0,0.0,0.0,0.1,0.0,0.0,0.0,0.0,0.0,0.0,0.0,0.0
2022-12-29,119.60385131835938,120.36964678133155,115.1383437523885,115.76491126440624,22366200,0.04013147680511886,0.039347125167867876,116.94245147705078,116.84199905395508,117.2030185699463,112.84790954589843,116.88265491653401,116.09554055244179,0.7871143640922185,0.716658937395385,0.07045542669683347,56.451215256934375,117.2030185699463,2.897978877870112,122.99897632568651,111.40706081420608,0.0989045815792059,20957140.0,1.0672353193231519,0.0243170241843289,0.02967002860769001,0.029275330743574204,0.004175117682206242,-0.010938235800331042,0.0006651265481878443,1,0.0,0.0,0.0,0.0,0.0,0.0,0.0,0.0,0.0,0.0,0.0,0.0,0.0,0.1,0.0,0.0,0.0,0.0,0.0,0.0,0.0,0.0,0.0,0.0,0.0,0.0,0.0,0.0,0.0,0.0,0.0,281.0,0.0,0.0,40.0,0.0,0.0,0.1,0.0,0.0,0.0,0.0,0.0,0.0,0.0
2022-12-30,119.68340301513672,119.76296834403357,117.09759052812905,117.51530471095369,19583800,0.0006651265481878443,0.0006649054495589053,117.5829345703125,117.25871200561524,117.19804496765137,112.59151626586915,117.31353923939596,116.36130814227104,0.9522310971249226,0.7637733693412926,0.18845772778363,55.885484902927494,117.19804496765137,2.8933999550881535,122.98484487782768,111.41124505747506,0.09875249901606409,20150280.0,0.9718872392840199,0.020785653727037872,0.025339995334568946,0.028949937256340777,0.027493031555610337,0.03607396075371505,0.03656306314030533,1,0.1,0.0,1.0,0.0,0.0,0.0,0.0,281.0,40.0,0.1,0.0,0.0,0.0,0.0,0.1,0.0,0.0,0.0,0.0,0.0,0.0,0.0,0.0,0.0,0.0,0.0,0.0,0.0,0.0,0.0,0.0,0.0,281.0,0.0,0.0,40.0,0.0,0.0,0.1,0.0,0.0,0.0,0.0,0.0,0.0
2023-01-03,124.05939483642578,125.6805061303588,121.61281793291214,122.14987250994204,35528500,0.03656306314030533,0.03591049343583612,118.91562042236328,117.7868148803711,117.2602035522461,112.45645690917969,118.35136317740054,116.93153678628249,1.4198263911180504,0.8949839736966442,0.5248424174214062,62.252635323483695,117.2602035522461,3.030549931888892,123.32130341602388,111.19910368846831,0.10337863452671253,23696660.0,1.499304121340307,0.025082174729816043,0.026347242237403926,0.029562607969980205,0.05676029178302877,0.044461200481638485,0.021083946318958935,1,0.1625,0.2298,2.0,0.5,0.7071,3.0,0.0,262.0,72.0,0.1625,0.2298,3.0,0.1,0.0,0.0,0.0,0.0,0.0,0.0,0.0,0.0,0.0,0.0,0.0,0.0,0.0,0.0,0.0,0.0,0.0,281.0,0.0,0.0,40.0,0.0,0.0,0.1,0.0,0.0,0.0,0.0,0.0,0.0,0.0,0.0
2023-01-04,126.67505645751952,128.3458904758732,125.1633455139879,126.68499643310568,32397100,0.021083946318958935,0.020864755507824573,121.0021743774414,119.06878204345703,117.50585594177247,112.40394515991211,119.63193137434193,117.65327898415191,1.978652390190021,1.1117176569953198,0.8669347331947013,59.47011103616039,117.50585594177247,3.566412976875878,124.63868189552423,110.3730299880207,0.12140375297187372,25897620.0,1.2509682356911562,0.02220140039824765,0.021079260682225397,0.029803807525550337,0.08975021115955517,0.11259609416257965,-0.00337596416863295,0,0.1,0.0,1.0,0.0,0.0,0.0,0.0,281.0,40.0,0.1,0.0,0.0,0.1625,0.1,0.0,0.2298,0.0,0.0,0.5,0.0,0.0,0.7071,0.0,0.0,3.0,0.0,0.0,0.0,0.0,0.0,262.0,281.0,0.0,72.0,40.0,0.0,0.1625,0.1,0.0,0.2298,0.0,0.0,3.0,0.0,0.0
2023-01-05,126.24740600585938,127.81878720027234,123.86049911106728,125.44182028135924,25447100,-0.00337596416863295,-0.0033816755936672605,123.25382232666016,120.04840850830078,118.14335861206055,112.34864883422851,120.64969670226769,118.28988098575986,2.359815716507825,1.361337268897821,0.9984784476100039,57.20834210157492,118.14335861206055,3.932891893687177,126.00914239943491,110.2775748246862,0.1331565968630146,27064540.0,0.940237668920292,0.01997619691531664,0.021066120169165686,0.024881746392592725,0.09790696038843238,0.08412338886718129,0.024263242181598477,1,0.0379,0.0536,2.0,0.0,0.0,0.0,0.0,204.5,56.0,0.0379,0.0536,0.0,0.1,0.1625,0.1,0.0,0.2298,0.0,0.0,0.5,0.0,0.0,0.7071,0.0,0.0,3.0,0.0,0.0,0.0,0.0,281.0,262.0,281.0,40.0,72.0,40.0,0.1,0.1625,0.1,0.0,0.2298,0.0,0.0,3.0,0.0
2023-01-06,129.31057739257812,129.61888351451952,125.35229008910284,128.2663034622201,27584500,0.024263242181598477,0.02397356602282473,125.1951675415039,121.06880950927734,118.9434684753418,112.19966598510742,121.98213988539237,119.1062288677464,2.8759110176459757,1.6642520186474519,1.2116589989985238,69.95684885132998,118.9434684753418,4.48630299546514,127.91607446627208,109.97086248441153,0.15087177305226118,28108200.0,0.9813684262955295,0.016788577894680922,0.021182509135257273,0.02515552540805845,0.08115730360874052,0.08567126258428392,-0.004230103069231994,0,0.0,0.0,0.0,0.0,0.0,0.0,0.0,0.0,0.0,0.0,0.0,0.0,0.0379,0.1,0.1625,0.0536,0.0,0.2298,0.0,0.0,0.5,0.0,0.0,0.7071,0.0,0.0,3.0,0.0,0.0,0.0,204.5,281.0,262.0,56.0,40.0,72.0,0.0379,0.1,0.1625,0.0536,0.0,0.2298,0.0,0.0,3.0
2023-01-09,128.76358032226562,132.22458831762555,128.5746145819801,130.44436168518448,26649100,-0.004230103069231994,-0.004239075266372022,127.01120300292969,122.2970687866211,119.64661026000977,112.19270370483399,123.0254384141421,119.82158823474781,3.203850179394294,1.9721716507968208,1.2316785285974734,65.67772347891167,119.64661026000977,4.871815291402548,129.39024084281488,109.90297967720467,0.16287349155368053,29521260.0,0.9027087597209604,0.01799419240915567,0.01896586199233992,0.02524129563081095,0.07586830820628077,0.1054471895534772,0.02718799808026162,1,0.0,0.0,1.0,0.0,0.0,0.0,0.0,283.0,38.0,0.0,0.0,0.0,0.0,0.0379,0.1,0.0,0.0536,0.0,0.0,0.0,0.0,0.0,0.0,0.0,0.0,0.0,0.0,0.0,0.0,0.0,0.0,204.5,281.0,0.0,56.0,40.0,0.0,0.0379,0.1,0.0,0.0536,0.0,0.0,0.0,0.0
2023-01-10,132.264404296875,132.71194603562412,126.45626373052198,126.57560414737875,28684400,0.02718799808026162,0.02682496977340507,128.65220489501954,123.7839126586914,120.49644889831544,112.88987915039063,124.4468177807164,120.7432783134239,3.703539467292501,2.318445214095957,1.3850942531965438,80.2550297634199,120.49644889831544,5.508585919700508,131.51362073771645,109.47927705891442,0.18286301281290354,28152440.0,1.0188956978507013,0.015480291918031158,0.019668660770695803,0.025673930788024567,0.06613775177017156,0.12665204164154864,-0.0007519542966839543,0,0.0667,0.0,1.0,1.0,0.0,2.0,0.0,266.0,40.0,0.0667,0.0,2.0,0.0,0.0,0.0379,0.0,0.0,0.0536,0.0,0.0,0.0,0.0,0.0,0.0,0.0,0.0,0.0,0.0,0.0,0.0,283.0,0.0,204.5,38.0,0.0,56.0,0.0,0.0,0.0379,0.0,0.0,0.0536,0.0,0.0,0.0
2023-01-11,132.16494750976562,133.1197163977935,129.6288573522427,130.24548493274398,25423000,-0.0007519542966839543,-0.0007522371561232413,129.75018310546875,125.37617874145508,121.40048942565917,113.5600032043457,125.63422235441628,121.58932788352328,4.044894470892999,2.6637350654553655,1.381159405437633,78.13394535815311,121.40048942565917,5.872487986348563,133.1454653983563,109.65551345296205,0.19349141059088193,26757620.0,0.9501218718256705,0.01570305226721656,0.018727881568668208,0.025419830339091072,0.043338374623792975,0.1369782140571454,0.02874550802730491,1,0.0,0.0,1.0,0.0,0.0,0.0,0.0,289.0,40.0,0.0,0.0,0.0,0.0667,0.0,0.0,0.0,0.0,0.0,1.0,0.0,0.0,0.0,0.0,0.0,2.0,0.0,0.0,0.0,0.0,0.0,266.0,283.0,0.0,40.0,38.0,0.0,0.0667,0.0,0.0,0.0,0.0,0.0,2.0,0.0,0.0
2023-01-12,135.96409606933594,136.9287896399216,131.04109188376952,132.7119334388522,30757700,0.02874550802730491,0.028340106561995905,131.69352111816406,127.4736717224121,122.22397155761719,114.42625091552735,127.22343369517316,122.65412552691681,4.569308168256342,3.044849686015561,1.5244584822407807,78.99422306951006,122.22397155761719,6.689108966973819,135.60218949156484,108.84575362366955,0.21891316021654664,27819740.0,1.1056070258025417,0.016133859222359805,0.01724597672712141,0.02419688931217903,0.07696546306088536,0.18240787799249736,0.0019749638153365723,1,0.0,0.0,0.0,0.0,0.0,0.0,0.0,0.0,0.0,0.0,0.0,0.0,0.0,0.0667,0.0,0.0,0.0,0.0,0.0,1.0,0.0,0.0,0.0,0.0,0.0,2.0,0.0,0.0,0.0,0.0,289.0,266.0,283.0,40.0,40.0,38.0,0.0,0.0667,0.0,0.0,0.0,0.0,0.0,2.0,0.0
2023-01-13,136.2326202392578,136.6403868835783,134.10429688361904,134.23359244780255,22423800,0.0019749638153365723,0.0019730161382735052,133.0779296875,129.13654861450195,122.98927383422851,115.25729187011719,128.6094623942631,123.65993995005319,4.949522444209904,3.42578423765443,1.5237382065554743,86.96946693079083,122.98927383422851,7.373439690341393,137.7361532149113,108.24239445354573,0.23980756891953706,26787600.0,0.837096268422703,0.016028179337047165,0.015719989337482417,0.024186568623080777,0.05353036840648251,0.1390320523762758,-0.011826538133750342,0,0.1778,0.2269,3.0,0.3333,0.5774,3.0,0.0,285.6667,120.0,0.1778,0.2269,3.0,0.0,0.0,0.0667,0.0,0.0,0.0,0.0,0.0,1.0,0.0,0.0,0.0,0.0,0.0,2.0,0.0,0.0,0.0,0.0,289.0,266.0,0.0,40.0,40.0,0.0,0.0,0.0667,0.0,0.0,0.0,0.0,0.0,2.0
2023-01-17,134.6214599609375,136.00387534462192,133.51751564910782,135.4369780497878,21147600,-0.011826538133750342,-0.011897027954112,134.24950561523437,130.63035430908204,123.94453315734863,116.14880111694336,129.5343850968284,124.47190439530388,5.062480701524521,3.7531235304284487,1.3093571710960723,81.42234917333636,123.94453315734863,7.588759891257125,139.12205293986287,108.76701337483438,0.24490825687723164,25687300.0,0.8232706434697302,0.018019871122124068,0.017249725696602214,0.021505213970802912,0.04549329572858207,0.12481310331651851,-0.01728728830388304,0,0.0333,0.0471,2.0,0.5,0.7071,2.0,0.0,225.0,65.0,0.0333,0.0471,2.0,0.1778,0.0,0.0,0.2269,0.0,0.0,0.3333,0.0,0.0,0.5774,0.0,0.0,3.0,0.0,0.0,0.0,0.0,0.0,285.6667,0.0,289.0,120.0,0.0,40.0,0.1778,0.0,0.0,0.2269,0.0,0.0,3.0,0.0,0.0
2023-01-18,132.29421997070312,136.50113597792236,132.0754191215774,135.06899048383906,20215500,-0.01728728830388304,-0.017438458217498908,134.25546875,131.45383682250977,124.62032585144043,117.02618743896484,129.9589750774245,125.05133517866679,4.907639898757708,3.984026804094301,0.9236130946634069,78.07933099423325,124.62032585144043,7.70539909636091,140.03112404416225,109.2095276587186,0.24732399129004046,23993520.0,0.842539985796165,0.017813908827349782,0.017121955942479505,0.021648169647937712,0.00022542477688247686,0.06637808563499026,0.023530242211276198,1,0.0,0.0,0.0,0.0,0.0,0.0,0.0,0.0,0.0,0.0,0.0,0.0,0.0333,0.1778,0.0,0.0471,0.2269,0.0,0.5,0.3333,0.0,0.7071,0.5774,0.0,2.0,3.0,0.0,0.0,0.0,0.0,225.0,285.6667,0.0,65.0,120.0,0.0,0.0333,0.1778,0.0,0.0471,0.2269,0.0,2.0,3.0,0.0
2023-01-19,135.40713500976562,136.70004501074817,131.4190197551415,131.76711616232177,28625200,0.023530242211276198,0.023257673519782675,134.90390625,132.32704467773436,125.6979133605957,117.92843719482421,130.7971535285539,125.8184314624519,4.978722066102009,4.1829658564958425,0.7957562096061661,83.53477575934374,125.6979133605957,7.627297683849882,140.95250872829547,110.44331799289594,0.24271835482166146,24633960.0,1.16202185925446,0.020592606256038433,0.017367940178480836,0.018915257783049144,0.024531372055063505,0.06893289647101453,0.02365044023907026,1,0.1,0.0,1.0,0.0,0.0,0.0,0.0,281.0,40.0,0.1,0.0,0.0,0.0,0.0333,0.1778,0.0,0.0471,0.2269,0.0,0.5,0.3333,0.0,0.7071,0.5774,0.0,2.0,3.0,0.0,0.0,0.0,0.0,225.0,285.6667,0.0,65.0,120.0,0.0,0.0333,0.1778,0.0,0.0471,0.2269,0.0,2.0,3.0
2023-01-20,138.6095733642578,139.17647065056417,133.87555003840512,135.1485649693157,28688600,0.02365044023907026,0.023375101384321053,135.43300170898436,133.56326141357422,126.8058349609375,118.77678283691407,131.99906427250835,126.76592345517827,5.2331408173300815,4.39300084866269,0.8401399686673914,82.73379839142883,126.8058349609375,7.820338178596225,142.44651131812995,111.16515860374506,0.2466870134487195,24220140.0,1.1844935660982967,0.019204807580536026,0.017704075993140826,0.018949186697003725,0.019457175617692446,0.09792016920985036,0.027983192713011418,1,0.0,0.0,0.0,0.0,0.0,0.0,0.0,0.0,0.0,0.0,0.0,0.0,0.1,0.0,0.0333,0.0,0.0,0.0471,0.0,0.0,0.5,0.0,0.0,0.7071,0.0,0.0,2.0,0.0,0.0,0.0,281.0,0.0,225.0,40.0,0.0,65.0,0.1,0.0,0.0333,0.0,0.0,0.0471,0.0,0.0,2.0
2023-01-23,142.48831176757812,142.97562857637726,137.90346368613808,138.53001603681352,27470100,0.027983192713011418,0.02759881739835716,136.68414001464845,134.88103485107422,127.97492218017578,119.70767608642578,133.61279465636525,127.93054481165234,5.6822498447129135,4.650850647872735,1.0313991968401783,84.73190036074139,127.97492218017578,8.3392608354512,144.65344385107818,111.29640050927338,0.260652968359234,25229400.0,1.0888130514399867,0.02185560934885472,0.01808316961349912,0.019182949932495426,0.04591918967229569,0.10190762921886343,-0.0009075708435343222,0,0.0,0.0,1.0,0.0,0.0,0.0,0.0,182.0,25.0,0.0,0.0,0.0,0.0,0.1,0.0,0.0,0.0,0.0,0.0,0.0,0.0,0.0,0.0,0.0,0.0,0.0,0.0,0.0,0.0,0.0,0.0,281.0,0.0,0.0,40.0,0.0,0.0,0.1,0.0,0.0,0.0,0.0,0.0,0.0,0.0
2023-01-24,142.35899353027344,144.2088455351945,140.5887068474013,140.91690811002815,21970200,-0.0009075708435343222,-0.0009079829353061902,138.2316467285156,136.240576171875,129.26882247924806,120.53652847290039,134.95836371388958,128.99931879080947,5.959044923080114,4.9124895029142115,1.0465554201659026,82.0110594979852,129.26882247924806,8.468609436489983,146.20604135222803,112.33160360626809,0.26204646330245573,25393920.0,0.8651756010887646,0.019663767193809713,0.01782340752997574,0.01791265374005874,0.057476226833233834,0.10558430554650333,-0.011457142125220532,0,0.1,0.0,1.0,0.0,0.0,0.0,0.0,281.0,40.0,0.1,0.0,0.0,0.0,0.0,0.1,0.0,0.0,0.0,0.0,0.0,0.0,0.0,0.0,0.0,0.0,0.0,0.0,0.0,0.0,0.0,182.0,0.0,281.0,25.0,0.0,40.0,0.0,0.0,0.1,0.0,0.0,0.0,0.0,0.0,0.0
2023-01-25,140.72796630859375,142.3888528531503,139.54445660201168,140.44949522181398,26622000,-0.011457142125220532,-0.011523280837097064,139.91839599609375,137.08693237304686,130.43542251586913,121.12589553833008,135.8459948823056,129.86810749583051,5.977887386475089,5.125569079626388,0.8523183068487015,75.45945228692949,130.43542251586913,8.353246149095378,147.1419148140599,113.72893021767838,0.25616495850516685,26675220.0,0.9980048899315545,0.017602681134428113,0.017927231530501467,0.018556508040589437,0.06374992301068261,0.06398971859973601,0.0409895185252811,1,0.4333,0.0,1.0,1.0,0.0,2.0,0.0,292.0,42.0,0.4333,0.0,2.0,0.1,0.0,0.0,0.0,0.0,0.0,0.0,0.0,0.0,0.0,0.0,0.0,0.0,0.0,0.0,0.0,0.0,0.0,281.0,182.0,0.0,40.0,25.0,0.0,0.1,0.0,0.0,0.0,0.0,0.0,0.0,0.0,0.0
2023-01-26,146.496337890625,146.70518363753555,142.51816179135773,143.61215111333374,25482100,0.0409895185252811,0.040171720922470205,142.13623657226563,138.52007141113282,131.94812507629393,121.80775527954101,137.48450919127782,131.0998282658153,6.384680925462533,5.377391448793618,1.007289476668915,80.73670781465985,131.94812507629393,8.38702073844151,148.72216655317695,115.17408359941092,0.25425206257662347,26046600.0,0.9783273056752129,0.021600633248791894,0.020726820236210686,0.019269789965343224,0.08189526260975555,0.10843563782144616,0.03014233004304656,1,0.2258,0.2936,2.0,1.0,0.0,5.0,0.0,244.5,71.0,0.2258,0.2936,5.0,0.4333,0.1,0.0,0.0,0.0,0.0,1.0,0.0,0.0,0.0,0.0,0.0,2.0,0.0,0.0,0.0,0.0,0.0,292.0,281.0,182.0,42.0,40.0,25.0,0.4333,0.1,0.0,0.0,0.0,0.0,2.0,0.0,0.0
2023-01-27,150.91207885742188,152.35416430538902,146.5858073379867,147.4311756224159,35771900,0.03014233004304656,0.02969697720275695,144.59673767089845,140.0148696899414,133.74427070617676,122.5540608215332,139.55028913991538,132.56740238371208,6.9828867562033,5.698490510275555,1.284396245927745,81.49650655837932,133.74427070617676,8.410528166877706,150.56532703993219,116.92321437242136,0.2515405892893857,27463260.0,1.3025365524704642,0.022353554872867193,0.0208673767426094,0.018914475588376622,0.08875653531400607,0.10994066242652112,-0.03084212674114728,0,0.0,0.0,0.0,0.0,0.0,0.0,0.0,0.0,0.0,0.0,0.0,0.0,0.2258,0.4333,0.1,0.2936,0.0,0.0,1.0,1.0,0.0,0.0,0.0,0.0,5.0,2.0,0.0,0.0,0.0,0.0,244.5,292.0,281.0,71.0,42.0,40.0,0.2258,0.4333,0.1,0.2936,0.0,0.0,5.0,2.0,0.0
2023-01-30,146.25762939453125,150.2954753630171,146.14822895410515,148.59481372384508,28040100,-0.03084212674114728,-0.03132775646228318,145.35060119628906,141.01737060546876,135.07695960998535,123.15038940429687,140.5821876406255,133.58149327340237,7.000694367223133,5.9589312816650715,1.0417630855580615,72.77909351728961,135.07695960998535,8.159960615824675,151.3968808416347,118.757038378336,0.24163885948826053,27577260.0,1.0167833932740236,0.02964821258457328,0.024629675833339165,0.020329815496818105,0.0264535215569226,0.07358743550309077,0.012987812384587016,1,0.1,0.0,1.0,0.0,0.0,0.0,0.0,281.0,40.0,0.1,0.0,0.0,0.0,0.2258,0.4333,0.0,0.2936,0.0,0.0,1.0,1.0,0.0,0.0,0.0,0.0,5.0,2.0,0.0,0.0,0.0,0.0,244.5,292.0,0.0,71.0,42.0,0.0,0.2258,0.4333,0.0,0.2936,0.0,0.0,5.0,2.0
2023-01-31,148.15719604492188,149.06223457525653,146.7151105218978,147.14275708591452,29842100,0.012987812384587016,0.012904193984483692,146.51024169921874,142.37094421386718,136.50064926147462,123.86128936767578,141.74757354897878,134.6611749601816,7.086398588797181,6.184424743091494,0.9019738457056867,71.59458450821032,136.50064926147462,7.809263540532342,152.1191763425393,120.88212218040994,0.22884179914992966,29151640.0,1.0236851168579195,0.029538524881227234,0.02371052473841844,0.02020865287294809,0.040729443014890565,0.10054664455363937,0.027858116117710052,1,0.0333,0.0471,2.0,0.5,0.7071,2.0,0.0,284.5,82.0,0.0333,0.0471,2.0,0.1,0.0,0.2258,0.0,0.0,0.2936,0.0,0.0,1.0,0.0,0.0,0.0,0.0,0.0,5.0,0.0,0.0,0.0,281.0,0.0,244.5,40.0,0.0,71.0,0.1,0.0,0.2258,0.0,0.0,0.2936,0.0,0.0,5.0
2023-02-01,152.28457641601562,152.7420733452454,146.2576420461036,147.22235096543673,55661000,0.027858116117710052,0.027477138166678697,148.82156372070312,144.36997985839844,137.9119083404541,124.69014266967774,143.36865091313828,135.9666121050582,7.4020388080800785,6.427947556089212,0.9740912519908669,74.64069392212662,137.9119083404541,7.990856106086063,153.8936205526262,121.93019612828196,0.2317669649341537,34959440.0,1.5921593709739057,0.02814292373121035,0.022213951663954058,0.019715033230976085,0.08212020972491052,0.15110528978317728,0.2328238071638804,1,0.0667,0.0,1.0,1.0,0.0,2.0,0.0,262.0,40.0,0.0667,0.0,2.0,0.0333,0.1,0.0,0.0471,0.0,0.0,0.5,0.0,0.0,0.7071,0.0,0.0,2.0,0.0,0.0,0.0,0.0,0.0,284.5,281.0,0.0,82.0,40.0,0.0,0.0333,0.1,0.0,0.0471,0.0,0.0,2.0,0.0,0.0
2023-02-02,187.74005126953125,196.08427376205427,179.17702791077238,182.3794603978227,150475700,0.2328238071638804,0.20930731629405436,157.07030639648437,149.603271484375,140.96515808105468,126.21617080688476,150.1950201987372,139.80168167279695,10.393338525940266,7.2210257500594235,3.172312775880842,85.7162525475227,140.96515808105468,13.344330853857917,167.6538197887705,114.27649637333884,0.3786561455472551,59958160.0,2.509678415748582,0.10260234209405582,0.07279276832264768,0.053540487838891815,0.28153409138253704,0.3864856623396644,-0.011866318284565969,0,0.0,0.0,0.0,0.0,0.0,0.0,0.0,0.0,0.0,0.0,0.0,0.0,0.0667,0.0333,0.1,0.0,0.0471,0.0,1.0,0.5,0.0,0.0,0.7071,0.0,2.0,2.0,0.0,0.0,0.0,0.0,262.0,284.5,281.0,40.0,82.0,40.0,0.0667,0.0333,0.1,0.0,0.0471,0.0,2.0,2.0,0.0
2023-02-03,185.51226806640625,195.69640282478895,181.89212896302809,182.46896623245263,76809700,-0.011866318284565969,-0.011937285007222586,163.99034423828124,154.29354095458984,143.92840118408202,127.7412045288086,155.62844294760936,143.18765103528654,12.440791912322823,8.264978982512105,4.175812929810718,83.09953357568403,143.92840118408202,16.182460844927416,176.29332287393686,111.56347949422718,0.44973641649031654,68165720.0,1.126808313621568,0.10674163412550726,0.07427689310987723,0.05377767790180518,0.2292738226850206,0.33837990813874685,-0.002519795632935473,0,0.0,0.0,0.0,0.0,0.0,0.0,0.0,0.0,0.0,0.0,0.0,0.0,0.0,0.0667,0.0333,0.0,0.0,0.0471,0.0,1.0,0.5,0.0,0.0,0.7071,0.0,2.0,2.0,0.0,0.0,0.0,0.0,262.0,284.5,0.0,40.0,82.0,0.0,0.0667,0.0333,0.0,0.0,0.0471,0.0,2.0,2.0
2023-02-06,185.04481506347656,189.65949764016395,184.5077680943316,185.5122518586277,42483800,-0.002519795632935473,-0.0025229756610886307,171.7477813720703,158.5491912841797,146.71511306762696,129.22546142578125,160.15403865774277,146.28818170404136,13.86585695370141,9.385154576749967,4.480702376951443,84.3961811547092,146.71511306762696,18.20516438645475,183.12544184053647,110.30478429471745,0.49634053386342697,71054460.0,0.5979047620656043,0.10229032537914946,0.07507180968052406,0.054015868119929554,0.2651976914265206,0.2986666258304407,0.02988283181044915,1,0.0,0.0,1.0,0.0,0.0,0.0,0.0,289.0,40.0,0.0,0.0,0.0,0.0,0.0,0.0667,0.0,0.0,0.0,0.0,0.0,1.0,0.0,0.0,0.0,0.0,0.0,2.0,0.0,0.0,0.0,0.0,0.0,262.0,0.0,0.0,40.0,0.0,0.0,0.0667,0.0,0.0,0.0,0.0,0.0,2.0
2023-02-07,190.5744781494141,192.7226964001012,183.39387069750305,184.5674402730861,47080700,0.02988283181044915,0.029445040247058307,180.23123779296876,163.37073974609376,149.80565795898437,130.8043991088867,164.83410627184605,149.5686481074023,15.265458164443743,10.561215294288724,4.704242870155019,88.09151245879895,149.80565795898437,20.140936605225804,190.08753116943598,109.52378474853276,0.5377884087860082,74502180.0,0.6319372131124217,0.10095570063694109,0.07434954282499895,0.05377148565719602,0.2862991689693637,0.33868941767200234,-0.04274081990063816,0,0.0,0.0,0.0,0.0,0.0,0.0,0.0,0.0,0.0,0.0,0.0,0.0,0.0,0.0,0.0,0.0,0.0,0.0,0.0,0.0,0.0,0.0,0.0,0.0,0.0,0.0,0.0,0.0,0.0,0.0,289.0,0.0,0.0,40.0,0.0,0.0,0.0,0.0,0.0,0.0,0.0,0.0,0.0,0.0,0.0
2023-02-08,182.42916870117188,189.78880219886125,181.921956807593,188.96332899324764,36139100,-0.04274081990063816,-0.043681098595646506,186.26015625,167.54085998535157,152.31389617919922,132.23693969726563,167.5410389532808,152.00276074397783,15.538278209302973,11.556627877291575,3.981650332011398,78.83629827702883,152.31389617919922,20.948887563856584,194.2116713069124,110.41612105148604,0.5501503957120224,70597800.0,0.5119012207179261,0.11025112510799527,0.0769833829494317,0.05559168037622007,0.19794908318756033,0.29632491313868714,-0.030038614288541376,0,0.1,0.0,1.0,0.0,0.0,0.0,0.0,281.0,40.0,0.1,0.0,0.0,0.0,0.0,0.0,0.0,0.0,0.0,0.0,0.0,0.0,0.0,0.0,0.0,0.0,0.0,0.0,0.0,0.0,0.0,0.0,289.0,0.0,0.0,40.0,0.0,0.0,0.0,0.0,0.0,0.0,0.0,0.0,0.0,0.0
2023-02-09,176.94924926757812,185.63161328508647,176.30280180132868,185.1144613823012,37118800,-0.030038614288541376,-0.030499016821977715,184.10199584960938,170.58615112304688,154.55311126708983,133.61219512939454,168.98845592471116,153.85064878276305,15.137807141948116,12.272863730222884,2.864943411725232,72.87291867126315,154.55311126708983,21.07492987839728,196.7029710238844,112.40325151029526,0.5454417502337251,47926420.0,0.7744955705016148,0.02789702776987897,0.07897159874651767,0.056476937768001105,-0.05747735727663772,0.20787489854995167,-0.021189412778598093,0,0.0,0.0,1.0,0.0,0.0,0.0,0.0,181.0,25.0,0.0,0.0,0.0,0.1,0.0,0.0,0.0,0.0,0.0,0.0,0.0,0.0,0.0,0.0,0.0,0.0,0.0,0.0,0.0,0.0,0.0,281.0,0.0,289.0,40.0,0.0,40.0,0.1,0.0,0.0,0.0,0.0,0.0,0.0,0.0,0.0
2023-02-10,173.19979858398438,177.91394171046065,172.40417567575625,175.38780710821445,33433600,-0.021189412778598093,-0.021417130940241,181.639501953125,172.81492309570314,156.41489639282227,134.89893585205078,169.6363547953686,155.28391913840906,14.352435656959528,12.688778115570214,1.6636575413893144,68.3503546244132,156.41489639282227,20.990879351445184,198.39665509571265,114.4331376899319,0.5368000065346318,39251200.0,0.8517854231208218,0.028240721701534178,0.08001380246030974,0.0569878014760289,-0.06637010916180752,0.14768678488366338,0.030318773389275133,1,0.1,0.0,1.0,0.0,0.0,0.0,0.0,281.0,40.0,0.1,0.0,0.0,0.0,0.1,0.0,0.0,0.0,0.0,0.0,0.0,0.0,0.0,0.0,0.0,0.0,0.0,0.0,0.0,0.0,0.0,181.0,281.0,0.0,25.0,40.0,0.0,0.0,0.1,0.0,0.0,0.0,0.0,0.0,0.0,0.0
2023-02-13,178.4510040283203,180.01244522976373,174.8607151312021,177.2476144121008,31463200,0.030318773389275133,0.029868243087238767,180.32073974609375,176.03426055908204,158.52581558227538,136.11884338378906,170.99245467736117,156.9999995006247,13.992455176736456,12.949513527803463,1.0429416489329935,70.3214382674259,158.52581558227538,20.97726774076633,200.48035106380803,116.57128010074273,0.5293085587029592,37047080.0,0.8492761102899338,0.034504541663285884,0.07831799644685969,0.05703701665614541,-0.035633589803066634,0.22011415587044114,0.000278581423715174,1,0.25,0.2593,2.0,1.0,0.0,4.0,0.0,278.5,82.0,0.25,0.2593,4.0,0.1,0.0,0.1,0.0,0.0,0.0,0.0,0.0,0.0,0.0,0.0,0.0,0.0,0.0,0.0,0.0,0.0,0.0,281.0,181.0,281.0,40.0,25.0,40.0,0.1,0.0,0.1,0.0,0.0,0.0,0.0,0.0,0.0
2023-02-14,178.50071716308594,180.51963986517225,174.92036858463078,176.19338343593049,24034600,0.000278581423715174,0.0002785426271155285,177.90598754882814,179.06861267089843,160.71977844238282,137.29320022583008,172.14757198285727,158.5926452533996,13.554926729457662,13.070596168134307,0.4843305613233557,71.65335321152516,160.71977844238282,20.637444877479616,201.99466819734204,119.44488868742359,0.5136255183397488,32437860.0,0.7409428365496368,0.02869757686596271,0.07859307782686037,0.05680138529316288,-0.06335455357701203,0.20480625935282815,-0.01292606577939226,0,0.2014,0.0,1.0,0.0,0.0,0.0,0.0,278.0,40.0,0.2014,0.0,0.0,0.25,0.1,0.0,0.2593,0.0,0.0,1.0,0.0,0.0,0.0,0.0,0.0,4.0,0.0,0.0,0.0,0.0,0.0,278.5,281.0,181.0,82.0,40.0,25.0,0.25,0.1,0.0,0.2593,0.0,0.0,4.0,0.0,0.0
2023-02-15,176.1934051513672,177.2177841786571,174.37338795007085,175.45743718469245,25308900,-0.01292606577939226,-0.013010334329189613,176.6588348388672,181.4594955444336,162.91473770141602,138.3607438659668,172.77000785493573,159.89640524584163,12.873602609094092,13.031197456326264,-0.157594847232172,67.72738641905386,162.91473770141602,19.771380587626872,202.45749887666977,123.37197652616227,0.4854411790261263,30271820.0,0.8360547862665674,0.023518542858562957,0.07926912922248498,0.056676801941225485,-0.0341818339369796,0.1570009865610862,-0.026642652371249964,0,0.4333,0.0,1.0,0.3333,0.0,2.0,1.0,293.0,42.0,0.4333,0.0,2.0,0.2014,0.25,0.1,0.0,0.2593,0.0,0.0,1.0,0.0,0.0,0.0,0.0,0.0,4.0,0.0,0.0,0.0,0.0,278.0,278.5,281.0,40.0,82.0,40.0,0.2014,0.25,0.1,0.0,0.2593,0.0,0.0,4.0,0.0
2023-02-16,171.4991455078125,174.89054370979864,170.85268289401424,171.80745167607762,25827500,-0.026642652371249964,-0.02700400047095503,175.56881408691407,179.8354049682617,164.71933822631837,139.3554866027832,172.57449057076292,160.75586748746912,11.8186230832938,12.788682581719774,-0.9700594984259734,62.248528209143174,164.71933822631837,18.7492238533117,202.21778593294178,127.22089051969496,0.4553010971316787,28013560.0,0.9219642201847962,0.02271165152550114,0.024151864564665476,0.05742202125894964,-0.030800377974614213,-0.08650741092214942,0.002551655929408092,1,0.2667,0.2357,2.0,0.5,0.7071,2.0,0.0,286.5,82.0,0.2667,0.2357,2.0,0.4333,0.2014,0.25,0.0,0.0,0.2593,0.3333,0.0,1.0,0.0,0.0,0.0,2.0,0.0,4.0,1.0,0.0,0.0,293.0,278.0,278.5,42.0,40.0,82.0,0.4333,0.2014,0.25,0.0,0.0,0.2593,2.0,0.0,4.0
2023-02-17,171.93675231933594,172.23510334549107,168.7740948622728,169.29126193350072,24171300,0.002551655929408092,0.0025484059827402027,175.3162048339844,178.47785339355468,166.38569717407228,140.52427459716796,172.4763769936203,161.58408117871852,10.892295814901786,12.409405228356178,-1.517109413454392,66.08522178665362,166.38569717407228,17.761535479369407,201.90876813281108,130.86262621533348,0.42699668976444116,26161100.0,0.9239405070887692,0.021180699638402408,0.024374117195669474,0.057415459805832784,-0.007292423403344683,-0.07317853362781812,-0.004627598731173244,0,0.0,0.0,0.0,0.0,0.0,0.0,0.0,0.0,0.0,0.0,0.0,0.0,0.2667,0.4333,0.2014,0.2357,0.0,0.0,0.5,0.3333,0.0,0.7071,0.0,0.0,2.0,2.0,0.0,0.0,1.0,0.0,286.5,293.0,278.0,82.0,42.0,40.0,0.2667,0.4333,0.2014,0.2357,0.0,0.0,2.0,2.0,0.0
2023-02-21,171.14109802246094,177.1978660903892,170.9421922986168,173.3589264356145,34592600,-0.004627598731173244,-0.004638339214087986,173.8542236328125,177.0874816894531,167.8183364868164,141.68092895507812,172.27094945959578,162.2920083523291,9.978941107266678,11.92331240413828,-1.9443712968716014,64.59885149378496,167.8183364868164,16.86549016103438,201.54931680888518,134.08735616474763,0.401993977871645,26786980.0,1.291396043898939,0.011860510322095046,0.02433724771142905,0.0574077239527927,-0.04096309822218369,-0.07513702578613823,-0.0055786859069661965,0,0.1007,0.1424,2.0,0.0,0.0,0.0,0.0,293.5,80.0,0.1007,0.1424,0.0,0.0,0.2667,0.4333,0.0,0.2357,0.0,0.0,0.5,0.3333,0.0,0.7071,0.0,0.0,2.0,2.0,0.0,0.0,1.0,0.0,286.5,293.0,0.0,82.0,42.0,0.0,0.2667,0.4333,0.0,0.2357,0.0,0.0,2.0,2.0
2023-02-22,170.1863555908203,171.81740705914402,168.76416502889262,170.1366405338303,22433200,-0.0055786859069661965,-0.005594304891214326,172.19135131835938,175.04866943359374,169.20970458984374,142.79064117431642,171.9502427105534,162.87677481443959,9.073467896113812,11.353343502533386,-2.2798756064195747,61.84833505791712,169.20970458984374,15.76665648199359,200.74301755383092,137.67639162585655,0.37271281857529903,26466700.0,0.8476009476058595,0.01106743600202541,0.020575693562484242,0.057466492993453806,-0.04657886928638644,-0.1069824393936375,0.0053762404475863335,1,0.1,0.0,1.0,0.0,0.0,0.0,0.0,281.0,40.0,0.1,0.0,0.0,0.1007,0.0,0.2667,0.1424,0.0,0.2357,0.0,0.0,0.5,0.0,0.0,0.7071,0.0,0.0,2.0,0.0,0.0,0.0,293.5,0.0,286.5,80.0,0.0,82.0,0.1007,0.0,0.2667,0.1424,0.0,0.2357,0.0,0.0,2.0
2023-02-23,171.101318359375,172.74232482757904,168.45584323504272,171.06154328235866,20017800,0.0053762404475863335,0.005361840057161124,171.17293395996094,173.91588439941407,170.7283721923828,143.90731491088866,171.81963896421823,163.48600026221257,8.333638702005658,10.749402542427841,-2.4157638404221835,29.71135404751081,170.7283721923828,14.27069768735562,199.26976756709405,142.18697681767156,0.3343485913700364,25408480.0,0.7878393355289258,0.012554848893164878,0.017779930398315904,0.05725285413464746,-0.02890055270580416,-0.06209451274950695,-0.009590846438014333,0,0.2014,0.0,1.0,0.0,0.0,0.0,0.0,278.0,40.0,0.2014,0.0,0.0,0.1,0.1007,0.0,0.0,0.1424,0.0,0.0,0.0,0.0,0.0,0.0,0.0,0.0,0.0,0.0,0.0,0.0,0.0,281.0,293.5,0.0,40.0,80.0,0.0,0.1,0.1007,0.0,0.0,0.1424,0.0,0.0,0.0,0.0
2023-02-24,169.46031188964844,169.78851315389517,166.74521165428638,167.71986029701287,19791300,-0.009590846438014333,-0.00963713480656509,170.76516723632812,173.1669906616211,171.87657089233397,145.01483840942382,171.45666556813057,163.92854186424486,7.528123703885711,10.105146774719415,-2.577023070833704,30.142692057801696,171.87657089233397,13.093696198497591,198.06396328932917,145.68917849533878,0.30472323552928415,24201240.0,0.8177804112516549,0.006159543504321091,0.015806097323962123,0.05698477345681964,-0.011888301904519949,-0.04232251568699852,-0.004988496500596851,0,0.0,0.0,0.0,0.0,0.0,0.0,0.0,0.0,0.0,0.0,0.0,0.0,0.2014,0.1,0.1007,0.0,0.0,0.1424,0.0,0.0,0.0,0.0,0.0,0.0,0.0,0.0,0.0,0.0,0.0,0.0,278.0,281.0,293.5,40.0,40.0,80.0,0.2014,0.1,0.1007,0.0,0.0,0.1424,0.0,0.0,0.0
2023-02-27,168.61495971679688,172.17542856446622,168.13758291210016,170.94220388770515,19277000,-0.004988496500596851,-0.005000980584442851,170.1008087158203,172.70850677490233,172.76171493530273,145.99724853515625,171.01948005254079,164.27568392739687,6.743796125143916,9.432876644804315,-2.689080519660399,29.86347707992583,172.76171493530273,12.167496183804165,197.09670730291106,148.4267225676944,0.28171742074592737,23222380.0,0.8301044079030659,0.005544477856472876,0.014660325392090726,0.056829714308618474,-0.019319851967248614,-0.0264713868299582,0.03185102734302525,1,0.0,0.0,0.0,0.0,0.0,0.0,0.0,0.0,0.0,0.0,0.0,0.0,0.0,0.2014,0.1,0.0,0.0,0.0,0.0,0.0,0.0,0.0,0.0,0.0,0.0,0.0,0.0,0.0,0.0,0.0,0.0,278.0,281.0,0.0,40.0,40.0,0.0,0.2014,0.1,0.0,0.0,0.0,0.0,0.0,0.0
2023-02-28,173.9855194091797,176.58127970135408,170.93226222706042,170.9620973312377,46051100,0.03185102734302525,0.03135430328964168,170.66969299316406,172.26195831298827,174.14810943603516,147.0584274291992,171.475793799716,164.9949310001215,6.48086279959449,8.84247387576235,-2.3616110761678595,29.588876497733906,174.14810943603516,10.446607752303885,195.04132494064294,153.25489393142738,0.23994765802820142,25514080.0,1.8049288863247275,0.016830859230194374,0.015045363828624762,0.056363937761708366,0.016620329187939653,-0.025023589211254582,-0.008688761887388652,0,0.0,0.0,1.0,0.0,0.0,0.0,0.0,283.0,38.0,0.0,0.0,0.0,0.0,0.0,0.2014,0.0,0.0,0.0,0.0,0.0,0.0,0.0,0.0,0.0,0.0,0.0,0.0,0.0,0.0,0.0,0.0,0.0,278.0,0.0,0.0,40.0,0.0,0.0,0.2014,0.0,0.0,0.0,0.0,0.0,0.0
2023-03-01,172.4738006591797,176.87963801065584,172.10582427375442,173.63741519667778,30998400,-0.008688761887388652,-0.008726729265276545,171.12718200683594,171.65926666259764,175.36393966674805,148.19757797241212,171.62933331655657,165.54892134523692,6.0804119713196485,8.29006149487381,-2.2096495235541607,35.361244200568024,175.36393966674805,8.495235584407276,192.3544108355626,158.37346849793352,0.19377383059598557,27227120.0,1.1385118954924356,0.01729728500293939,0.01513299112448482,0.05651290899020568,0.013440825267209355,-0.03376410246239958,0.00640055247861171,1,0.0667,0.0,1.0,1.0,0.0,2.0,0.0,262.0,40.0,0.0667,0.0,2.0,0.0,0.0,0.0,0.0,0.0,0.0,0.0,0.0,0.0,0.0,0.0,0.0,0.0,0.0,0.0,0.0,0.0,0.0,283.0,0.0,0.0,38.0,0.0,0.0,0.0,0.0,0.0,0.0,0.0,0.0,0.0,0.0,0.0
2023-03-02,173.57772827148438,174.05510504653154,170.4946364200003,171.43946517081687,17352000,0.00640055247861171,0.006380155929122555,171.62246398925782,171.39769897460937,176.4285972595215,149.29356521606445,171.92908638654546,166.14364778421822,5.785438602327247,7.789136916364496,-2.0036983140372495,44.31014396914814,176.4285972595215,6.565761078862157,189.5601194172458,163.2970751017972,0.14885933869788928,26693960.0,0.6500346894953015,0.017341555049348863,0.015004353806265976,0.056339009255866525,0.014473353775732,-0.014845486853697465,0.06142213283003328,1,0.0,0.0,0.0,0.0,0.0,0.0,0.0,0.0,0.0,0.0,0.0,0.0,0.0667,0.0,0.0,0.0,0.0,0.0,1.0,0.0,0.0,0.0,0.0,0.0,2.0,0.0,0.0,0.0,0.0,0.0,262.0,283.0,0.0,40.0,38.0,0.0,0.0667,0.0,0.0,0.0,0.0,0.0,2.0,0.0,0.0
2023-03-03,184.2392425537109,185.60176273019087,176.0839862693013,177.94377835550787,45877700,0.06142213283003328,0.05960964368155976,174.5782501220703,172.6717086791992,176.25355682373046,150.70124237060546,173.82295656610935,167.48406221158805,6.338894354521301,7.4990884039958585,-1.1601940494745575,65.10616351833559,176.25355682373046,6.289170129161302,188.83189708205308,163.67521656540785,0.14273005872899452,31911240.0,1.4376658506532494,0.02936594570039776,0.022506700927744996,0.024185720108150215,0.0872117518211959,0.07428665028140347,-0.0018893016019225772,0,0.1,0.0,1.0,0.0,0.0,0.0,0.0,281.0,40.0,0.1,0.0,0.0,0.0,0.0667,0.0,0.0,0.0,0.0,0.0,1.0,0.0,0.0,0.0,0.0,0.0,2.0,0.0,0.0,0.0,0.0,0.0,262.0,283.0,0.0,40.0,38.0,0.0,0.0667,0.0,0.0,0.0,0.0,0.0,2.0,0.0
2023-03-06,183.8911590576172,188.62519768293163,183.6325831095972,186.97425118459867,33209400,-0.0018893016019225772,-0.001891088583313349,177.63348999023438,173.86714935302734,176.17250137329103,152.05004272460937,175.3719107955721,168.69940271870132,6.67250807687077,7.333772338570841,-0.6612642617000715,58.59793259519498,176.17250137329103,6.1729349483048415,188.5183712699007,163.82663147668134,0.14015660560384602,34697720.0,0.9571061153297681,0.02880794386959164,0.022656590281957427,0.024045024281542544,0.0905981258512174,0.06952793150401315,-0.0021093655548514167,0,0.4333,0.0,1.0,0.3333,0.0,2.0,1.0,292.0,42.0,0.4333,0.0,2.0,0.1,0.0,0.0667,0.0,0.0,0.0,0.0,0.0,1.0,0.0,0.0,0.0,0.0,0.0,2.0,0.0,0.0,0.0,281.0,0.0,262.0,40.0,0.0,40.0,0.1,0.0,0.0667,0.0,0.0,0.0,0.0,0.0,2.0
2023-03-07,183.50326538085935,189.3213525005428,183.0059934962893,187.9687723674908,36701500,-0.0021093655548514167,-0.002111593399817691,179.53703918457032,175.10336608886718,176.09542388916014,153.33797668457032,176.62288842407781,169.79598513812041,6.8269032859574,7.2323985280481535,-0.4054952420907538,57.82269229062262,176.09542388916014,6.065001946415573,188.2254277819913,163.965419996329,0.13776625905357032,32827800.0,1.1180005970549352,0.028675685011322866,0.022527003797017147,0.024043085607198117,0.05470424207715707,0.07223377377639562,0.0024933332335501657,1,0.0,0.0,0.0,0.0,0.0,0.0,0.0,0.0,0.0,0.0,0.0,0.0,0.4333,0.1,0.0,0.0,0.0,0.0,0.3333,0.0,0.0,0.0,0.0,0.0,2.0,0.0,0.0,1.0,0.0,0.0,292.0,281.0,0.0,42.0,40.0,0.0,0.4333,0.1,0.0,0.0,0.0,0.0,2.0,0.0,0.0
2023-03-08,183.96080017089844,184.24921124625723,180.35060068741748,181.8722517543065,19432400,0.0024933332335501657,0.002490230035377821,181.83443908691407,176.480810546875,175.76473999023438,154.6875729370117,177.7517979235887,170.84523069610398,6.9065672274847145,7.167232267935466,-0.26066504045075156,62.892020301277434,175.76473999023438,5.375063370751265,186.5148667317369,165.01461324873185,0.12232404226353719,30514600.0,0.6368230289762933,0.027149046247827748,0.0221590340544322,0.023000035788277088,0.06660141695617794,0.08093742023124384,-0.017732749228499878,0,0.4333,0.0,1.0,1.0,0.0,3.0,0.0,291.0,42.0,0.4333,0.0,3.0,0.0,0.4333,0.1,0.0,0.0,0.0,0.0,0.3333,0.0,0.0,0.0,0.0,0.0,2.0,0.0,0.0,1.0,0.0,0.0,292.0,281.0,0.0,42.0,40.0,0.0,0.4333,0.1,0.0,0.0,0.0,0.0,2.0,0.0
2023-03-09,180.69866943359372,187.89915699198696,179.31625412813972,185.33324728589136,26582800,-0.017732749228499878,-0.01789185819180562,183.25862731933591,177.44054565429687,175.67821502685547,155.95362701416016,178.20516277128175,171.57511504702913,6.63004772425262,7.059795359198898,-0.42974763494627766,66.03112948068599,175.67821502685547,5.275136001616066,186.2284870300876,165.12794302362335,0.12010905281134979,32360760.0,0.8214516593553427,0.030600104498756317,0.02362289575288358,0.02125441636961919,0.04102450949796865,0.05609162551314073,-0.01199837733785436,0,0.0667,0.0,1.0,1.0,0.0,2.0,0.0,262.0,40.0,0.0667,0.0,2.0,0.4333,0.0,0.4333,0.0,0.0,0.0,1.0,0.0,0.3333,0.0,0.0,0.0,3.0,0.0,2.0,0.0,0.0,1.0,291.0,0.0,292.0,42.0,0.0,42.0,0.4333,0.0,0.4333,0.0,0.0,0.0,3.0,0.0,2.0
2023-03-10,178.53057861328125,183.76188949125455,177.82446090861632,180.02239453503887,25665000,-0.01199837733785436,-0.012070938865025173,182.11689453124998,178.34757232666016,175.7572814941406,157.1993928527832,178.25522674697396,172.0903345704552,6.164892176518748,6.880814722662867,-0.7159225461441192,60.83684879173724,175.7572814941406,5.306944589966266,186.37117067407314,165.14339231420809,0.12077894115910495,28318220.0,0.9063069642089087,0.008329221982867561,0.023807782231467976,0.020285078929029143,-0.030985059758728783,0.05352443072062396,0.007743214206960891,1,0.1,0.0,1.0,0.0,0.0,0.0,0.0,281.0,40.0,0.1,0.0,0.0,0.0667,0.4333,0.0,0.0,0.0,0.0,1.0,1.0,0.0,0.0,0.0,0.0,2.0,3.0,0.0,0.0,0.0,0.0,262.0,291.0,0.0,40.0,42.0,0.0,0.0667,0.4333,0.0,0.0,0.0,0.0,2.0,3.0,0.0
2023-03-13,179.91297912597656,182.7772703136294,173.86616578065284,176.9890329100385,24728000,0.007743214206960891,0.007713389384886915,181.32125854492185,179.4773742675781,176.09294052124022,158.49786911010742,178.51026557451283,172.66978972271605,5.840475851796782,6.672746948489651,-0.8322710966928692,64.14367016916093,176.09294052124022,5.348808628099041,186.7905577774383,165.39532326504215,0.12149967198608659,26621940.0,0.9288579269579903,0.010436580722409546,0.023524737326145812,0.019668949933538772,-0.02163333980832749,0.06700484600035295,0.07252643316042695,1,0.0,0.0,0.0,0.0,0.0,0.0,0.0,0.0,0.0,0.0,0.0,0.0,0.1,0.0667,0.4333,0.0,0.0,0.0,0.0,1.0,1.0,0.0,0.0,0.0,0.0,2.0,3.0,0.0,0.0,0.0,281.0,262.0,291.0,40.0,40.0,42.0,0.1,0.0667,0.4333,0.0,0.0,0.0,0.0,2.0,3.0
2023-03-14,192.96142578125,193.25979200808823,185.54212106963877,186.5565601706741,41642600,0.07252643316042695,0.07001701781974823,183.212890625,181.37496490478514,176.8184616088867,159.96502059936523,180.73352099093393,174.17287387520005,6.560647115733872,6.6503269819384965,-0.08967986620462476,76.41897467430887,176.8184616088867,6.537515363982578,189.89349233685186,163.74343088092155,0.1478921443948138,27610160.0,1.5082346498535322,0.0361323730514465,0.030753167141114927,0.02452326207338474,0.051542191256162884,0.10906600984098413,0.019224698558902853,1,0.0,0.0,1.0,0.0,0.0,0.0,0.0,283.0,38.0,0.0,0.0,0.0,0.0,0.1,0.0667,0.0,0.0,0.0,0.0,0.0,1.0,0.0,0.0,0.0,0.0,0.0,2.0,0.0,0.0,0.0,0.0,281.0,262.0,0.0,40.0,40.0,0.0,0.1,0.0667,0.0,0.0,0.0,0.0,0.0,2.0
2023-03-15,196.67105102539065,196.700886127559,189.7987492159527,191.8972373964941,42123600,0.019224698558902853,0.019042238822068895,185.75494079589845,183.79468994140626,177.72697830200195,161.5047735595703,183.18544868854266,175.83940551595492,7.346043172587741,6.789470220068346,0.556572952519395,77.85478010232748,177.72697830200195,7.903464619057315,193.5339075401166,161.92004906388732,0.17787878226630022,32148400.0,1.3102860484503116,0.03596755484724845,0.03004465242866932,0.02472914255180838,0.06909216986817013,0.14029522323814514,0.03630846190645465,1,0.4333,0.0,1.0,1.0,0.0,2.0,0.0,291.0,42.0,0.4333,0.0,2.0,0.0,0.0,0.1,0.0,0.0,0.0,0.0,0.0,0.0,0.0,0.0,0.0,0.0,0.0,0.0,0.0,0.0,0.0,283.0,0.0,281.0,38.0,0.0,40.0,0.0,0.0,0.1,0.0,0.0,0.0,0.0,0.0,0.0
2023-03-16,203.81187438964844,204.6373476487127,195.0201099451263,197.1782683896765,50447100,0.03630846190645465,0.035664842673543695,190.37758178710936,186.81810455322267,179.107901763916,163.09982315063476,186.35874495025124,177.91144024733964,8.447304702911595,7.121037116636996,1.3262675862745983,83.41715091855959,179.107901763916,9.805372511914596,198.7186467877452,159.4971567400868,0.2189824662194784,36921260.0,1.3663428604549248,0.03196243095663474,0.030728275448652326,0.025280413684122476,0.12791021111834344,0.17418217428722382,-0.04547894870223623,0,0.0,0.0,0.0,0.0,0.0,0.0,0.0,0.0,0.0,0.0,0.0,0.0,0.4333,0.0,0.0,0.0,0.0,0.0,1.0,0.0,0.0,0.0,0.0,0.0,2.0,0.0,0.0,0.0,0.0,0.0,291.0,283.0,0.0,42.0,38.0,0.0,0.4333,0.0,0.0,0.0,0.0,0.0,2.0,0.0,0.0
2023-03-17,194.542724609375,200.79839879699728,194.36369882371295,199.4657136698237,50141100,-0.04547894870223623,-0.046545581268795516,193.58001098632812,187.84845275878905,180.26008071899415,164.45717651367187,187.61781874396257,179.14338723712004,8.474431506842535,7.391715994678106,1.0827155121644294,71.67079710485021,180.26008071899415,10.20977738162943,200.679635482253,159.8405259557353,0.22655659180682058,41816480.0,1.1990751014910868,0.04314101639778818,0.031971834947706175,0.026920993725147793,0.08968853470630367,0.05592447034002723,0.011246983423417456,1,0.1837,0.1856,4.0,0.25,0.5,4.0,0.0,268.75,150.0,0.1837,0.1856,4.0,0.0,0.4333,0.0,0.0,0.0,0.0,0.0,1.0,0.0,0.0,0.0,0.0,0.0,2.0,0.0,0.0,0.0,0.0,0.0,291.0,283.0,0.0,42.0,38.0,0.0,0.4333,0.0,0.0,0.0,0.0,0.0,2.0,0.0
2023-03-20,196.73074340820312,198.2722896213412,192.58349680837213,197.39708605764227,25186300,0.011246983423417456,0.011184206368481027,196.94356384277344,189.13241119384764,181.4997802734375,165.86684326171874,189.01980715384573,180.446154360904,8.573652792941743,7.628103354330833,0.94554943861091,70.07899152917481,181.4997802734375,10.642069850940427,202.78391997531836,160.21564057155663,0.2345362586094083,41908140.0,0.6009882566966703,0.04295952045417584,0.031885585849123745,0.026921354211210773,0.09347721528445496,0.06982165111354277,0.02199078472833138,1,0.0,0.0,0.0,0.0,0.0,0.0,0.0,0.0,0.0,0.0,0.0,0.0,0.1837,0.0,0.4333,0.1856,0.0,0.0,0.25,0.0,1.0,0.5,0.0,0.0,4.0,0.0,2.0,0.0,0.0,0.0,268.75,0.0,291.0,150.0,0.0,42.0,0.1837,0.0,0.4333,0.1856,0.0,0.0,4.0,0.0,2.0
2023-03-21,201.0570068359375,202.4394223074647,196.8699701653996,202.0913258577596,31827000,0.02199078472833138,0.02175247484098876,198.56268005371095,190.88778533935547,182.99557571411134,167.30177185058594,190.87168402801368,181.97288417386943,8.898799854144244,7.882242654293516,1.0165571998507277,74.03812419299908,182.99557571411134,11.197401240718067,205.39037819554747,160.6007732326752,0.24475785705795292,39945020.0,0.796770160585725,0.031589073901660616,0.03201242537231225,0.026969220886879502,0.041954401103280636,0.09565901412514655,-0.011624507683088314,0,0.0333,0.0471,2.0,0.5,0.7071,2.0,0.0,223.0,65.0,0.0333,0.0471,2.0,0.0,0.1837,0.0,0.0,0.1856,0.0,0.0,0.25,0.0,0.0,0.5,0.0,0.0,4.0,0.0,0.0,0.0,0.0,0.0,268.75,0.0,0.0,150.0,0.0,0.0,0.1837,0.0,0.0,0.1856,0.0,0.0,4.0,0.0
2023-03-22,198.7198181152344,206.23856771811555,198.5805825735342,201.3951436866139,28477800,-0.011624507683088314,-0.011692600483759665,198.97243347167972,192.36368713378906,184.42224884033203,168.70089660644533,192.07908927220146,183.21339779915573,8.865691473045729,8.078932418043959,0.7867590550017702,70.71450374309127,184.42224884033203,11.296766773373239,207.0157823870785,161.82871529358556,0.24501960787071156,37215860.0,0.7652060170045781,0.03201910791116301,0.03266686469641076,0.02716761587884708,0.010417227543972674,0.08022914626716626,0.022371208162108136,1,0.0,0.0,1.0,0.0,0.0,0.0,0.0,283.0,38.0,0.0,0.0,0.0,0.0333,0.0,0.1837,0.0471,0.0,0.1856,0.5,0.0,0.25,0.7071,0.0,0.5,2.0,0.0,4.0,0.0,0.0,0.0,223.0,0.0,268.75,65.0,0.0,150.0,0.0333,0.0,0.1837,0.0471,0.0,0.1856,2.0,0.0,4.0
2023-03-23,203.16542053222656,206.7457845341352,201.047037233136,201.73327493146311,27389700,0.022371208162108136,0.02212464321380213,198.8431427001953,194.61036224365233,186.02545394897462,170.11891693115234,193.7846786968207,184.69132540901282,9.093353287807872,8.28181659199674,0.8115366958111316,67.37262971773433,186.02545394897462,11.578509618875819,209.18247318672624,162.868434711223,0.2489661360439784,32604380.0,0.8400619794027674,0.02878184090500818,0.03156993494708231,0.02734236615146781,-0.003171816457494425,0.12433268694814226,0.008468867635940125,1,0.0,0.0,0.0,0.0,0.0,0.0,0.0,0.0,0.0,0.0,0.0,0.0,0.0,0.0333,0.0,0.0,0.0471,0.0,0.0,0.5,0.0,0.0,0.7071,0.0,0.0,2.0,0.0,0.0,0.0,0.0,283.0,223.0,0.0,38.0,65.0,0.0,0.0,0.0333,0.0,0.0,0.0471,0.0,0.0,2.0,0.0
2023-03-24,204.8860015869141,206.44744293295844,202.43943187375285,204.06052825547837,27716400,0.008468867635940125,0.008433207966321452,200.91179809570312,197.24590454101562,187.7967384338379,171.5733380126953,195.49257452606582,186.18722734811664,9.305347177949187,8.48652270918723,0.8188244687619566,68.79784445824008,187.7967384338379,11.620633115564607,211.0380046649671,164.5554722027087,0.24751512113526147,28119440.0,0.9856668553854557,0.01384865159983422,0.03046883186702458,0.026992974992702114,0.05316712304871585,0.14762413911580863,-0.015387629884514697,0,0.0,0.0,0.0,0.0,0.0,0.0,0.0,0.0,0.0,0.0,0.0,0.0,0.0,0.0,0.0333,0.0,0.0,0.0471,0.0,0.0,0.5,0.0,0.0,0.7071,0.0,0.0,2.0,0.0,0.0,0.0,0.0,283.0,223.0,0.0,38.0,65.0,0.0,0.0,0.0333,0.0,0.0,0.0471,0.0,0.0,2.0
2023-03-27,201.73329162597656,204.73681861082815,200.26137082584265,203.69254442589096,18527200,-0.015387629884514697,-0.015507248142112205,201.9123077392578,199.4279357910156,189.45265502929686,172.88872192382811,196.45268484912899,187.33878766499515,9.113897184133833,8.611997604176551,0.5018995799572821,65.5523564223734,189.45265502929686,11.090984605406785,211.63462424011044,167.2706858184833,0.23416899813183795,26787620.0,0.6916329259560946,0.01798870706810123,0.031865999016277985,0.027391606278098935,0.0254284009255914,0.12128259231770722,-0.010648907368869476,0,0.0833,0.0236,2.0,0.5,0.7071,2.0,0.0,273.5,80.0,0.0833,0.0236,2.0,0.0,0.0,0.0,0.0,0.0,0.0,0.0,0.0,0.0,0.0,0.0,0.0,0.0,0.0,0.0,0.0,0.0,0.0,0.0,0.0,283.0,0.0,0.0,38.0,0.0,0.0,0.0,0.0,0.0,0.0,0.0,0.0,0.0
2023-03-28,199.5850524902344,199.9331489078724,196.82022180187988,199.05794546389205,19127300,-0.010648907368869476,-0.010706012751382813,201.6179168701172,200.09029846191407,190.7326316833496,174.15577056884766,196.9345875631452,188.24591839279066,8.68866917035453,8.627331917412148,0.06133725294238168,62.95558980741053,190.7326316833496,10.681649882778439,212.0959314489065,169.36933191779272,0.2240130551024305,24247680.0,0.788830106632882,0.016187920729341027,0.024245971569859442,0.027202589247426443,-0.007321079572741307,0.034326170021635516,0.023271013790054695,1,0.0,0.0,0.0,0.0,0.0,0.0,0.0,0.0,0.0,0.0,0.0,0.0,0.0833,0.0,0.0,0.0236,0.0,0.0,0.5,0.0,0.0,0.7071,0.0,0.0,2.0,0.0,0.0,0.0,0.0,0.0,273.5,0.0,0.0,80.0,0.0,0.0,0.0833,0.0,0.0,0.0236,0.0,0.0,2.0,0.0,0.0
2023-03-29,204.22959899902344,204.59757539137237,201.43491785064836,202.4493568930167,18851100,0.023271013790054695,0.023004372500108713,202.719873046875,200.84615325927734,192.3204216003418,175.54793334960937,198.05689701481876,189.42989473399308,8.627002280825678,8.627265990094854,-0.000263709269175294,69.07448623592447,192.3204216003418,10.172762705247179,212.66594701083616,171.97489618984744,0.21157945933348765,22322340.0,0.8444947975884248,0.018071213575317418,0.024566470773662884,0.027156806183557997,0.027726378456093492,0.03843243799341356,0.012125617071408135,1,0.0,0.0,0.0,0.0,0.0,0.0,0.0,0.0,0.0,0.0,0.0,0.0,0.0,0.0833,0.0,0.0,0.0236,0.0,0.0,0.5,0.0,0.0,0.7071,0.0,0.0,2.0,0.0,0.0,0.0,0.0,0.0,273.5,0.0,0.0,80.0,0.0,0.0,0.0833,0.0,0.0,0.0236,0.0,0.0,2.0,0.0
2023-03-30,206.7060089111328,206.9546448962094,201.71340925718124,202.27035143566695,22608300,0.012125617071408135,0.01205269070300517,203.42799072265626,201.13556671142578,193.97683563232422,177.03616912841798,199.3875296142517,190.70960689526268,8.67792271898901,8.637397335873684,0.04052538311532494,72.72578464358955,193.97683563232422,9.643648960620666,213.26413355356556,174.6895377110829,0.19886186779332435,21366060.0,1.0581408083661659,0.016177889239791333,0.022105337221213245,0.027160024399503085,0.017427121060419992,0.014200028973539336,0.01972667113762494,1,0.0667,0.0,1.0,1.0,0.0,2.0,0.0,262.0,40.0,0.0667,0.0,2.0,0.0,0.0,0.0833,0.0,0.0,0.0236,0.0,0.0,0.5,0.0,0.0,0.7071,0.0,0.0,2.0,0.0,0.0,0.0,0.0,0.0,273.5,0.0,0.0,80.0,0.0,0.0,0.0833,0.0,0.0,0.0236,0.0,0.0,2.0
2023-03-31,210.78363037109372,211.01237121219063,205.64184038095976,206.1092772142024,25440300,0.01972667113762494,0.019534621913028405,204.60751647949218,202.75965728759766,195.30405502319337,178.54369903564452,201.1407758845351,192.1965715971761,8.944204287358986,8.698758726170745,0.2454455611882409,73.86221162381398,195.30405502319337,10.050966815068126,215.40598865332962,175.20212139305713,0.20585270108958093,20910840.0,1.2166082280769208,0.017738958758129798,0.01520388438046006,0.024393067569753756,0.02878492790381193,0.0834824627563382,0.005331724906970869,1,0.0,0.0,0.0,0.0,0.0,0.0,0.0,0.0,0.0,0.0,0.0,0.0,0.0667,0.0,0.0,0.0,0.0,0.0,1.0,0.0,0.0,0.0,0.0,0.0,2.0,0.0,0.0,0.0,0.0,0.0,262.0,0.0,0.0,40.0,0.0,0.0,0.0667,0.0,0.0,0.0,0.0,0.0,2.0,0.0,0.0
2023-04-03,211.907470703125,212.3251773095068,207.06403171313693,207.70053918603327,17924600,0.005331724906970869,0.0053175615827235016,206.64235229492186,204.27733001708984,196.70487060546876,180.0096569824219,202.79719047201047,193.65663819761676,9.140552274393713,8.787117435815338,0.35343483857837477,67.95472160845878,196.70487060546876,10.325212566801403,217.35529573907155,176.05444547186596,0.2099635364395362,20790320.0,0.8621608517810212,0.01344813031907362,0.015185236557276577,0.024307369840018887,0.05043381285827553,0.07714466499743344,0.007743904476291252,1,0.0667,0.0,1.0,1.0,0.0,2.0,0.0,262.0,40.0,0.0667,0.0,2.0,0.0,0.0667,0.0,0.0,0.0,0.0,0.0,1.0,0.0,0.0,0.0,0.0,0.0,2.0,0.0,0.0,0.0,0.0,0.0,262.0,0.0,0.0,40.0,0.0,0.0,0.0667,0.0,0.0,0.0,0.0,0.0,2.0,0.0
2023-04-04,213.5484619140625,215.06017285222143,211.3803483767054,212.22571674011533,21026400,0.007743904476291252,0.007714074350148129,209.4350341796875,205.52647552490234,198.2071304321289,181.43085998535156,204.45123223232616,195.1301066210572,9.321125611268968,8.893919070906064,0.4272065403629046,66.6470207546318,198.2071304321289,10.487784303584112,219.18269903929712,177.2315618249607,0.21165301734037034,21170140.0,0.9932102480191439,0.007679334688532117,0.014325123162574819,0.024204285705797985,0.06996220032314948,0.06212892191475827,-0.015089482670806786,0,0.0667,0.0,1.0,1.0,0.0,2.0,0.0,266.0,40.0,0.0667,0.0,2.0,0.0667,0.0,0.0667,0.0,0.0,0.0,1.0,0.0,1.0,0.0,0.0,0.0,2.0,0.0,2.0,0.0,0.0,0.0,262.0,0.0,262.0,40.0,0.0,40.0,0.0667,0.0,0.0667,0.0,0.0,0.0,2.0,0.0,2.0
2023-04-05,210.3261260986328,214.015890405858,208.79453526907972,212.98155631855872,19396600,-0.015089482670806786,-0.015204487287809884,210.6543395996094,206.68710632324218,199.52539672851563,182.79020263671876,205.3550620579118,196.2557376934702,9.0993243644416,8.93500012961317,0.16432423482842928,56.96361391920266,199.52539672851563,10.257306463560264,220.04000965563617,179.0107838013951,0.20563410235974883,21279240.0,0.9115269154349498,0.012982618554395602,0.014835317120651847,0.024724166374066856,0.029851339519295195,0.05840538751232205,0.021846159583045033,1,0.0,0.0,0.0,0.0,0.0,0.0,0.0,0.0,0.0,0.0,0.0,0.0,0.0667,0.0667,0.0,0.0,0.0,0.0,1.0,1.0,0.0,0.0,0.0,0.0,2.0,2.0,0.0,0.0,0.0,0.0,266.0,262.0,0.0,40.0,40.0,0.0,0.0667,0.0667,0.0,0.0,0.0,0.0,2.0,2.0,0.0
2023-04-06,214.9209442138672,215.7563574530004,207.51157997177177,208.10831238574443,26104400,0.021846159583045033,0.021610951667204985,212.29732666015624,207.86265869140624,201.23651046752929,184.2740621948242,206.8267362357511,197.63834558386998,9.188390651881122,8.98567823406676,0.2027124178143609,74.20264000397248,201.23651046752929,9.795416218662902,220.8273429048551,181.64567803020347,0.1947045532822128,21978460.0,1.1877265286102847,0.01474365573630799,0.014770907213772338,0.024218639855749013,0.039742121411991294,0.05786183323345595,-0.00624718717898165,0,0.0,0.0,0.0,0.0,0.0,0.0,0.0,0.0,0.0,0.0,0.0,0.0,0.0,0.0667,0.0667,0.0,0.0,0.0,0.0,1.0,1.0,0.0,0.0,0.0,0.0,2.0,2.0,0.0,0.0,0.0,0.0,266.0,262.0,0.0,40.0,40.0,0.0,0.0667,0.0667,0.0,0.0,0.0,0.0,2.0,2.0
2023-04-10,213.5782928466797,214.48333139679636,209.5106121221356,213.53851776971777,16106100,-0.00624718717898165,-0.0062667825058847085,212.85625915527345,208.7318878173828,202.98889617919923,185.6157012939453,207.86543725281706,198.8190824181522,9.046354834664868,8.997813554186383,0.04854128047848505,70.41939126552697,202.98889617919923,8.579033611124569,220.14696340144837,185.83082895695009,0.16905424429819008,20111620.0,0.8008355368687355,0.014101939389576892,0.015195655487309775,0.023989441338733302,0.013258441704727453,0.04242501289712686,-0.004190806545399828,0,0.1906,0.0,1.0,0.0,0.0,0.0,0.0,291.0,42.0,0.1906,0.0,0.0,0.0,0.0,0.0667,0.0,0.0,0.0,0.0,0.0,1.0,0.0,0.0,0.0,0.0,0.0,2.0,0.0,0.0,0.0,0.0,0.0,266.0,0.0,0.0,40.0,0.0,0.0,0.0667,0.0,0.0,0.0,0.0,0.0,2.0
2023-04-11,212.6832275390625,214.8413860667819,212.2456257775828,214.30432384113453,16710100,-0.004190806545399828,-0.004199612586705444,213.01141052246095,209.8268814086914,204.6274085998535,186.85112426757811,208.60663575839328,199.84605613081223,8.760579627581052,8.950366768865317,-0.1897871412842651,65.36940915996908,204.6274085998535,6.906077376714345,218.4395633532822,190.8152538464248,0.13499809090030757,19868720.0,0.8410254913250577,0.014302137216014053,0.013947761361276205,0.024177166681183682,0.003660828159401275,0.05427927053997439,0.0007012996032258467,1,0.2014,0.0,1.0,0.0,0.0,0.0,0.0,286.0,40.0,0.2014,0.0,0.0,0.1906,0.0,0.0,0.0,0.0,0.0,0.0,0.0,0.0,0.0,0.0,0.0,0.0,0.0,0.0,0.0,0.0,0.0,291.0,0.0,0.0,42.0,0.0,0.0,0.1906,0.0,0.0,0.0,0.0,0.0,0.0,0.0,0.0
2023-04-12,212.83238220214844,215.6568830714879,211.42013176747872,213.66779538735565,18972200,0.0007012996032258467,0.0007010538075699882,212.86819458007812,211.1516143798828,205.62095642089844,188.18261932373048,209.25675059589406,200.80800621017048,8.448744385723586,8.85004229223697,-0.4012979065133848,69.80178962698047,205.62095642089844,6.560118264203909,218.74119294930625,192.50071989249062,0.12761575237060158,19457880.0,0.9750394184772442,0.013786343818893996,0.012921928394360805,0.01896660837900013,-0.0033532421891300235,0.06637435793225155,0.02967282548558492,1,0.1453,0.0641,2.0,0.0,0.0,0.0,0.0,286.0,82.0,0.1453,0.0641,0.0,0.2014,0.1906,0.0,0.0,0.0,0.0,0.0,0.0,0.0,0.0,0.0,0.0,0.0,0.0,0.0,0.0,0.0,0.0,286.0,291.0,0.0,40.0,42.0,0.0,0.2014,0.1906,0.0,0.0,0.0,0.0,0.0,0.0,0.0
2023-04-13,219.1477203369141,219.94334319269063,214.51314284190283,214.5529179144784,23310400,0.02967282548558492,0.029241106622008548,214.63251342773438,212.64342651367187,206.74478988647462,189.6024298095703,210.77843824835867,202.16650355289224,8.61193469546643,8.802420772882863,-0.1904860774164323,71.30728814483366,206.74478988647462,6.864402390711845,220.4735946678983,193.01598510505093,0.13280919716489395,20240640.0,1.1516631885157782,0.016322234235435076,0.013960740308046383,0.01951260709892613,0.041942455756278196,0.07304583376262697,0.005173629279633607,1,0.0,0.0,0.0,0.0,0.0,0.0,0.0,0.0,0.0,0.0,0.0,0.0,0.1453,0.2014,0.1906,0.0641,0.0,0.0,0.0,0.0,0.0,0.0,0.0,0.0,0.0,0.0,0.0,0.0,0.0,0.0,286.0,286.0,291.0,82.0,40.0,42.0,0.1453,0.2014,0.1906,0.0641,0.0,0.0,0.0,0.0,0.0
2023-04-14,220.2815093994141,220.89812169273284,216.36300444070105,216.69120571229988,21591200,0.005173629279633607,0.005160292041178728,215.70462646484376,214.0009765625,207.5682716369629,190.96236846923827,212.24044919467488,203.50835583781978,8.732093356855103,8.78835528967731,-0.05626193282220804,70.85122669591878,207.5682716369629,7.456395070299436,222.48106177756176,192.65548149636402,0.14369045926904817,19338000.0,1.1165167028648257,0.014476058032008406,0.013858830113562056,0.018127077698043535,0.0249420325466867,0.06567540324441001,-0.011874107679015644,0,0.2014,0.0,1.0,0.0,0.0,0.0,0.0,286.0,40.0,0.2014,0.0,0.0,0.0,0.1453,0.2014,0.0,0.0641,0.0,0.0,0.0,0.0,0.0,0.0,0.0,0.0,0.0,0.0,0.0,0.0,0.0,0.0,286.0,286.0,0.0,82.0,40.0,0.0,0.1453,0.2014,0.0,0.0641,0.0,0.0,0.0,0.0
2023-04-17,217.66586303710935,219.77429109856504,215.9453064619693,218.5907815138872,15481900,-0.011874107679015644,-0.011945167974168884,216.5221405029297,214.68919982910157,208.72442855834962,191.56088470458985,213.0751282473571,204.5570600748042,8.518068172552887,8.734297866252426,-0.21622969369953893,71.89716256282424,208.72442855834962,7.11529568724763,222.95501993284486,194.49383718385437,0.13635769873977197,19213160.0,0.8057966518781918,0.01573511927197245,0.01410009063617006,0.01448631537933938,0.019138509517743874,0.03265069803522769,-0.004432051987563912,0,0.0,0.0,1.0,0.0,0.0,0.0,0.0,142.0,20.0,0.0,0.0,0.0,0.2014,0.0,0.1453,0.0,0.0,0.0641,0.0,0.0,0.0,0.0,0.0,0.0,0.0,0.0,0.0,0.0,0.0,0.0,286.0,0.0,286.0,40.0,0.0,82.0,0.2014,0.0,0.1453,0.0,0.0,0.0641,0.0,0.0,0.0
2023-04-18,216.7011566162109,219.23724644244757,215.03033024984097,218.7101394214712,12281000,-0.004432051987563912,-0.0044419026465045055,217.3257263183594,215.16856842041017,209.72294921875,192.18466247558592,213.63297876564232,205.45662278157508,8.176355984067243,8.62270948981539,-0.4463535057481476,74.31477912917555,209.72294921875,6.734670931145976,223.19229108104193,196.25360735645805,0.12844890759420746,18327340.0,0.670091786369435,0.015766456149161175,0.01428118147641868,0.014595898048113008,0.01889161229890801,0.022621599404589743,-0.010050819875638939,0,0.1,0.0,1.0,0.0,0.0,0.0,0.0,281.0,40.0,0.1,0.0,0.0,0.0,0.2014,0.0,0.0,0.0,0.0,0.0,0.0,0.0,0.0,0.0,0.0,0.0,0.0,0.0,0.0,0.0,0.0,142.0,286.0,0.0,20.0,40.0,0.0,0.0,0.2014,0.0,0.0,0.0,0.0,0.0,0.0,0.0
2023-04-19,214.52313232421875,216.1442438592765,211.7682412649371,212.30530350961703,15898100,-0.010050819875638939,-0.010101670378811739,217.66387634277345,215.2660354614258,210.39625549316406,192.77422882080077,213.76992546696175,206.1282160810302,7.641709385931563,8.426509469038624,-0.7848000831070614,65.72473250819687,210.39625549316406,6.491437405277674,223.37913030371942,197.4133806826087,0.1234135539163831,17712520.0,0.8975628538457543,0.01698885864673171,0.014635927263302735,0.0143835435436337,0.007944045471729222,0.004564164974171003,-0.012192911751542801,0,0.0,0.0,0.0,0.0,0.0,0.0,0.0,0.0,0.0,0.0,0.0,0.0,0.1,0.0,0.2014,0.0,0.0,0.0,0.0,0.0,0.0,0.0,0.0,0.0,0.0,0.0,0.0,0.0,0.0,0.0,281.0,142.0,286.0,40.0,20.0,40.0,0.1,0.0,0.2014,0.0,0.0,0.0,0.0,0.0,0.0
2023-04-20,211.907470703125,215.5673848783952,211.60910450555653,212.3152221584156,16475400,-0.012192911751542801,-0.012267855108225043,216.21582641601563,215.424169921875,211.0556381225586,193.200888671875,213.483393964833,206.55630901600017,6.927084948832828,8.126624564997465,-1.1995396161646372,57.91225753141036,211.0556381225586,5.884347232398514,222.82433258735563,199.28694365776158,0.11152219925973282,16345520.0,1.0079459081142723,0.007319410185641707,0.014317189326651276,0.014415203678368842,-0.03303821560478959,0.0075185362552183665,-0.0008449283560665322,0,0.0,0.0,0.0,0.0,0.0,0.0,0.0,0.0,0.0,0.0,0.0,0.0,0.0,0.1,0.0,0.0,0.0,0.0,0.0,0.0,0.0,0.0,0.0,0.0,0.0,0.0,0.0,0.0,0.0,0.0,0.0,281.0,142.0,0.0,40.0,20.0,0.0,0.1,0.0,0.0,0.0,0.0,0.0,0.0,0.0
2023-04-21,211.7284240722656,212.2455910854398,208.43648659857809,209.0630540342404,17717200,-0.0008449283560665322,-0.0008452855092233661,214.50520935058594,215.10491790771485,211.48378829956056,193.78687377929688,213.2133985967457,206.9394286497976,6.273969946948085,7.756093641387589,-1.4821236944395038,51.63058133998508,211.48378829956056,5.583887348562488,222.65156299668553,200.3160136024356,0.10561352987781876,15570720.0,1.1378536124212624,0.005016152310914062,0.012269910116933378,0.013717880144660355,-0.038827976757867866,-0.014854392871197941,-0.00046959339525076693,0,0.2583,0.2711,2.0,1.0,0.0,5.0,0.0,247.5,72.0,0.2583,0.2711,5.0,0.0,0.0,0.1,0.0,0.0,0.0,0.0,0.0,0.0,0.0,0.0,0.0,0.0,0.0,0.0,0.0,0.0,0.0,0.0,0.0,281.0,0.0,0.0,40.0,0.0,0.0,0.1,0.0,0.0,0.0,0.0,0.0,0.0
2023-04-24,211.6289978027344,212.75283730838368,209.56035976701708,212.51414130016883,15750900,-0.00046959339525076693,-0.00046970368875928547,213.29783630371094,214.9099884033203,211.82093811035156,194.48046875,212.96964462843627,207.28680414260776,5.682840485828507,7.341443010275773,-1.6586025244472662,49.50177776612989,211.82093811035156,5.363782330561337,222.54850277147423,201.0933734492289,0.1012889920781483,15624520.0,1.0080885684808236,0.005328511634606804,0.012153271226005385,0.013646776780175923,-0.02773455217158116,-0.009126840644543499,-0.02462521949529184,0,0.0,0.0,1.0,0.0,0.0,0.0,0.0,285.0,38.0,0.0,0.0,0.0,0.2583,0.0,0.0,0.2711,0.0,0.0,1.0,0.0,0.0,0.0,0.0,0.0,5.0,0.0,0.0,0.0,0.0,0.0,247.5,0.0,0.0,72.0,0.0,0.0,0.2583,0.0,0.0,0.2711,0.0,0.0,5.0,0.0,0.0
2023-04-25,206.41758728027344,210.1073366116511,205.99988066778928,209.66975004776447,19198200,-0.02462521949529184,-0.024933491582060686,211.24112243652343,214.2834243774414,212.0551528930664,195.1448245239258,211.96163580564198,207.22241770836078,4.739218097281196,6.8209980276768585,-2.081779930395663,38.68728343652856,212.0551528930664,4.989312336403306,222.033777565873,202.0765282202598,0.09411348450314291,17007960.0,1.128777348958958,0.009908235496199801,0.014304743014370128,0.01439183088783638,-0.04745507359773904,-0.029459964150855722,0.008913433930748393,1,0.1,0.0,1.0,0.0,0.0,0.0,0.0,281.0,40.0,0.1,0.0,0.0,0.0,0.2583,0.0,0.0,0.2711,0.0,0.0,1.0,0.0,0.0,0.0,0.0,0.0,5.0,0.0,0.0,0.0,0.0,285.0,247.5,0.0,38.0,72.0,0.0,0.0,0.2583,0.0,0.0,0.2711,0.0,0.0,5.0,0.0
2023-04-26,208.25747680664065,212.9417850328253,207.74032492932005,211.3405688220229,41992700,0.008913433930748393,0.00887394376702652,209.9879913330078,213.82593383789063,212.48877410888673,195.7409539794922,211.391765190411,207.2990887526778,4.092676437733218,6.27533370968813,-2.1826572719549127,46.567654208839684,212.48877410888673,4.155718359828187,220.8002108285431,204.17733738923036,0.07822941945532895,22226880.0,1.889275507853554,0.012890885403182912,0.014762488276014816,0.014204380778125063,-0.029207365423457143,-0.0214953445907613,0.139255098890255,1,0.0,0.0,0.0,0.0,0.0,0.0,0.0,0.0,0.0,0.0,0.0,0.0,0.1,0.0,0.2583,0.0,0.0,0.2711,0.0,0.0,1.0,0.0,0.0,0.0,0.0,0.0,5.0,0.0,0.0,0.0,281.0,285.0,247.5,40.0,38.0,72.0,0.1,0.0,0.2583,0.0,0.0,0.2711,0.0,0.0,5.0
2023-04-27,237.2583923339844,240.37131962310883,235.47816541537796,238.58113755307664,71196500,0.139255098890255,0.13037462680709921,215.05817565917968,215.63700103759766,214.14021377563478,196.91610748291015,215.37124628942232,209.51829642536717,5.852949864055148,6.190856940561535,-0.3379070765063865,70.47776943756135,214.14021377563478,6.565078508776496,227.27037079318777,201.0100567580818,0.12263139917577648,33171100.0,2.146341242828848,0.06536587838945523,0.04681687796628673,0.033635310193974435,0.11963203348491258,0.08264138896460915,0.007377596683920906,1,0.0,0.0,1.0,0.0,0.0,0.0,0.0,140.0,19.0,0.0,0.0,0.0,0.0,0.1,0.0,0.0,0.0,0.0,0.0,0.0,0.0,0.0,0.0,0.0,0.0,0.0,0.0,0.0,0.0,0.0,0.0,281.0,285.0,0.0,40.0,38.0,0.0,0.1,0.0,0.0,0.0,0.0,0.0,0.0,0.0
2023-04-28,239.0087890625,239.11817431920107,234.46371631250344,237.70592385112957,39554000,0.007377596683920906,0.00735051533279441,220.51424865722657,217.50972900390624,215.75535278320314,198.17241516113282,219.00779133143428,211.7027773614511,7.305013969983179,6.4136883464458645,0.8913256235373144,73.14031284303724,215.75535278320314,8.366317228082552,232.48798723936824,199.02271832703804,0.15510747928445148,37538460.0,1.0536926661349453,0.06467026665335882,0.046802649132619015,0.03362158762374598,0.12884602107520182,0.08501521400568235,0.011900651698706799,1,0.0333,0.0471,2.0,0.5,0.7071,2.0,0.0,221.0,65.0,0.0333,0.0471,2.0,0.0,0.0,0.1,0.0,0.0,0.0,0.0,0.0,0.0,0.0,0.0,0.0,0.0,0.0,0.0,0.0,0.0,0.0,140.0,0.0,281.0,19.0,0.0,40.0,0.0,0.0,0.1,0.0,0.0,0.0,0.0,0.0,0.0
2023-05-01,241.8531494140625,242.66868259885584,235.1698291662736,237.31803220013649,29143900,0.011900651698706799,0.01183039578806375,226.5590789794922,219.92845764160157,217.30882873535157,199.57949523925782,222.52246180568477,213.93613825423714,8.586323551447634,6.84821538744622,1.7381081640014147,75.63362664970342,217.30882873535157,10.099560255726267,237.50794924680412,197.10970822389902,0.1859024378254962,40217060.0,0.7246651048087553,0.06362838999315977,0.04621871865956896,0.03352069622424884,0.14281668356007104,0.11112117462732085,-0.016201865882385036,0,0.0,0.0,0.0,0.0,0.0,0.0,0.0,0.0,0.0,0.0,0.0,0.0,0.0333,0.0,0.0,0.0471,0.0,0.0,0.5,0.0,0.0,0.7071,0.0,0.0,2.0,0.0,0.0,0.0,0.0,0.0,221.0,140.0,0.0,65.0,19.0,0.0,0.0333,0.0,0.0,0.0471,0.0,0.0,2.0,0.0,0.0
2023-05-02,237.93467712402344,243.58367893119583,237.6860411604922,241.8531671618261,24350100,-0.016201865882385036,-0.016334551230121504,232.86249694824218,222.05180969238282,218.61018905639648,200.89945373535156,224.89357185465997,215.7138078001472,9.17976405451276,7.314525120859528,1.865238933653231,70.68856237540486,218.61018905639648,11.003352143009222,240.61689334241493,196.60348477037803,0.20133283248148343,41247440.0,0.5903420915334382,0.06195761028925673,0.04681505291560891,0.03393373801788904,0.15268606836759568,0.09798526615812309,-0.009237628987397106,0,0.2333,0.2325,4.0,0.8333,0.3333,7.0,1.0,251.25,144.0,0.2333,0.2325,7.0,0.0,0.0333,0.0,0.0,0.0471,0.0,0.0,0.5,0.0,0.0,0.7071,0.0,0.0,2.0,0.0,0.0,0.0,0.0,0.0,221.0,140.0,0.0,65.0,19.0,0.0,0.0333,0.0,0.0,0.0471,0.0,0.0,2.0,0.0
2023-05-03,235.7367248535156,240.43097298583405,231.48007843827455,238.16341424782843,34463900,-0.009237628987397106,-0.009280560476701788,238.35834655761718,224.1731689453125,219.71960220336913,202.19136627197267,226.5617492390993,217.1969868411375,9.364762397961812,7.724572576279985,1.640189821681827,64.66763319671847,219.71960220336913,11.570112598759053,242.85982740088724,196.57937700585103,0.2106341442954176,39741680.0,0.8671978638044492,0.06401772517924068,0.04677645368182358,0.03410819338126589,0.13194843454474592,0.09888720297648712,-0.014808169876554311,0,0.2014,0.0,1.0,0.0,0.0,0.0,0.0,295.0,42.0,0.2014,0.0,0.0,0.2333,0.0,0.0333,0.2325,0.0,0.0471,0.8333,0.0,0.5,0.3333,0.0,0.7071,7.0,0.0,2.0,1.0,0.0,0.0,251.25,0.0,221.0,144.0,0.0,65.0,0.2333,0.0,0.0333,0.2325,0.0,0.0471,7.0,0.0,2.0
2023-05-04,232.2458953857422,236.90035354564088,231.65910295232408,234.7720302102492,17889400,-0.014808169876554311,-0.014918905377278044,237.35584716796876,226.2070114135742,220.81559066772462,203.4325570678711,227.43623326165974,218.3117208074045,9.124512454255239,8.004560551875036,1.119951902380203,60.155362811979316,220.81559066772462,11.67121835224946,244.15802737222353,197.4731539632257,0.21142018671701285,29080260.0,0.6151733168823112,0.01299256808362072,0.04692380609716467,0.03409932596608128,-0.021126742447054148,0.09597785587800534,-0.0031689566423945825,0,0.4333,0.0,1.0,1.0,0.0,2.0,0.0,291.0,42.0,0.4333,0.0,2.0,0.2014,0.2333,0.0,0.0,0.2325,0.0,0.0,0.8333,0.0,0.0,0.3333,0.0,0.0,7.0,0.0,0.0,1.0,0.0,295.0,251.25,0.0,42.0,144.0,0.0,0.2014,0.2333,0.0,0.0,0.2325,0.0,0.0,7.0,0.0
2023-05-05,231.50991821289065,233.39954547419643,228.59591199117216,230.9728712064309,27000500,-0.0031689566423945825,-0.0031739884186277553,235.85607299804687,228.1851608276367,221.6450393676758,204.6407290649414,228.06295402338756,219.2893650596627,8.773588963724848,8.158366234244998,0.61522272947985,62.13814368882999,221.6450393676758,11.818788566921112,245.28261650151802,198.00746223383356,0.21329218286389023,26569560.0,1.016219312626931,0.011403208654006833,0.04698988828552468,0.03392588336066107,-0.031374874869762315,0.09342861841673833,0.002105029490053978,1,0.1667,0.2333,3.0,0.6667,0.5774,5.0,0.0,280.0,120.0,0.1667,0.2333,5.0,0.4333,0.2014,0.2333,0.0,0.0,0.2325,1.0,0.0,0.8333,0.0,0.0,0.3333,2.0,0.0,7.0,0.0,0.0,1.0,291.0,295.0,251.25,42.0,42.0,144.0,0.4333,0.2014,0.2333,0.0,0.0,0.2325,2.0,0.0,7.0
2023-05-08,231.99725341796875,234.3344224133324,229.01362180007337,230.15734118338585,16400500,0.002105029490053978,0.0021028170198096755,233.88489379882813,230.22198638916015,222.56598739624025,205.89146789550782,228.6682308533231,220.23069012324095,8.437540730082162,8.21420113341243,0.22333959666973158,63.52447261106938,222.56598739624025,11.874618069170781,246.3152235345818,198.8167512578987,0.2134129874576042,24020880.0,0.6827601653228358,0.007750162140034015,0.046933818571118946,0.03384139457200434,-0.04075157185247169,0.0962451073657693,0.00042863235169909863,1,0.0,0.0,1.0,0.0,0.0,0.0,0.0,301.0,40.0,0.0,0.0,0.0,0.1667,0.4333,0.2014,0.2333,0.0,0.0,0.6667,1.0,0.0,0.5774,0.0,0.0,5.0,2.0,0.0,0.0,0.0,0.0,280.0,291.0,295.0,120.0,42.0,42.0,0.1667,0.4333,0.2014,0.2333,0.0,0.0,5.0,2.0,0.0
2023-05-09,232.09669494628903,234.5930097385653,229.81919619203092,230.1971277136901,16865600,0.00042863235169909863,0.0004285405150944598,232.71729736328126,232.7898971557617,223.53666076660156,207.16110260009765,229.19568686762557,221.10965344346673,8.086033424158842,8.188567591561712,-0.10253416740287058,66.1310839569177,223.53666076660156,11.817573532347163,247.1718078312959,199.90151370190722,0.21146551070092434,22523980.0,0.7487841846778411,0.0070256951356055045,0.045518518238117055,0.03379360863868491,-0.02453607119525225,0.12440368092835308,-0.001242613007208182,0,0.2014,0.0,1.0,0.0,0.0,0.0,0.0,280.0,40.0,0.2014,0.0,0.0,0.0,0.1667,0.4333,0.0,0.2333,0.0,0.0,0.6667,1.0,0.0,0.5774,0.0,0.0,5.0,2.0,0.0,0.0,0.0,301.0,280.0,291.0,40.0,120.0,42.0,0.0,0.1667,0.4333,0.0,0.2333,0.0,0.0,5.0,2.0
2023-05-10,231.80828857421875,235.45826278020135,229.46116441846968,234.88142551072104,19119000,-0.001242613007208182,-0.0012433856909152335,231.93161010742188,235.14497833251954,224.48545608520507,208.31755798339844,229.59762559171685,221.90214493463353,7.695480657083323,8.089950204666035,-0.39446954758271247,69.0826090773418,224.48545608520507,11.67381197725664,247.83308003971837,201.13783213069178,0.2080101255704649,19455000.0,0.9827293754818812,0.006704440795637913,0.045724145578226745,0.033809055070550834,-0.01666450690590504,0.1130850720401464,0.011626873676752192,1,0.0,0.0,0.0,0.0,0.0,0.0,0.0,0.0,0.0,0.0,0.0,0.0,0.2014,0.0,0.1667,0.0,0.0,0.2333,0.0,0.0,0.6667,0.0,0.0,0.5774,0.0,0.0,5.0,0.0,0.0,0.0,280.0,301.0,280.0,40.0,40.0,120.0,0.2014,0.0,0.1667,0.0,0.0,0.2333,0.0,0.0,5.0
2023-05-11,234.5034942626953,236.9103038013753,231.03254584161252,231.77845374994175,20449000,0.011626873676752192,0.011559800977573741,232.3831298828125,234.86948852539064,225.25324478149415,209.55815185546874,230.3523746180212,222.83557821819366,7.516796399827541,7.975319443698337,-0.45852304387079545,70.83339032811976,225.25324478149415,11.808470447523225,248.8701856765406,201.6363038864477,0.2096923479877588,19966920.0,1.0241439340669467,0.005752759610102481,0.0100109172343416,0.033347513759059214,0.009720726703063676,-0.011611383033444223,-0.008397349343826521,0,0.2014,0.0,1.0,0.0,0.0,0.0,0.0,286.0,40.0,0.2014,0.0,0.0,0.0,0.2014,0.0,0.0,0.0,0.0,0.0,0.0,0.0,0.0,0.0,0.0,0.0,0.0,0.0,0.0,0.0,0.0,0.0,280.0,301.0,0.0,40.0,40.0,0.0,0.2014,0.0,0.0,0.0,0.0,0.0,0.0,0.0
2023-05-12,232.53428649902344,235.66710861542305,230.18716249322537,235.4483077625113,16161400,-0.008397349343826521,-0.008432805714374367,232.58800354003907,234.22203826904297,225.86588363647462,210.73728302001953,230.68805336894462,223.55400105381068,7.134052315133943,7.807066017985458,-0.6730137028515157,68.49050283461418,225.86588363647462,11.854709036232462,249.57530170893955,202.1564655640097,0.20994244629370085,17799100.0,0.9079897298177998,0.007207140783235524,0.009762555594474514,0.03345772792163954,0.004424727433020026,-0.027088972706286185,0.021598731758346812,1,0.0667,0.0,1.0,1.0,0.0,2.0,0.0,266.0,40.0,0.0667,0.0,2.0,0.2014,0.0,0.2014,0.0,0.0,0.0,0.0,0.0,0.0,0.0,0.0,0.0,0.0,0.0,0.0,0.0,0.0,0.0,286.0,0.0,280.0,40.0,0.0,40.0,0.2014,0.0,0.2014,0.0,0.0,0.0,0.0,0.0,0.0
2023-05-15,237.5567321777344,238.9490874246061,234.04599378512623,235.62731478168783,20653200,0.021598731758346812,0.02136878430858833,233.69989929199218,233.79239654541016,226.86042709350585,211.8036328125,231.7447731856815,224.59124039632354,7.153532789357968,7.67635937225996,-0.5228265829019927,77.63461402525714,226.86042709350585,11.964424609225759,250.78927631195737,202.93157787505433,0.21095657382844193,18649640.0,1.1074315643626365,0.011817313663689372,0.011669535628155472,0.03350100558927441,0.02396355421393559,-0.01776457013992594,-0.00016732485391368623,0,0.0333,0.0471,2.0,0.5,0.7071,2.0,0.0,275.5,78.0,0.0333,0.0471,2.0,0.0667,0.2014,0.0,0.0,0.0,0.0,1.0,0.0,0.0,0.0,0.0,0.0,2.0,0.0,0.0,0.0,0.0,0.0,266.0,286.0,0.0,40.0,40.0,0.0,0.0667,0.2014,0.0,0.0,0.0,0.0,2.0,0.0,0.0
2023-05-16,237.51698303222656,238.3325011442699,234.23498510570204,234.50350103406868,18163800,-0.00016732485391368623,-0.00016733885427881598,234.7839569091797,233.75062713623046,227.90121841430664,212.8761492919922,232.63280546976534,225.54870281379783,7.084102655967513,7.557908029001472,-0.47380537303395887,76.8235545251357,227.90121841430664,11.939514546999538,251.7802475083057,204.02218932030758,0.20955595814840142,18909280.0,0.9605759711633652,0.011875325679882564,0.010503387554229509,0.03345217331330446,0.023353577211393972,-0.0017554990169807994,0.01536716799072435,1,0.0,0.0,0.0,0.0,0.0,0.0,0.0,0.0,0.0,0.0,0.0,0.0,0.0333,0.0667,0.2014,0.0471,0.0,0.0,0.5,1.0,0.0,0.7071,0.0,0.0,2.0,2.0,0.0,0.0,0.0,0.0,275.5,266.0,286.0,78.0,40.0,40.0,0.0333,0.0667,0.2014,0.0471,0.0,0.0,2.0,2.0,0.0
2023-05-17,241.1669464111328,242.50957151868545,236.84067454388165,237.14898071282627,21193100,0.01536716799072435,0.01525028894372018,236.6556884765625,234.29364929199218,229.23340911865233,214.02942291259765,233.94575022997574,226.70560974693376,7.2401404830419835,7.4943545198095745,-0.2542140367675909,56.69508133649138,229.23340911865233,11.854379282156792,252.94216768296593,205.52465055433873,0.20685255832008176,19324100.0,1.0967186052649283,0.012123664721997635,0.011001923452947572,0.03332928657353282,0.04037240382764695,0.02303511071934805,0.01798012630972634,1,0.0667,0.0,1.0,1.0,0.0,2.0,0.0,262.0,40.0,0.0667,0.0,2.0,0.0,0.0333,0.0667,0.0,0.0471,0.0,0.0,0.5,1.0,0.0,0.7071,0.0,0.0,2.0,2.0,0.0,0.0,0.0,0.0,275.5,266.0,0.0,78.0,40.0,0.0,0.0333,0.0667,0.0,0.0471,0.0,0.0,2.0,2.0
2023-05-18,245.50315856933597,245.74183938403337,239.87403666451752,239.98343709643217,22943300,0.01798012630972634,0.017820395648698244,238.85562133789062,235.61937561035157,230.9131935119629,215.2602700805664,235.7238130514158,228.0980207708154,7.625792280600393,7.52064207196774,0.10515020863265345,60.21912724622,230.9131935119629,11.648543952805792,254.2102814175745,207.6161056063513,0.20178221565676488,19822960.0,1.1574103968327636,0.012905788635870084,0.010180633379823667,0.033127529864372555,0.046906185092144614,0.0570828740011724,-0.004901830689287734,0,0.05,0.0707,2.0,0.0,0.0,0.0,0.0,291.0,80.0,0.05,0.0707,0.0,0.0667,0.0,0.0333,0.0,0.0,0.0471,1.0,0.0,0.5,0.0,0.0,0.7071,2.0,0.0,2.0,0.0,0.0,0.0,262.0,0.0,275.5,40.0,0.0,78.0,0.0667,0.0,0.0333,0.0,0.0,0.0471,2.0,0.0,2.0
2023-05-19,244.29974365234372,247.33310534235645,242.08191518003764,246.11976066635137,21733600,-0.004901830689287734,-0.004913884066549416,241.20871276855468,236.8983581542969,232.5417594909668,216.5322915649414,237.04318699002008,229.29814839166934,7.745038598350732,7.565521377244338,0.17951722110639334,54.05944193686567,232.5417594909668,11.088597157335553,254.7189538056379,210.36456517629568,0.19073730553356888,20937400.0,1.038027644311137,0.011752186040957721,0.010359892700837894,0.033196047673739945,0.05059665535976654,0.05524525920177581,0.010910451613161287,1,0.0,0.0,0.0,0.0,0.0,0.0,0.0,0.0,0.0,0.0,0.0,0.0,0.05,0.0667,0.0,0.0707,0.0,0.0,0.0,1.0,0.0,0.0,0.0,0.0,0.0,2.0,0.0,0.0,0.0,0.0,291.0,262.0,0.0,80.0,40.0,0.0,0.05,0.0667,0.0,0.0707,0.0,0.0,0.0,2.0,0.0
2023-05-22,246.9651641845703,252.18651999049263,243.782611362436,244.071037610016,27738500,0.010910451613161287,0.010851362043373393,243.09039916992188,238.39514923095703,234.3085678100586,217.90098327636719,238.56964501995088,230.60681622818055,7.962828791770335,7.644982860149538,0.31784593162079666,65.63365458885383,234.3085678100586,10.373147317737375,255.05486244553336,213.56227317458385,0.1770852413070329,22354460.0,1.240848582341063,0.00994207683586761,0.010419005921439503,0.03314674136669109,0.039604990018959896,0.0645176205583573,-0.006362885785940686,0,0.0,0.0,0.0,0.0,0.0,0.0,0.0,0.0,0.0,0.0,0.0,0.0,0.0,0.05,0.0667,0.0,0.0707,0.0,0.0,0.0,1.0,0.0,0.0,0.0,0.0,0.0,2.0,0.0,0.0,0.0,0.0,291.0,262.0,0.0,80.0,40.0,0.0,0.05,0.0667,0.0,0.0707,0.0,0.0,0.0,2.0
2023-05-23,245.3937530517578,250.2371767063929,245.3042325725665,245.4633632294236,17748100,-0.006362885785940686,-0.0063832152255195,244.66575317382814,239.7248550415039,236.25737609863282,219.21059875488282,239.61950779407502,231.70214488177888,7.9173629122961415,7.69945887057886,0.21790404171728195,67.08904851216789,236.25737609863282,8.31441038910848,252.88619687684977,219.62855532041587,0.1407686909320007,22271320.0,0.7969038206985486,0.01145948308060761,0.011048076551469768,0.032437817405858854,0.03316297604901175,0.05729102738212588,0.010010555197152105,1,0.0,0.0,0.0,0.0,0.0,0.0,0.0,0.0,0.0,0.0,0.0,0.0,0.0,0.0,0.05,0.0,0.0,0.0707,0.0,0.0,0.0,0.0,0.0,0.0,0.0,0.0,0.0,0.0,0.0,0.0,0.0,0.0,291.0,0.0,0.0,80.0,0.0,0.0,0.05,0.0,0.0,0.0707,0.0,0.0,0.0
2023-05-24,247.85028076171875,248.2281971072244,243.61351422741944,243.94171552060703,17724300,0.010010555197152105,0.009960781488809608,246.0024200439453,241.3290542602539,238.2370162963867,220.3083758544922,240.88578055832792,232.89830309510776,7.987477463220159,7.75706258910712,0.2304148741130394,78.66269941147019,238.2370162963867,5.5511049358437425,249.3392261680742,227.13480642469924,0.09320306343893599,21577560.0,0.8214228114763671,0.010657087624092032,0.010840164161326037,0.0324383261746735,0.027712480711151954,0.06920370400113529,0.013964131020181236,1,0.0833,0.0236,2.0,0.5,0.7071,2.0,0.0,273.5,80.0,0.0833,0.0236,2.0,0.0,0.0,0.0,0.0,0.0,0.0,0.0,0.0,0.0,0.0,0.0,0.0,0.0,0.0,0.0,0.0,0.0,0.0,0.0,0.0,0.0,0.0,0.0,0.0,0.0,0.0,0.0,0.0,0.0,0.0,0.0,0.0,0.0
2023-05-25,251.3112945556641,254.22530082925988,247.8104958615853,252.0174122096085,22371400,0.013964131020181236,0.013867530795969881,247.16404724121094,243.00983428955078,238.9396614074707,221.40118072509765,242.4897057886873,234.2622283884823,8.227477400205004,7.851145551326698,0.37633184887830584,83.06207564234838,238.9396614074707,6.264290602357264,251.46824261218524,226.41108020275618,0.10486815902320357,21463180.0,1.0423152580372526,0.009580912320056405,0.010980887641425349,0.011043068072508174,0.023658090674575805,0.07167398654682877,0.03700178088112893,1,0.2014,0.0,1.0,0.0,0.0,0.0,0.0,286.0,40.0,0.2014,0.0,0.0,0.0833,0.0,0.0,0.0236,0.0,0.0,0.5,0.0,0.0,0.7071,0.0,0.0,2.0,0.0,0.0,0.0,0.0,0.0,273.5,0.0,0.0,80.0,0.0,0.0,0.0833,0.0,0.0,0.0236,0.0,0.0,2.0,0.0,0.0
2023-05-26,260.6102600097656,260.8787759033634,251.33116474265523,251.5499504122607,25727200,0.03700178088112893,0.036333646585480675,250.4261505126953,245.817431640625,240.01973495483398,222.5371484375,245.27748336116088,236.2139344345033,9.063548926657575,8.093626226392875,0.9699227002647,86.91297336539617,240.01973495483398,7.920208284275012,255.860151523384,224.17931838628397,0.13199261778645663,22261900.0,1.1556605680557366,0.015533708915113752,0.01308995936990515,0.013404096122843503,0.06676436132750485,0.12073907006767404,0.0018318023035297504,1,0.0,0.0,0.0,0.0,0.0,0.0,0.0,0.0,0.0,0.0,0.0,0.0,0.2014,0.0833,0.0,0.0,0.0236,0.0,0.0,0.5,0.0,0.0,0.7071,0.0,0.0,2.0,0.0,0.0,0.0,0.0,286.0,273.5,0.0,40.0,80.0,0.0,0.2014,0.0833,0.0,0.0,0.0236,0.0,0.0,2.0,0.0
2023-05-30,261.087646484375,267.1842052790193,259.86437694587534,263.8027621827068,23816500,0.0018318023035297504,0.0018301265997500967,253.25064697265626,248.17052307128907,240.9814598083496,223.868046875,247.7098161493477,238.05643162338268,9.65338452596501,8.405577886307302,1.247806639657707,87.03935981858814,240.9814598083496,9.216294151405924,259.41404811116143,222.54887150553776,0.15297930651985517,21477500.0,1.1089046676754744,0.016362804678374795,0.012893257352086171,0.013297014188873925,0.057184106699559534,0.09905387269359855,0.008380399564247742,1,0.0,0.0,0.0,0.0,0.0,0.0,0.0,0.0,0.0,0.0,0.0,0.0,0.0,0.2014,0.0833,0.0,0.0,0.0236,0.0,0.0,0.5,0.0,0.0,0.7071,0.0,0.0,2.0,0.0,0.0,0.0,0.0,286.0,273.5,0.0,40.0,80.0,0.0,0.2014,0.0833,0.0,0.0,0.0236,0.0,0.0,2.0
2023-05-31,263.2756652832031,263.55413636418655,257.0398858888211,258.5814168101453,25473700,0.008380399564247742,0.008345478979145395,256.8270294189453,250.74639129638672,242.2485092163086,225.1989453125,250.1045621699408,239.92452300559162,10.180039164349182,8.760470141915679,1.4195690224335031,88.34217217634833,242.2485092163086,10.436529743884776,263.1215687040782,221.37544972853905,0.17232766100642202,23022620.0,1.106463990631822,0.013456979950733371,0.012452268581226302,0.012448521661457613,0.07287028300053633,0.1084498544993795,0.029804971985102124,1,0.4333,0.0,1.0,1.0,0.0,2.0,0.0,291.0,42.0,0.4333,0.0,2.0,0.0,0.0,0.2014,0.0,0.0,0.0,0.0,0.0,0.0,0.0,0.0,0.0,0.0,0.0,0.0,0.0,0.0,0.0,0.0,0.0,286.0,0.0,0.0,40.0,0.0,0.0,0.2014,0.0,0.0,0.0,0.0,0.0,0.0
2023-06-01,271.1225891113281,272.50501965546624,264.43928345972506,264.4492082596709,25609500,0.029804971985102124,0.029369436725747326,261.4814910888672,253.74195556640626,244.0178024291992,226.6002569580078,253.33810477630809,242.23549086527584,11.10261391103225,9.228898895738993,1.8737150152932571,89.64250093082354,244.0178024291992,12.135643659414992,268.2890897480292,219.74651511036922,0.19893046390229835,24599660.0,1.0410509738752487,0.014751841549628442,0.013848551595572361,0.013117509845811812,0.09389663904388779,0.12421122855338562,0.0,0,0.1435,0.0454,3.0,0.0,0.0,0.0,0.0,263.6667,112.0,0.1435,0.0454,0.0,0.4333,0.0,0.0,0.0,0.0,0.0,1.0,0.0,0.0,0.0,0.0,0.0,2.0,0.0,0.0,0.0,0.0,0.0,291.0,0.0,0.0,42.0,0.0,0.0,0.4333,0.0,0.0,0.0,0.0,0.0,2.0,0.0,0.0
2023-06-02,271.1225891113281,273.84765994661046,269.6407284613106,271.172334515338,19416900,0.0,0.0,265.44375,256.3038986206055,245.9616371154785,228.04831237792968,256.0741792893881,244.37527592053897,11.69890336884913,9.722899790361021,1.9760035784881094,93.63469624737071,245.9616371154785,13.216267674088474,272.3941724636555,219.52910176730157,0.2149321793281684,24008760.0,0.8087423090571941,0.01691649241331952,0.014130293393659862,0.012201913569620132,0.07883169194879125,0.10435478993952185,-0.004475163338734323,0,0.4333,0.0,1.0,1.0,0.0,3.0,0.0,292.0,42.0,0.4333,0.0,3.0,0.1435,0.4333,0.0,0.0454,0.0,0.0,0.0,1.0,0.0,0.0,0.0,0.0,0.0,2.0,0.0,0.0,0.0,0.0,263.6667,291.0,0.0,112.0,42.0,0.0,0.1435,0.4333,0.0,0.0454,0.0,0.0,0.0,2.0,0.0
2023-06-05,269.9092712402344,274.0664572677717,268.08923898990724,268.82519172989214,20742900,-0.004475163338734323,-0.0044852068576482496,267.3035522460938,258.8648513793945,247.8816047668457,229.38318939208983,258.2026549741337,246.26668298125716,11.935971992876517,10.16551423086412,1.7704577620123967,90.03202175062289,247.8816047668457,13.7833545277548,275.4483138223553,220.3148957113361,0.22241835235364482,23011900.0,0.9013988414689791,0.013502806524933901,0.014080639796171676,0.012267252201104148,0.03568167742175721,0.10482830315341984,-0.0009949813367506888,0,0.05,0.0707,2.0,0.0,0.0,0.0,0.0,282.0,78.0,0.05,0.0707,0.0,0.4333,0.1435,0.4333,0.0,0.0454,0.0,1.0,0.0,1.0,0.0,0.0,0.0,3.0,0.0,2.0,0.0,0.0,0.0,292.0,263.6667,291.0,42.0,112.0,42.0,0.4333,0.1435,0.4333,0.0,0.0454,0.0,3.0,0.0,2.0
2023-06-06,269.6407165527344,275.0609925308667,268.218526169483,268.666083030455,19419000,-0.0009949813367506888,-0.000995476659265959,269.0141662597656,261.1324066162109,249.76377792358397,230.67828369140625,259.9623567554569,247.99809287544068,11.964263880016205,10.525264160694539,1.4389997193216661,89.52510049020057,249.76377792358397,14.067377698279751,277.8985333201435,221.62902252702446,0.2252909179261969,22132400.0,0.8774014566879326,0.013834082123295066,0.014502125723293189,0.012361860359525915,0.03275938246611476,0.09181680518802815,-0.027736810242488752,0,0.4333,0.0,1.0,0.3333,0.0,2.0,1.0,292.0,42.0,0.4333,0.0,2.0,0.05,0.4333,0.1435,0.0707,0.0,0.0454,0.0,1.0,0.0,0.0,0.0,0.0,0.0,3.0,0.0,0.0,0.0,0.0,282.0,292.0,263.6667,78.0,42.0,112.0,0.05,0.4333,0.1435,0.0707,0.0,0.0454,0.0,3.0,0.0
2023-06-07,262.1617431640625,272.75362821695035,261.36608993948033,270.1877186514573,26163600,-0.027736810242488752,-0.02812873981818115,268.7913818359375,262.80920562744143,251.26703033447265,231.88685272216796,260.30072389524236,249.0472521560793,11.253471739163047,10.67090567638824,0.5825660627748057,73.60762188959798,251.26703033447265,13.681180996605583,278.62939232768383,223.90466834126147,0.21779508403301406,22270380.0,1.174816056124772,0.020471745007779957,0.01812642989702401,0.014621752042105243,-0.004231010556719705,0.06833095750717022,0.0037179373159890172,1,0.0,0.0,0.0,0.0,0.0,0.0,0.0,0.0,0.0,0.0,0.0,0.0,0.4333,0.05,0.4333,0.0,0.0707,0.0,0.3333,0.0,1.0,0.0,0.0,0.0,2.0,0.0,3.0,1.0,0.0,0.0,292.0,282.0,292.0,42.0,78.0,42.0,0.4333,0.05,0.4333,0.0,0.0707,0.0,2.0,0.0,3.0
2023-06-08,263.1364440917969,266.1897015248191,257.4675613747688,259.19805826139867,20899400,0.0037179373159890172,0.003711042870506195,267.19415283203125,264.3378219604492,252.83343811035155,233.1578805541992,260.7369885408661,250.0908960031695,10.646092537696603,10.665943048649915,-0.019850510953311584,71.44926949814624,252.83343811035155,13.117860948499889,279.06916000735134,226.59771621335176,0.20753364027387045,21328360.0,0.97988781134602,0.012552393628868485,0.018110986317039002,0.014530469947552532,-0.029455845216393883,0.061674988961477606,0.0013983256508731667,1,0.1,0.0,1.0,0.0,0.0,0.0,0.0,281.0,40.0,0.1,0.0,0.0,0.0,0.4333,0.05,0.0,0.0,0.0707,0.0,0.3333,0.0,0.0,0.0,0.0,0.0,2.0,0.0,0.0,1.0,0.0,0.0,292.0,282.0,0.0,42.0,78.0,0.0,0.4333,0.05,0.0,0.0,0.0707,0.0,2.0,0.0
2023-06-09,263.50439453125,266.4880259604724,260.27212714959245,261.0478701071475,16949800,0.0013983256508731667,0.0013973489039943417,265.67051391601564,265.5571319580078,254.2834831237793,234.34337646484374,261.16274330861745,251.08448848673103,10.078254821886418,10.548405403297217,-0.4701505814107989,73.84535519953926,254.2834831237793,12.576747759840787,279.43697864346086,229.12998760409772,0.1978382174939568,20834940.0,0.8135276607468032,0.01273095337013009,0.01794368765442615,0.014518965858486789,-0.028098708429454944,0.048517914792266525,0.023023188803258376,1,0.2167,0.3064,2.0,0.5,0.7071,2.0,0.0,212.0,61.0,0.2167,0.3064,2.0,0.1,0.0,0.4333,0.0,0.0,0.0,0.0,0.0,0.3333,0.0,0.0,0.0,0.0,0.0,2.0,0.0,0.0,1.0,281.0,0.0,292.0,40.0,0.0,42.0,0.1,0.0,0.4333,0.0,0.0,0.0,0.0,0.0,2.0
2023-06-12,269.57110595703125,270.2672988119705,263.8823137615552,265.7123012057835,15442500,0.023023188803258376,0.022762154164452094,265.602880859375,266.4532165527344,256.1353240966797,235.60067840576173,262.4563375622196,252.4538675586051,10.002470003614462,10.439218323360667,-0.4367483197462043,75.88242015075541,256.1353240966797,11.915082565629904,279.96548922793954,232.3051589654199,0.18607480413177988,19774860.0,0.7809157688094884,0.018139019076154533,0.015549091848108026,0.01458498089221458,-0.0012528850218788135,0.034384087360681104,0.0009962294977667874,1,0.1341,0.0953,2.0,0.5,0.7071,2.0,0.0,278.0,82.0,0.1341,0.0953,2.0,0.2167,0.1,0.0,0.3064,0.0,0.0,0.5,0.0,0.0,0.7071,0.0,0.0,2.0,0.0,0.0,0.0,0.0,0.0,212.0,281.0,0.0,61.0,40.0,0.0,0.2167,0.1,0.0,0.3064,0.0,0.0,2.0,0.0,0.0
2023-06-13,269.83966064453125,274.21564777343684,267.62181680131886,273.38023453209706,16164000,0.0009962294977667874,0.0009957335904916523,265.6426696777344,267.32841796875,257.74947052001954,236.78179901123048,263.5922334210367,253.74170408348854,9.850529337548181,10.32148052619817,-0.4709511886499893,78.84976714352034,257.74947052001954,11.443108814286095,280.6356881485917,234.86325289144736,0.17758498267638223,19123860.0,0.8452268527378887,0.018136822646158863,0.015561262694881601,0.01426208738310889,0.0007378117605543189,0.03352136448432086,0.007482041043163301,1,0.275,0.2239,2.0,0.5,0.7071,3.0,0.0,234.0,69.0,0.275,0.2239,3.0,0.1341,0.2167,0.1,0.0953,0.3064,0.0,0.5,0.5,0.0,0.7071,0.7071,0.0,2.0,2.0,0.0,0.0,0.0,0.0,278.0,212.0,281.0,82.0,61.0,40.0,0.1341,0.2167,0.1,0.0953,0.3064,0.0,2.0,2.0,0.0
2023-06-14,271.8586120605469,273.4896484595287,266.856056888523,270.4065862996713,19175100,0.007482041043163301,0.007454189412497318,267.58204345703126,268.18671264648435,259.46655197143554,237.98082183837892,264.8639839809614,255.08369726697435,9.780286713987039,10.213241763755946,-0.432955049768907,78.62904605145845,259.46655197143554,10.806180001392134,281.0789119742198,237.85419196865126,0.16659072114361437,17726160.0,1.0817402076930367,0.009146686409787035,0.015531954676126756,0.014176544466030203,0.0369881157313483,0.03260060806649623,0.031022321635542083,1,0.0,0.0,0.0,0.0,0.0,0.0,0.0,0.0,0.0,0.0,0.0,0.0,0.275,0.1341,0.2167,0.2239,0.0953,0.3064,0.5,0.5,0.5,0.7071,0.7071,0.7071,3.0,2.0,2.0,0.0,0.0,0.0,234.0,278.0,212.0,69.0,82.0,61.0,0.275,0.1341,0.2167,0.2239,0.0953,0.3064,3.0,2.0,2.0
2023-06-15,280.29229736328125,282.4405158553206,269.9391219483488,270.81429509600497,25973500,0.031022321635542083,0.030550855271397663,271.0132141113281,269.1036834716797,261.42281951904295,239.31569854736327,267.23757065516446,256.9510009778119,10.286569677352588,10.227907346475275,0.058662330877313096,80.89481637639219,261.42281951904295,10.860341788103595,283.14350309525014,239.70213594283575,0.16617282007873826,18740980.0,1.3859200532736282,0.01354781573834246,0.015765600391767984,0.015074196221709872,0.0651975568443095,0.033821262485022485,-0.002945032662218461,0,0.2,0.2028,3.0,0.4444,0.5092,4.0,1.0,280.6667,124.0,0.2,0.2028,4.0,0.0,0.275,0.1341,0.0,0.2239,0.0953,0.0,0.5,0.5,0.0,0.7071,0.7071,0.0,3.0,2.0,0.0,0.0,0.0,0.0,234.0,278.0,0.0,69.0,82.0,0.0,0.275,0.1341,0.0,0.2239,0.0953,0.0,3.0,2.0
2023-06-16,279.4668273925781,286.27945897040485,278.6015790820891,283.1963669040449,43127700,-0.002945032662218461,-0.0029493778040626446,274.20570068359376,269.9381072998047,263.1210029602051,240.6985125732422,269.1189947686127,258.61883997149823,10.500154797114476,10.282356836603116,0.21779796051136024,74.53416642313508,263.1210029602051,10.895357598353524,284.9117181569121,241.33028776349803,0.1656326553300856,23976560.0,1.7987442735738572,0.014561703547992993,0.015864266665229772,0.015045818766824608,0.06057748254910056,0.030776625100108035,0.011850415759903088,1,0.0333,0.0471,2.0,0.5,0.7071,2.0,0.0,275.5,78.0,0.0333,0.0471,2.0,0.2,0.0,0.275,0.2028,0.0,0.2239,0.4444,0.0,0.5,0.5092,0.0,0.7071,4.0,0.0,3.0,1.0,0.0,0.0,280.6667,0.0,234.0,124.0,0.0,69.0,0.2,0.0,0.275,0.2028,0.0,0.2239,4.0,0.0,3.0
2023-06-20,282.77862548828125,283.246062288636,274.71288983341015,277.20920448541824,20701600,0.011850415759903088,0.01178074942629346,276.8472045898437,271.22504272460935,265.04494705200193,242.05566619873048,271.2204764177925,260.4084537134822,10.812022704310323,10.388290010144559,0.4237326941657642,76.28342329043299,265.04494705200193,10.793805803816085,286.6325586596341,243.45733544436976,0.16289774129062484,25028380.0,0.8271250476459123,0.013227204293221212,0.015832509711697293,0.014836274846896223,0.04899456670016855,0.04768029711951782,-0.009460732628325474,0,0.0,0.0,0.0,0.0,0.0,0.0,0.0,0.0,0.0,0.0,0.0,0.0,0.0333,0.2,0.0,0.0471,0.2028,0.0,0.5,0.4444,0.0,0.7071,0.5092,0.0,2.0,4.0,0.0,0.0,1.0,0.0,275.5,280.6667,0.0,78.0,124.0,0.0,0.0333,0.2,0.0,0.0471,0.2028,0.0,2.0,4.0,0.0
2023-06-21,280.10333251953125,282.4504413367748,276.8411996938274,281.9830045331958,20556200,-0.009460732628325474,-0.009505769639758126,278.8999389648437,272.27130432128905,266.70185546875,243.3861669921875,272.58706966421386,261.86733362504134,10.719736039172517,10.454579215950151,0.265156823222366,70.15246770504638,266.70185546875,10.408974228254365,287.51980392525877,245.88390701224128,0.15611401292967778,25906820.0,0.7934667396461627,0.015563988008998058,0.016392137419739473,0.015278450187127528,0.03803618730650826,0.038802062613383814,0.011504151147484265,1,0.0,0.0,0.0,0.0,0.0,0.0,0.0,0.0,0.0,0.0,0.0,0.0,0.0,0.0333,0.2,0.0,0.0471,0.2028,0.0,0.5,0.4444,0.0,0.7071,0.5092,0.0,2.0,4.0,0.0,0.0,1.0,0.0,275.5,280.6667,0.0,78.0,124.0,0.0,0.0333,0.2,0.0,0.0471,0.2028,0.0,2.0,4.0
2023-06-22,283.32568359375,283.70361514860275,276.274370673644,277.5573105084998,17563100,0.011504151147484265,0.01143848156927777,281.1933532714844,274.3876983642578,268.5984519958496,244.79901611328125,274.2391641149117,263.4568410301309,10.782323084780842,10.52012798971629,0.26219509506455196,66.43456317223635,268.5984519958496,9.757488380427054,288.1134287567037,249.0834752349955,0.14530967409414292,25584420.0,0.6864763789837721,0.015660666722704792,0.012103898857982404,0.015011365497532162,0.04218027689573156,0.08072856159047959,0.013514410143196542,1,0.0,0.0,0.0,0.0,0.0,0.0,0.0,0.0,0.0,0.0,0.0,0.0,0.0,0.0,0.0333,0.0,0.0,0.0471,0.0,0.0,0.5,0.0,0.0,0.7071,0.0,0.0,2.0,0.0,0.0,0.0,0.0,0.0,275.5,0.0,0.0,78.0,0.0,0.0,0.0333,0.0,0.0,0.0471,0.0,0.0,2.0
2023-06-23,287.1546630859375,288.0895367536933,277.4280252319222,279.9740551161299,51092000,0.013514410143196542,0.013423905006369951,282.5658264160156,276.7895202636719,270.56367111206055,246.28546173095702,276.226163956608,265.2122352564869,11.013928700121085,10.61888813179725,0.39504056832383405,69.57265262964941,270.56367111206055,9.306386169987888,289.1764434520363,251.95089877208477,0.13758515519451867,30608120.0,1.6692302565463022,0.010415205976697242,0.012127928034587206,0.015064784906079032,0.024482890850768158,0.0912766723630336,-0.03553499851851616,0,0.0,0.0,0.0,0.0,0.0,0.0,0.0,0.0,0.0,0.0,0.0,0.0,0.0,0.0,0.0,0.0,0.0,0.0,0.0,0.0,0.0,0.0,0.0,0.0,0.0,0.0,0.0,0.0,0.0,0.0,0.0,0.0,0.0,0.0,0.0,0.0,0.0,0.0,0.0,0.0,0.0,0.0,0.0,0.0,0.0
2023-06-26,276.9506225585937,288.208866039282,276.08537427952666,287.1248169027786,24232700,-0.03553499851851616,-0.036181733990963784,282.0625854492188,278.13414306640624,271.845637512207,247.44151977539062,276.33761912614426,266.08174542701335,10.255873699130916,10.546285245263984,-0.2904115461330683,57.04896216679257,271.845637512207,8.21692103957919,288.27947959136543,255.41179543304864,0.1209056891959169,26829120.0,0.9032238105461529,0.021180473814179864,0.01856228622940533,0.017769175011706325,-0.009003590363337866,0.05102847734764837,0.030811279809254355,1,0.0,0.0,0.0,0.0,0.0,0.0,0.0,0.0,0.0,0.0,0.0,0.0,0.0,0.0,0.0,0.0,0.0,0.0,0.0,0.0,0.0,0.0,0.0,0.0,0.0,0.0,0.0,0.0,0.0,0.0,0.0,0.0,0.0,0.0,0.0,0.0,0.0,0.0,0.0,0.0,0.0,0.0,0.0,0.0,0.0
2023-06-27,285.4838256835937,287.77129495501146,279.11875054121896,280.4713460814518,26108300,0.030811279809254355,0.03034614250808169,282.60362548828124,279.7254150390625,273.0893157958984,248.74556610107422,277.7447278272903,267.5189365571304,10.225791270159903,10.48218645024317,-0.2563951800832669,63.60842529307492,273.0893157958984,8.308745524262811,289.706806844424,256.4718247473728,0.1217000452770931,27910460.0,0.9354306593298714,0.02546117501465371,0.019533691613711456,0.017228427395819246,0.00956649460559933,0.059029767563808955,-0.006131227248150295,0,0.0,0.0,1.0,0.0,0.0,0.0,0.0,289.0,40.0,0.0,0.0,0.0,0.0,0.0,0.0,0.0,0.0,0.0,0.0,0.0,0.0,0.0,0.0,0.0,0.0,0.0,0.0,0.0,0.0,0.0,0.0,0.0,0.0,0.0,0.0,0.0,0.0,0.0,0.0,0.0,0.0,0.0,0.0,0.0,0.0
2023-06-28,283.73345947265625,287.97019617260185,282.5101594555254,283.26602258979227,16722100,-0.006131227248150295,-0.006150100405222679,283.32965087890625,281.114794921875,274.2216064453125,250.06691802978514,278.6660711573466,268.72001232865085,9.946058828695755,10.374960925933687,-0.42890209723793227,70.55151616647245,274.2216064453125,8.12820261612061,290.4780116775537,257.9652012130713,0.1185639997006085,27143640.0,0.6160595999652221,0.025122331729183135,0.019860769851763084,0.017389689983965107,0.012959956314949839,0.05148909094733756,-0.013179629783794944,0,0.4333,0.0,1.0,1.0,0.0,2.0,0.0,292.0,42.0,0.4333,0.0,2.0,0.0,0.0,0.0,0.0,0.0,0.0,0.0,0.0,0.0,0.0,0.0,0.0,0.0,0.0,0.0,0.0,0.0,0.0,289.0,0.0,0.0,40.0,0.0,0.0,0.0,0.0,0.0,0.0,0.0,0.0,0.0,0.0,0.0
2023-06-29,279.99395751953125,285.006467534605,279.15854424219776,282.9477542702442,15395700,-0.013179629783794944,-0.013267251840150032,282.6633056640625,281.92832946777344,275.0575210571289,251.33277404785156,278.87036136691347,269.5551193798272,9.315241987086267,10.163017138164204,-0.8477751510779363,65.25653624285974,275.0575210571289,7.796143519783583,290.64980809669606,259.4652340175617,0.1133747368887883,26710160.0,0.5763986438119427,0.02541589156747244,0.020657066711188003,0.017787872736446133,-0.011759350694785509,0.02992491353252591,0.019358480505713427,1,0.1,0.0,1.0,0.0,0.0,0.0,0.0,281.0,40.0,0.1,0.0,0.0,0.4333,0.0,0.0,0.0,0.0,0.0,1.0,0.0,0.0,0.0,0.0,0.0,2.0,0.0,0.0,0.0,0.0,0.0,292.0,289.0,0.0,42.0,40.0,0.0,0.4333,0.0,0.0,0.0,0.0,0.0,2.0,0.0,0.0
2023-06-30,285.4142150878906,287.47289786334574,282.8681851699819,283.20632644880584,19694900,0.019358480505713427,0.019173488749348298,282.3152160644531,282.4405212402344,275.77210235595703,252.750595703125,279.87710809321766,270.7298672100541,9.147240883163533,9.95986188716407,-0.8126210040005368,68.16759899245046,275.77210235595703,8.066767809698753,291.9056379753545,259.63856673655954,0.11700629238103923,20430740.0,0.9639836834103904,0.026427936289848908,0.019184945630269117,0.017106895926363278,-0.006061012484850359,0.018273487258805954,-0.003345218628738378,0,0.0,0.0,0.0,0.0,0.0,0.0,0.0,0.0,0.0,0.0,0.0,0.0,0.1,0.4333,0.0,0.0,0.0,0.0,0.0,1.0,0.0,0.0,0.0,0.0,0.0,2.0,0.0,0.0,0.0,0.0,281.0,292.0,289.0,40.0,42.0,40.0,0.1,0.4333,0.0,0.0,0.0,0.0,0.0,2.0,0.0
2023-07-03,284.4594421386719,287.82100545704844,283.29584274450883,285.1357550736224,8629300,-0.003345218628738378,-0.0033508263821754544,283.8169799804688,282.9397827148438,276.4389450073242,254.20163513183593,280.5820825617491,271.7468727603221,8.83520980142697,9.734931470016651,-0.899721668589681,63.48893343471349,276.4389450073242,8.212123360492438,292.86319172830906,260.01469828633935,0.118827299970702,17310060.0,0.4985135811198806,0.01867598885470035,0.01919677117008479,0.017151094309003738,0.02711248492857088,0.017864784857203997,0.029193769406770542,1,0.0,0.0,0.0,0.0,0.0,0.0,0.0,0.0,0.0,0.0,0.0,0.0,0.0,0.1,0.4333,0.0,0.0,0.0,0.0,0.0,1.0,0.0,0.0,0.0,0.0,0.0,2.0,0.0,0.0,0.0,0.0,281.0,292.0,0.0,40.0,42.0,0.0,0.1,0.4333,0.0,0.0,0.0,0.0,0.0,2.0
2023-07-05,292.7638854980469,296.49342515503747,284.7975790783721,286.0805492186769,33865500,0.029193769406770542,0.028775747585489963,285.2729919433594,283.9383087158203,277.58167572021483,255.82234436035156,282.45620609041026,273.30368851867206,9.152517571738201,9.618448690360962,-0.4659311186227608,68.1296233277582,277.58167572021483,8.82308814701019,295.2278520142352,259.93549942619444,0.1271422275857045,18861500.0,1.7954828619144818,0.018134150434816695,0.020899659642554167,0.018054477890785,0.025500778536300617,0.03531122620220617,-0.008085132864262268,0,0.0,0.0,0.0,0.0,0.0,0.0,0.0,0.0,0.0,0.0,0.0,0.0,0.0,0.0,0.1,0.0,0.0,0.0,0.0,0.0,0.0,0.0,0.0,0.0,0.0,0.0,0.0,0.0,0.0,0.0,0.0,0.0,281.0,0.0,0.0,40.0,0.0,0.0,0.1,0.0,0.0,0.0,0.0,0.0,0.0
2023-07-06,290.3968505859375,296.4934092748716,289.72056804861535,294.27559590231954,47600500,-0.008085132864262268,-0.008117994799580572,286.6056701660156,284.96766052246096,278.619482421875,257.39770141601565,283.6778437051068,274.56984867180284,9.10799503330395,9.51635795894956,-0.4083629256456103,64.5806900385531,278.619482421875,9.057476771583085,296.73443596504114,260.5045288787088,0.13003364578602725,25037180.0,1.901192546444927,0.018456997294561427,0.020807934941083423,0.01823115906978048,0.023484685682350515,0.036749002497813876,-0.005000039933903078,0,0.0,0.0,0.0,0.0,0.0,0.0,0.0,0.0,0.0,0.0,0.0,0.0,0.0,0.0,0.0,0.0,0.0,0.0,0.0,0.0,0.0,0.0,0.0,0.0,0.0,0.0,0.0,0.0,0.0,0.0,0.0,0.0,0.0,0.0,0.0,0.0,0.0,0.0,0.0,0.0,0.0,0.0,0.0,0.0,0.0
2023-07-07,288.9448547363281,294.58393232939386,287.0850623921171,290.58584619586304,25586000,-0.005000039933903078,-0.005012581958121045,288.395849609375,285.5295776367187,279.9586380004883,259.0482467651367,284.48815309452544,275.63466393584173,8.853489158683715,9.383784198896391,-0.5302950402126765,57.64501907702263,279.9586380004883,8.456107112822133,296.87085222613257,263.046423774844,0.12081937779404955,27075240.0,0.9449962401071976,0.016749809264583332,0.020784419485310998,0.01680984192708139,0.03196817994249934,0.01983290420869599,0.012287729011332127,1,0.05,0.0707,2.0,0.0,0.0,0.0,0.0,282.0,78.0,0.05,0.0707,0.0,0.0,0.0,0.0,0.0,0.0,0.0,0.0,0.0,0.0,0.0,0.0,0.0,0.0,0.0,0.0,0.0,0.0,0.0,0.0,0.0,0.0,0.0,0.0,0.0,0.0,0.0,0.0,0.0,0.0,0.0,0.0,0.0,0.0
2023-07-10,292.4953308105469,296.50334101678146,285.4837789738631,293.93740107618487,37058300,0.012287729011332127,0.012212847659670366,289.81207275390625,286.0636444091797,281.4265823364258,260.73300384521485,285.72002658929796,276.88360222285695,8.836424366441008,9.274312232405315,-0.4378878659643064,60.982559330074125,281.4265823364258,7.912995473173619,297.252573282773,265.60059139007853,0.1124697661106397,30547920.0,1.2131202386283584,0.015646989523404833,0.020713460588510913,0.016884245041963165,0.024809961621833354,0.01859857564984435,0.014246980563487721,1,0.4333,0.0,1.0,0.3333,0.0,2.0,1.0,292.0,42.0,0.4333,0.0,2.0,0.05,0.0,0.0,0.0707,0.0,0.0,0.0,0.0,0.0,0.0,0.0,0.0,0.0,0.0,0.0,0.0,0.0,0.0,282.0,0.0,0.0,78.0,0.0,0.0,0.05,0.0,0.0,0.0707,0.0,0.0,0.0,0.0,0.0
2023-07-11,296.6625061035156,298.5421782772223,290.3073560638248,292.2964438482307,27585900,0.014246980563487721,0.014146446085926351,292.252685546875,288.0348327636719,283.08448791503906,261.9210861206055,287.4034849761007,278.34870621401683,9.054778762083856,9.230405538341023,-0.17562677625716638,61.53723257763687,283.08448791503906,7.418504562637224,297.9214970403135,268.2474787897646,0.10482389363367318,34339240.0,0.8033346107834652,0.015271872608906976,0.016162305788111765,0.01696668753295578,0.042899134840090225,0.07117472191546192,0.03704440174438184,1,0.1167,0.0,1.0,0.0,0.0,0.0,0.0,183.0,27.0,0.1167,0.0,0.0,0.4333,0.05,0.0,0.0,0.0707,0.0,0.3333,0.0,0.0,0.0,0.0,0.0,2.0,0.0,0.0,1.0,0.0,0.0,292.0,282.0,0.0,42.0,78.0,0.0,0.4333,0.05,0.0,0.0,0.0707,0.0,2.0,0.0,0.0
2023-07-12,307.6521911621094,307.7616067682528,298.4626156931264,300.1036069767205,36677100,0.03704440174438184,0.036374745827740515,295.2303466796875,290.2516693115234,284.988542175293,263.29395416259763,290.5186705431789,280.51933472869035,9.999335814488575,9.384191593570533,0.615144220918042,70.11327070669532,284.988542175293,8.56585045811447,302.12024309152196,267.856841259064,0.12022729605523202,34901560.0,1.0508727976629124,0.0180741157967107,0.017264572897527745,0.017963971898135863,0.05085431093638704,0.0776519139934928,0.013157133806301902,1,0.05,0.0707,2.0,0.0,0.0,0.0,0.0,283.0,78.0,0.05,0.0707,0.0,0.1167,0.4333,0.05,0.0,0.0,0.0707,0.0,0.3333,0.0,0.0,0.0,0.0,0.0,2.0,0.0,0.0,1.0,0.0,183.0,292.0,282.0,27.0,42.0,78.0,0.1167,0.4333,0.05,0.0,0.0,0.0707,0.0,2.0,0.0
2023-07-13,311.70001220703125,314.51455813349736,308.5970400467626,311.9088579309916,30281000,0.013157133806301902,0.013071330518745337,299.49097900390626,293.04832458496094,287.081559753418,264.69089141845706,293.77733849146387,282.8290145419008,10.948323949563076,9.697018064769042,1.251305884794034,70.46921768872224,287.081559753418,9.707570717097253,306.4967011876125,267.6664183192235,0.13525871498587833,31437660.0,0.9632078214472706,0.014959498506891404,0.016620654539817713,0.017963656543677962,0.07335879014565783,0.0985662839566166,-0.014486009399452882,0,0.1167,0.0,1.0,0.0,0.0,0.0,0.0,188.0,27.0,0.1167,0.0,0.0,0.05,0.1167,0.4333,0.0707,0.0,0.0,0.0,0.0,0.3333,0.0,0.0,0.0,0.0,0.0,2.0,0.0,0.0,1.0,283.0,183.0,292.0,78.0,27.0,42.0,0.05,0.1167,0.4333,0.0707,0.0,0.0,0.0,0.0,2.0
2023-07-14,307.1847229003906,313.16194054427893,305.682952127045,310.0888040019676,23054100,-0.014486009399452882,-0.01459195604107232,303.1389526367187,295.76740112304685,288.84786529541014,266.07589233398437,295.84001301591417,284.6331410869741,11.206871928940075,9.99898883760325,1.207883091336825,64.30799025649722,288.84786529541014,10.001326180541005,308.8505176564922,268.8452129343281,0.13849956855748224,30931280.0,0.7453328798549559,0.018263273999749217,0.016823214984967243,0.018617434074927008,0.06312577595717017,0.09711197206447797,0.005665802588142421,1,0.0,0.0,1.0,0.0,0.0,0.0,0.0,182.0,26.0,0.0,0.0,0.0,0.1167,0.05,0.1167,0.0,0.0707,0.0,0.0,0.0,0.0,0.0,0.0,0.0,0.0,0.0,0.0,0.0,0.0,0.0,188.0,283.0,183.0,27.0,78.0,27.0,0.1167,0.05,0.1167,0.0,0.0707,0.0,0.0,0.0,0.0
2023-07-17,308.9251708984375,310.0092199302279,303.0474137674494,305.86198954128406,25323100,0.005665802588142421,0.005649812298775776,306.4249206542969,298.1184967041016,290.27950897216795,267.5396612548828,297.85311422861,286.432550702638,11.420563525972,10.283303775277,1.1372597506949997,75.98184988711981,290.27950897216795,10.734627606891266,311.74876418595045,268.81025375838544,0.147921258994833,28584240.0,0.8859112573921853,0.018516333019002122,0.016479711461152007,0.017684636309629964,0.056171290127473794,0.08237485930161847,0.004603837255479082,1,0.0,0.0,0.0,0.0,0.0,0.0,0.0,0.0,0.0,0.0,0.0,0.0,0.0,0.1167,0.05,0.0,0.0,0.0707,0.0,0.0,0.0,0.0,0.0,0.0,0.0,0.0,0.0,0.0,0.0,0.0,182.0,188.0,283.0,26.0,27.0,78.0,0.0,0.1167,0.05,0.0,0.0,0.0707,0.0,0.0,0.0
2023-07-18,310.347412109375,312.4857057769875,305.9415899130148,309.18381274201954,20731900,0.004603837255479082,0.00459327201144072,309.1619018554687,300.70729370117186,291.8235382080078,269.1016915893555,299.7753139025739,288.2040219179519,11.571291984622007,10.540901417146003,1.0303905674760045,72.84352912940403,291.8235382080078,11.303326233957554,314.4301906759229,269.21688574009266,0.15493371512616927,27213440.0,0.7618257743232756,0.01861190396658159,0.016054245031128945,0.017585898681348557,0.04612954358675925,0.0910075959372898,0.012690344348532001,1,0.0,0.0,0.0,0.0,0.0,0.0,0.0,0.0,0.0,0.0,0.0,0.0,0.0,0.0,0.1167,0.0,0.0,0.0,0.0,0.0,0.0,0.0,0.0,0.0,0.0,0.0,0.0,0.0,0.0,0.0,0.0,182.0,188.0,0.0,26.0,27.0,0.0,0.0,0.1167,0.0,0.0,0.0,0.0,0.0,0.0
2023-07-19,314.28582763671875,316.94124285384027,308.82576098550715,311.322075887528,21763700,0.012690344348532001,0.01261049674812409,310.48862915039064,302.85948791503904,293.3988983154297,270.75720977783203,302.00770063090386,290.1360075267494,11.871693104154474,10.807059754547698,1.0646333496067761,76.98516751105942,293.3988983154297,12.140942705929929,317.6807837272895,269.11701290356984,0.1655213128016225,24230760.0,0.8981847866100774,0.01122179957271379,0.014505616096468629,0.017603106044262535,0.021562129785430262,0.07351296797437623,-0.04268847226367911,0,0.0,0.0,0.0,0.0,0.0,0.0,0.0,0.0,0.0,0.0,0.0,0.0,0.0,0.0,0.0,0.0,0.0,0.0,0.0,0.0,0.0,0.0,0.0,0.0,0.0,0.0,0.0,0.0,0.0,0.0,0.0,0.0,182.0,0.0,0.0,26.0,0.0,0.0,0.0,0.0,0.0,0.0,0.0,0.0,0.0
2023-07-20,300.86944580078125,313.81842835712234,300.5710947354127,311.78955005939184,23836900,-0.04268847226367911,-0.043626415175746835,308.3225158691406,303.90674743652346,294.4372039794922,272.1346536254883,301.83258450319266,290.9310770285295,10.901507474663163,10.825949298570793,0.07555817609237003,65.74642484556236,294.4372039794922,11.827983640151512,318.0931712597952,270.7812366991892,0.1606859932140278,22941940.0,1.039009778597625,0.02242969706224683,0.021160935609952223,0.020425493918788028,-0.034746762855614954,0.036063046805477006,-0.027304087985564274,0,0.1005,0.1007,3.0,0.0,0.0,0.0,0.0,286.0,122.0,0.1005,0.1007,0.0,0.0,0.0,0.0,0.0,0.0,0.0,0.0,0.0,0.0,0.0,0.0,0.0,0.0,0.0,0.0,0.0,0.0,0.0,0.0,0.0,0.0,0.0,0.0,0.0,0.0,0.0,0.0,0.0,0.0,0.0,0.0,0.0,0.0
2023-07-21,292.65447998046875,303.7933527743912,289.61117825909304,302.9082245396203,42139300,-0.027304087985564274,-0.02768377183538908,305.4164672851563,304.2777099609375,294.9036437988281,273.3458093261719,300.4205684227736,291.05873650645094,9.361831916322672,10.53312582212117,-1.171293905798498,55.240405875287315,294.9036437988281,11.547347930459908,317.99833965974796,271.8089479379083,0.1566253679569599,26758980.0,1.5747722820526044,0.024185469392510164,0.02325751902987947,0.02146990103292212,-0.047301320139652714,0.012838523279903313,-0.00900570215841956,0,0.0671,0.1163,3.0,0.0,0.0,0.0,0.0,292.3333,120.0,0.0671,0.1163,0.0,0.1005,0.0,0.0,0.1007,0.0,0.0,0.0,0.0,0.0,0.0,0.0,0.0,0.0,0.0,0.0,0.0,0.0,0.0,286.0,0.0,0.0,122.0,0.0,0.0,0.1005,0.0,0.0,0.1007,0.0,0.0,0.0,0.0,0.0
2023-07-24,290.0189208984375,295.89667876233364,286.72698314478856,294.1661821555769,24915700,-0.00900570215841956,-0.009046498612617854,301.6352172851563,304.0300689697266,295.04685668945314,274.51002197265626,298.8203149574911,290.9817131280796,7.838601829411516,9.99422102357924,-2.1556191941677234,53.92829772543296,295.04685668945314,11.463643348014044,317.9741433854812,272.11956999342505,0.15541454637600047,26677500.0,0.9339593290225846,0.022746884379465107,0.023136768060537875,0.02141593057969781,-0.06120009562514939,-0.008466493824865085,0.009807604484318055,1,0.0,0.0,0.0,0.0,0.0,0.0,0.0,0.0,0.0,0.0,0.0,0.0,0.0671,0.1005,0.0,0.1163,0.1007,0.0,0.0,0.0,0.0,0.0,0.0,0.0,0.0,0.0,0.0,0.0,0.0,0.0,292.3333,286.0,0.0,120.0,122.0,0.0,0.0671,0.1005,0.0,0.1163,0.1007,0.0,0.0,0.0,0.0
2023-07-25,292.8633117675781,296.6724011380719,290.26753668681005,293.57938451216233,19585600,0.009807604484318055,0.00975982209794141,298.1383972167969,303.6501495361328,295.84249114990234,275.6772183227539,297.90385292827375,291.1210908050795,6.782762123194232,9.351929243502239,-2.5691671203080073,50.07612818322358,295.84249114990234,10.666032538693132,317.17455622728863,274.51042607251605,0.14421231375162677,26448240.0,0.740525645562805,0.023810178573937534,0.022861023706539616,0.019708425256244368,-0.05633718748598748,-0.01280645264491842,0.013923344286928208,1,0.1341,0.0953,2.0,0.5,0.7071,2.0,0.0,276.5,82.0,0.1341,0.0953,2.0,0.0,0.0671,0.1005,0.0,0.1163,0.1007,0.0,0.0,0.0,0.0,0.0,0.0,0.0,0.0,0.0,0.0,0.0,0.0,0.0,292.3333,286.0,0.0,120.0,122.0,0.0,0.0671,0.1005,0.0,0.1163,0.1007,0.0,0.0,0.0
2023-07-26,296.9409484863281,300.1234704232126,290.30732801186014,299.5466483759436,47256900,0.013923344286928208,0.013827304961198304,294.66942138671874,302.5790252685547,296.41534729003905,276.9653515625,297.75571378335906,291.5521913740609,6.203522409298159,8.722247876661424,-2.5187254673632644,54.88274552397346,296.41534729003905,10.38435596498777,317.1840592200146,275.6466353600635,0.14013250069439626,31546880.0,1.4979896585652843,0.02412506469852683,0.01950249802706996,0.018793903953162522,-0.05518823193783806,-0.03481607797207997,0.044009960369617795,1,0.0,0.0,0.0,0.0,0.0,0.0,0.0,0.0,0.0,0.0,0.0,0.0,0.1341,0.0,0.0671,0.0953,0.0,0.1163,0.5,0.0,0.0,0.7071,0.0,0.0,2.0,0.0,0.0,0.0,0.0,0.0,276.5,0.0,292.3333,82.0,0.0,120.0,0.1341,0.0,0.0671,0.0953,0.0,0.1163,2.0,0.0,0.0
2023-07-27,310.0093078613281,323.5749028576306,308.14951540078744,323.3461468067282,64229200,0.044009960369617795,0.04306902999886099,296.4973937988281,302.4099548339844,297.72913970947263,278.4144030761719,299.64088210304664,292.91938518793256,6.7214969151140735,8.322097684351954,-1.6006007692378805,63.394863594552326,297.72913970947263,10.35757186114745,318.44428343176753,277.01399598717774,0.1391542913300926,39625340.0,1.6209122748221214,0.026720582316815483,0.02426533424629579,0.020863226586860104,0.030378166304726006,-0.005424139491467694,0.04417562437336242,1,0.0667,0.0,1.0,1.0,0.0,2.0,0.0,262.0,40.0,0.0667,0.0,2.0,0.0,0.1341,0.0,0.0,0.0953,0.0,0.0,0.5,0.0,0.0,0.7071,0.0,0.0,2.0,0.0,0.0,0.0,0.0,0.0,276.5,0.0,0.0,82.0,0.0,0.0,0.1341,0.0,0.0,0.0953,0.0,0.0,2.0,0.0
2023-07-28,323.70416259765625,324.42023542655505,312.53542356733675,315.15107890555146,39220300,0.04417562437336242,0.04322769789246449,302.70733032226565,304.06189880371096,299.9146499633789,280.13814666748044,303.3429252560635,295.19973907013434,8.143186185929153,8.286315384667393,-0.14312919873824015,67.57784071825945,299.9146499633789,11.009428083168011,321.93350612971494,277.89579379704287,0.14683414877549095,39041540.0,1.0045787128274142,0.023137555249325543,0.027344380111755693,0.02218428789274068,0.10609672751040655,0.05377689209701453,-0.021138029881387466,0,0.25,0.2593,2.0,0.6667,0.4714,4.0,1.0,279.0,82.0,0.25,0.2593,4.0,0.0667,0.0,0.1341,0.0,0.0,0.0953,1.0,0.0,0.5,0.0,0.0,0.7071,2.0,0.0,2.0,0.0,0.0,0.0,262.0,0.0,276.5,40.0,0.0,82.0,0.0667,0.0,0.1341,0.0,0.0,0.0953,2.0,0.0,2.0
2023-07-31,316.8616943359375,323.88317188009285,315.8571952791239,321.9239191723793,25799600,-0.021138029881387466,-0.021364637077536764,308.0758850097656,304.8555511474609,301.4870239257813,281.65204162597655,305.42273588373644,296.8043283490827,8.618407534653727,8.35273381466466,0.2656737199890671,61.0440217781241,301.4870239257813,11.074948334167038,323.63692059411534,279.3371272574472,0.1469376451424777,39218320.0,0.657845619088222,0.02728131221765106,0.028619839344222728,0.02288327200209204,0.09255524899666856,0.025690763282313567,-0.016980573102528762,0,0.0,0.0,0.0,0.0,0.0,0.0,0.0,0.0,0.0,0.0,0.0,0.0,0.25,0.0667,0.0,0.2593,0.0,0.0,0.6667,1.0,0.0,0.4714,0.0,0.0,4.0,2.0,0.0,1.0,0.0,0.0,279.0,262.0,0.0,82.0,40.0,0.0,0.25,0.0667,0.0,0.2593,0.0,0.0,4.0,2.0,0.0
2023-08-03,311.481201171875,314.2261520015357,308.2389784006712,308.2389784006712,15180200,-0.016980573102528762,-0.017126396164056788,311.799462890625,304.96893005371095,302.8381118774414,282.97160247802736,306.354807466527,297.891504113734,8.463303352792991,8.374847722290326,0.08845563050266492,52.230335578677774,302.8381118774414,10.522835808829607,323.8837834951006,281.7924402597822,0.13898958415231685,38337240.0,0.3959648634069641,0.03161655310634894,0.02928390449039019,0.023358470900835406,0.06357194177696246,0.003653289888237987,-0.007854709141600136,0,0.4333,0.0,1.0,1.0,0.0,2.0,0.0,292.0,42.0,0.4333,0.0,2.0,0.0,0.25,0.0667,0.0,0.2593,0.0,0.0,0.6667,1.0,0.0,0.4714,0.0,0.0,4.0,2.0,0.0,1.0,0.0,0.0,279.0,262.0,0.0,82.0,40.0,0.0,0.25,0.0667,0.0,0.2593,0.0,0.0,4.0,2.0
2023-08-04,309.0346069335937,316.6726960588742,308.5074999318742,313.24150779697527,17612800,-0.007854709141600136,-0.007885719862986848,314.2181945800781,304.4438079833984,303.6516479492187,284.2662997436523,306.7670843076142,298.71691913742734,8.050165170186858,8.309911211869633,-0.2597460416827744,48.417933611900644,303.6516479492187,10.330183395651611,324.31201474052193,282.9912811579155,0.13607939842143288,32408420.0,0.5434637048026408,0.0328969597169001,0.029072976751838845,0.022784621141564616,0.040727486420830905,-0.01670842348384516,0.01876235749442623,1,0.05,0.0707,2.0,0.0,0.0,0.0,0.0,232.5,65.0,0.05,0.0707,0.0,0.4333,0.0,0.25,0.0,0.0,0.2593,1.0,0.0,0.6667,0.0,0.0,0.4714,2.0,0.0,4.0,0.0,0.0,1.0,292.0,0.0,279.0,42.0,0.0,82.0,0.4333,0.0,0.25,0.0,0.0,0.2593,2.0,0.0,4.0
2023-08-07,314.83282470703125,315.3400518247285,308.7661006512084,311.52100676772005,16236500,0.01876235749442623,0.018588515555245388,315.1828979492187,305.84014587402345,304.8734466552734,285.62365295410154,308.007967445986,299.91068992036094,8.097277525625088,8.267384474620723,-0.1701069489956346,54.47147450731581,304.8734466552734,10.122965837908021,325.1193783310895,284.6275149794574,0.13281531663666687,22809880.0,0.7118187381959046,0.027580810672857586,0.025646508019374573,0.022890666228362094,0.01555926458782575,0.046410092819779925,-0.012383145274310614,0,0.2861,0.17,3.0,0.4444,0.5092,5.0,1.0,265.6667,114.0,0.2861,0.17,5.0,0.05,0.4333,0.0,0.0707,0.0,0.0,0.0,1.0,0.0,0.0,0.0,0.0,0.0,2.0,0.0,0.0,0.0,0.0,232.5,292.0,0.0,65.0,42.0,0.0,0.05,0.4333,0.0,0.0707,0.0,0.0,0.0,2.0,0.0
2023-08-08,310.9342041015625,316.1555593185805,308.4179790218584,312.68458064034974,15183500,-0.012383145274310614,-0.012460455308331415,312.62890625,307.6681182861328,305.97291412353513,286.93446197509763,308.4581577006901,300.72724652637584,7.730911174314258,8.16008981455943,-0.4291786402451727,51.145672645864764,305.97291412353513,9.475315508649885,324.9235451408349,287.02228310623536,0.1238712980303122,18002520.0,0.843409700419719,0.015721660392794334,0.023946314532173437,0.023106981828468848,-0.03944947260985954,0.06246179495462956,-0.023765366545578148,0,0.05,0.0707,2.0,0.0,0.0,0.0,0.0,282.0,78.0,0.05,0.0707,0.0,0.2861,0.05,0.4333,0.17,0.0707,0.0,0.4444,0.0,1.0,0.5092,0.0,0.0,5.0,0.0,2.0,1.0,0.0,0.0,265.6667,232.5,292.0,114.0,65.0,42.0,0.2861,0.05,0.4333,0.17,0.0707,0.0,5.0,0.0,2.0
2023-08-09,303.54473876953125,311.9188118599063,301.1976297066047,311.1729039261857,19955800,-0.023765366545578148,-0.0240523183317159,309.96551513671875,309.0207000732422,306.5253845214844,288.0483511352539,307.70224709589644,300.93594965549846,6.766297440397977,7.88133133972714,-1.1150338993291626,46.36789473787121,306.5253845214844,8.95602352010209,324.4374315616886,288.6133374812802,0.11687154111667857,16833760.0,1.185463021927365,0.01630695687481613,0.025407010766324938,0.023815821194040427,-0.04202766003102787,0.04663770842672155,0.0017364807952582328,1,0.1515,0.172,5.0,0.6,0.5477,7.0,0.0,282.0,204.0,0.1515,0.172,7.0,0.05,0.2861,0.05,0.0707,0.17,0.0707,0.0,0.4444,0.0,0.0,0.5092,0.0,0.0,5.0,0.0,0.0,1.0,0.0,282.0,265.6667,232.5,78.0,114.0,65.0,0.05,0.2861,0.05,0.0707,0.17,0.0707,0.0,5.0,0.0
2023-08-10,304.07183837890625,310.6358341050445,302.2120461658991,306.25984707130925,14358900,0.0017364807952582328,0.001734974855586919,308.483642578125,310.141552734375,306.8958511352539,289.10356201171874,307.143722677898,301.1682377090842,5.97548496881376,7.500162065544464,-1.524677096730704,44.3403462634232,306.8958511352539,8.675420197035773,324.24669152932546,289.54501074118235,0.11307315058113811,16669500.0,0.8613875641141006,0.016002981073646186,0.025360379728232962,0.02364433051858062,-0.023787511943233697,0.0382722115094547,-0.013410009367887388,0,0.0,0.0,0.0,0.0,0.0,0.0,0.0,0.0,0.0,0.0,0.0,0.0,0.1515,0.05,0.2861,0.172,0.0707,0.17,0.6,0.0,0.4444,0.5477,0.0,0.5092,7.0,0.0,5.0,0.0,0.0,1.0,282.0,282.0,265.6667,204.0,78.0,114.0,0.1515,0.05,0.2861,0.172,0.0707,0.17,7.0,0.0,5.0
2023-08-11,299.9942321777344,303.0574139904705,298.72118686732165,300.91915070695234,14046300,-0.013410009367887388,-0.013500735549073094,306.6755676269531,310.44688110351564,306.51295318603513,289.8912414550781,306.04380106248817,301.08127433639163,4.9625267260965416,6.99263499765488,-2.0301082715583387,49.459052342849034,306.51295318603513,8.808260099163602,324.1294733843623,288.89643298770795,0.11494796559305603,15956200.0,0.880303581053133,0.016462925586378917,0.0256491729869128,0.02230589620377197,-0.02925359993032084,0.010282460896587464,0.015084111622832852,1,0.0,0.0,0.0,0.0,0.0,0.0,0.0,0.0,0.0,0.0,0.0,0.0,0.0,0.1515,0.05,0.0,0.172,0.0707,0.0,0.6,0.0,0.0,0.5477,0.0,0.0,7.0,0.0,0.0,0.0,0.0,0.0,282.0,282.0,0.0,204.0,78.0,0.0,0.1515,0.05,0.0,0.172,0.0707,0.0,7.0,0.0
2023-08-14,304.5193786621094,304.539258612385,296.6226981998028,299.3378137903468,15641900,0.015084111622832852,0.014971477654262398,304.6128784179688,309.89788818359375,306.15392150878904,290.7598760986328,305.809274539353,301.33594873088924,4.4733258084637555,6.488773159816656,-2.0154473513529005,57.68387167413137,306.15392150878904,8.731715201089033,323.6173519109671,288.690491106611,0.11408268309035345,15837280.0,0.9876632856147015,0.01511749547836679,0.021612737955828975,0.022374431885907806,-0.03275848398120207,-0.017708917313135952,-0.013847584770081967,0,0.0,0.0,0.0,0.0,0.0,0.0,0.0,0.0,0.0,0.0,0.0,0.0,0.0,0.0,0.1515,0.0,0.0,0.172,0.0,0.0,0.6,0.0,0.0,0.5477,0.0,0.0,7.0,0.0,0.0,0.0,0.0,0.0,282.0,0.0,0.0,204.0,0.0,0.0,0.1515,0.0,0.0,0.172,0.0,0.0,7.0
2023-08-15,300.3025207519531,305.553710945325,298.392983249332,304.46966181584685,11623600,-0.013847584770081967,-0.013944356984969188,302.4865417480469,307.55772399902344,305.8098114013672,291.5004132080078,304.9620816489838,301.2593985102273,3.7026831387565267,5.931555155604631,-2.228872016848104,56.52613626812212,305.8098114013672,8.824076694485935,323.4579647903391,288.1616580123953,0.11541914438977334,15125300.0,0.7684872366167944,0.015272213266798468,0.014623236802734038,0.022354517146147394,-0.03419271089949527,-0.07229329909726823,-0.02536850199785312,0,0.0667,0.0,1.0,1.0,0.0,2.0,0.0,262.0,40.0,0.0667,0.0,2.0,0.0,0.0,0.0,0.0,0.0,0.0,0.0,0.0,0.0,0.0,0.0,0.0,0.0,0.0,0.0,0.0,0.0,0.0,0.0,0.0,0.0,0.0,0.0,0.0,0.0,0.0,0.0,0.0,0.0,0.0,0.0,0.0,0.0
2023-08-16,292.6842956542969,299.4372260248089,292.6743405042185,298.562052998868,18547700,-0.02536850199785312,-0.02569583019271132,300.314453125,305.1399841308594,304.99776763916014,291.9316473388672,303.07319149595503,300.6242057060843,2.448985789870733,5.235041282457852,-2.786055492587119,49.892883803212975,304.99776763916014,9.258872439276361,323.51551251771286,286.4800227606074,0.12142872403224197,14843680.0,1.249535155702629,0.015726441257741516,0.015118302403368407,0.022944394503955755,-0.035778722962746645,-0.07630268698875187,-0.03126160306272374,0,0.0667,0.0,1.0,1.0,0.0,2.0,0.0,268.0,42.0,0.0667,0.0,2.0,0.0667,0.0,0.0,0.0,0.0,0.0,1.0,0.0,0.0,0.0,0.0,0.0,2.0,0.0,0.0,0.0,0.0,0.0,262.0,0.0,0.0,40.0,0.0,0.0,0.0667,0.0,0.0,0.0,0.0,0.0,2.0,0.0,0.0
2023-08-17,283.5345153808594,294.434707971661,283.3952950181176,291.451076286688,23950100,-0.03126160306272374,-0.03176067574137906,296.2069885253906,302.34531555175784,303.65712280273436,292.1798858642578,300.06724132440183,299.3583027190306,0.7089386053712587,4.329820747040533,-3.6208821416692745,42.43717703639229,303.65712280273436,10.323487752351495,324.30409830743736,283.01014729803137,0.1359887448984093,16761920.0,1.4288398942364597,0.01784079850840553,0.016675863379736425,0.02375163728726852,-0.06754102289622477,-0.08972190195065632,-0.006454085677115584,0,0.1,0.0,1.0,0.0,0.0,0.0,0.0,281.0,40.0,0.1,0.0,0.0,0.0667,0.0667,0.0,0.0,0.0,0.0,1.0,1.0,0.0,0.0,0.0,0.0,2.0,2.0,0.0,0.0,0.0,0.0,268.0,262.0,0.0,42.0,40.0,0.0,0.0667,0.0667,0.0,0.0,0.0,0.0,2.0,2.0,0.0
2023-08-18,281.7045593261719,284.1312488672527,272.88295980026686,277.507582859326,35347900,-0.006454085677115584,-0.006475003339577694,292.54905395507814,299.6123107910156,302.028059387207,292.41579162597657,297.24221332467414,298.05061802326327,-0.8084046985891291,3.3021756579146007,-4.11058035650373,31.714188601990813,302.028059387207,11.099507605471354,324.2270745981497,279.8290441762643,0.14699968775075342,21022240.0,1.681452594966093,0.018143616393952802,0.016694576992324045,0.02341678545417397,-0.060966748323103115,-0.08843685138892743,0.023477355121036547,1,0.2014,0.0,1.0,0.0,0.0,0.0,0.0,287.0,40.0,0.2014,0.0,0.0,0.1,0.0667,0.0667,0.0,0.0,0.0,0.0,1.0,1.0,0.0,0.0,0.0,0.0,2.0,2.0,0.0,0.0,0.0,281.0,268.0,262.0,40.0,42.0,40.0,0.1,0.0667,0.0667,0.0,0.0,0.0,0.0,2.0,2.0
2023-08-21,288.3182373046875,288.914969646115,280.3121719729933,281.9034480997776,20181500,0.023477355121036547,0.023206000931639534,289.30882568359374,296.9608520507812,301.40049896240237,292.78934204101563,295.8692939369839,297.3297009329984,-1.4604069960144557,2.3496591271287897,-3.8100661231432453,24.837286940942448,301.40049896240237,11.515487299034964,324.4314735604723,278.36952436433245,0.15282638666728202,21930160.0,0.9202623236674972,0.021412442278155433,0.017610106687502937,0.022497288050957718,-0.05320233289782994,-0.08421798910903588,-0.007933645031146463,0,0.1125,0.0177,2.0,0.0,0.0,0.0,0.0,253.0,72.0,0.1125,0.0177,0.0,0.2014,0.1,0.0667,0.0,0.0,0.0,0.0,0.0,1.0,0.0,0.0,0.0,0.0,0.0,2.0,0.0,0.0,0.0,287.0,281.0,268.0,40.0,40.0,42.0,0.2014,0.1,0.0667,0.0,0.0,0.0,0.0,0.0,2.0
2023-08-22,286.03082275390625,291.301893118428,285.18545439516254,290.95379669411346,12980200,-0.007933645031146463,-0.007965283844736446,286.45448608398436,294.47051391601565,301.0693161010742,293.2667236328125,294.3556829857412,296.49274699380635,-2.137064008065124,1.4523145000900066,-3.589378508155131,26.557734467671224,301.0693161010742,11.87004847220935,324.80941304549293,277.3292191566555,0.15770519063090946,22201480.0,0.5846547167125795,0.02135774688788934,0.017560580618619655,0.02175015285462974,-0.047524402933118104,-0.08009212566245005,0.023087474225561122,1,0.2116,0.2168,3.0,0.3333,0.5774,2.0,0.0,287.0,122.0,0.2116,0.2168,2.0,0.1125,0.2014,0.1,0.0177,0.0,0.0,0.0,0.0,0.0,0.0,0.0,0.0,0.0,0.0,0.0,0.0,0.0,0.0,253.0,287.0,281.0,72.0,40.0,40.0,0.1125,0.2014,0.1,0.0177,0.0,0.0,0.0,0.0,0.0
2023-08-23,292.6345520019531,295.77731398766866,286.10042243668545,286.9258804192973,18287000,0.023087474225561122,0.022824990865795255,286.4445373535156,293.37949523925784,301.20009765625,293.85668579101565,294.09089360362,296.2069547721876,-2.116061168567626,0.73863936635848,-2.854700534926106,35.93163905618489,301.20009765625,11.755748647250424,324.71159495075085,277.6886003617492,0.15611878931947587,22149340.0,0.8256227950810272,0.023269807770072353,0.019119689711764844,0.022299255704838008,-0.00016995668398456232,-0.035942598813619275,-0.025455391874626976,0,0.0,0.0,0.0,0.0,0.0,0.0,0.0,0.0,0.0,0.0,0.0,0.0,0.2116,0.1125,0.2014,0.2168,0.0177,0.0,0.3333,0.0,0.0,0.5774,0.0,0.0,2.0,0.0,0.0,0.0,0.0,0.0,287.0,253.0,287.0,122.0,72.0,40.0,0.2116,0.1125,0.2014,0.2168,0.0177,0.0,2.0,0.0,0.0
2023-08-24,285.1854248046875,297.82606756800186,285.07603955897645,296.87131405126144,18360900,-0.025455391874626976,-0.02578498568416051,286.77471923828125,291.49085388183596,300.81620330810546,294.29030639648437,292.7208214807073,295.39054514496536,-2.669723664258072,0.056966760235169486,-2.7266904244932415,33.43459942801478,300.81620330810546,12.160711434061001,325.13762617622746,276.49478043998346,0.16170287770842737,21031500.0,0.873019042864275,0.021376133432699777,0.020197193689295168,0.02292514978871118,0.005822604777448559,-0.0621116828013657,-0.0043590360404051065,0,0.0556,0.0509,3.0,0.3333,0.5774,2.0,0.0,282.6667,120.0,0.0556,0.0509,2.0,0.0,0.2116,0.1125,0.0,0.2168,0.0177,0.0,0.3333,0.0,0.0,0.5774,0.0,0.0,2.0,0.0,0.0,0.0,0.0,0.0,287.0,253.0,0.0,122.0,72.0,0.0,0.2116,0.1125,0.0,0.2168,0.0177,0.0,2.0,0.0
2023-08-25,283.9422912597656,286.81653777833526,274.52395905367376,284.56885879017057,23701400,-0.0043590360404051065,-0.004368564337548044,287.222265625,289.8856597900391,300.16627044677733,294.5777301025391,291.3702783697932,294.5425263386543,-3.172247968861086,-0.5888761855840818,-2.5833717832770042,27.09431506362634,300.16627044677733,12.713519953316686,325.5933103534107,274.739230540144,0.1694197010795844,18702200.0,1.26730545069564,0.021204902293355032,0.02004079400155056,0.022658371587832078,0.0079435417692435,-0.053507498465699244,0.016672432866760234,1,0.0,0.0,0.0,0.0,0.0,0.0,0.0,0.0,0.0,0.0,0.0,0.0,0.0556,0.0,0.2116,0.0509,0.0,0.2168,0.3333,0.0,0.3333,0.5774,0.0,0.5774,2.0,0.0,2.0,0.0,0.0,0.0,282.6667,0.0,287.0,120.0,0.0,122.0,0.0556,0.0,0.2116,0.0509,0.0,0.2168,2.0,0.0,2.0
2023-08-28,288.6763000488281,289.85980962740086,284.24061274129133,286.4286212943843,14239300,0.016672432866760234,0.016534973607349873,287.29387817382815,288.3013519287109,299.09962005615233,294.954462890625,290.9558201665678,294.1079910579264,-3.152170891358651,-1.101535126738996,-2.050635764619655,33.69748068210012,299.09962005615233,12.739117906233234,324.5778558686188,273.62138424368584,0.17036621984129077,17513760.0,0.8130350079023579,0.0196221359862965,0.020225765084034387,0.0204544978734299,0.001241901128031131,-0.05202650380703855,0.02663133652488625,1,0.0,0.0,0.0,0.0,0.0,0.0,0.0,0.0,0.0,0.0,0.0,0.0,0.0,0.0556,0.0,0.0,0.0509,0.0,0.0,0.3333,0.0,0.0,0.5774,0.0,0.0,2.0,0.0,0.0,0.0,0.0,0.0,282.6667,0.0,0.0,120.0,0.0,0.0,0.0556,0.0,0.0,0.0509,0.0,0.0,2.0,0.0
2023-08-29,296.3641357421875,297.5178103421579,286.6076622250773,287.00547372653244,20844500,0.02663133652488625,0.026282895249490436,289.36054077148435,287.9075134277344,297.7326187133789,295.4445733642578,291.7878687166631,294.2751128863902,-2.4872441697270915,-1.378676935336615,-1.1085672343904764,44.763545692956576,297.7326187133789,11.351194889298064,320.435008491975,275.03022893478277,0.15250186477183572,19086620.0,1.0921001203984781,0.02190682000099791,0.02224065449990212,0.018600749790507992,0.036126571565931354,-0.013114725110878078,-0.009698226594695214,0,0.0,0.0,0.0,0.0,0.0,0.0,0.0,0.0,0.0,0.0,0.0,0.0,0.0,0.0,0.0556,0.0,0.0,0.0509,0.0,0.0,0.3333,0.0,0.0,0.5774,0.0,0.0,2.0,0.0,0.0,0.0,0.0,0.0,282.6667,0.0,0.0,120.0,0.0,0.0,0.0556,0.0,0.0,0.0509,0.0,0.0,2.0
2023-08-30,293.48992919921875,296.6625268654663,291.8290274285303,295.5486424844151,17717000,-0.009698226594695214,-0.009745560680653128,289.5316162109375,287.9880767822266,296.564030456543,295.7085260009766,292.04972417551784,294.2169511317849,-2.1672269562670863,-1.5363869395227094,-0.6308400167443768,42.53856727615142,296.564030456543,10.445119214611282,317.45426888576554,275.6737920273204,0.14088180820218327,18972620.0,0.9338193670668574,0.020888737169604068,0.020848981044718353,0.018225819921498493,0.0029230218763092175,0.0027525684052192023,0.002677008546670745,1,0.0,0.0,0.0,0.0,0.0,0.0,0.0,0.0,0.0,0.0,0.0,0.0,0.0,0.0,0.0,0.0,0.0,0.0,0.0,0.0,0.0,0.0,0.0,0.0,0.0,0.0,0.0,0.0,0.0,0.0,0.0,0.0,0.0,0.0,0.0,0.0,0.0,0.0,0.0,0.0,0.0,0.0,0.0,0.0,0.0
2023-08-31,294.2756042480469,299.45716938261864,294.04684822846366,294.18606858959254,17229900,0.002677008546670745,0.0026734317412949672,291.3496520996094,289.0621856689453,295.70375061035156,296.00470153808595,292.3921672635992,294.2212958070636,-1.8291285434643783,-1.5949352603110434,-0.23419328315333487,45.7714200092791,295.70375061035156,9.843039423683313,315.3898294577182,276.01767176298495,0.13314730575268852,18746420.0,0.9191034874925452,0.015029962624520679,0.017622172092989916,0.017998633350864744,0.03187462840916533,0.03788282655026842,0.0016560503080891298,1,0.0,0.0,0.0,0.0,0.0,0.0,0.0,0.0,0.0,0.0,0.0,0.0,0.0,0.0,0.0,0.0,0.0,0.0,0.0,0.0,0.0,0.0,0.0,0.0,0.0,0.0,0.0,0.0,0.0,0.0,0.0,0.0,0.0,0.0,0.0,0.0,0.0,0.0,0.0,0.0,0.0,0.0,0.0,0.0,0.0
2023-09-01,294.762939453125,300.09368043302663,292.8633568749001,297.736616138126,12842300,0.0016560503080891298,0.001654680568807264,293.51378173828124,290.36802368164064,294.99016723632815,296.2443878173828,292.7569014466032,294.2614175586237,-1.5045161120204966,-1.5768514306529342,0.07233531863243758,42.32754685682826,294.99016723632815,9.32967096931096,313.6495091749501,276.3308252977062,0.12650822983989976,16574600.0,0.7748180951576509,0.01417123036476391,0.0172777788965154,0.017980436614440196,0.03810861758335271,0.04635487674813765,0.012720120694182047,1,0.0,0.0,0.0,0.0,0.0,0.0,0.0,0.0,0.0,0.0,0.0,0.0,0.0,0.0,0.0,0.0,0.0,0.0,0.0,0.0,0.0,0.0,0.0,0.0,0.0,0.0,0.0,0.0,0.0,0.0,0.0,0.0,0.0,0.0,0.0,0.0,0.0,0.0,0.0,0.0,0.0,0.0,0.0,0.0,0.0
2023-09-05,298.5123596191406,299.74561475213886,293.89769148766004,295.3994322088871,14956000,0.012720120694182047,0.012639899524663573,295.4809936523437,291.38743591308594,294.1741439819336,296.612568359375,293.64235655007053,294.576302155699,-0.9339456056284803,-1.4482702656480435,0.5143246600195632,48.58179279185186,294.1741439819336,8.140766006128146,310.45567599418985,277.8926119696773,0.11069315468633557,16717940.0,0.894607828476475,0.013638002580366354,0.016283358647443232,0.017657409685766696,0.034072972282964686,0.03535718867370918,-0.0032650923110848495,0,0.0,0.0,0.0,0.0,0.0,0.0,0.0,0.0,0.0,0.0,0.0,0.0,0.0,0.0,0.0,0.0,0.0,0.0,0.0,0.0,0.0,0.0,0.0,0.0,0.0,0.0,0.0,0.0,0.0,0.0,0.0,0.0,0.0,0.0,0.0,0.0,0.0,0.0,0.0,0.0,0.0,0.0,0.0,0.0,0.0
2023-09-06,297.5376892089844,301.6451297075991,294.0468306740688,300.06380866941623,15418100,-0.0032650923110848495,-0.003270434356334828,295.7157043457031,292.5381225585937,293.5043182373047,296.89680847167966,294.2416384975957,294.7956641596461,-0.5540256620503783,-1.2694213449285106,0.7153956828781323,54.29732253643521,293.5043182373047,7.1840827084735395,307.87248365425177,279.1361528203576,0.09790769351018612,15632660.0,0.9862748885986135,0.008262587105777921,0.015980045396429297,0.01750613001887364,0.00395983631372232,0.04022946318963094,-0.0016712283384693327,0,0.1,0.0,1.0,0.0,0.0,0.0,0.0,281.0,40.0,0.1,0.0,0.0,0.0,0.0,0.0,0.0,0.0,0.0,0.0,0.0,0.0,0.0,0.0,0.0,0.0,0.0,0.0,0.0,0.0,0.0,0.0,0.0,0.0,0.0,0.0,0.0,0.0,0.0,0.0,0.0,0.0,0.0,0.0,0.0,0.0
2023-09-07,297.0404357910156,305.3746880609344,290.625615585781,296.3740780329135,33748700,-0.0016712283384693327,-0.0016726263984177135,296.4258056640625,292.9787109375,293.1791030883789,297.09452392578123,294.6722226965834,294.96194353974755,-0.2897208431641616,-1.0734812445756408,0.7837604014114792,64.12237807314143,293.1791030883789,6.84485449428012,306.86881207693915,279.48939409981864,0.09338802693883329,18839000.0,1.7914273581400286,0.006241004043783383,0.014560561990855035,0.01674447945136705,0.012097541477775309,0.015055924732473525,-0.00261151757434519,0,0.4333,0.0,1.0,0.3333,0.0,2.0,1.0,292.0,42.0,0.4333,0.0,2.0,0.1,0.0,0.0,0.0,0.0,0.0,0.0,0.0,0.0,0.0,0.0,0.0,0.0,0.0,0.0,0.0,0.0,0.0,281.0,0.0,0.0,40.0,0.0,0.0,0.1,0.0,0.0,0.0,0.0,0.0,0.0,0.0,0.0
2023-09-08,296.26470947265625,303.5845383177992,295.1607499143975,297.58743956114154,17548000,-0.00261151757434519,-0.0026149335348891562,296.82362670898436,294.0866394042969,292.7887466430664,297.4808056640625,294.91722066213305,295.058444719963,-0.14122405782995884,-0.8870298072265044,0.7458057493965455,65.56795274146614,292.7887466430664,6.399055643611623,305.5868579302897,279.99063535584315,0.08742215289322725,18902620.0,0.9283369183742782,0.006623681064773287,0.011264834801594358,0.01673600006981525,0.006759327636730372,0.03884940710261242,0.03246157139234218,1,0.0,0.0,1.0,0.0,0.0,0.0,0.0,134.0,19.0,0.0,0.0,0.0,0.4333,0.1,0.0,0.0,0.0,0.0,0.3333,0.0,0.0,0.0,0.0,0.0,2.0,0.0,0.0,1.0,0.0,0.0,292.0,281.0,0.0,42.0,40.0,0.0,0.4333,0.1,0.0,0.0,0.0,0.0,2.0,0.0,0.0
2023-09-11,305.8819274902344,307.353863427282,299.63619284822624,299.7654884147937,19489300,0.03246157139234218,0.03194582616993934,299.04742431640625,296.2806030273438,293.08313140869143,297.88876770019533,296.60409863568714,295.86018418442757,0.7439144512595703,-0.5608409555292894,1.3047554067888596,67.64600734505508,293.08313140869143,6.866353757625946,306.8158389239433,279.35042389343954,0.0937120294112201,20232020.0,0.9632898741697566,0.015431846555291975,0.013967708472483978,0.01806059098292054,0.03772179792255592,0.0772679410774959,-0.01918321196583228,0,0.1,0.0,1.0,0.0,0.0,0.0,0.0,281.0,40.0,0.1,0.0,0.0,0.0,0.4333,0.1,0.0,0.0,0.0,0.0,0.3333,0.0,0.0,0.0,0.0,0.0,2.0,0.0,0.0,1.0,0.0,134.0,292.0,281.0,19.0,42.0,40.0,0.0,0.4333,0.1,0.0,0.0,0.0,0.0,2.0,0.0
2023-09-12,300.0141296386719,306.9759372431796,298.59193908372265,304.65863285822144,13480400,-0.01918321196583228,-0.019369597272364137,299.3477783203125,297.4143859863281,292.85786895751954,298.2143811035156,297.1287187899925,296.1678838477049,0.9608349422875904,-0.25650577596591334,1.2173407182535037,63.10595802592446,292.85786895751954,6.537445124483128,305.9327592064858,279.7829787085533,0.08929171202063778,19936900.0,0.6761532635464892,0.018943701591398177,0.015843942486198918,0.01829079515843222,0.005030847035772057,0.03927523523034626,0.011270831462100617,1,0.0,0.0,0.0,0.0,0.0,0.0,0.0,0.0,0.0,0.0,0.0,0.0,0.1,0.0,0.4333,0.0,0.0,0.0,0.0,0.0,0.3333,0.0,0.0,0.0,0.0,0.0,2.0,0.0,0.0,1.0,281.0,134.0,292.0,40.0,19.0,42.0,0.1,0.0,0.4333,0.0,0.0,0.0,0.0,0.0,2.0
2023-09-13,303.3955383300781,305.50396639335673,299.6759541184855,300.710257848842,13210900,0.011270831462100617,0.011207788893696625,300.51934814453125,298.1175262451172,293.0125198364258,298.6824127197266,298.0928448730826,296.703265661214,1.389579211868579,0.07271122160098524,1.3168679902675937,60.73419016249718,293.0125198364258,6.755765116725759,306.5240500698773,279.50098960297424,0.09222493455907173,19495460.0,0.677639819732389,0.019210987417635897,0.014045551771257552,0.018194407975965807,0.01968775497540176,0.02372555157621159,0.021831856132750405,1,0.0,0.0,0.0,0.0,0.0,0.0,0.0,0.0,0.0,0.0,0.0,0.0,0.0,0.1,0.0,0.0,0.0,0.0,0.0,0.0,0.0,0.0,0.0,0.0,0.0,0.0,0.0,0.0,0.0,0.0,0.0,281.0,134.0,0.0,40.0,19.0,0.0,0.1,0.0,0.0,0.0,0.0,0.0,0.0,0.0
2023-09-14,310.01922607421875,311.1629454903038,303.3657249475748,305.06638652020683,19343100,0.021831856132750405,0.021596953913953377,303.1151062011719,299.7704559326172,293.8792663574219,299.1745129394531,299.9276727501805,297.68963309921435,2.2380396509661296,0.5057769074740143,1.7322627434921154,75.1867290809574,293.8792663574219,7.7502537114555645,309.37977378033304,278.37875893451076,0.10548894867635276,16614340.0,1.1642412518342589,0.020304411497706756,0.014549021296792329,0.017693523592004354,0.043693681800057727,0.05631980940572601,-0.03660336794730823,0,0.0,0.0,0.0,0.0,0.0,0.0,0.0,0.0,0.0,0.0,0.0,0.0,0.0,0.0,0.1,0.0,0.0,0.0,0.0,0.0,0.0,0.0,0.0,0.0,0.0,0.0,0.0,0.0,0.0,0.0,0.0,0.0,281.0,0.0,0.0,40.0,0.0,0.0,0.1,0.0,0.0,0.0,0.0,0.0,0.0
2023-09-15,298.6714782714844,310.29769897194853,297.11999220471034,309.90981227971935,28131100,-0.03660336794730823,-0.03729008068927099,303.5964599609375,300.2100433349609,294.6361145019531,299.45875366210936,299.7344120611503,297.76236237123436,1.9720496899159343,0.7990314639623984,1.1730182259535358,62.39747245125992,294.6361145019531,7.4188850745253045,309.4738846510037,279.7983443529025,0.10071929012593754,18730960.0,1.50185041236541,0.02892272794060644,0.019783436489070983,0.018269350399929035,0.00812371072853102,0.014937949187701527,0.007458873202220939,1,0.1507,0.0717,2.0,0.0,0.0,0.0,0.0,281.5,80.0,0.1507,0.0717,0.0,0.0,0.0,0.0,0.0,0.0,0.0,0.0,0.0,0.0,0.0,0.0,0.0,0.0,0.0,0.0,0.0,0.0,0.0,0.0,0.0,0.0,0.0,0.0,0.0,0.0,0.0,0.0,0.0,0.0,0.0,0.0,0.0,0.0
2023-09-18,300.89923095703125,301.9435202146152,296.17514764943604,296.56303432109945,14234200,0.007458873202220939,0.007431193362558991,302.59992065429685,300.82367248535155,295.5958480834961,299.62146057128905,299.9136149682089,297.9947230072193,1.9188919609895834,1.0230035633678356,0.8958883976217478,60.741140029767884,295.5958480834961,6.879936492768577,309.3557210690332,281.83597509795896,0.09309923041713643,17679940.0,0.8051045422099848,0.024087020874789238,0.01986820994053978,0.018164517680005564,-0.016289607477258383,0.02081771716380265,0.008329423543889991,1,0.0,0.0,0.0,0.0,0.0,0.0,0.0,0.0,0.0,0.0,0.0,0.0,0.1507,0.0,0.0,0.0717,0.0,0.0,0.0,0.0,0.0,0.0,0.0,0.0,0.0,0.0,0.0,0.0,0.0,0.0,281.5,0.0,0.0,80.0,0.0,0.0,0.1507,0.0,0.0,0.0717,0.0,0.0,0.0,0.0,0.0
2023-09-19,303.4055480957031,304.49955257576687,298.17423689626384,300.8296827546425,15924400,0.008329423543889991,0.008294925330043766,303.2782043457031,301.3129913330078,296.3502136230469,299.8816345214844,300.4508354493619,298.3955248656255,2.0553105837364,1.2294649674415485,0.8258456162948515,56.8077411268608,296.3502136230469,6.867097161306496,310.0844079456599,282.6160193004339,0.09268894497969014,18168740.0,0.8764724466308615,0.02257368552001977,0.01965830325417306,0.017592662788711123,0.011304195776098203,0.016391912491682037,-0.017701078646907065,0,0.0,0.0,0.0,0.0,0.0,0.0,0.0,0.0,0.0,0.0,0.0,0.0,0.0,0.1507,0.0,0.0,0.0717,0.0,0.0,0.0,0.0,0.0,0.0,0.0,0.0,0.0,0.0,0.0,0.0,0.0,0.0,281.5,0.0,0.0,80.0,0.0,0.0,0.1507,0.0,0.0,0.0717,0.0,0.0,0.0,0.0
2023-09-20,298.0349426269531,306.37914901076846,297.7962314852563,303.3855625736625,19379500,-0.017701078646907065,-0.017859616384891773,302.2060852050781,301.3627166748047,296.9504196166992,300.06343627929687,300.0791596305297,298.3688150701683,1.7103445603614205,1.325640886025523,0.38470367433589736,54.19184109333335,296.9504196166992,6.428255817477892,309.806931251655,284.0939079817434,0.08659029107654297,19402460.0,0.9988166448996674,0.023447311291571318,0.020580167061301967,0.01803346194443432,-0.017668670187539037,0.0016712283384694437,-0.013147745409614053,0,0.1,0.0,1.0,0.0,0.0,0.0,0.0,281.0,40.0,0.1,0.0,0.0,0.0,0.0,0.1507,0.0,0.0,0.0717,0.0,0.0,0.0,0.0,0.0,0.0,0.0,0.0,0.0,0.0,0.0,0.0,0.0,0.0,281.5,0.0,0.0,80.0,0.0,0.0,0.1507,0.0,0.0,0.0717,0.0,0.0,0.0
2023-09-21,294.116455078125,298.621737372713,291.6698554259666,294.08661997754103,21319600,-0.013147745409614053,-0.013234942151316213,299.02553100585936,301.0703186035156,297.02451477050784,300.0958587646484,299.16182046862133,298.0538254411281,1.1079950274932457,1.2821117143190677,-0.17411668682582193,49.86123639305091,297.02451477050784,6.3842809599884625,309.7930766904848,284.2559528505309,0.08597648534056128,19797760.0,1.0768693023857245,0.018822728356207075,0.021021181833904157,0.017641798495789698,-0.05129607991565854,-0.009843712709025954,0.011327914561372276,1,0.0,0.0,0.0,0.0,0.0,0.0,0.0,0.0,0.0,0.0,0.0,0.0,0.1,0.0,0.0,0.0,0.0,0.0,0.0,0.0,0.0,0.0,0.0,0.0,0.0,0.0,0.0,0.0,0.0,0.0,281.0,0.0,0.0,40.0,0.0,0.0,0.1,0.0,0.0,0.0,0.0,0.0,0.0,0.0,0.0
2023-09-22,297.4481811523437,303.7138260360941,296.64260300817284,297.6669820279872,25369600,0.011327914561372276,0.011264234196452838,298.78087158203124,301.18866577148435,297.6376525878906,300.111572265625,298.89818365073245,298.0089629012181,0.8892207495143225,1.2035335213581186,-0.31431277184379613,52.23064442529023,297.6376525878906,5.744189313272503,309.1260312144356,286.1492739613456,0.07719707857293055,19245460.0,1.3182121913427893,0.013571483424475098,0.02134658498314356,0.016696431103983885,-0.00409579490556089,0.003994642769953982,0.0058513671486652985,1,0.1,0.0,1.0,0.0,0.0,0.0,0.0,281.0,40.0,0.1,0.0,0.0,0.0,0.1,0.0,0.0,0.0,0.0,0.0,0.0,0.0,0.0,0.0,0.0,0.0,0.0,0.0,0.0,0.0,0.0,0.0,281.0,0.0,0.0,40.0,0.0,0.0,0.1,0.0,0.0,0.0,0.0,0.0,0.0,0.0
2023-09-25,299.18865966796875,299.30803044347056,292.0975864072617,294.02700420503663,18987000,0.0058513671486652985,0.005834314388880787,298.4387573242187,300.5193389892578,298.3999710083008,299.9423016357422,298.9428722687688,298.09634784690337,0.8465244218654107,1.132131701459577,-0.28560727959416643,50.581204749508395,298.3999710083008,4.75803265425503,307.91603631681085,288.8839056997907,0.06378060477925013,20196020.0,0.9401357297130821,0.013345668428806521,0.018387607200858302,0.01664004467741744,-0.005684864277060164,-0.021881867546683753,-0.006216254204741145,0,0.0182,0.0,1.0,1.0,0.0,1.0,0.0,198.0,29.0,0.0182,0.0,1.0,0.1,0.0,0.1,0.0,0.0,0.0,0.0,0.0,0.0,0.0,0.0,0.0,0.0,0.0,0.0,0.0,0.0,0.0,281.0,0.0,281.0,40.0,0.0,40.0,0.1,0.0,0.1,0.0,0.0,0.0,0.0,0.0,0.0
2023-09-26,297.3288269042969,298.66151204809125,294.3949406981687,296.0359320136058,19417200,-0.006216254204741145,-0.006235655557191459,297.2234130859375,300.2508087158203,298.83259735107424,299.6548779296875,298.69455759731153,298.03949444374734,0.6550631535641855,1.0367179918804987,-0.3816548383163132,49.823195947663514,298.83259735107424,4.1863995443541695,307.2053964397826,290.4597982623659,0.05603671863730331,20894580.0,0.9292936254282211,0.012331913637802209,0.017480472717228995,0.016417757358902278,-0.02002837861583684,-0.00895058755268996,-0.004080932612163246,0,0.4333,0.0,1.0,1.0,0.0,2.0,0.0,292.0,42.0,0.4333,0.0,2.0,0.0182,0.1,0.0,0.0,0.0,0.0,1.0,0.0,0.0,0.0,0.0,0.0,1.0,0.0,0.0,0.0,0.0,0.0,198.0,281.0,0.0,29.0,40.0,0.0,0.0182,0.1,0.0,0.0,0.0,0.0,1.0,0.0,0.0
2023-09-27,296.1154479980469,299.6560213389176,285.225212087881,298.810683427745,36429800,-0.004080932612163246,-0.004089282341854106,296.8395141601562,299.5227996826172,298.8201629638672,299.4334924316406,298.297771505117,297.89697248480655,0.4007990203104441,0.9095341975664878,-0.5087351772560437,49.226368110949686,298.8201629638672,4.1944787479106775,307.2091204596885,290.43120546804585,0.056147198452841406,24304640.0,1.4988825179060459,0.009783500232767936,0.01697327293470624,0.015355814485627499,-0.0064405019491585724,-0.023995377031915677,0.020890722573409626,1,0.25,0.2593,2.0,1.0,0.0,5.0,0.0,279.0,82.0,0.25,0.2593,5.0,0.4333,0.0182,0.1,0.0,0.0,0.0,1.0,1.0,0.0,0.0,0.0,0.0,2.0,1.0,0.0,0.0,0.0,0.0,292.0,198.0,281.0,42.0,29.0,40.0,0.4333,0.0182,0.1,0.0,0.0,0.0,2.0,1.0,0.0
2023-09-28,302.301513671875,304.6585775337702,295.0811465919683,297.30891490851616,22167100,0.020890722573409626,0.020675503653656536,298.4765258789063,298.7510284423828,299.2607421875,299.3010192871094,298.9137318384644,298.22323479495975,0.6904970435046494,0.8657267667541202,-0.17522972324947084,54.62998331638757,299.2607421875,4.065940669870442,307.39262352724086,291.12886084775914,0.05434646242136148,24474140.0,0.9057356050100228,0.011180478352628455,0.01682660568103175,0.015847132100032184,0.027829312003559314,-0.02489430252463154,-0.012337095702161238,0,0.1906,0.0,1.0,0.0,0.0,0.0,0.0,291.0,42.0,0.1906,0.0,0.0,0.25,0.4333,0.0182,0.2593,0.0,0.0,1.0,1.0,1.0,0.0,0.0,0.0,5.0,2.0,1.0,0.0,0.0,0.0,279.0,292.0,198.0,82.0,42.0,29.0,0.25,0.4333,0.0182,0.2593,0.0,0.0,5.0,2.0,1.0
2023-09-29,298.5719909667969,308.9451060506003,297.72662265167014,305.7028834930626,25373700,-0.012337095702161238,-0.012413829434758467,298.7012878417969,298.74107971191404,299.4755615234375,299.0655108642578,298.8611563197463,298.2490685854662,0.6120877342801236,0.8149989602593208,-0.2029112259791972,43.83697833582052,299.4755615234375,3.8987543767479624,307.2730702769334,291.67805276994153,0.05207442446275003,24474960.0,1.0367207954578883,0.012988319067834294,0.012550668847591779,0.016146214811792056,0.0037781700667975926,-0.0003330994484751493,0.022018055304142914,1,0.2014,0.0,1.0,0.0,0.0,0.0,0.0,286.0,40.0,0.2014,0.0,0.0,0.1906,0.25,0.4333,0.0,0.2593,0.0,0.0,1.0,1.0,0.0,0.0,0.0,0.0,5.0,2.0,0.0,0.0,0.0,291.0,279.0,292.0,42.0,82.0,42.0,0.1906,0.25,0.4333,0.0,0.2593,0.0,0.0,5.0,2.0
2023-10-02,305.1459655761719,305.50398681035995,299.98428032579614,301.08820948228043,16265600,0.022018055304142914,0.02177915826356409,299.8927490234375,299.16575317382814,299.99471282958984,298.88271362304687,299.82805005150414,298.759949844037,1.0681002074671255,0.8656192097008819,0.20248099776624362,54.27574703525152,299.99471282958984,3.9293748122255097,307.8534624540409,292.1359632051388,0.05239258752480182,23930680.0,0.6796965234585896,0.01617487074364464,0.014238227431043948,0.01682737330698118,0.019911536469378044,0.014113477809941877,-0.01916427234940854,0,0.0333,0.0471,2.0,0.5,0.7071,2.0,0.0,228.5,66.0,0.0333,0.0471,2.0,0.2014,0.1906,0.25,0.0,0.0,0.2593,0.0,0.0,1.0,0.0,0.0,0.0,0.0,0.0,5.0,0.0,0.0,0.0,286.0,291.0,279.0,40.0,42.0,82.0,0.2014,0.1906,0.25,0.0,0.0,0.2593,0.0,0.0,5.0
2023-10-03,299.2980651855469,305.0962431844208,298.00517016313745,302.5999584549004,17362300,-0.01916427234940854,-0.019350287413688463,300.2865966796875,298.7550048828125,300.0339981079102,298.8512860107422,299.7465139182799,298.7998102397044,0.9467036785754885,0.8818361034758033,0.06486757509968522,46.72083983388545,300.0339981079102,3.917684749424953,307.8693676067601,292.1986286090603,0.05222987760228314,23519700.0,0.7382024430583723,0.0190171558820853,0.015380232737732674,0.017250100009969592,0.006623099084448469,-0.013537929467461907,0.015418257175016548,1,0.2167,0.3064,2.0,0.5,0.7071,3.0,0.0,288.5,80.0,0.2167,0.3064,3.0,0.0333,0.2014,0.1906,0.0471,0.0,0.0,0.5,0.0,0.0,0.7071,0.0,0.0,2.0,0.0,0.0,0.0,0.0,0.0,228.5,286.0,291.0,66.0,40.0,42.0,0.0333,0.2014,0.1906,0.0471,0.0,0.0,2.0,0.0,0.0
2023-10-04,303.9127197265625,305.2255249938912,296.8713620809238,297.1001181104207,16880500,0.015418257175016548,0.015300603648237824,301.84605102539064,299.34278259277346,300.3527496337891,299.0764508056641,300.3874686580157,299.178544275768,1.2089243822476874,0.9472537592301801,0.2616706230175073,44.95066694256168,300.3527496337891,3.9629713380160823,308.2786923098212,292.4268069577569,0.052777560289999075,19609840.0,0.8608178343117537,0.019586281464122283,0.015006889984603375,0.017551671992491233,0.02633186407946897,0.01972177170838152,-0.0025851996242046704,0,0.0667,0.0,1.0,1.0,0.0,2.0,0.0,268.0,40.0,0.0667,0.0,2.0,0.2167,0.0333,0.2014,0.3064,0.0471,0.0,0.5,0.5,0.0,0.7071,0.7071,0.0,3.0,2.0,0.0,0.0,0.0,0.0,288.5,228.5,286.0,80.0,66.0,40.0,0.2167,0.0333,0.2014,0.3064,0.0471,0.0,3.0,2.0,0.0
2023-10-05,303.1270446777344,304.53928002332026,297.865898932841,302.9679140111342,19130000,-0.0025851996242046704,-0.002588547023127368,302.0111572265625,300.24384155273435,300.657080078125,299.33861328125,300.80894189181856,299.47102578702476,1.3379161047938055,1.0253862283429052,0.31252987645090036,54.46392536805982,300.657080078125,3.9287780630385045,308.51463620420196,292.799523952048,0.05226922395464773,19002420.0,1.0067138817055934,0.017652406194236255,0.014166042379933613,0.01756074811899895,0.002730819954660957,0.030636128798764206,0.03490905495865371,1,0.0,0.0,0.0,0.0,0.0,0.0,0.0,0.0,0.0,0.0,0.0,0.0,0.0667,0.2167,0.0333,0.0,0.3064,0.0471,1.0,0.5,0.5,0.0,0.7071,0.7071,2.0,3.0,2.0,0.0,0.0,0.0,268.0,288.5,228.5,40.0,80.0,66.0,0.0667,0.2167,0.0333,0.0,0.3064,0.0471,2.0,3.0,2.0
2023-10-06,313.7089233398437,314.5841266836319,299.2681592205378,299.7952661865376,21803900,0.03490905495865371,0.034313553251406975,305.0385437011719,301.8699157714844,301.5292907714844,299.7555255126953,302.793554422284,300.5256848650114,2.267869557272604,1.2738828941288451,0.993986663143759,60.993462819787496,301.5292907714844,4.752358458392915,311.0340076882702,292.0245738546986,0.06304340710958665,18288460.0,1.1922217617010946,0.021231599068440254,0.017301326730955708,0.019075330608128476,0.05069776412727922,0.054667478968956074,0.0092890647450381,1,0.2,0.2028,3.0,0.4444,0.5092,4.0,1.0,280.0,122.0,0.2,0.2028,4.0,0.0,0.0667,0.2167,0.0,0.0,0.3064,0.0,1.0,0.5,0.0,0.0,0.7071,0.0,2.0,3.0,0.0,0.0,0.0,0.0,268.0,288.5,0.0,40.0,80.0,0.0,0.0667,0.2167,0.0,0.0,0.3064,0.0,2.0,3.0
2023-10-09,316.6229858398437,318.5822385641406,310.1186904961375,310.7949730732878,22503700,0.0092890647450381,0.009246186709817052,307.3339477539063,303.61334838867185,302.0663436889648,300.14916625976565,304.92115925575473,301.7180775298138,3.203081725940933,1.659722660491263,1.5433590654496703,61.2645589643583,302.0663436889648,5.768421179198235,313.6031860473613,290.52950133056834,0.07638614893340036,19536080.0,1.1519045786053292,0.02018553684336716,0.017343838650719777,0.01785902616704514,0.037611574650843194,0.058272015360552265,0.01093107325595466,1,0.0,0.0,0.0,0.0,0.0,0.0,0.0,0.0,0.0,0.0,0.0,0.0,0.2,0.0,0.0667,0.2028,0.0,0.0,0.4444,0.0,1.0,0.5092,0.0,0.0,4.0,0.0,2.0,1.0,0.0,0.0,280.0,0.0,268.0,122.0,0.0,40.0,0.2,0.0,0.0667,0.2028,0.0,0.0,4.0,0.0,2.0
2023-10-10,320.0840148925781,322.8886360603423,316.4241005132519,317.3788541880605,19038000,0.01093107325595466,0.010871760914937198,311.4911376953125,305.8888671875,303.06983795166013,300.3506604003906,307.25390627680446,303.078517334463,4.175388942341442,2.1628559168612993,2.012533025480143,69.42352898162666,303.06983795166013,7.00565130335532,317.08114055837075,289.0585353449495,0.09246253405754899,19871220.0,0.9580690063317703,0.013647798512887702,0.016863267736236188,0.01724886342764668,0.06944899458052034,0.07653206123739098,0.018580612904803617,1,0.0667,0.0,1.0,1.0,0.0,2.0,0.0,268.0,40.0,0.0667,0.0,2.0,0.0,0.2,0.0,0.0,0.2028,0.0,0.0,0.4444,0.0,0.0,0.5092,0.0,0.0,4.0,0.0,0.0,1.0,0.0,0.0,280.0,0.0,0.0,122.0,0.0,0.0,0.2,0.0,0.0,0.2028,0.0,0.0,4.0,0.0
2023-10-11,326.0313720703125,327.0457958705512,321.1879483787804,321.24761858167267,22036300,0.018580612904803617,0.018410102207325772,315.9148681640625,308.8804595947266,304.2016296386719,300.39720458984374,310.1427471681134,304.7787287963778,5.364018371735597,2.803088407836159,2.560929963899438,77.14428842110728,304.2016296386719,8.687591796984554,321.576813232641,286.8264460447028,0.1142346516329133,20902380.0,1.054248367889207,0.01382568004584216,0.016651082724420962,0.017500373047686514,0.07277962029246643,0.10102790744123191,-0.011164708300618997,0,0.1,0.0,1.0,0.0,0.0,0.0,0.0,281.0,40.0,0.1,0.0,0.0,0.0667,0.0,0.2,0.0,0.0,0.2028,1.0,0.0,0.4444,0.0,0.0,0.5092,2.0,0.0,4.0,0.0,0.0,1.0,268.0,0.0,280.0,40.0,0.0,122.0,0.0667,0.0,0.2,0.0,0.0,0.2028,2.0,0.0,4.0
2023-10-12,322.3913269042969,328.7365213039422,320.9293462813345,326.21037151404033,20530500,-0.011164708300618997,-0.011227501472086395,319.767724609375,310.8894409179687,304.82023468017576,300.50779724121094,312.02714405060317,306.0833656932607,5.943778357342467,3.4312263977374213,2.5125519596050454,71.10397205612533,304.82023468017576,9.523870254234462,323.86797518864466,285.77249417170685,0.12497687713188872,21182480.0,0.9692207900113678,0.016672801549027963,0.017348608662117737,0.01725971199406061,0.06355184258482471,0.06645621117937184,-0.029213889014313432,0,0.0,0.0,0.0,0.0,0.0,0.0,0.0,0.0,0.0,0.0,0.0,0.0,0.1,0.0667,0.0,0.0,0.0,0.0,0.0,1.0,0.0,0.0,0.0,0.0,0.0,2.0,0.0,0.0,0.0,0.0,281.0,268.0,0.0,40.0,40.0,0.0,0.1,0.0667,0.0,0.0,0.0,0.0,0.0,2.0,0.0
2023-10-13,312.9730224609375,323.2764827010933,310.66567332763464,321.7647868987937,21341000,-0.029213889014313432,-0.029649112004091087,319.62054443359375,312.3295440673828,305.5353118896484,300.5376336669922,312.1726638060392,306.59371063901455,5.578953167024679,3.8607717515948736,1.7181814154298052,60.32170344235023,305.5353118896484,9.574670593989987,324.6846530776284,286.38597070166844,0.12534944697257278,21089900.0,1.0119061730970749,0.019548774675175046,0.020010973365524716,0.01644757454076419,-0.0023458079262507203,0.04823302898409554,0.02052800936083088,1,0.0,0.0,0.0,0.0,0.0,0.0,0.0,0.0,0.0,0.0,0.0,0.0,0.0,0.1,0.0667,0.0,0.0,0.0,0.0,0.0,1.0,0.0,0.0,0.0,0.0,0.0,2.0,0.0,0.0,0.0,0.0,281.0,268.0,0.0,40.0,40.0,0.0,0.1,0.0667,0.0,0.0,0.0,0.0,0.0,2.0
2023-10-16,319.3977355957031,320.0640932967905,313.7984491403446,316.90145129411667,16536100,0.02052800936083088,0.020320149594519513,320.1754943847656,313.7547210693359,306.46023712158205,300.74489624023437,313.28421331214133,307.5421569321026,5.7420563800387185,4.237028677283643,1.5050277027550756,65.46772745978606,306.46023712158205,9.987823727930381,326.43588457744283,286.4845896657213,0.13036371467620994,19896380.0,0.8311109860185621,0.021479998637280815,0.01987444397433581,0.016909360561857812,0.008763576493031389,0.04670476305535054,0.00887433385645453,1,0.0533,0.0189,2.0,0.5,0.7071,2.0,0.0,245.5,74.0,0.0533,0.0189,2.0,0.0,0.0,0.1,0.0,0.0,0.0,0.0,0.0,0.0,0.0,0.0,0.0,0.0,0.0,0.0,0.0,0.0,0.0,0.0,0.0,281.0,0.0,0.0,40.0,0.0,0.0,0.1,0.0,0.0,0.0,0.0,0.0,0.0
2023-10-17,322.232177734375,322.6299891675374,315.5687224124041,316.4439257760015,16387800,0.00887433385645453,0.008835188378652215,320.605126953125,316.0481323242187,307.4015686035156,300.89288330078125,314.6608232232542,308.63030662115983,6.030516602094394,4.595726262245793,1.4347903398486013,67.89807009625886,307.4015686035156,10.555808378765317,328.5131853610462,286.289951845985,0.1373552962233594,19366340.0,0.846200159658459,0.021283379159788323,0.01801630755090014,0.016918627287517,0.006711246865976239,0.07662633079372005,-0.021697327677190792,0,0.0,0.0,0.0,0.0,0.0,0.0,0.0,0.0,0.0,0.0,0.0,0.0,0.0533,0.0,0.0,0.0189,0.0,0.0,0.5,0.0,0.0,0.7071,0.0,0.0,2.0,0.0,0.0,0.0,0.0,0.0,245.5,0.0,0.0,74.0,0.0,0.0,0.0533,0.0,0.0,0.0189,0.0,0.0,2.0,0.0,0.0
2023-10-18,315.2406005859375,324.1616611316708,313.83828995855976,319.6364982487788,16851000,-0.021697327677190792,-0.021936175923988135,318.44697265625,317.18092041015626,308.26185150146483,300.97901123046876,314.7500197405901,309.11995802595817,5.63006171463195,4.802593352723025,0.8274683619089247,58.77046223298979,308.26185150146483,10.452881060921275,329.1676136233074,287.3560893796223,0.13563638847957285,18329280.0,0.919348714188446,0.020829764950814234,0.019937459244308602,0.017199121246653397,-0.0330973409578752,0.037273467426986784,-0.01312435356953534,0,0.0,0.0,0.0,0.0,0.0,0.0,0.0,0.0,0.0,0.0,0.0,0.0,0.0,0.0533,0.0,0.0,0.0189,0.0,0.0,0.5,0.0,0.0,0.7071,0.0,0.0,2.0,0.0,0.0,0.0,0.0,0.0,245.5,0.0,0.0,74.0,0.0,0.0,0.0533,0.0,0.0,0.0189,0.0,0.0,2.0,0.0
2023-10-19,311.103271484375,320.13374699293126,310.0490573901397,318.1347040637348,18709200,-0.01312435356953534,-0.013211238944741781,316.1893615722656,317.9785430908203,309.11119232177737,301.13018188476565,314.18898154732625,309.266870133989,4.922111413337234,4.826496964845867,0.09561444849136702,58.44733941466341,309.11119232177737,9.919532984461116,328.9502582906996,289.27212635285514,0.12836200345842044,17965020.0,1.0414238336500599,0.02095671063711752,0.020583236993670272,0.017197969653275264,-0.035013520767798956,0.026313148056850144,-0.013298794847910078,0,0.0,0.0,0.0,0.0,0.0,0.0,0.0,0.0,0.0,0.0,0.0,0.0,0.0,0.0,0.0533,0.0,0.0,0.0189,0.0,0.0,0.5,0.0,0.0,0.7071,0.0,0.0,2.0,0.0,0.0,0.0,0.0,0.0,245.5,0.0,0.0,74.0,0.0,0.0,0.0533,0.0,0.0,0.0189,0.0,0.0,2.0
2023-10-20,306.9659729003906,313.57968385643426,304.79787445273166,312.4260396254586,22312300,-0.013298794847910078,-0.013388015723096404,314.9879516601562,317.304248046875,309.5870819091797,301.1880645751953,313.07774944779766,309.09643330187055,3.98131614592711,4.657460801062116,-0.6761446551350057,51.268540584875524,309.5870819091797,9.552052071637,328.6911860524537,290.4829777659057,0.12341667504639864,18159280.0,1.2286995960192255,0.01767738597324055,0.017663387137780744,0.017446501656766054,-0.019193505923650767,-0.021494289571573177,0.017365929719671325,1,0.1,0.0,1.0,0.0,0.0,0.0,0.0,281.0,40.0,0.1,0.0,0.0,0.0,0.0,0.0,0.0,0.0,0.0,0.0,0.0,0.0,0.0,0.0,0.0,0.0,0.0,0.0,0.0,0.0,0.0,0.0,0.0,0.0,0.0,0.0,0.0,0.0,0.0,0.0,0.0,0.0,0.0,0.0,0.0,0.0
2023-10-23,312.2967224121094,315.62842001127103,305.5835514598358,307.8113199598036,17796800,0.017365929719671325,0.01721686524964996,313.5677490234375,316.8716217041016,310.2424850463867,301.4341143798828,312.95759144230715,309.3334917544808,3.6240996878263445,4.4507885784149614,-0.8266888905886169,59.125820368272294,310.2424850463867,9.245813214381554,328.7341114751498,291.75085861762363,0.11920757033646284,18411420.0,0.9666174580776496,0.016616717529416628,0.018407450182123582,0.01777685774245174,-0.022232509477093765,-0.01366376928149704,-0.004649606545820695,0,0.2338,0.1855,3.0,0.6667,0.5774,4.0,0.0,280.6667,124.0,0.2338,0.1855,4.0,0.1,0.0,0.0,0.0,0.0,0.0,0.0,0.0,0.0,0.0,0.0,0.0,0.0,0.0,0.0,0.0,0.0,0.0,281.0,0.0,0.0,40.0,0.0,0.0,0.1,0.0,0.0,0.0,0.0,0.0,0.0,0.0,0.0
2023-10-24,310.8446655273437,316.6130380188143,308.93515834821994,315.05159690336774,19525500,-0.004649606545820695,-0.004660449589984305,311.2902465820312,315.9476867675781,310.91827697753905,301.5606201171875,312.63252591692816,309.4454305524706,3.187095364457548,4.198049935623478,-1.0109545711659305,55.09278607545209,310.91827697753905,8.731920684435226,328.3821183464095,293.4544356086686,0.11233718093794837,19038960.0,1.0255549672881292,0.01493639997295343,0.01791736060222271,0.017740789536193468,-0.03533946326247517,-0.02886538825856455,-0.041657184472672304,0,-0.375,0.0,1.0,-1.0,0.0,0.0,1.0,127.0,21.0,0.375,0.0,0.0,0.2338,0.1,0.0,0.1855,0.0,0.0,0.6667,0.0,0.0,0.5774,0.0,0.0,4.0,0.0,0.0,0.0,0.0,0.0,280.6667,281.0,0.0,124.0,40.0,0.0,0.2338,0.1,0.0,0.1855,0.0,0.0,4.0,0.0,0.0
2023-10-25,297.895751953125,309.1838320007287,297.20951419073094,308.3086284573233,42192500,-0.041657184472672304,-0.042549720004447344,307.82127685546874,313.1341247558594,311.00729217529295,301.5124847412109,310.36532992249687,308.58989880437093,1.7754311181259368,3.71352617212397,-1.9380950539980333,46.739398799607855,311.00729217529295,8.58084241985372,328.1689770150004,293.8456073355855,0.11036194501854067,24107260.0,1.7501989027371838,0.02118128455088433,0.019948793459876726,0.02026987723457203,-0.05502098587737003,-0.08629727850582347,-0.03732509766993586,0,0.1254,0.0961,4.0,0.0,0.0,0.0,0.0,246.0,138.0,0.1254,0.0961,0.0,-0.375,0.2338,0.1,0.0,0.1855,0.0,-1.0,0.6667,0.0,0.0,0.5774,0.0,0.0,4.0,0.0,1.0,0.0,0.0,127.0,280.6667,281.0,21.0,124.0,40.0,0.375,0.2338,0.1,0.0,0.1855,0.0,0.0,4.0,0.0
2023-10-26,286.7767639160156,293.3904753407708,277.8755831169424,293.3904753407708,66684100,-0.03732509766993586,-0.03803951262211846,302.9559753417969,309.5726684570312,310.2310546875,301.3943341064453,306.7363197676536,306.97411103486314,-0.237791267209559,2.9232626842572644,-3.1610539514668234,33.325158214992555,310.2310546875,9.995428701679536,330.22191209085906,290.2401972841409,0.12887721652170608,33702240.0,1.9786251596333062,0.024302398157102726,0.02191155280635579,0.021338727541822044,-0.07819431615839234,-0.11046997861345564,0.029061941549846093,1,0.0858,0.0967,3.0,0.3333,0.5774,2.0,0.0,278.0,118.0,0.0858,0.0967,2.0,0.1254,-0.375,0.2338,0.0961,0.0,0.1855,0.0,-1.0,0.6667,0.0,0.0,0.5774,0.0,0.0,4.0,0.0,1.0,0.0,246.0,127.0,280.6667,138.0,21.0,124.0,0.1254,0.375,0.2338,0.0961,0.0,0.1855,0.0,0.0,4.0
2023-10-27,295.1110534667969,297.6769636446743,291.3715582964544,292.8733294560264,29596300,0.029061941549846093,0.02864765090984081,300.5849914550781,307.7864715576172,310.0580078125,301.62586486816406,304.9478172598295,306.0953660298212,-1.1475487699917153,2.1091003934074686,-3.256649163399184,37.51876426907798,310.0580078125,10.234989186553628,330.5279861856073,289.58802943939276,0.13203966907692954,35159040.0,0.8417835071719819,0.03169955423403191,0.024275226619062274,0.022311377100127545,-0.03861965325205807,-0.05707191263224609,0.01998428367399674,1,0.2667,0.2357,2.0,0.1667,0.2357,2.0,1.0,287.0,82.0,0.2667,0.2357,2.0,0.0858,0.1254,-0.375,0.0967,0.0961,0.0,0.3333,0.0,-1.0,0.5774,0.0,0.0,2.0,0.0,0.0,0.0,0.0,1.0,278.0,246.0,127.0,118.0,138.0,21.0,0.0858,0.1254,0.375,0.0967,0.0961,0.0,2.0,0.0,0.0
2023-10-30,301.0086364746094,307.71185211510857,297.4183174986179,297.45810774975297,28435100,0.01998428367399674,0.01978721901472446,298.32737426757814,305.9475616455078,309.85114135742185,302.01194641113284,304.3417894467187,305.71857124795366,-1.3767818012349835,1.411923954478978,-2.7887057557139614,39.2367716686205,309.85114135742185,10.380275215404703,330.61169178823127,289.09059092661244,0.1340033820102121,37286700.0,0.7626070421893061,0.03222901329719754,0.02421074427840254,0.022208484984334153,-0.036145387150762764,-0.05757429396547398,-0.004592611652858625,0,0.2258,0.2936,2.0,0.6667,0.4714,4.0,1.0,247.0,71.0,0.2258,0.2936,4.0,0.2667,0.0858,0.1254,0.2357,0.0967,0.0961,0.1667,0.3333,0.0,0.2357,0.5774,0.0,2.0,2.0,0.0,1.0,0.0,0.0,287.0,278.0,246.0,82.0,118.0,138.0,0.2667,0.0858,0.1254,0.2357,0.0967,0.0961,2.0,2.0,0.0
2023-10-31,299.626220703125,302.02307507127034,295.2402785955465,301.6550986956465,19434200,-0.004592611652858625,-0.0046031900946316645,296.08368530273435,303.6869659423828,309.86754913330077,302.23810607910156,303.6163173323196,305.26728602241076,-1.6509686900911333,0.7993454255649556,-2.450314115656089,34.29175616932959,309.86754913330077,10.362961268505718,330.5934716703122,289.1416265962893,0.1337727851463107,37268440.0,0.5214653470872406,0.032230025853224535,0.023682058586127295,0.02179733125638432,-0.036090195741936726,-0.0701542508578542,0.03511801406211679,1,0.2014,0.0,1.0,0.0,0.0,0.0,0.0,295.0,42.0,0.2014,0.0,0.0,0.2258,0.2667,0.0858,0.2936,0.2357,0.0967,0.6667,0.1667,0.3333,0.4714,0.2357,0.5774,4.0,2.0,2.0,1.0,1.0,0.0,247.0,287.0,278.0,71.0,82.0,118.0,0.2258,0.2667,0.0858,0.2936,0.2357,0.0967,4.0,2.0,2.0
2023-11-01,310.14849853515625,311.0336267586732,300.2030602646755,300.2030602646755,20434600,0.03511801406211679,0.03451544346559793,298.53423461914065,303.17775573730466,310.1793380737305,302.72045959472655,304.6212682866022,305.62885731965116,-1.007589033048987,0.43795853384216704,-1.445547566891154,43.26806225615639,310.1793380737305,10.267739594513348,330.7148172627572,289.6438588847038,0.13241036180266383,32916860.0,0.6207943284991339,0.029726015926099806,0.026419506888131293,0.02293285296748906,0.041130987943591935,-0.016153065440544623,-0.0031424943121807214,0,0.0,0.0,0.0,0.0,0.0,0.0,0.0,0.0,0.0,0.0,0.0,0.0,0.2014,0.2258,0.2667,0.0,0.2936,0.2357,0.0,0.6667,0.1667,0.0,0.4714,0.2357,0.0,4.0,2.0,0.0,1.0,1.0,295.0,247.0,287.0,42.0,71.0,82.0,0.2014,0.2258,0.2667,0.0,0.2936,0.2357,0.0,4.0,2.0
2023-11-02,309.1738586425781,317.0804948213991,306.6477086276094,315.56876866232903,21631800,-0.0031424943121807214,-0.003147442316200588,303.01365356445314,302.984814453125,310.48167877197267,303.0512457275391,305.3216668029062,305.8914500102383,-0.5697832073321365,0.23641018560730628,-0.8061933929394428,47.697121248949756,310.48167877197267,10.137348869717767,330.7563765114082,290.20698103253716,0.13060157249617213,23906400.0,0.9048539303282803,0.018302512262904747,0.026110371135942716,0.022938117516560413,0.07809940533788029,-0.006201840413284643,0.011998607443740372,1,0.0667,0.0,1.0,1.0,0.0,2.0,0.0,268.0,42.0,0.0667,0.0,2.0,0.0,0.2014,0.2258,0.0,0.0,0.2936,0.0,0.0,0.6667,0.0,0.0,0.4714,0.0,0.0,4.0,0.0,0.0,1.0,0.0,295.0,247.0,0.0,42.0,71.0,0.0,0.2014,0.2258,0.0,0.0,0.2936,0.0,0.0,4.0
2023-11-03,312.8835144042969,313.82831289078524,309.3230302753513,310.84468121563503,16764300,0.011998607443740372,0.011927194820592242,306.5681457519531,303.5765686035156,310.44040832519534,303.60520751953123,306.4850279723509,306.4093807060945,0.0756472662563965,0.20425760173712434,-0.12861033548072784,45.91698623093709,310.44040832519534,10.125191725096524,330.6907917753884,290.1900248750023,0.13046229103641813,21340000.0,0.78558106841612,0.016603620201872327,0.025937404818020017,0.021707179261907378,0.060222959217281824,0.019277516162439445,0.0038142642715721653,1,0.0,0.0,0.0,0.0,0.0,0.0,0.0,0.0,0.0,0.0,0.0,0.0,0.0667,0.0,0.2014,0.0,0.0,0.0,1.0,0.0,0.0,0.0,0.0,0.0,2.0,0.0,0.0,0.0,0.0,0.0,268.0,0.0,295.0,42.0,0.0,42.0,0.0667,0.0,0.2014,0.0,0.0,0.0,2.0,0.0,0.0
2023-11-06,314.0769348144531,316.5931295338994,312.73432490154977,314.2559757737672,12887700,0.0038142642715721653,0.003807008410267797,309.1818054199219,303.75458984375,310.31310577392577,304.207900390625,307.6530136403666,306.977347677084,0.6756659632825972,0.29853927404621894,0.37712668923637827,44.78105837701151,310.31310577392577,10.059158129785443,330.43142203349663,290.1947895143549,0.1296646250850119,18230520.0,0.7069299175229231,0.01619862940008622,0.02540650586416818,0.021619454816138365,0.04341502786397977,0.005700387722912259,0.00956307103811005,1,0.4333,0.0,1.0,1.0,0.0,2.0,0.0,292.0,42.0,0.4333,0.0,2.0,0.0,0.0667,0.0,0.0,0.0,0.0,0.0,1.0,0.0,0.0,0.0,0.0,0.0,2.0,0.0,0.0,0.0,0.0,0.0,268.0,0.0,0.0,42.0,0.0,0.0,0.0667,0.0,0.0,0.0,0.0,0.0,2.0,0.0
2023-11-07,317.0804748535156,319.24857314388095,313.4006504992799,315.3300679800107,14055600,0.00956307103811005,0.00951763432095985,312.67265625,304.3781707763672,310.16292877197264,304.77598388671873,309.1033922885434,307.72572746793077,1.3776648206126083,0.5143643833594969,0.8633004372531115,51.24075795948423,310.16292877197264,9.927161411041759,330.0172515940562,290.3086059498891,0.12802511828665472,17154800.0,0.8193391936950591,0.01445060251439868,0.025461460564613552,0.02158458561386307,0.05825342691781499,0.020060853595775807,0.0030110413833639438,1,0.0671,0.1163,3.0,0.3333,0.5774,1.0,0.0,239.6667,101.0,0.0671,0.1163,1.0,0.4333,0.0,0.0667,0.0,0.0,0.0,1.0,0.0,1.0,0.0,0.0,0.0,2.0,0.0,2.0,0.0,0.0,0.0,292.0,0.0,268.0,42.0,0.0,42.0,0.4333,0.0,0.0667,0.0,0.0,0.0,2.0,0.0,2.0
2023-11-08,318.03521728515625,319.5767480450784,313.16195870265216,316.4041812247614,13609700,0.0030110413833639438,0.0030065172774960238,314.25,306.3921173095703,309.7631210327148,305.20940551757815,310.4775192110992,308.4893933803179,1.988125830781314,0.8091166728438605,1.1790091579374535,54.88436442580453,309.7631210327148,9.401541444418969,328.56620392155276,290.9600381438769,0.12140297932271993,15789820.0,0.8619287616958268,0.005946686211996256,0.020289305710311026,0.021146046074009103,0.025428847107915376,0.06760574865532254,0.002407934919930854,1,0.0,0.0,0.0,0.0,0.0,0.0,0.0,0.0,0.0,0.0,0.0,0.0,0.0671,0.4333,0.0,0.1163,0.0,0.0,0.3333,1.0,0.0,0.5774,0.0,0.0,1.0,2.0,0.0,0.0,0.0,0.0,239.6667,292.0,0.0,101.0,42.0,0.0,0.0671,0.4333,0.0,0.1163,0.0,0.0,1.0,2.0,0.0
2023-11-09,318.801025390625,322.41122449492514,317.06057361811105,317.677216312415,16103100,0.002407934919930854,0.0024050404901094797,316.17543334960936,309.59454345703125,309.58360595703124,305.71562744140624,311.7580586233339,309.253217973674,2.5048406496599114,1.1482614682070709,1.3565791814528405,58.75515123767416,309.58360595703124,9.179376963983024,327.9423598849973,291.2248520290652,0.11860288190140257,14684080.0,1.0966366296015821,0.004334934631897286,0.013430242012949732,0.0210210092431017,0.031138359466465815,0.11166965216187408,0.02564339424831652,1,0.0,0.0,0.0,0.0,0.0,0.0,0.0,0.0,0.0,0.0,0.0,0.0,0.0,0.0671,0.4333,0.0,0.1163,0.0,0.0,0.3333,1.0,0.0,0.5774,0.0,0.0,1.0,2.0,0.0,0.0,0.0,0.0,239.6667,292.0,0.0,101.0,42.0,0.0,0.0671,0.4333,0.0,0.1163,0.0,0.0,1.0,2.0
2023-11-10,326.9761657714844,327.3043822336983,317.7169650938816,318.19435706116127,19096200,0.02564339424831652,0.02532011737373184,318.99396362304685,312.7810546875,310.2837631225586,306.369638671875,314.0993058768955,310.56602892165995,3.5332769552355785,1.6252645656127724,1.908012389622806,60.420786459407516,310.2837631225586,9.952960043769927,330.18968321009845,290.3778430350187,0.12830784239056206,15150460.0,1.2604369768310666,0.009791215930250929,0.012946347743596648,0.020631729677575275,0.04504120772875719,0.107976681762185,0.001277538405251688,1,0.1453,0.0641,2.0,0.0,0.0,0.0,0.0,281.0,80.0,0.1453,0.0641,0.0,0.0,0.0,0.0671,0.0,0.0,0.1163,0.0,0.0,0.3333,0.0,0.0,0.5774,0.0,0.0,1.0,0.0,0.0,0.0,0.0,0.0,239.6667,0.0,0.0,101.0,0.0,0.0,0.0671,0.0,0.0,0.1163,0.0,0.0,1.0
2023-11-13,327.3938903808594,330.5167422679521,323.9229420782097,324.4202140001283,16908900,0.001277538405251688,0.0012767230474233211,321.6573547363281,315.419580078125,310.6835708618164,307.0222576904297,316.144626569813,311.81253717789696,4.332089391916043,2.166629530873427,2.1654598610426157,61.9232205151027,310.6835708618164,10.484730488746445,331.6530318393093,289.71410988432353,0.13498918477938776,15954700.0,1.0598068280820072,0.010177925561362374,0.01275456426292065,0.020185428222234618,0.04240029779414867,0.08765613576830256,0.02162873508243779,1,0.312,0.1716,2.0,0.1667,0.2357,2.0,1.0,287.0,82.0,0.312,0.1716,2.0,0.1453,0.0,0.0,0.0641,0.0,0.0,0.0,0.0,0.0,0.0,0.0,0.0,0.0,0.0,0.0,0.0,0.0,0.0,281.0,0.0,0.0,80.0,0.0,0.0,0.1453,0.0,0.0,0.0641,0.0,0.0,0.0,0.0,0.0
2023-11-14,334.4750061035156,336.25524791414983,331.51125480240546,332.71467459256223,17179400,0.02162873508243779,0.02139815286845751,325.1362609863281,318.9044586181641,311.29571228027345,307.7415106201172,318.96468495961335,313.4912385797947,5.473446379818654,2.8279929006624727,2.6454534791561812,78.78835332009155,311.29571228027345,11.502470267524883,334.3006528153232,288.2907717452237,0.1478012039840585,16579460.0,1.0361857382568551,0.01182539182353529,0.0124533956338256,0.020629531529324344,0.05485841175820072,0.11630752915619968,-0.010704395598680527,0,0.4333,0.0,1.0,0.3333,0.0,2.0,1.0,293.0,42.0,0.4333,0.0,2.0,0.312,0.1453,0.0,0.1716,0.0641,0.0,0.1667,0.0,0.0,0.2357,0.0,0.0,2.0,0.0,0.0,1.0,0.0,0.0,287.0,281.0,0.0,82.0,80.0,0.0,0.312,0.1453,0.0,0.1716,0.0641,0.0,2.0,0.0,0.0
2023-11-15,330.8946533203125,336.55360986984874,328.21932811776264,336.08617307811147,14531200,-0.010704395598680527,-0.01076209980311248,327.70814819335936,320.9790740966797,312.0784149169922,308.40864990234377,320.8000647074132,314.78038041242564,6.019684294987542,3.466331179527487,2.553353115460055,89.39610381470365,312.0784149169922,12.290632934425306,336.6596807858428,287.4971490481416,0.15753262445522756,16763760.0,0.8668222403565787,0.015193222619399609,0.010991484184299582,0.02010269020873463,0.04043400018692345,0.06689103730355361,0.004448407766438622,1,0.0,0.0,0.0,0.0,0.0,0.0,0.0,0.0,0.0,0.0,0.0,0.0,0.4333,0.312,0.1453,0.0,0.1716,0.0641,0.3333,0.1667,0.0,0.0,0.2357,0.0,2.0,2.0,0.0,1.0,1.0,0.0,293.0,287.0,281.0,42.0,82.0,80.0,0.4333,0.312,0.1453,0.0,0.1716,0.0641,2.0,2.0,0.0
2023-11-16,332.3666076660156,332.75446398029914,324.59922271893066,327.572899082358,18932600,0.004448407766438622,0.004438542845252351,330.4212646484375,323.29834899902346,313.1415817260742,309.11517333984375,322.5795328548905,316.08306391269156,6.496468942198931,4.072358732061776,2.4241102101371546,87.91499368906469,313.1415817260742,13.09517164469308,339.33192501546034,286.9512384366881,0.16727477165454552,17329660.0,1.0924969099220643,0.01503029689532854,0.010498825766087759,0.019759472067707187,0.04255187780142422,0.07501523293484391,0.002543570652766336,1,0.0,0.0,0.0,0.0,0.0,0.0,0.0,0.0,0.0,0.0,0.0,0.0,0.0,0.4333,0.312,0.0,0.0,0.1716,0.0,0.3333,0.1667,0.0,0.0,0.2357,0.0,2.0,2.0,0.0,1.0,1.0,0.0,293.0,287.0,0.0,42.0,82.0,0.0,0.4333,0.312,0.0,0.0,0.1716,0.0,2.0,2.0
2023-11-17,333.2120056152344,333.6694873231,327.5530482456629,328.4580868608587,14494400,0.002543570652766336,0.002540341251913845,331.6684326171875,325.33119812011716,314.4538833618164,309.8541192626953,324.21529789494343,317.3518744091762,6.863423485767214,4.630571682802864,2.2328518029643503,86.52982579063027,314.4538833618164,13.742802799120518,341.9394889600574,286.9682777635754,0.1748148587283661,16409300.0,0.8833039800600879,0.011582266942423793,0.010455209013475842,0.01936428984966039,0.019071236672669523,0.06497143593404453,0.014714675962530732,1,0.0833,0.0236,2.0,0.5,0.7071,2.0,0.0,273.5,80.0,0.0833,0.0236,2.0,0.0,0.0,0.4333,0.0,0.0,0.0,0.0,0.0,0.3333,0.0,0.0,0.0,0.0,0.0,2.0,0.0,0.0,1.0,0.0,0.0,293.0,0.0,0.0,42.0,0.0,0.0,0.4333,0.0,0.0,0.0,0.0,0.0,2.0
2023-11-20,338.1151123046875,340.0047397641144,332.3666494127684,333.06284232727603,16960500,0.014714675962530732,0.014607465549574,333.81267700195315,327.7350158691406,315.7448028564453,310.49878295898435,326.3537308810579,318.8898920310659,7.463838849991987,5.197225116240689,2.2666137337512984,90.43046187777293,315.7448028564453,14.708212699796318,345.16122825603793,286.32837745685265,0.18633038538383762,16419620.0,1.0329410790261895,0.01237143571168827,0.010724672146674386,0.01927894944913585,0.032747165536155975,0.07653595290095216,-0.008794825258796601,0,0.0,0.0,0.0,0.0,0.0,0.0,0.0,0.0,0.0,0.0,0.0,0.0,0.0833,0.0,0.0,0.0236,0.0,0.0,0.5,0.0,0.0,0.7071,0.0,0.0,2.0,0.0,0.0,0.0,0.0,0.0,273.5,0.0,0.0,80.0,0.0,0.0,0.0833,0.0,0.0,0.0236,0.0,0.0,2.0,0.0,0.0
2023-11-21,335.1414489746094,338.045500466051,334.06732445503286,336.48405909746856,12027900,-0.008794825258796601,-0.008833727997616383,333.9459655761719,329.54111328125,316.9596420288086,311.20132934570313,327.70568751083505,320.09371106392103,7.611976446914014,5.680175382375354,1.9318010645386599,81.20198084834502,316.9596420288086,15.274679333565173,347.50900069593894,286.4102833616783,0.19276497456640662,15389320.0,0.781574494519576,0.010413191824764861,0.011836948341885844,0.019400509973814914,0.0019925042497419554,0.05696022162650527,0.013383276049760084,1,0.0333,0.0471,2.0,0.5,0.7071,2.0,0.0,277.5,80.0,0.0333,0.0471,2.0,0.0,0.0833,0.0,0.0,0.0236,0.0,0.0,0.5,0.0,0.0,0.7071,0.0,0.0,2.0,0.0,0.0,0.0,0.0,0.0,273.5,0.0,0.0,80.0,0.0,0.0,0.0833,0.0,0.0,0.0236,0.0,0.0,2.0,0.0
2023-11-22,339.6267395019531,341.0489601481263,336.73261351301085,337.3591809391104,10702700,0.013383276049760084,0.013294511110947706,335.6923828125,331.7002655029297,319.04619140625,311.92595336914064,329.53969550946863,321.54060205933087,7.999093450137764,6.143958995927837,1.855134454209927,84.95436470683843,319.04619140625,15.383334083677925,349.81285957360586,288.2795232388941,0.19286654406840958,14623620.0,0.731877606228827,0.009499398532967381,0.01203593326033506,0.016236283240355885,0.02638932389514248,0.06789035000937504,-0.009546325783283516,0,0.0,0.0,0.0,0.0,0.0,0.0,0.0,0.0,0.0,0.0,0.0,0.0,0.0333,0.0,0.0833,0.0471,0.0,0.0236,0.5,0.0,0.5,0.7071,0.0,0.7071,2.0,0.0,2.0,0.0,0.0,0.0,277.5,0.0,273.5,80.0,0.0,80.0,0.0333,0.0,0.0833,0.0471,0.0,0.0236,2.0,0.0,2.0
2023-11-24,336.3845520019531,339.9947204109217,334.9324962374372,338.27417910456165,5467500,-0.009546325783283516,-0.009592184036512791,336.4959716796875,333.4586181640625,321.5265808105469,312.4532598876953,330.59275035446626,322.6401539069325,7.952596447533779,6.505686486249027,1.446909961284752,77.26753186420657,321.5265808105469,13.827030256808156,349.18064132416316,293.8725202969306,0.17201725869072634,11930600.0,0.4582753591604781,0.011622445709193895,0.013055114494847673,0.013170466531476275,0.012088892937087703,0.05515517583352536,-0.010436511223391065,0,0.0,0.0,0.0,0.0,0.0,0.0,0.0,0.0,0.0,0.0,0.0,0.0,0.0,0.0333,0.0,0.0,0.0471,0.0,0.0,0.5,0.0,0.0,0.7071,0.0,0.0,2.0,0.0,0.0,0.0,0.0,0.0,277.5,0.0,0.0,80.0,0.0,0.0,0.0333,0.0,0.0,0.0471,0.0,0.0,2.0,0.0
2023-11-27,332.8738708496094,338.0454811579014,332.3765988766348,334.34577646492767,15684500,-0.010436511223391065,-0.010491353515163638,336.4283447265625,334.048388671875,323.4147216796875,313.13730773925784,330.94369196910367,323.39820701379745,7.545484955306222,6.713646180060468,0.8318387752457541,70.69659103586113,323.4147216796875,12.549329896722949,348.5133814731334,298.3160618862416,0.15521037300400825,12168620.0,1.2889300512301314,0.012970576501354941,0.011780562682276183,0.012817005540061753,-0.0010147736573916655,0.018037110026688508,0.012817288772032587,1,0.2014,0.0,1.0,0.0,0.0,0.0,0.0,285.0,40.0,0.2014,0.0,0.0,0.0,0.0,0.0333,0.0,0.0,0.0471,0.0,0.0,0.5,0.0,0.0,0.7071,0.0,0.0,2.0,0.0,0.0,0.0,0.0,0.0,277.5,0.0,0.0,80.0,0.0,0.0,0.0333,0.0,0.0,0.0471,0.0,0.0,2.0
2023-11-28,337.1404113769531,337.52829804855173,331.58091487486143,331.58091487486143,12637200,0.012817288772032587,0.012735842534623268,336.2334045410156,335.0230407714844,325.2213104248047,313.86213134765626,331.89703341646515,324.41614807773493,7.480885338730218,6.867094011794418,0.6137913269358002,71.48954756231839,325.2213104248047,11.72786735637911,348.6770451375629,301.7655757120465,0.14424475863602104,11303960.0,1.1179445079423493,0.012444564444489508,0.012273002858530684,0.012505254532603597,-0.0028827487807052687,0.02977001490392972,-0.020030021497332795,0,0.2167,0.3064,2.0,0.5,0.7071,2.0,0.0,290.0,82.0,0.2167,0.3064,2.0,0.2014,0.0,0.0,0.0,0.0,0.0,0.0,0.0,0.0,0.0,0.0,0.0,0.0,0.0,0.0,0.0,0.0,0.0,285.0,0.0,0.0,40.0,0.0,0.0,0.2014,0.0,0.0,0.0,0.0,0.0,0.0,0.0,0.0
2023-11-29,330.3874816894531,338.04545118358993,328.97521605695823,337.8366054717592,16024500,-0.020030021497332795,-0.020233341967707385,335.28261108398436,334.6142883300781,326.7593734741211,314.4017700195312,331.66479468923256,324.85846908601036,6.806325603222206,6.854940330079975,-0.04861472685776924,61.770362783740126,326.7593734741211,10.098417100164587,346.9562076744503,306.5625392737919,0.12361900431865502,12103280.0,1.3239799459320118,0.015054018911881557,0.01231934054643619,0.013605738535288677,-0.014184957723675673,-0.012220717062480513,-0.015201728926947822,0,0.4333,0.0,1.0,0.3333,0.0,2.0,1.0,293.0,42.0,0.4333,0.0,2.0,0.2167,0.2014,0.0,0.3064,0.0,0.0,0.5,0.0,0.0,0.7071,0.0,0.0,2.0,0.0,0.0,0.0,0.0,0.0,290.0,285.0,0.0,82.0,40.0,0.0,0.2167,0.2014,0.0,0.3064,0.0,0.0,2.0,0.0,0.0
2023-11-30,325.3650207519531,331.68038039184705,320.6409373730588,330.0791793308829,23146400,-0.015201728926947822,-0.01531845972568847,332.4302673339844,334.0613250732422,327.52019958496095,314.94837158203126,330.69559869888184,324.89599143163576,5.799607267246074,6.643873717513196,-0.8442664502671215,55.78544296272865,327.52019958496095,9.324637587161542,346.169474759284,308.8709244106379,0.1138816793465303,14592020.0,1.5862368609692148,0.012620658964367159,0.01277994546653617,0.012333490310865803,-0.0419923318491181,-0.01671115720025429,-0.007122034006089684,0,0.0837,0.0846,4.0,0.5,0.5774,4.0,0.0,276.75,160.0,0.0837,0.0846,4.0,0.4333,0.2167,0.2014,0.0,0.3064,0.0,0.3333,0.5,0.0,0.0,0.7071,0.0,2.0,2.0,0.0,1.0,0.0,0.0,293.0,290.0,285.0,42.0,82.0,40.0,0.4333,0.2167,0.2014,0.0,0.3064,0.0,2.0,2.0,0.0
2023-12-01,323.0477600097656,325.07660773263615,319.0099141647599,323.70416263224894,15276400,-0.007122034006089684,-0.007147516755034853,329.7629089355469,333.1294403076172,328.2138946533203,315.52699768066407,329.5190081313255,324.75908540038614,4.7599227309393655,6.2670835201984305,-1.507160789259065,46.138830064849756,328.2138946533203,8.353438275182867,344.92077120368606,311.5070181029546,0.10180480974464877,16553800.0,0.9228334279742416,0.01261599276795318,0.01269395604725387,0.012460248539034229,-0.03964745679554882,-0.028037857718890336,-0.014777581946240459,0,0.0,0.0,0.0,0.0,0.0,0.0,0.0,0.0,0.0,0.0,0.0,0.0,0.0837,0.4333,0.2167,0.0846,0.0,0.3064,0.5,0.3333,0.5,0.5774,0.0,0.7071,4.0,2.0,2.0,0.0,1.0,0.0,276.75,293.0,290.0,160.0,42.0,82.0,0.0837,0.4333,0.2167,0.0846,0.0,0.3064,4.0,2.0,2.0
2023-12-04,318.2738952636719,319.1093084117432,311.94861127781684,315.558810120207,19037100,-0.014777581946240459,-0.014887858169469224,326.84291381835936,331.63562927246096,328.48341369628906,315.9435119628906,327.78899076707114,324.27870094581465,3.5102898212564924,5.715724780410043,-2.2054349591535507,41.74314461405161,328.48341369628906,7.907853885202791,344.29912146669466,312.66770592588347,0.0962953203173209,17224320.0,1.1052453739828336,0.012970447339919543,0.013065090199613147,0.012794050540969285,-0.04386038335983933,-0.044830648655594385,-0.005405688394669594,0,0.0,0.0,0.0,0.0,0.0,0.0,0.0,0.0,0.0,0.0,0.0,0.0,0.0,0.0837,0.4333,0.0,0.0846,0.0,0.0,0.5,0.3333,0.0,0.5774,0.0,0.0,4.0,2.0,0.0,0.0,1.0,0.0,276.75,293.0,0.0,160.0,42.0,0.0,0.0837,0.4333,0.0,0.0846,0.0,0.0,4.0,2.0
2023-12-05,316.55340576171875,320.12381493864075,313.66923434579206,317.23964352271406,16952100,-0.005405688394669594,-0.005420351996628998,322.7255126953125,329.4794586181641,328.6072372436523,316.29080688476563,326.06043922778616,323.7064568581038,2.353982369682342,5.043376298264503,-2.6893939285821613,32.03030571934774,328.6072372436523,7.686696362626571,343.9806299689055,313.23384451839917,0.09356697590841098,18087300.0,0.9372377303411786,0.006091786339834741,0.01119239736192905,0.012850711874747013,-0.06106359522773519,-0.06377031300375224,-0.0026392046445991024,0,0.0,0.0,0.0,0.0,0.0,0.0,0.0,0.0,0.0,0.0,0.0,0.0,0.0,0.0,0.0837,0.0,0.0,0.0846,0.0,0.0,0.5,0.0,0.0,0.5774,0.0,0.0,4.0,0.0,0.0,0.0,0.0,0.0,276.75,0.0,0.0,160.0,0.0,0.0,0.0837,0.0,0.0,0.0846,0.0,0.0,4.0
2023-12-06,315.71795654296875,320.4917548707476,315.31018992334776,320.1734935552771,11294300,-0.0026392046445991024,-0.002642693485038369,319.79160766601564,327.537109375,328.539111328125,316.65858947753907,324.4692880455066,323.11471609401974,1.3545719514868324,4.305615428908969,-2.951043477422137,33.89613165206241,328.539111328125,7.799443979602277,344.13799928732954,312.94022336892044,0.09495909267025028,17141260.0,0.6588955537690928,0.005673252318266561,0.011222094849025093,0.01268492213326276,-0.044400971463782524,-0.0579561032843543,0.02879189548715444,1,0.1507,0.0717,2.0,0.0,0.0,0.0,0.0,283.5,80.0,0.1507,0.0717,0.0,0.0,0.0,0.0,0.0,0.0,0.0,0.0,0.0,0.0,0.0,0.0,0.0,0.0,0.0,0.0,0.0,0.0,0.0,0.0,0.0,0.0,0.0,0.0,0.0,0.0,0.0,0.0,0.0,0.0,0.0,0.0,0.0,0.0
2023-12-07,324.8080749511719,326.4490662467037,316.03619083910985,316.03619083910985,15905100,0.02879189548715444,0.028385196833286382,319.6802185058594,326.05524291992185,328.8777542114258,317.23244201660157,324.5214091079166,323.24015008343844,1.2812590244781745,3.7007441480228103,-2.4194851235446357,43.09589887283395,328.8777542114258,7.458977154939081,343.79570852130394,313.9597999015476,0.09072036109981366,15693000.0,1.0135155801949913,0.016837418944891522,0.014686468613552947,0.014236878351633604,-0.0017117568431114227,-0.04363220803082857,0.018861517811515682,1,0.0,0.0,1.0,0.0,0.0,0.0,0.0,283.0,38.0,0.0,0.0,0.0,0.1507,0.0,0.0,0.0717,0.0,0.0,0.0,0.0,0.0,0.0,0.0,0.0,0.0,0.0,0.0,0.0,0.0,0.0,283.5,0.0,0.0,80.0,0.0,0.0,0.1507,0.0,0.0,0.0717,0.0,0.0,0.0,0.0,0.0
2023-12-08,330.9344482421875,331.35216999113294,321.23764622757795,321.32715152712314,14087400,0.018861517811515682,0.018685844918499773,321.25755615234374,325.51023254394534,329.4844253540039,317.8051007080078,325.50803051318906,323.81009809519765,1.6979324179914101,3.30018180201653,-1.6022493840251197,48.10268112504443,329.4844253540039,7.080064647577416,343.64455464915875,315.3242960588491,0.08595325426955121,15455200.0,0.9114990423934987,0.018138211024995802,0.01623640293399578,0.01477848271300845,0.024413381576097182,-0.016202003710723223,-0.022449340929504236,0,0.0,0.0,0.0,0.0,0.0,0.0,0.0,0.0,0.0,0.0,0.0,0.0,0.0,0.1507,0.0,0.0,0.0717,0.0,0.0,0.0,0.0,0.0,0.0,0.0,0.0,0.0,0.0,0.0,0.0,0.0,283.0,283.5,0.0,38.0,80.0,0.0,0.0,0.1507,0.0,0.0,0.0717,0.0,0.0,0.0,0.0
2023-12-11,323.50518798828125,328.0900504328584,318.2539982315041,327.60270335934126,25802500,-0.022449340929504236,-0.022705163329435136,322.30381469726564,324.5733642578125,329.3108764648438,318.3037646484375,325.1999008939724,323.7875121613519,1.4123887326205136,2.922623188137327,-1.5102344555168132,38.320762947139976,329.3108764648438,7.186524384559187,343.68392523396216,314.9378276957254,0.08729167359070089,16808280.0,1.5351065070310586,0.020408346265607034,0.017374401789194995,0.014636196177340173,0.016436449242170914,-0.028144843082504534,0.027484152339042778,1,0.0,0.0,0.0,0.0,0.0,0.0,0.0,0.0,0.0,0.0,0.0,0.0,0.0,0.0,0.1507,0.0,0.0,0.0717,0.0,0.0,0.0,0.0,0.0,0.0,0.0,0.0,0.0,0.0,0.0,0.0,0.0,283.0,283.5,0.0,38.0,80.0,0.0,0.0,0.1507,0.0,0.0,0.0717,0.0,0.0,0.0
2023-12-12,332.3964538574219,332.64508982523006,322.789156419186,322.8289466723349,18485500,0.027484152339042778,0.0271132437549954,325.47242431640626,324.0989685058594,329.5610046386719,318.8487744140625,326.3070628883492,324.425211546246,1.8818513421032321,2.714468818930508,-0.8326174768272758,47.99530541125792,329.5610046386719,7.203329610234573,343.967663859141,315.15434541820275,0.08742939254153854,17114960.0,1.080078481048159,0.0220797767037662,0.01933927502107307,0.015914571629347507,0.05004857887275027,-0.014071162516993807,0.0015558254996548282,1,0.2667,0.2357,2.0,0.5,0.7071,2.0,0.0,286.0,82.0,0.2667,0.2357,2.0,0.0,0.0,0.0,0.0,0.0,0.0,0.0,0.0,0.0,0.0,0.0,0.0,0.0,0.0,0.0,0.0,0.0,0.0,0.0,0.0,283.0,0.0,0.0,38.0,0.0,0.0,0.0,0.0,0.0,0.0,0.0,0.0,0.0
2023-12-13,332.9136047363281,336.52380383414567,330.82508689391784,332.10802663115385,16353300,0.0015558254996548282,0.0015546164570392402,328.91155395507815,324.35158081054686,329.4829345703125,319.5210852050781,327.32345394188445,325.05398141217796,2.2694725297064906,2.625469561085705,-0.35599703137921423,44.79569945386735,329.4829345703125,7.155571293926397,343.7940771581653,315.17179198245975,0.08687031154749374,18126760.0,0.9021634313026707,0.021552371297938914,0.01817997964523034,0.015151741839981298,0.05446522073577098,0.007645940560331077,-0.004690201489369272,0,0.0,0.0,0.0,0.0,0.0,0.0,0.0,0.0,0.0,0.0,0.0,0.0,0.2667,0.0,0.0,0.2357,0.0,0.0,0.5,0.0,0.0,0.7071,0.0,0.0,2.0,0.0,0.0,0.0,0.0,0.0,286.0,0.0,0.0,82.0,0.0,0.0,0.2667,0.0,0.0,0.2357,0.0,0.0,2.0,0.0,0.0
2023-12-14,331.3521728515625,332.873823659102,326.8468906291559,332.028455354676,19607300,-0.004690201489369272,-0.0047012349974768185,330.2203735351562,324.95029602050784,329.505810546875,320.06987426757814,327.9432568510657,325.5205141113916,2.4227427396741064,2.584924196803385,-0.16218145712927878,45.994303151436775,329.505810546875,7.161051253404076,343.8279130536832,315.18370804006685,0.0869308039396211,18867200.0,1.0392268063093624,0.01970606020187139,0.01743347598776583,0.014989546358281437,0.020147583773508115,0.018401339166000286,0.005252562501911084,1,0.0,0.0,0.0,0.0,0.0,0.0,0.0,0.0,0.0,0.0,0.0,0.0,0.0,0.2667,0.0,0.0,0.2357,0.0,0.0,0.5,0.0,0.0,0.7071,0.0,0.0,2.0,0.0,0.0,0.0,0.0,0.0,286.0,0.0,0.0,82.0,0.0,0.0,0.2667,0.0,0.0,0.2357,0.0,0.0,2.0,0.0
2023-12-15,333.0926208496094,336.8122049269243,329.4127966712865,330.178584466302,31776900,0.005252562501911084,0.005238815911033497,330.6520080566406,325.9547821044922,329.5421112060547,320.66918579101565,328.73546669699556,326.0814109068151,2.6540557901804505,2.598750515478798,0.05530527470165225,50.17917097430217,329.5421112060547,7.178136172314482,343.89838355068366,315.18583886142574,0.08712860576202555,22405100.0,1.4182886931993162,0.018035565266605005,0.01715406078371126,0.015002684355643957,0.0065214504530590744,0.03109404268749638,0.028962107249262514,1,0.0,0.0,0.0,0.0,0.0,0.0,0.0,0.0,0.0,0.0,0.0,0.0,0.0,0.0,0.2667,0.0,0.0,0.2357,0.0,0.0,0.5,0.0,0.0,0.7071,0.0,0.0,2.0,0.0,0.0,0.0,0.0,0.0,286.0,0.0,0.0,82.0,0.0,0.0,0.2667,0.0,0.0,0.2357,0.0,0.0,2.0
2023-12-18,342.7396850585937,345.66364630610184,335.1811459857911,335.6386579939803,18993900,0.028962107249262514,0.02855063134321316,334.4989074707031,328.4013610839844,330.0184951782227,321.24980102539064,330.8899618295491,327.3153571402801,3.5746046892689947,2.793921350236838,0.7806833390321568,54.2146976545885,330.0184951782227,7.7294928549421344,345.4774808881069,314.55950946833843,0.09368557178309536,21043380.0,0.9026069006024697,0.015493800474177527,0.017631012491745368,0.016323340318990548,0.059456533571910386,0.07687023711025143,0.01665610947801688,1,0.0,0.0,0.0,0.0,0.0,0.0,0.0,0.0,0.0,0.0,0.0,0.0,0.0,0.0,0.0,0.0,0.0,0.0,0.0,0.0,0.0,0.0,0.0,0.0,0.0,0.0,0.0,0.0,0.0,0.0,0.0,0.0,0.0,0.0,0.0,0.0,0.0,0.0,0.0,0.0,0.0,0.0,0.0,0.0,0.0
2023-12-19,348.4483947753906,351.6707377290934,343.2369943240104,343.69447603092266,17729400,0.01665610947801688,0.01651891777731182,337.70929565429685,331.5908599853516,330.5351593017578,321.88630920410156,333.5912592058324,328.8807673354735,4.710491870358908,3.177235454261252,1.5332564160976556,63.811976758948774,330.5351593017578,8.595969955482484,347.72709921272275,313.34321939079285,0.10402487860766296,20892160.0,0.8486149828452395,0.013346205418074982,0.017201698149556584,0.016411368310476,0.04829155284807607,0.10075705531243084,-0.0030825129224081316,0,0.0667,0.0,1.0,1.0,0.0,2.0,0.0,268.0,42.0,0.0667,0.0,2.0,0.0,0.0,0.0,0.0,0.0,0.0,0.0,0.0,0.0,0.0,0.0,0.0,0.0,0.0,0.0,0.0,0.0,0.0,0.0,0.0,0.0,0.0,0.0,0.0,0.0,0.0,0.0,0.0,0.0,0.0,0.0,0.0,0.0
2023-12-20,347.3742980957031,353.02330025968047,345.89243737180146,346.74773057185774,16369900,-0.0030825129224081316,-0.0030872736512225106,340.6014343261719,334.756494140625,331.1468017578125,322.43211486816404,335.711726727351,330.2506585028979,5.461068224453072,3.6340020082996167,1.8270662161534554,67.91324149195543,331.1468017578125,9.343671798619868,349.83414535505227,312.45945816057275,0.1128644063481364,20895480.0,0.783418232076985,0.01417595049568491,0.01723778931145114,0.0162694187537365,0.043436775048073084,0.10026778932488756,0.01377117555222318,1,0.4333,0.0,1.0,0.3333,0.0,2.0,1.0,293.0,42.0,0.4333,0.0,2.0,0.0667,0.0,0.0,0.0,0.0,0.0,1.0,0.0,0.0,0.0,0.0,0.0,2.0,0.0,0.0,0.0,0.0,0.0,268.0,0.0,0.0,42.0,0.0,0.0,0.0667,0.0,0.0,0.0,0.0,0.0,2.0,0.0,0.0
2023-12-21,352.1580505371094,354.4653996996908,347.30467138515246,351.05412136211515,15289600,0.01377117555222318,0.013677214566908775,344.7626098632812,337.4914916992187,331.7733673095703,322.9546484375,338.24193039039073,331.8734282832099,6.368502107180859,4.180902028075866,2.1876000791049934,72.77819221742831,331.7733673095703,10.312208896648404,352.3977851028671,311.1489495162735,0.12432835076875003,20031940.0,0.7632610720679075,0.012093936886994611,0.016002819127537364,0.016284029183896362,0.06279082918483647,0.08420349644955416,-0.001976946171481364,0,0.4333,0.0,1.0,0.3333,0.0,2.0,1.0,293.0,42.0,0.4333,0.0,2.0,0.4333,0.0667,0.0,0.0,0.0,0.0,0.3333,1.0,0.0,0.0,0.0,0.0,2.0,2.0,0.0,1.0,0.0,0.0,293.0,268.0,0.0,42.0,42.0,0.0,0.4333,0.0667,0.0,0.0,0.0,0.0,2.0,2.0,0.0
2023-12-22,351.4618530273437,355.25106253091496,349.30367959631326,353.63987605720274,11772800,-0.001976946171481364,-0.0019789029088988414,348.43645629882815,339.5442321777344,332.5272323608398,323.53605895996094,340.27576464222966,333.32442270870126,6.951341933528397,4.734990009166372,2.2163519243620247,77.7390127030298,332.5272323608398,11.181513383860006,354.89025912855976,310.1642055931198,0.13450343064506004,16031120.0,0.7343716471463004,0.0134994147043743,0.015820624968256085,0.016089856432511943,0.055147520623184176,0.06202861289959638,0.004074777657701034,1,0.0,0.0,1.0,0.0,0.0,0.0,0.0,301.0,40.0,0.0,0.0,0.0,0.4333,0.4333,0.0667,0.0,0.0,0.0,0.3333,0.3333,1.0,0.0,0.0,0.0,2.0,2.0,2.0,1.0,1.0,0.0,293.0,293.0,268.0,42.0,42.0,42.0,0.4333,0.4333,0.0667,0.0,0.0,0.0,2.0,2.0,2.0
2023-12-26,352.8939819335937,355.0322754979637,351.52153691163204,353.0531125921697,9898600,0.004074777657701034,0.004066498234805472,350.4673156738281,342.4831115722656,333.528237915039,324.33447814941405,342.21702884090104,334.7740196883229,7.443009152578156,5.27659383784873,2.1664153147294263,80.52114218225205,333.528237915039,12.074642147998011,357.67752221103507,309.378953619043,0.14481103277466828,14212060.0,0.6964929784985427,0.008995997621108623,0.012332213806970884,0.01580921404754761,0.0296268489400755,0.09084489225062153,0.008454784527004211,1,0.0667,0.0,1.0,1.0,0.0,2.0,0.0,268.0,42.0,0.0667,0.0,2.0,0.0,0.4333,0.4333,0.0,0.0,0.0,0.0,0.3333,0.3333,0.0,0.0,0.0,0.0,2.0,2.0,0.0,1.0,1.0,301.0,293.0,293.0,40.0,42.0,42.0,0.0,0.4333,0.4333,0.0,0.0,0.0,0.0,2.0,2.0
2023-12-27,355.87762451171875,357.041254209994,353.3713848514491,354.1272479153226,13207900,0.008454784527004211,0.008419243026279185,351.9531616210937,344.8312286376953,334.4650985717773,325.0640759277344,344.3186589441038,336.3372496752411,7.981409268862706,5.817556924051526,2.16385234481118,82.55398815743638,334.4650985717773,13.056629296963127,360.57835716570355,308.351839977851,0.1561493782486383,13307760.0,0.9924961075342507,0.007087035502440388,0.010454070168734206,0.015696948114168715,0.02132088954267397,0.07064206125486794,0.0013693898450255482,1,0.4333,0.0,1.0,1.0,0.0,2.0,0.0,291.0,42.0,0.4333,0.0,2.0,0.0667,0.0,0.4333,0.0,0.0,0.0,1.0,0.0,0.3333,0.0,0.0,0.0,2.0,0.0,2.0,0.0,0.0,1.0,268.0,301.0,293.0,42.0,40.0,42.0,0.0667,0.0,0.4333,0.0,0.0,0.0,2.0,0.0,2.0
2023-12-28,356.3649597167969,359.92541334633074,355.8577326408115,357.7374350863552,11798800,0.0013693898450255482,0.0013684530858465369,353.7512939453125,347.1763641357422,335.76397247314446,325.7467315673828,346.17193598605655,337.82078375239337,8.351152233663186,6.324275985973858,2.0268762476893274,79.72641678663906,335.76397247314446,13.894851931687862,363.5536763365202,307.9742686097687,0.16553118346012213,12393540.0,0.9520120966245318,0.006154025125115292,0.01046481611787078,0.014758372519933335,0.025881769809626975,0.07044276547076689,-0.012167897095295754,0,0.0,0.0,0.0,0.0,0.0,0.0,0.0,0.0,0.0,0.0,0.0,0.0,0.4333,0.0667,0.0,0.0,0.0,0.0,1.0,1.0,0.0,0.0,0.0,0.0,2.0,2.0,0.0,0.0,0.0,0.0,291.0,268.0,301.0,42.0,42.0,40.0,0.4333,0.0667,0.0,0.0,0.0,0.0,2.0,2.0,0.0
2023-12-29,352.0287475585937,358.03580116533425,349.9004394120012,357.03130212194435,14987100,-0.012167897095295754,-0.012242532006354622,353.7254333496093,349.2440216064453,337.09715881347654,326.48249450683596,347.07298392029304,338.87322551581565,8.199758404477393,6.699372469674565,1.5003859348028277,70.56427716306035,337.09715881347654,14.121890974442353,365.34094076236124,308.85337686459184,0.1675705725215716,12333040.0,1.2151991723046387,0.007776830432315577,0.01159003175103436,0.014566104036738714,-0.0003671731437587811,0.06240060093492672,-0.021669091980271116,0,0.0,0.0,2.0,0.0,0.0,0.0,0.0,243.5,65.0,0.0,0.0,0.0,0.0,0.4333,0.0667,0.0,0.0,0.0,0.0,1.0,1.0,0.0,0.0,0.0,0.0,2.0,2.0,0.0,0.0,0.0,0.0,291.0,268.0,0.0,42.0,42.0,0.0,0.4333,0.0667,0.0,0.0,0.0,0.0,2.0,2.0
2024-01-02,344.4006042480469,351.23311575908457,338.1548699764897,349.40315868568683,19042200,-0.021669091980271116,-0.021907314416953493,352.31318359374995,350.37481994628905,338.1648010253906,327.14844116210935,346.66184858610137,339.2826609774624,7.379187608638972,6.835335497467447,0.5438521111715247,70.29170581070383,338.1648010253906,13.807484240160843,365.7797695057123,310.5498325450689,0.16332254803922225,13786920.0,1.3811786824033214,0.012530608780385923,0.01456241187021902,0.0154872115005413,-0.02009108163083473,0.033948465653770965,-0.0052556777526625575,0,0.1507,0.0717,2.0,0.0,0.0,0.0,0.0,281.5,80.0,0.1507,0.0717,0.0,0.0,0.0,0.4333,0.0,0.0,0.0,0.0,0.0,1.0,0.0,0.0,0.0,0.0,0.0,2.0,0.0,0.0,0.0,243.5,0.0,291.0,65.0,0.0,42.0,0.0,0.0,0.4333,0.0,0.0,0.0,0.0,0.0,2.0
2024-01-03,342.5905456542969,346.0515694254938,341.30757549800643,343.09777276631047,15451100,-0.0052556777526625575,-0.005269537409571137,350.25249633789065,350.3599060058594,339.3806335449218,327.8609326171875,346.0354942889007,339.5276894720427,6.50780481685797,6.769829361345551,-0.2620245444875815,61.47818581163732,339.3806335449218,13.011452261254592,365.403538067431,313.3577290224126,0.15335527104592242,14897420.0,1.0371661670275794,0.011696784765748395,0.01162215445777396,0.015041574205500199,-0.02919697361468654,-0.0004351390014007972,0.007692851073404894,1,0.0,0.0,0.0,0.0,0.0,0.0,0.0,0.0,0.0,0.0,0.0,0.0,0.1507,0.0,0.0,0.0717,0.0,0.0,0.0,0.0,0.0,0.0,0.0,0.0,0.0,0.0,0.0,0.0,0.0,0.0,281.5,243.5,0.0,80.0,65.0,0.0,0.1507,0.0,0.0,0.0717,0.0,0.0,0.0,0.0,0.0
2024-01-04,345.2260437011719,346.2504226150793,341.526339500746,342.6203437658579,12099900,0.007692851073404894,0.007663411978573633,348.12218017578124,350.0376708984375,340.81426544189446,328.51951904296874,345.91096342925016,339.9497897853115,5.9611736439386505,6.608098217864171,-0.6469245739255207,63.232147519025595,340.81426544189446,11.895687835026258,364.60564111194697,317.02288977184196,0.13961490514022337,14675820.0,0.8244786321990867,0.011466465298114216,0.010486511777613563,0.014904423735786458,-0.02993045945263162,-0.009247713929908863,0.013914594531807323,1,0.0667,0.0,1.0,1.0,0.0,2.0,0.0,262.0,40.0,0.0667,0.0,2.0,0.0,0.1507,0.0,0.0,0.0717,0.0,0.0,0.0,0.0,0.0,0.0,0.0,0.0,0.0,0.0,0.0,0.0,0.0,0.0,281.5,243.5,0.0,80.0,65.0,0.0,0.1507,0.0,0.0,0.0717,0.0,0.0,0.0,0.0
2024-01-05,350.0297241210937,351.57125496566374,344.3707671222737,345.0967647163299,13920700,0.013914594531807323,0.013818675321764656,346.8551330566406,350.30321350097654,342.5298538208007,329.30322021484375,346.544618920303,340.69645158796203,5.8481673323409495,6.456112040759527,-0.6079447084185778,68.76500830285674,342.5298538208007,10.475222597560522,363.4802990159218,321.57940862567966,0.12232770347709067,15100200.0,0.9218884518085854,0.01446442810820383,0.0114251392811828,0.014949602299579347,-0.017777380808533416,0.007644278923188974,0.019065240518252757,1,0.0667,0.0,2.0,1.0,0.0,4.0,0.0,264.0,80.0,0.0667,0.0,4.0,0.0667,0.0,0.1507,0.0,0.0,0.0717,1.0,0.0,0.0,0.0,0.0,0.0,2.0,0.0,0.0,0.0,0.0,0.0,262.0,0.0,281.5,40.0,0.0,80.0,0.0667,0.0,0.1507,0.0,0.0,0.0717,2.0,0.0,0.0
2024-01-08,356.703125,357.0213863377745,350.12917392447577,352.7647395860234,13890200,0.019065240518252757,0.018885776252227048,347.7900085449219,350.7577209472656,344.1246063232421,330.47936767578125,348.1074660094872,341.8821310999648,6.225334909522417,6.409956614512105,-0.18462170498968877,71.58184497159402,344.1246063232421,10.054668828157824,364.23394397955775,324.0152686669265,0.11687241939000774,14880820.0,0.9334297437910007,0.016398551380488385,0.012189015915969704,0.014287952682299867,0.013278396931569514,0.012906348317065275,-0.0034296255585001267,0,0.1595,0.297,3.0,-0.2222,0.6939,2.0,4.0,266.3333,114.0,0.1595,0.297,0.5,0.0667,0.0667,0.0,0.0,0.0,0.0,1.0,1.0,0.0,0.0,0.0,0.0,4.0,2.0,0.0,0.0,0.0,0.0,264.0,262.0,0.0,80.0,40.0,0.0,0.0667,0.0667,0.0,0.0,0.0,0.0,4.0,2.0,0.0
2024-01-09,355.4797668457031,358.67227415004817,353.42105398986945,354.4553879927289,13463900,-0.0034296255585001267,-0.0034355202057167146,350.00584106445314,351.1595123291016,345.3518722534179,331.853427734375,349.24166613813577,342.88936337742695,6.352302760708824,6.39842584375145,-0.0461230830426258,63.76525921290128,345.3518722534179,9.85598056927042,365.0638333919588,325.63991111487707,0.11415580874034639,13765160.0,0.9781143117842437,0.010618677447264682,0.012241617500645518,0.013999113371825925,0.03216940522461087,0.01143200544739309,0.0364828150501173,1,0.0667,0.0,1.0,1.0,0.0,2.0,0.0,268.0,40.0,0.0667,0.0,2.0,0.1595,0.0667,0.0667,0.297,0.0,0.0,-0.2222,1.0,1.0,0.6939,0.0,0.0,2.0,4.0,2.0,4.0,0.0,0.0,266.3333,264.0,262.0,114.0,80.0,40.0,0.1595,0.0667,0.0667,0.297,0.0,0.0,0.5,4.0,2.0
2024-01-10,368.44866943359375,370.905194011208,357.1208001642387,358.204879693542,22117200,0.0364828150501173,0.03583307296861697,355.1774658203125,352.71498107910156,347.59904632568356,333.32018005371094,352.1965897220524,344.78264530751335,7.41394441453906,6.601529557908972,0.8124148566300882,68.67913407259152,347.59904632568356,9.735597478584062,367.07024128285167,328.12785136851545,0.11203249930049887,15098380.0,1.464872390282931,0.014764285226954476,0.016599797702638763,0.014406796099342669,0.07547821767793295,0.044077508533220344,-0.002159471217790254,0,0.0,0.0,1.0,1.0,0.0,1.0,0.0,148.0,20.0,0.0,0.0,1.0,0.0667,0.1595,0.0667,0.0,0.297,0.0,1.0,-0.2222,1.0,0.0,0.6939,0.0,2.0,2.0,4.0,0.0,4.0,0.0,268.0,266.3333,264.0,40.0,114.0,80.0,0.0667,0.1595,0.0667,0.0,0.297,0.0,2.0,0.5,4.0
2024-01-11,367.6530151367188,370.7460317461292,360.9497693728477,370.099584354719,17205400,-0.002159471217790254,-0.0021618062379720423,359.66286010742186,353.89252014160155,349.3618743896484,334.65306762695315,354.5745013243088,346.4767467763434,8.097754547965394,6.900774555920258,1.1969799920451365,69.03820114751856,349.3618743896484,10.025616922062884,369.41310823377415,329.31064054552263,0.11478776199696208,16119480.0,1.0673669373950028,0.01649662553033626,0.01665422753429332,0.013652799494293285,0.06496315050599066,0.03308831411122415,0.013038738952461548,1,0.2014,0.0,1.0,0.0,0.0,0.0,0.0,284.0,40.0,0.2014,0.0,0.0,0.0,0.0667,0.1595,0.0,0.0,0.297,1.0,1.0,-0.2222,0.0,0.0,0.6939,1.0,2.0,2.0,0.0,0.0,4.0,148.0,268.0,266.3333,20.0,40.0,114.0,0.0,0.0667,0.1595,0.0,0.0,0.297,1.0,2.0,0.5
2024-01-12,372.4467468261719,375.0027320118524,367.52377258076655,368.1403849615142,19310000,0.013038738952461548,0.012954466344292254,364.1462646484375,355.5006988525391,351.33853149414057,336.1094781494141,357.3240775553646,348.40045048373815,8.92362707162647,7.3053450590615,1.6182820125649702,69.04400154914052,351.33853149414057,10.498042908683281,372.33461731150715,330.342445676774,0.11952054178672822,17197340.0,1.122848068364061,0.016486142413097857,0.016904306858192136,0.013735292146382215,0.06404319736378428,0.04512729624751888,-0.018772182179528807,0,0.0,0.0,0.0,0.0,0.0,0.0,0.0,0.0,0.0,0.0,0.0,0.0,0.2014,0.0,0.0667,0.0,0.0,0.0,0.0,1.0,1.0,0.0,0.0,0.0,0.0,1.0,2.0,0.0,0.0,0.0,284.0,148.0,268.0,40.0,20.0,40.0,0.2014,0.0,0.0667,0.0,0.0,0.0,0.0,1.0,2.0
2024-01-16,365.4551086425781,373.5606357044002,365.22638296047086,371.6113380752414,15306900,-0.018772182179528807,-0.018950616183871206,365.89666137695315,356.8433349609375,353.04367828369135,337.2156103515625,358.57500541493596,349.6637584955041,8.911246919431846,7.62652543113557,1.2847214882962765,61.74652482640149,353.04367828369135,9.829177564937316,372.70203341356597,333.3853231538167,0.11136500291093147,17480680.0,0.8756467139722254,0.02087592567144727,0.017738505615008355,0.014628650265116198,0.02453576385846956,0.038139956401570974,0.0024764445084284326,1,0.0,0.0,0.0,0.0,0.0,0.0,0.0,0.0,0.0,0.0,0.0,0.0,0.0,0.2014,0.0,0.0,0.0,0.0,0.0,0.0,1.0,0.0,0.0,0.0,0.0,0.0,1.0,0.0,0.0,0.0,0.0,284.0,148.0,0.0,40.0,20.0,0.0,0.2014,0.0,0.0,0.0,0.0,0.0,0.0,1.0
2024-01-17,366.3601379394531,366.52922375985634,356.6533795947967,364.3014247464983,12724800,0.0024764445084284326,0.0024733831728369275,368.07273559570314,359.03928833007814,354.70705413818354,338.3593359375,359.7727181110155,350.90052734320403,8.872190767811446,7.875658498470746,0.9965322693407002,61.40498247351648,354.70705413818354,9.060001512773232,372.82705716373,336.5870511126371,0.10216883376944304,17332860.0,0.7341431246776354,0.02043998449627675,0.015356077113322007,0.014639405229794655,0.030607567880150732,0.06376160035883793,0.021065834094759373,1,-0.2653,0.0,1.0,-1.0,0.0,0.0,1.0,129.0,21.0,0.2653,0.0,0.0,0.0,0.0,0.2014,0.0,0.0,0.0,0.0,0.0,0.0,0.0,0.0,0.0,0.0,0.0,0.0,0.0,0.0,0.0,0.0,0.0,284.0,0.0,0.0,40.0,0.0,0.0,0.2014,0.0,0.0,0.0,0.0,0.0,0.0
2024-01-18,374.0778198242188,374.7938926804519,368.9260894604968,369.4631213393672,16354300,0.021065834094759373,0.02084701711823753,369.1985656738281,362.1880157470703,356.27396087646486,339.5832220458984,361.97350298996986,352.61736382327916,9.356139166690696,8.171754632114737,1.1843845345759583,64.2701134078539,356.27396087646486,9.576543786126441,375.42704844871776,337.12087330421195,0.10751887409977784,16180280.0,1.010755067279429,0.015231451646113269,0.015410000606899225,0.01405014591420334,0.015277977253327135,0.09190934942406526,0.01946126958368155,1,0.4333,0.0,1.0,1.0,0.0,2.0,0.0,291.0,42.0,0.4333,0.0,2.0,-0.2653,0.0,0.0,0.0,0.0,0.0,-1.0,0.0,0.0,0.0,0.0,0.0,0.0,0.0,0.0,1.0,0.0,0.0,129.0,0.0,0.0,21.0,0.0,0.0,0.2653,0.0,0.0,0.0,0.0,0.0,0.0,0.0,0.0
2024-01-19,381.35784912109375,382.26285731018993,375.9077379296049,376.9321168748791,21670800,0.01946126958368155,0.0192743206919962,371.9395324707031,365.8011962890625,357.91943359375,340.92884033203126,364.9557100870658,354.74628866015433,10.20942142691149,8.579287991074088,1.6301334358374024,67.70962313527889,357.91943359375,10.897377719975367,379.71418903370073,336.12467815379927,0.12178581766917121,17073360.0,1.269275643458581,0.016380129348000306,0.015750003569197417,0.014191411342660689,0.03727654451379525,0.10466129679137892,-0.004355197292261748,0,0.0,0.0,1.0,0.0,0.0,0.0,0.0,301.0,40.0,0.0,0.0,0.0,0.4333,-0.2653,0.0,0.0,0.0,0.0,1.0,-1.0,0.0,0.0,0.0,0.0,2.0,0.0,0.0,0.0,1.0,0.0,291.0,129.0,0.0,42.0,21.0,0.0,0.4333,0.2653,0.0,0.0,0.0,0.0,2.0,0.0,0.0
2024-01-22,379.6969604492188,388.22020876614937,379.0803481011593,385.8333095296637,17680500,-0.004355197292261748,-0.004364708790335664,373.38957519531255,368.767919921875,359.53556671142576,342.1811700439453,367.2235947581663,356.5944865704554,10.629108187710926,8.989252030401456,1.6398561573094703,70.37792913963506,359.53556671142576,11.623766602258957,382.7830999159437,336.2880335069078,0.1293197967430973,16747460.0,1.0557123289143548,0.016740619074558198,0.016309886235864487,0.01423055579704515,0.01946644368578876,0.08475633434451324,0.008958110129393404,1,0.1005,0.1007,3.0,0.0,0.0,0.0,0.0,284.0,118.0,0.1005,0.1007,0.0,0.0,0.4333,-0.2653,0.0,0.0,0.0,0.0,1.0,-1.0,0.0,0.0,0.0,0.0,2.0,0.0,0.0,0.0,1.0,301.0,291.0,129.0,40.0,42.0,21.0,0.0,0.4333,0.2653,0.0,0.0,0.0,0.0,2.0,0.0
2024-01-23,383.0983276367188,386.2609699975244,379.99532513156834,382.52147517026447,15506100,0.008958110129393404,0.008918224285064271,376.91821899414066,371.4074401855469,361.08258056640625,343.48243225097656,369.6658613548667,358.5577340568453,11.10812729802143,9.413027083925451,1.6951002140959783,80.39362601214467,361.08258056640625,12.607512319044273,386.2976052044948,335.8675559283177,0.13966347863436346,16787300.0,0.9236804012557112,0.01089247000935599,0.01587515119322791,0.014106639175400207,0.048277390510898854,0.0739976770226467,0.01427816252628955,1,0.0091,0.0129,2.0,0.5,0.7071,1.0,0.0,198.0,55.0,0.0091,0.0129,1.0,0.1005,0.0,0.4333,0.1007,0.0,0.0,0.0,0.0,1.0,0.0,0.0,0.0,0.0,0.0,2.0,0.0,0.0,0.0,284.0,301.0,291.0,118.0,40.0,42.0,0.1005,0.0,0.4333,0.1007,0.0,0.0,0.0,0.0,2.0
2024-01-24,388.5682678222656,393.9885132242845,385.6940217233705,387.872075034341,15698500,0.01427816252628955,0.014177189567623392,381.3598449707032,374.71629028320314,362.93790130615236,344.8777770996094,372.57392388831266,360.78073655798755,11.793187330325111,9.889059133205384,1.9041281971197268,84.14822880476972,362.93790130615236,13.791870746779562,390.52164279971146,335.35415981259325,0.15200254034803123,17382040.0,0.9031448552643994,0.010243600907086441,0.015532128916282176,0.014193147864198325,0.06061830309301475,0.09308124979986454,0.006347562026780995,1,0.0,0.0,0.0,0.0,0.0,0.0,0.0,0.0,0.0,0.0,0.0,0.0,0.0091,0.1005,0.0,0.0129,0.1007,0.0,0.5,0.0,0.0,0.7071,0.0,0.0,1.0,0.0,0.0,0.0,0.0,0.0,198.0,284.0,301.0,55.0,118.0,40.0,0.0091,0.1005,0.0,0.0129,0.1007,0.0,1.0,0.0,0.0
2024-01-25,391.0347290039063,393.3321227832211,383.5557704585808,388.04117276632337,15091100,0.006347562026780995,0.00632750110216128,384.7512268066406,376.9748962402344,364.844938659668,346.1589483642578,375.41404775225016,363.021773035463,12.392274716787142,10.389702249921736,2.0025724668654057,84.10832614912832,364.844938659668,14.920691842613348,394.6863223448947,335.00355497444133,0.16358392578970704,17129400.0,0.8810057561852721,0.008981597938252232,0.012179218164067144,0.01419338516794658,0.04532989736642401,0.061300423760610956,0.0024417357231389936,1,0.0333,0.0471,2.0,0.5,0.7071,2.0,0.0,275.5,80.0,0.0333,0.0471,2.0,0.0,0.0091,0.1005,0.0,0.0129,0.1007,0.0,0.5,0.0,0.0,0.7071,0.0,0.0,1.0,0.0,0.0,0.0,0.0,0.0,198.0,284.0,0.0,55.0,118.0,0.0,0.0091,0.1005,0.0,0.0129,0.1007,0.0,1.0,0.0
2024-01-26,391.9895324707031,394.6250676356868,389.4534274110973,392.1983781834946,13163700,0.0024417357231389936,0.0024387595302013984,386.8775634765625,379.40854797363284,366.6505340576172,347.4508612060547,377.9641223243198,365.1675329936289,12.796589330690892,10.871079666075568,1.9255096646153245,83.14209695855357,366.6505340576172,15.929328481400047,398.5091910204173,334.79187709481715,0.17378213859518693,15427980.0,0.8532354851380414,0.007003661775299499,0.011919429274333378,0.01418538362245699,0.027878496205367087,0.06619425472393936,0.017455664443417396,1,0.0,0.0,0.0,0.0,0.0,0.0,0.0,0.0,0.0,0.0,0.0,0.0,0.0333,0.0,0.0091,0.0471,0.0,0.0129,0.5,0.0,0.5,0.7071,0.0,0.7071,2.0,0.0,1.0,0.0,0.0,0.0,275.5,0.0,198.0,80.0,0.0,55.0,0.0333,0.0,0.0091,0.0471,0.0,0.0129,2.0,0.0,1.0
2024-01-29,398.83197021484375,400.73155264102223,390.9551997927644,392.834871916938,18742400,0.017455664443417396,0.017305064356698603,390.7045654296875,382.0470703125,368.7738845825196,348.7380004882813,381.1745604613235,367.6611950100152,13.513365451308289,11.399536823122114,2.113828628186175,83.1869925109913,368.7738845825196,17.2608563184656,403.29559721945077,334.25217194558843,0.18722428067818525,15640360.0,1.1983355881833921,0.0060288676376113425,0.012265707761636267,0.014426323933645983,0.05039547786473286,0.07084294228239396,-0.002393922805898563,0,0.0833,0.0236,2.0,0.5,0.7071,2.0,0.0,273.5,80.0,0.0833,0.0236,2.0,0.0,0.0333,0.0,0.0,0.0471,0.0,0.0,0.5,0.0,0.0,0.7071,0.0,0.0,2.0,0.0,0.0,0.0,0.0,0.0,275.5,0.0,0.0,80.0,0.0,0.0,0.0333,0.0,0.0,0.0471,0.0,0.0,2.0,0.0
2024-01-30,397.877197265625,404.1428111764658,397.3898805073128,401.3879357279278,18614700,-0.002393922805898563,-0.002396792820409252,393.66033935546875,385.2892791748047,371.06630706787115,350.0776513671875,383.7441968927545,369.89941739931965,13.844779493434828,11.888585357184658,1.9561941362501702,83.54049908089978,371.06630706787115,17.95067105363622,406.9676491751436,335.1649649605987,0.19350364839621936,16262080.0,1.1446690706231921,0.008212542572169986,0.009149067211968768,0.013945157082547094,0.0385772230332484,0.08871702120534941,-0.02479628214922336,0,0.0,0.0,0.0,0.0,0.0,0.0,0.0,0.0,0.0,0.0,0.0,0.0,0.0833,0.0,0.0333,0.0236,0.0,0.0471,0.5,0.0,0.5,0.7071,0.0,0.7071,2.0,0.0,2.0,0.0,0.0,0.0,273.5,0.0,275.5,80.0,0.0,80.0,0.0833,0.0,0.0333,0.0236,0.0,0.0471,2.0,0.0,2.0
2024-01-31,388.0113220214844,395.8284215058258,384.9879004543973,386.8775275521765,20180800,-0.02479628214922336,-0.02510888842408913,393.5489501953125,387.4543975830078,373.246842956543,351.1905456542969,384.40067768178983,371.24103996392444,13.159637717865394,12.142795829320807,1.0168418885445867,66.2750010536381,373.246842956543,17.17293513812772,407.5927132327984,338.90097268028757,0.18403836991196898,17158540.0,1.1761373636684707,0.015583337385131948,0.013965595053364444,0.014287787044481005,-0.0014333280581625418,0.05909808912019088,0.01189324979521178,1,0.0,0.0,1.0,1.0,0.0,1.0,0.0,135.0,19.0,0.0,0.0,1.0,0.0,0.0833,0.0,0.0,0.0236,0.0,0.0,0.5,0.0,0.0,0.7071,0.0,0.0,2.0,0.0,0.0,0.0,0.0,0.0,273.5,0.0,0.0,80.0,0.0,0.0,0.0833,0.0,0.0,0.0236,0.0,0.0,2.0,0.0
2024-02-01,392.62603759765625,398.3148298902819,390.9054657331679,391.7906243681048,29727100,0.01189324979521178,0.011823080909320823,393.8672119140625,389.30921936035156,375.748617553711,352.37882629394534,385.66611766884614,372.8251138627194,12.841003806126764,12.282437424682,0.5585663814447646,69.53478379191316,375.748617553711,16.081783453503583,407.91218446071815,343.5850506467038,0.17119726010653702,20085740.0,1.480010196288511,0.016343694052805068,0.013131210671723993,0.014085100793983436,0.004069481495424965,0.04958384804037119,0.20317638472294663,1,0.4333,0.0,1.0,0.3333,0.0,2.0,1.0,292.0,42.0,0.4333,0.0,2.0,0.0,0.0,0.0833,0.0,0.0,0.0236,1.0,0.0,0.5,0.0,0.0,0.7071,1.0,0.0,2.0,0.0,0.0,0.0,135.0,0.0,273.5,19.0,0.0,80.0,0.0,0.0,0.0833,0.0,0.0,0.0236,1.0,0.0,2.0
2024-02-02,472.39837646484375,483.3085237795702,450.53832193391975,457.09236230304987,84707600,0.20317638472294663,0.18496504696210386,409.9489807128906,398.41327209472655,382.1072341918946,355.06449157714843,399.00954209899965,380.2009110925064,18.808631006493272,13.587676141044255,5.220954865449016,85.98023161618745,382.1072341918946,25.66459746096182,433.43642911381824,330.7780392699709,0.26866382171736686,34394520.0,2.462822565920385,0.09207996420182289,0.0643493586670018,0.04609458239146863,0.2051300795899449,0.23872729394076697,-0.03280069511064598,0,0.0,0.0,0.0,0.0,0.0,0.0,0.0,0.0,0.0,0.0,0.0,0.0,0.4333,0.0,0.0,0.0,0.0,0.0,0.3333,1.0,0.0,0.0,0.0,0.0,2.0,1.0,0.0,1.0,0.0,0.0,292.0,135.0,0.0,42.0,19.0,0.0,0.4333,0.0,0.0,0.0,0.0,0.0,2.0,1.0,0.0
2024-02-05,456.90338134765625,469.3252239840704,456.71441559320857,467.3162563880782,40832400,-0.03280069511064598,-0.033350698365275974,421.5632629394531,406.1339141845703,387.4509170532227,357.4997302246094,407.91628659879296,385.88257555585085,22.033711042942116,15.276883121423827,6.756827921518289,81.02016398598194,387.4509170532227,29.47716131121993,446.4052396756626,328.49659443078286,0.30431892158531926,38812520.0,1.0520419699622698,0.09786301906041059,0.06630665642024265,0.04740843865210161,0.1456037014824325,0.2033369474622464,-0.010208652126897144,0,0.0,0.0,1.0,0.0,0.0,0.0,0.0,289.0,40.0,0.0,0.0,0.0,0.0,0.4333,0.0,0.0,0.0,0.0,0.0,0.3333,1.0,0.0,0.0,0.0,0.0,2.0,1.0,0.0,1.0,0.0,0.0,292.0,135.0,0.0,42.0,19.0,0.0,0.4333,0.0,0.0,0.0,0.0,0.0,2.0,1.0
2024-02-06,452.239013671875,464.5713522411687,450.5283969110616,461.4683800590124,21655200,-0.010208652126897144,-0.010261117790591748,432.4356262207031,413.04798278808596,392.2277114868165,359.7519757080078,414.73516768695947,390.79786726814893,23.937300418810537,17.00896658090117,6.928333837909367,78.40648723772941,392.2277114868165,31.875475795408097,455.9786630776327,328.47675989600026,0.32507112436882984,39420620.0,0.54933686989195,0.0985896965264675,0.06694984606575827,0.04770686639365336,0.1366296354248162,0.18047765037679908,0.03270133250844465,1,0.0,0.0,1.0,0.0,0.0,0.0,0.0,285.0,38.0,0.0,0.0,0.0,0.0,0.0,0.4333,0.0,0.0,0.0,0.0,0.0,0.3333,0.0,0.0,0.0,0.0,0.0,2.0,0.0,0.0,1.0,289.0,0.0,292.0,40.0,0.0,42.0,0.0,0.0,0.4333,0.0,0.0,0.0,0.0,0.0,2.0
2024-02-07,467.02783203125,468.947294332908,453.6909956704097,455.5010727196219,23066000,0.03270133250844465,0.03217802200952837,448.2389282226562,420.89393920898436,397.8051147460938,362.3648413085937,422.7801929706965,396.444531324675,26.335661646021492,18.874305593925236,7.4613560520962565,79.37146813656476,397.8051147460938,34.73764168151469,467.2803981091232,328.3298313830644,0.3492930622944516,39997660.0,0.5766837359985559,0.09392298419166048,0.06707292944926466,0.04773972351408375,0.20364485654207387,0.20191963859712914,0.0008731950614393469,1,-0.1784,0.278,2.0,-0.5,0.7071,0.0,1.0,168.0,51.0,0.1784,0.278,0.0,0.0,0.0,0.0,0.0,0.0,0.0,0.0,0.0,0.0,0.0,0.0,0.0,0.0,0.0,0.0,0.0,0.0,0.0,285.0,289.0,0.0,38.0,40.0,0.0,0.0,0.0,0.0,0.0,0.0,0.0,0.0,0.0,0.0
2024-02-08,467.4356384277344,468.0224156934193,462.4927539732961,465.7648119405903,18815100,0.0008731950614393469,0.0008728140484146815,463.2008483886719,428.5340301513672,402.75446319580084,365.05607666015624,429.65026150254846,401.70313185082756,27.9471296517209,20.68887040548437,7.2582592462365305,78.4348649760845,402.75446319580084,37.29262604374545,477.33971528329175,328.1692111083099,0.3703757942030848,37815260.0,0.49755310422300414,0.09489958679902814,0.06722237389523539,0.04754879264746124,0.19053652500433338,0.19538139136246602,-0.004021301656317422,0,0.2014,0.0,1.0,0.0,0.0,0.0,0.0,282.0,40.0,0.2014,0.0,0.0,-0.1784,0.0,0.0,0.278,0.0,0.0,-0.5,0.0,0.0,0.7071,0.0,0.0,0.0,0.0,0.0,1.0,0.0,0.0,168.0,285.0,289.0,51.0,38.0,40.0,0.1784,0.0,0.0,0.278,0.0,0.0,0.0,0.0,0.0
2024-02-09,465.5559387207031,471.0060503157884,464.91944639596704,470.3695579910523,18413100,-0.004021301656317422,-0.004029408831386325,461.8323608398438,435.8906707763672,407.64960937500007,367.62438720703125,435.17421184380305,406.4329693967442,28.741242447058823,22.299344813799262,6.441897633259561,78.32164030794932,407.64960937500007,38.83617666251545,485.32196270003095,329.9772560499692,0.38107409666903164,24556360.0,0.7498301865585942,0.02361249257398883,0.06743889253937753,0.047581709367956,-0.014484464987677304,0.1876744151465275,0.0016876716653326795,1,0.1906,0.0,1.0,0.0,0.0,0.0,0.0,281.0,40.0,0.1906,0.0,0.0,0.2014,-0.1784,0.0,0.0,0.278,0.0,0.0,-0.5,0.0,0.0,0.7071,0.0,0.0,0.0,0.0,0.0,1.0,0.0,282.0,168.0,285.0,40.0,51.0,38.0,0.2014,0.1784,0.0,0.0,0.278,0.0,0.0,0.0,0.0
2024-02-12,466.3416442871094,476.53571960415474,464.034295077433,465.6355265927167,19382000,0.0016876716653326795,0.0016862491477778532,463.7200134277344,442.6416381835937,412.3443542480469,370.34347045898437,439.96920145046556,410.8706490182527,29.09855243221284,23.65918633748198,5.439366094730861,77.94098636588338,412.3443542480469,40.01409263557072,492.3725395191883,332.3161689769055,0.3881619061673886,20266280.0,0.9563669306848618,0.0166200498540286,0.06766784264036264,0.04764687924475705,0.02065702142893877,0.16926846169302667,-0.01872478540951583,0,0.4333,0.0,2.0,1.0,0.0,5.0,0.0,291.5,84.0,0.4333,0.0,5.0,0.1906,0.2014,-0.1784,0.0,0.0,0.278,0.0,0.0,-0.5,0.0,0.0,0.7071,0.0,0.0,0.0,0.0,0.0,1.0,281.0,282.0,168.0,40.0,40.0,51.0,0.1906,0.2014,0.1784,0.0,0.0,0.278,0.0,0.0,0.0
2024-02-13,457.6094970703125,465.3371219674141,452.60694287557016,454.37722965906966,20916600,-0.01872478540951583,-0.018902313817719993,464.7941101074219,448.6148681640625,416.9520736694336,372.98835998535156,442.68309308428815,414.33278591099787,28.350307173290275,24.59741050464364,3.7528966686466347,72.6773703932173,416.9520736694336,39.63460397673405,496.2212816229017,337.68286571596553,0.38023174824794853,20118560.0,1.0396668548842463,0.0187646322637118,0.06839741564843524,0.04764525499387794,0.011875320872546613,0.15012747705873153,0.0286013662734943,1,0.0,0.0,0.0,0.0,0.0,0.0,0.0,0.0,0.0,0.0,0.0,0.0,0.4333,0.1906,0.2014,0.0,0.0,0.0,1.0,0.0,0.0,0.0,0.0,0.0,5.0,0.0,0.0,0.0,0.0,0.0,291.5,281.0,282.0,84.0,40.0,40.0,0.4333,0.1906,0.2014,0.0,0.0,0.0,5.0,0.0,0.0
2024-02-14,470.69775390625,471.5232120205701,463.5469805617618,465.37693776611167,16858400,0.0286013662734943,0.028199982642352604,465.52809448242186,456.8835113525391,422.16895446777346,375.94135986328126,446.99304090305145,418.50796872546096,28.485072177590496,25.374942839233015,3.1101293383574813,74.45950853815907,422.16895446777346,39.49141951666823,501.1517935011099,343.186115434437,0.3741764438027414,18877040.0,0.8930637430444603,0.017133818978422734,0.06692909461954571,0.0477205174281324,0.007858036766327903,0.2131031420783831,0.022713822460629807,1,0.0833,0.0236,2.0,0.5,0.7071,2.0,0.0,274.5,82.0,0.0833,0.0236,2.0,0.0,0.4333,0.1906,0.0,0.0,0.0,0.0,1.0,0.0,0.0,0.0,0.0,0.0,5.0,0.0,0.0,0.0,0.0,0.0,291.5,281.0,0.0,84.0,40.0,0.0,0.4333,0.1906,0.0,0.0,0.0,0.0,5.0,0.0
2024-02-15,481.38909912109375,485.9540521356564,469.6435376895882,472.6868396992966,24212300,0.022713822460629807,0.02245970439374991,468.31878662109375,465.7598175048828,427.5345184326172,379.2036639404297,452.28474216736566,423.16583023624855,29.11891193111711,26.123736657609836,2.995175273507275,75.90041322964368,427.5345184326172,39.90142779507579,507.33737402276876,347.7316628424656,0.3733165494225662,19956480.0,1.2132550429735103,0.019496782479838853,0.06684721561491079,0.04773554032280218,0.02985108439804285,0.22607533129119028,-0.022126759475846525,0,0.4333,0.0,1.0,1.0,0.0,3.0,0.0,292.0,42.0,0.4333,0.0,3.0,0.0833,0.0,0.4333,0.0236,0.0,0.0,0.5,0.0,1.0,0.7071,0.0,0.0,2.0,0.0,5.0,0.0,0.0,0.0,274.5,0.0,291.5,82.0,0.0,84.0,0.0833,0.0,0.4333,0.0236,0.0,0.0,2.0,0.0,5.0
2024-02-16,470.7375183105469,476.3467300319795,466.6499271660404,475.50136166063226,23324600,-0.022126759475846525,-0.02237522826353883,469.3551025390625,465.59373168945314,432.00350189208984,382.28734619140624,455.12363080477814,426.6896589824929,28.43397182228523,26.585783690544915,1.848188131740315,70.38226638041655,432.00350189208984,39.46026182866764,510.9240255494251,353.0829782347546,0.3653698329373673,20938780.0,1.1139426461331559,0.02317047851751938,0.022219254921230558,0.04837130644188517,0.01112987540032706,-0.0035157998779034028,-0.003317055347421105,0,0.2167,0.3064,2.0,0.5,0.7071,2.0,0.0,290.5,82.0,0.2167,0.3064,2.0,0.4333,0.0833,0.0,0.0,0.0236,0.0,1.0,0.5,0.0,0.0,0.7071,0.0,3.0,2.0,0.0,0.0,0.0,0.0,292.0,274.5,0.0,42.0,82.0,0.0,0.4333,0.0833,0.0,0.0,0.0236,0.0,3.0,2.0,0.0
2024-02-20,469.1760559082031,473.5818778294014,464.0143709572483,467.1571331296785,18015500,-0.003317055347421105,-0.003322568971550588,469.92198486328124,466.8209991455078,436.4774566650391,385.35650817871095,457.28554235915124,429.8367994955085,27.448742863642735,26.75837552516448,0.6903673384782536,70.14102122671967,436.4774566650391,38.27231518055238,513.0220870261438,359.93282630393435,0.35073806993815265,20665480.0,0.8717677982800303,0.02331820676935896,0.01914604816564592,0.04835385461109841,0.006077972353137451,0.02686054658721959,-0.006832851989152289,0,0.0,0.0,0.0,0.0,0.0,0.0,0.0,0.0,0.0,0.0,0.0,0.0,0.2167,0.4333,0.0833,0.3064,0.0,0.0236,0.5,1.0,0.5,0.7071,0.0,0.7071,2.0,3.0,2.0,0.0,0.0,0.0,290.5,292.0,274.5,82.0,42.0,82.0,0.2167,0.4333,0.0833,0.3064,0.0,0.0236,2.0,3.0,2.0
2024-02-21,465.9702453613281,466.93597770325215,459.7577167025933,464.4469799543009,12921800,-0.006832851989152289,-0.006856302807333573,471.59413452148436,468.1941223144531,440.62105255126954,388.17975158691405,458.62165051333227,432.5133510411248,26.108299472207477,26.62836031457308,-0.5200608423656021,72.88345602660135,440.62105255126954,36.64031250456068,513.9016775603909,367.3404275421482,0.33262425653433625,19066520.0,0.6777219964629099,0.021264683323978833,0.018919263863831505,0.04852850449767078,0.018270486833298794,0.030362775599488412,0.038672693989414864,1,0.0333,0.0471,2.0,0.5,0.7071,2.0,0.0,274.5,78.0,0.0333,0.0471,2.0,0.0,0.2167,0.4333,0.0,0.3064,0.0,0.0,0.5,1.0,0.0,0.7071,0.0,0.0,2.0,3.0,0.0,0.0,0.0,0.0,290.5,292.0,0.0,82.0,42.0,0.0,0.2167,0.4333,0.0,0.3064,0.0,0.0,2.0,3.0
2024-02-22,483.9905700683594,487.8335678096912,473.96488036295625,478.1264770916351,21625800,0.038672693989414864,0.037943642265867265,474.25269775390626,469.89039611816406,445.39216766357424,391.2408740234375,462.5245612141057,436.3264783764755,26.19808283763018,26.542304819184505,-0.34422198155432326,74.86181986382536,445.39216766357424,35.70632361179131,516.8048148871569,373.97952043999163,0.32067311645014823,20020000.0,1.0802097902097902,0.024440246159625617,0.020017760108378826,0.04892422810094342,0.028240661978508053,0.03632061490496863,-0.004319771683713447,0,0.2014,0.0,1.0,0.0,0.0,0.0,0.0,282.0,40.0,0.2014,0.0,0.0,0.0333,0.0,0.2167,0.0471,0.0,0.3064,0.5,0.0,0.5,0.7071,0.0,0.7071,2.0,0.0,2.0,0.0,0.0,0.0,274.5,0.0,290.5,78.0,0.0,82.0,0.0333,0.0,0.2167,0.0471,0.0,0.3064,2.0,0.0,2.0
2024-02-23,481.89984130859375,492.1843668595907,480.2272420773471,485.90213883692127,18374300,-0.004319771683713447,-0.004329128854363262,474.35484619140624,471.33681640625,449.93542327880857,394.40876708984376,465.5053735363346,439.7022830381139,25.80309049822074,26.39446195499175,-0.5913714567710109,54.47915881402076,449.93542327880857,34.17381656762341,518.2830564140554,381.58779014356173,0.30381085639880506,18852400.0,0.9746398336551314,0.02269724503000931,0.02016755368475914,0.0490478547501158,0.0010609758061255192,0.030943731482501402,-0.0047311444177891016,0,0.1227,0.0702,3.0,0.3333,0.5774,2.0,0.0,278.3333,120.0,0.1227,0.0702,2.0,0.2014,0.0333,0.0,0.0,0.0471,0.0,0.0,0.5,0.0,0.0,0.7071,0.0,0.0,2.0,0.0,0.0,0.0,0.0,282.0,274.5,0.0,40.0,78.0,0.0,0.2014,0.0333,0.0,0.0,0.0471,0.0,0.0,2.0,0.0
2024-02-26,479.6199035644531,484.0005639371309,478.4849363830037,481.3423009556775,12101400,-0.0047311444177891016,-0.004742371707489678,476.1313232421875,472.743212890625,454.3169418334961,397.35323608398437,467.67683969450667,442.65914381784273,25.017695876663936,26.11910873932619,-1.1014128626622544,62.233179060380095,454.3169418334961,31.89508545589364,518.1071127452834,390.5267709217088,0.2808179270372265,16607760.0,0.7286593736903713,0.019483848370061535,0.020197152551670077,0.04914396608055634,0.018869082893126166,0.03020896883497226,0.01102252232332468,1,0.0667,0.0,1.0,1.0,0.0,2.0,0.0,262.0,40.0,0.0667,0.0,2.0,0.1227,0.2014,0.0333,0.0702,0.0,0.0471,0.3333,0.0,0.5,0.5774,0.0,0.7071,2.0,0.0,2.0,0.0,0.0,0.0,278.3333,282.0,274.5,120.0,40.0,78.0,0.1227,0.2014,0.0333,0.0702,0.0,0.0471,2.0,0.0,2.0
2024-02-27,484.9065246582031,485.12555767334624,477.807928668057,477.8676621827985,10809600,0.01102252232332468,0.010962217063517776,479.2774169921875,474.5997009277344,458.62066955566405,400.3930944824219,470.3275604581523,445.7885794356472,24.538981022505084,25.80308319596197,-1.2641021734568874,67.47481824833415,458.62066955566405,29.749243337809812,518.1191562312837,399.1221828800444,0.2594670961222263,15166580.0,0.7127249518348896,0.019210429939223186,0.020336663705256514,0.04912174310450676,0.033527859215982225,0.039809612970494346,-0.0062211218951582214,0,0.0953,0.1348,2.0,0.0,0.0,0.0,0.0,283.0,78.0,0.0953,0.1348,0.0,0.0667,0.1227,0.2014,0.0,0.0702,0.0,1.0,0.3333,0.0,0.0,0.5774,0.0,2.0,2.0,0.0,0.0,0.0,0.0,262.0,278.3333,282.0,40.0,120.0,40.0,0.0667,0.1227,0.2014,0.0,0.0702,0.0,2.0,2.0,0.0
2024-02-28,481.8898620605469,488.8889224690737,480.6254621504029,482.8655601096747,12715500,-0.0062211218951582214,-0.006240553707678446,482.4613403320312,477.0277374267578,462.82130279541013,403.4038482666016,472.10637608928994,448.4627485189731,23.643627570316823,25.371192070832944,-1.7275645005161202,59.09570229985398,462.82130279541013,26.471545404505925,515.764393604422,409.8782119863983,0.2287841570352924,15125320.0,0.8406764286639886,0.019103852557971108,0.0191260279983429,0.049183481940341896,0.03416444903445326,0.053059136984002775,0.012623485907757415,1,0.0333,0.0471,2.0,0.5,0.7071,2.0,0.0,273.5,78.0,0.0333,0.0471,2.0,0.0953,0.0667,0.1227,0.1348,0.0,0.0702,0.0,1.0,0.3333,0.0,0.0,0.5774,0.0,2.0,2.0,0.0,0.0,0.0,283.0,262.0,278.3333,78.0,40.0,120.0,0.0953,0.0667,0.1227,0.1348,0.0,0.0702,0.0,2.0,2.0
2024-02-29,487.9729919433594,489.53608982298255,480.4860672630107,486.2904270330112,17732000,0.012623485907757415,0.012544473952249129,483.25782470703126,478.75526123046876,467.8193862915039,406.50145568847654,474.5473939129929,451.3894332170758,23.157960695917097,24.92854579584978,-1.7705850999326813,61.75263320400747,467.8193862915039,20.327022559915527,508.47343141133496,427.1653411716729,0.17380231051177095,14346560.0,1.2359757321615774,0.00930819842759515,0.01757166415537874,0.048470187212823035,0.008228304684608778,0.03670133943437115,0.02483011306075178,1,0.1906,0.0,1.0,0.0,0.0,0.0,0.0,291.0,42.0,0.1906,0.0,0.0,0.0333,0.0953,0.0667,0.0471,0.1348,0.0,0.5,0.0,1.0,0.7071,0.0,0.0,2.0,0.0,2.0,0.0,0.0,0.0,273.5,283.0,262.0,78.0,78.0,40.0,0.0333,0.0953,0.0667,0.0471,0.1348,0.0,2.0,0.0,2.0
2024-03-01,500.0894165039063,502.03084690503874,489.685424123741,489.9442592294916,16273600,0.02483011306075178,0.024526855498059566,486.89573974609374,480.62529296875,473.1925552368164,409.6484503173828,478.4769358500565,454.99683938647064,23.48009646358588,24.638855929397003,-1.1587594658111229,67.68949338265665,473.1925552368164,11.833194498377878,496.8589442335722,449.52616624006066,0.10002857709759001,13926420.0,1.1685415203620169,0.013008276750614734,0.017836211651894862,0.048547459935158035,0.03774555132850632,0.03884657425138016,-0.008182435636205354,0,0.0667,0.0,1.0,1.0,0.0,2.0,0.0,266.0,40.0,0.0667,0.0,2.0,0.1906,0.0333,0.0953,0.0,0.0471,0.1348,0.0,0.5,0.0,0.0,0.7071,0.0,0.0,2.0,0.0,0.0,0.0,0.0,291.0,273.5,283.0,42.0,78.0,78.0,0.1906,0.0333,0.0953,0.0,0.0471,0.1348,0.0,2.0,0.0
2024-03-04,495.9974670410156,502.200059733991,494.2352677532551,500.7862957887715,12324100,-0.008182435636205354,-0.008216095501546278,490.17125244140624,483.1512878417969,474.372509765625,412.5994317626953,481.17240218712715,458.03392291643695,23.138479270690198,24.338780597655646,-1.2003013269654481,64.69326496570125,474.372509765625,12.880120907749566,500.1327515811241,448.6122679501259,0.10860765025455026,13970960.0,0.8821226315156582,0.013882089177912315,0.016023070219124733,0.019062678573604865,0.03414696378287729,0.05366036856617118,-0.015997753008780924,0,0.0667,0.0,1.0,1.0,0.0,2.0,0.0,266.0,40.0,0.0667,0.0,2.0,0.0667,0.1906,0.0333,0.0,0.0,0.0471,1.0,0.0,0.5,0.0,0.0,0.7071,2.0,0.0,2.0,0.0,0.0,0.0,266.0,291.0,273.5,40.0,42.0,78.0,0.0667,0.1906,0.0333,0.0,0.0,0.0471,2.0,0.0,2.0
2024-03-05,488.0626220703125,493.3990189909357,485.7428893931127,492.8215848460198,15325300,-0.015997753008780924,-0.01612709840482921,490.80247192382814,485.0399444580078,475.9304718017578,415.4131982421875,482.23243601530953,460.25827100190924,21.974165013400295,23.86585748080458,-1.8916924674042832,65.2084523373351,475.9304718017578,12.535752219525756,501.0019762408093,450.85896736270627,0.10535784499839594,14874100.0,1.0303346084805132,0.01678930216360036,0.017241069848373865,0.017744496829219296,0.0065086717782030235,0.04025475282524793,0.011974111408383115,1,0.0,0.0,1.0,0.0,0.0,0.0,0.0,301.0,40.0,0.0,0.0,0.0,0.0667,0.0667,0.1906,0.0,0.0,0.0,1.0,1.0,0.0,0.0,0.0,0.0,2.0,2.0,0.0,0.0,0.0,0.0,266.0,266.0,291.0,40.0,40.0,42.0,0.0667,0.0667,0.1906,0.0,0.0,0.0,2.0,2.0,0.0
2024-03-06,493.90673828125,500.75646473434006,492.1146721111317,495.4399693541652,11757900,0.011974111408383115,0.01190298892578913,493.2058471679687,487.83359375,478.01385803222655,418.2481719970703,484.02848251776186,462.7507500596382,21.277732458123637,23.348232476268393,-2.070500018144756,62.49475080881902,478.01385803222655,11.833955593952476,501.6817692201315,454.3459468443216,0.09902604617085946,14682580.0,0.8008061253539909,0.016693255663915683,0.016940769811464813,0.017537748311380674,0.024936976613949335,0.05995338371500325,0.03245384920332839,1,0.1444,0.2502,3.0,0.3333,0.5774,3.0,0.0,291.6667,120.0,0.1444,0.2502,3.0,0.0,0.0667,0.0667,0.0,0.0,0.0,0.0,1.0,1.0,0.0,0.0,0.0,0.0,2.0,2.0,0.0,0.0,0.0,301.0,266.0,266.0,40.0,40.0,40.0,0.0,0.0667,0.0667,0.0,0.0,0.0,0.0,2.0,2.0
2024-03-07,509.9359130859375,517.5621755687105,499.17348908464345,501.0651213262788,18586400,0.03245384920332839,0.03193834674590404,497.5984313964844,490.4281280517578,480.1592620849609,421.4176531982422,488.014241066712,466.2459473208456,21.7682937458664,23.032244730187998,-1.2639509843215961,64.53314797298891,480.1592620849609,13.508432562392436,507.1761272097458,453.14239696017603,0.11253293337494523,14853460.0,1.2513178747578004,0.02079449084074293,0.01567351398338596,0.017516923386195316,0.04500847691408172,0.05360712506012999,-0.01218295133689773,0,0.0,0.0,0.0,0.0,0.0,0.0,0.0,0.0,0.0,0.0,0.0,0.0,0.1444,0.0,0.0667,0.2502,0.0,0.0,0.3333,0.0,1.0,0.5774,0.0,0.0,3.0,0.0,2.0,0.0,0.0,0.0,291.6667,301.0,266.0,120.0,40.0,40.0,0.1444,0.0,0.0667,0.2502,0.0,0.0,3.0,0.0,2.0
2024-03-08,503.723388671875,521.2658403660549,497.15242838033225,511.9271157266025,18597100,-0.01218295133689773,-0.012257771798896045,498.3252258300781,492.61048278808596,481.973649597168,424.43424133300783,490.4310330059678,469.02205408758846,21.40897891837932,22.707591567826263,-1.2986126494469445,67.58801566140332,481.973649597168,14.132111023268399,510.2378716437048,453.7094275506312,0.11728534151259082,15318160.0,1.2140557351535695,0.02034040353165528,0.01639299508219084,0.017900206104534494,0.007266644819987622,0.04528647966353261,-0.04419421098063192,0,0.0,0.0,1.0,0.0,0.0,0.0,0.0,120.0,18.0,0.0,0.0,0.0,0.0,0.1444,0.0,0.0,0.2502,0.0,0.0,0.3333,0.0,0.0,0.5774,0.0,0.0,3.0,0.0,0.0,0.0,0.0,0.0,291.6667,301.0,0.0,120.0,40.0,0.0,0.1444,0.0,0.0,0.2502,0.0,0.0,3.0,0.0
2024-03-11,481.4617309570313,495.1313165679746,473.9051379702627,494.8226832995381,20428300,-0.04419421098063192,-0.04520053612973343,495.41807861328124,492.79466552734374,482.76893920898436,426.94592346191405,489.0511403830545,469.94351163347307,19.10762874958141,21.987599004177294,-2.879970254595886,55.36614645218275,482.76893920898436,13.596992307595405,509.96292382417516,455.57495459379356,0.11265838543692588,16939000.0,1.2059920892614677,0.02914577973470838,0.022492955866074544,0.02084684582325258,-0.029306069183579697,0.0038401813162673992,0.033416837077944406,1,0.2,0.0,1.0,0.0,0.0,0.0,0.0,186.0,25.0,0.2,0.0,0.0,0.0,0.0,0.1444,0.0,0.0,0.2502,0.0,0.0,0.3333,0.0,0.0,0.5774,0.0,0.0,3.0,0.0,0.0,0.0,120.0,0.0,291.6667,18.0,0.0,120.0,0.0,0.0,0.1444,0.0,0.0,0.2502,0.0,0.0,3.0
2024-03-12,497.5506591796875,500.09939049089655,482.5967713665327,491.0892306270452,15448200,0.033416837077944406,0.03287062963346269,497.31568603515626,494.0590789794922,484.32938995361326,429.7696374511719,490.35875865945957,471.9884855257852,18.370273133674345,21.264133830076705,-2.89386069640236,62.39837919503694,484.32938995361326,13.401941911052196,511.13327377571767,457.52550613150885,0.11068452329383338,16963580.0,0.9106686206567246,0.03287361170532654,0.024655403458976044,0.02200592578820573,0.01944020435149829,0.026075406039126614,-0.008364277153585564,0,0.05,0.0707,2.0,0.0,0.0,0.0,0.0,232.5,66.0,0.05,0.0707,0.0,0.2,0.0,0.0,0.0,0.0,0.0,0.0,0.0,0.0,0.0,0.0,0.0,0.0,0.0,0.0,0.0,0.0,0.0,186.0,120.0,0.0,25.0,18.0,0.0,0.2,0.0,0.0,0.0,0.0,0.0,0.0,0.0,0.0
2024-03-13,493.3890075683594,498.7752018463416,488.8689795658064,493.2098070389472,12090700,-0.008364277153585564,-0.008399454009722128,497.21213989257814,495.20899353027346,486.1183654785156,432.5968426513672,490.8249507992903,473.5737093807908,17.251241418499546,20.461555347761276,-3.21031392926173,54.14034095217301,486.1183654785156,11.957697850544665,510.03376117960494,462.2029697774263,0.09839330253465309,17030140.0,0.7099589316353242,0.03294387654980214,0.024752158751371763,0.021573556504576,-0.0010482357756289584,0.023862601007297535,-0.007546805228877296,0,0.0,0.0,0.0,0.0,0.0,0.0,0.0,0.0,0.0,0.0,0.0,0.0,0.05,0.2,0.0,0.0707,0.0,0.0,0.0,0.0,0.0,0.0,0.0,0.0,0.0,0.0,0.0,0.0,0.0,0.0,232.5,186.0,120.0,66.0,25.0,18.0,0.05,0.2,0.0,0.0707,0.0,0.0,0.0,0.0,0.0
2024-03-14,489.6654968261719,499.1436197971865,486.0116651076759,498.0584204134488,12620000,-0.007546805228877296,-0.007575426453591609,493.158056640625,495.3782440185547,487.0667526245117,435.5021405029297,490.6465732649644,474.7656936360042,15.880879628960201,19.54542020400106,-3.66454057504086,53.37252628612976,487.0667526245117,11.409927200686875,509.88660702588544,464.246898223138,0.093703190695777,15836860.0,0.7968751381271287,0.027581496166508138,0.024669701376544638,0.020907228078200966,-0.0397509093585835,0.003468439669318757,-0.015716881124317683,0,0.0667,0.0,1.0,1.0,0.0,2.0,0.0,268.0,40.0,0.0667,0.0,2.0,0.0,0.05,0.2,0.0,0.0707,0.0,0.0,0.0,0.0,0.0,0.0,0.0,0.0,0.0,0.0,0.0,0.0,0.0,0.0,232.5,186.0,0.0,66.0,25.0,0.0,0.05,0.2,0.0,0.0707,0.0,0.0,0.0,0.0
2024-03-15,481.969482421875,489.6654432536913,479.1817869893377,486.8578771623832,29153600,-0.015716881124317683,-0.015841700879408914,488.807275390625,493.5662506103516,487.0957717895508,438.28971923828124,489.3116362121814,475.29930762014277,14.012328592038614,18.438801881608573,-4.426473289569959,50.97454716866016,487.0957717895508,11.395455945127594,509.88668367980597,464.3048598992956,0.0935787711994428,17948160.0,1.6243224932249323,0.027767366233011934,0.02355550951982323,0.02068598952684043,-0.04318621437721348,-0.03623338843822499,0.026606174717485498,1,0.1899,0.2216,3.0,0.3333,0.5774,3.0,0.0,239.0,102.0,0.1899,0.2216,3.0,0.0667,0.0,0.05,0.0,0.0,0.0707,1.0,0.0,0.0,0.0,0.0,0.0,2.0,0.0,0.0,0.0,0.0,0.0,268.0,0.0,232.5,40.0,0.0,66.0,0.0667,0.0,0.05,0.0,0.0,0.0707,2.0,0.0,0.0
2024-03-18,494.7928466796875,495.2309127099436,484.6675905658802,489.7451520014682,11755300,0.026606174717485498,0.026258385851757108,491.47349853515624,493.44578857421874,488.2985382080078,441.28105529785154,490.1548993610285,476.7432734764053,13.41162588462322,17.433366682211503,-4.021740797588283,53.85931325655728,488.2985382080078,10.833649993819705,509.9658381956472,466.6312382203684,0.08874611858210997,16213560.0,0.7250289264048118,0.022567972514543823,0.025281968913496947,0.02077981263845571,0.027688837690499568,-0.0024286824860508816,-0.0014890178304673984,0,0.3201,0.1602,2.0,0.5,0.7071,3.0,0.0,210.5,60.0,0.3201,0.1602,3.0,0.1899,0.0667,0.0,0.2216,0.0,0.0,0.3333,1.0,0.0,0.5774,0.0,0.0,3.0,2.0,0.0,0.0,0.0,0.0,239.0,268.0,0.0,102.0,40.0,0.0,0.1899,0.0667,0.0,0.2216,0.0,0.0,3.0,2.0,0.0
2024-03-19,494.05609130859375,494.4443895444314,479.1619371699581,486.0216296035691,10903100,-0.0014890178304673984,-0.0014901275192181435,490.7745849609375,494.0451354980469,489.5425399780273,444.16158264160157,490.75508273757697,478.02570442693775,12.72937831063922,16.492569007897046,-3.7631906972578264,54.835388675431744,489.5425399780273,9.911505148607782,509.36555027524287,469.7195296808118,0.08098585384675777,15304540.0,0.7124095203122733,0.01639789117820756,0.024667882961474607,0.020755961537654827,-0.007023541837639757,0.012280123425263634,0.018700642340617746,1,0.1167,0.0,1.0,0.0,0.0,0.0,0.0,177.0,27.0,0.1167,0.0,0.0,0.3201,0.1899,0.0667,0.1602,0.2216,0.0,0.5,0.3333,1.0,0.7071,0.5774,0.0,3.0,3.0,2.0,0.0,0.0,0.0,210.5,239.0,268.0,60.0,102.0,40.0,0.3201,0.1899,0.0667,0.1602,0.2216,0.0,3.0,3.0,2.0
2024-03-20,503.2952575683594,505.9634863084785,492.99083095505335,497.3017617876955,11711100,0.018700642340617746,0.018527935163029818,492.7558349609375,494.98398742675784,491.4087905883789,447.09342529296873,492.6843404038512,479.8975231781542,12.786817225697007,15.751418651457039,-2.9646014257600317,55.940700900476216,491.4087905883789,8.676486958007175,508.7617645043932,474.0558166723646,0.07062541105639185,15228620.0,0.769019123203547,0.01788365204157136,0.025073732585786983,0.020917491584659123,0.02007797062367156,0.01900868840093284,0.004431063124686219,1,0.0667,0.0,1.0,1.0,0.0,2.0,0.0,266.0,40.0,0.0667,0.0,2.0,0.1167,0.3201,0.1899,0.0,0.1602,0.2216,0.0,0.5,0.3333,0.0,0.7071,0.5774,0.0,3.0,3.0,0.0,0.0,0.0,177.0,210.5,239.0,27.0,60.0,102.0,0.1167,0.3201,0.1899,0.0,0.1602,0.2216,0.0,3.0,3.0
2024-03-21,505.525390625,512.7733202146928,503.7830922624289,512.4448162753771,9712500,0.004431063124686219,0.004421274868746881,495.9278137207031,494.5429351806641,492.48553161621095,450.0943377685547,494.6598865917203,481.7958837297724,12.864002861947881,15.173935493555208,-2.3099326316073263,52.28260730276459,492.48553161621095,9.036208068265838,510.5579477527426,474.4131154796793,0.07339267847005636,14647120.0,0.6630996400657604,0.016694373627928867,0.022773299571538192,0.01927268286811625,0.0323892410260187,-0.008649170116783345,0.003584412874909626,1,0.0,0.0,1.0,0.0,0.0,0.0,0.0,285.0,38.0,0.0,0.0,0.0,0.0667,0.1167,0.3201,0.0,0.0,0.1602,1.0,0.0,0.5,0.0,0.0,0.7071,2.0,0.0,3.0,0.0,0.0,0.0,266.0,177.0,210.5,40.0,27.0,60.0,0.0667,0.1167,0.3201,0.0,0.0,0.1602,2.0,0.0,3.0
2024-03-22,507.33740234375,507.7257005968766,502.120472511602,504.7687699010601,8120600,0.003584412874909626,0.003578004176795072,501.00139770507815,494.9043365478516,493.7574096679688,452.87211242675784,496.6102736304941,483.68784807154856,12.92242555894552,14.723633506633272,-1.801207947687752,54.85467982161956,493.7574096679688,9.255370611746244,512.2681508914612,475.2466684444763,0.07497909240872014,10440520.0,0.7777965082198971,0.011778841019651373,0.0224280640277775,0.01920953031299084,0.05263387174308698,0.0071745996972738535,-0.012873402231125874,0,0.0,0.0,0.0,0.0,0.0,0.0,0.0,0.0,0.0,0.0,0.0,0.0,0.0,0.0667,0.1167,0.0,0.0,0.0,0.0,1.0,0.0,0.0,0.0,0.0,0.0,2.0,0.0,0.0,0.0,0.0,285.0,266.0,177.0,38.0,40.0,27.0,0.0,0.0667,0.1167,0.0,0.0,0.0,0.0,2.0,0.0
2024-03-25,500.8062438964844,504.9877722326586,498.03847963839513,503.5640728242877,8380600,-0.012873402231125874,-0.012956982557243929,502.2040771484375,496.8387878417969,494.8167266845703,455.5351770019531,497.25580751756956,484.95587739191416,12.299930125655408,14.238892830437699,-1.9389627047822913,55.52197042927928,494.8167266845703,8.750788693404377,512.3183040713791,477.31514929776154,0.07073963527496299,9765580.0,0.8581773944814338,0.011397535335506016,0.016939766729273262,0.019461077114277844,0.0121533632855646,0.04017871347947177,-0.014174348625711541,0,0.0667,0.0,1.0,1.0,0.0,2.0,0.0,268.0,40.0,0.0667,0.0,2.0,0.0,0.0,0.0667,0.0,0.0,0.0,0.0,0.0,1.0,0.0,0.0,0.0,0.0,0.0,2.0,0.0,0.0,0.0,0.0,285.0,266.0,0.0,38.0,40.0,0.0,0.0,0.0667,0.0,0.0,0.0,0.0,0.0,2.0
2024-03-26,493.7076416015625,507.755530014664,493.0306111369224,502.9069673638869,11205400,-0.014174348625711541,-0.014275764178744925,502.13438720703124,496.45448608398436,495.2567825317383,457.96039489746096,496.70993583818387,485.6041562222585,11.105779615925371,13.612270187535232,-2.506490571609861,49.914656748500605,495.2567825317383,8.442046194093829,512.140874919926,478.37269014355064,0.06818318490007014,9826040.0,1.14037801596574,0.013682205669836415,0.014252456192202684,0.01968397381887873,-0.0007052836978658217,-0.007723871945946148,-0.0040936314502850735,0,0.25,0.2593,2.0,1.0,0.0,4.0,0.0,276.5,82.0,0.25,0.2593,4.0,0.0667,0.0,0.0,0.0,0.0,0.0,1.0,0.0,0.0,0.0,0.0,0.0,2.0,0.0,0.0,0.0,0.0,0.0,268.0,0.0,285.0,40.0,0.0,38.0,0.0667,0.0,0.0,0.0,0.0,0.0,2.0,0.0,0.0
2024-03-27,491.68658447265625,497.6900765497475,485.922087236846,497.1026463105755,9989700,-0.0040936314502850735,-0.004102033296724829,499.8126525878906,496.28424377441405,495.7466186523437,460.4850244140625,495.9371125511796,486.0547064630287,9.882406088150901,12.866297367658367,-2.983891279507466,41.10973080946266,495.7466186523437,7.891926913384963,511.53047247911366,479.9627648255738,0.06367710129693814,9481760.0,1.053570223249692,0.008787993086908263,0.014059436289205071,0.019648134994702863,-0.02306533376012665,-0.003450468230116077,-0.0167660092556996,0,0.1007,0.1424,2.0,0.0,0.0,0.0,0.0,289.0,80.0,0.1007,0.1424,0.0,0.25,0.0667,0.0,0.2593,0.0,0.0,1.0,1.0,0.0,0.0,0.0,0.0,4.0,2.0,0.0,0.0,0.0,0.0,276.5,268.0,0.0,82.0,40.0,0.0,0.25,0.0667,0.0,0.2593,0.0,0.0,4.0,2.0,0.0
2024-03-28,483.4429626464844,490.720819493757,483.01486235643046,490.6710213123944,15212800,-0.0167660092556996,-0.01690814978161625,495.3961669921875,495.6619903564453,495.5201171875,462.8266809082031,494.01493564276495,485.86124395809946,8.153691684665489,11.923776231059794,-3.7700845463943047,40.31198784517467,495.5201171875,8.1862925171364,511.89270222177277,479.1475321532272,0.06608242316054168,10581820.0,1.4376354918152077,0.008432619054666713,0.014869480997323319,0.019846060374417072,-0.043682134246935234,-0.01270772439557133,0.011882807006602158,1,0.1,0.0,1.0,0.0,0.0,0.0,0.0,281.0,40.0,0.1,0.0,0.0,0.1007,0.25,0.0667,0.1424,0.2593,0.0,0.0,1.0,1.0,0.0,0.0,0.0,0.0,4.0,2.0,0.0,0.0,0.0,289.0,276.5,268.0,80.0,82.0,40.0,0.1007,0.25,0.0667,0.1424,0.2593,0.0,0.0,4.0,2.0
2024-04-01,489.1876220703125,495.2408512075061,479.6597314262168,485.055891897097,9247000,0.011882807006602158,0.011812760806387875,491.7662109375,496.38380432128906,494.9750274658203,465.128876953125,493.2722720162338,486.1076423367819,7.164629679451878,10.971946920738212,-3.8073172412863343,54.382209574453334,494.9750274658203,8.228870423278416,511.4327683123771,478.5172866192635,0.06649927747190551,10807100.0,0.8556411988415024,0.011684824481427056,0.014426076806659827,0.019184026575482422,-0.035774575636629224,0.014976341680736027,0.012251944827414096,1,0.0667,0.0,1.0,1.0,0.0,2.0,0.0,268.0,40.0,0.0667,0.0,2.0,0.1,0.1007,0.25,0.0,0.1424,0.2593,0.0,0.0,1.0,0.0,0.0,0.0,0.0,0.0,4.0,0.0,0.0,0.0,281.0,289.0,276.5,40.0,80.0,82.0,0.1,0.1007,0.25,0.0,0.1424,0.2593,0.0,0.0,4.0
2024-04-02,495.1811218261719,495.34042132891113,482.5170999994954,482.9651317499042,11081000,0.012251944827414096,0.012177497219879867,490.6411865234375,496.4226318359375,494.9342102050781,467.40534240722656,493.5659412177627,486.77975192858855,6.78618928917416,10.134795394425403,-3.3486061052512426,48.482140099377844,494.9342102050781,8.225555913524927,511.38532203212793,478.4830983780283,0.06647797419472475,11347180.0,0.9765421893369102,0.013841257372256246,0.01220203430989328,0.019320917189372486,-0.011232132464137567,0.0007847226351187508,0.018839098378260477,1,0.0,0.0,0.0,0.0,0.0,0.0,0.0,0.0,0.0,0.0,0.0,0.0,0.0667,0.1,0.1007,0.0,0.0,0.1424,1.0,0.0,0.0,0.0,0.0,0.0,2.0,0.0,0.0,0.0,0.0,0.0,268.0,281.0,289.0,40.0,40.0,80.0,0.0667,0.1,0.1007,0.0,0.0,0.1424,2.0,0.0,0.0
2024-04-03,504.5098876953125,505.0076872546703,496.55506045942224,496.7342610088053,12099200,0.018839098378260477,0.01866384027946891,492.8016357421875,497.4680114746094,495.75657348632814,469.90160095214844,495.2496252912319,488.0930953187163,7.156529972515614,9.539142310043445,-2.3826123375278314,56.68142876368385,495.75657348632814,8.32398209430577,512.4045376749397,479.1086092977166,0.06716184950019886,11525940.0,1.0497365073911542,0.014545378256608245,0.013521442661729265,0.01936401205580357,0.02187984382560515,0.02115912863057723,0.008248839507905448,1,0.0,0.0,0.0,0.0,0.0,0.0,0.0,0.0,0.0,0.0,0.0,0.0,0.0,0.0667,0.1,0.0,0.0,0.0,0.0,1.0,0.0,0.0,0.0,0.0,0.0,2.0,0.0,0.0,0.0,0.0,0.0,268.0,281.0,0.0,40.0,40.0,0.0,0.0667,0.1,0.0,0.0,0.0,0.0,2.0,0.0
2024-04-04,508.6715087890625,527.6675263697325,508.33297835562007,514.1472734907579,26476300,0.008248839507905448,0.008215003774303615,496.19862060546876,498.00563659667966,496.49481201171875,472.41306457519534,497.3145304447443,489.6174222424456,7.697108202298693,9.170735488494495,-1.4736272861958017,61.35902107876129,496.49481201171875,8.792815911450814,514.0804438346204,478.9091801888171,0.07083913627071922,14823260.0,1.7861320654161095,0.013765107482135861,0.012465077687937493,0.019279100832526975,0.03454420936585634,0.010682101887226514,0.032138063568909914,1,0.4333,0.0,1.0,0.3333,0.0,2.0,1.0,293.0,42.0,0.4333,0.0,2.0,0.0,0.0,0.0667,0.0,0.0,0.0,0.0,0.0,1.0,0.0,0.0,0.0,0.0,0.0,2.0,0.0,0.0,0.0,0.0,0.0,268.0,0.0,0.0,40.0,0.0,0.0,0.0667,0.0,0.0,0.0,0.0,0.0,2.0
2024-04-05,525.0192260742188,528.3644242747368,512.1460769736384,514.5853067823032,19263300,0.032138063568909914,0.03163244063930013,504.5138732910156,499.95502014160155,497.2489776611328,475.1420837402344,501.57679131081727,492.2397780818363,9.337013228980993,9.203991036591795,0.13302219238919832,73.31748919958584,497.2489776611328,10.489499271544833,518.2279762042225,476.2699791180431,0.08438025812246733,15633360.0,1.2321919280308264,0.009451432795050377,0.01588873858764803,0.01925265696502101,0.08600034883150598,0.038561535801629576,-0.015341118809009346,0,0.1676,0.0586,3.0,0.0,0.0,0.0,0.0,281.6667,120.0,0.1676,0.0586,0.0,0.4333,0.0,0.0,0.0,0.0,0.0,0.3333,0.0,0.0,0.0,0.0,0.0,2.0,0.0,0.0,1.0,0.0,0.0,293.0,0.0,0.0,42.0,0.0,0.0,0.4333,0.0,0.0,0.0,0.0,0.0,2.0,0.0,0.0
2024-04-08,516.96484375,529.1509672724173,516.6064426502932,526.9507321048712,13260600,-0.015341118809009346,-0.015460011302105383,510.06931762695314,500.9177642822266,497.9110504150391,477.66068603515623,503.94418399376843,494.07126442762615,9.872919566142286,9.337776742501893,0.5351428236403937,62.66346744455685,497.9110504150391,11.30578071853388,520.5226118521068,475.29948897797135,0.09082570639161201,16436080.0,0.8067982146594566,0.017399723485596787,0.01701801199017226,0.019384454992757323,0.056782347766957564,0.01897640773531384,-0.004525645481816221,0,0.2413,0.1724,3.0,0.1111,0.1925,2.0,1.0,285.3333,122.0,0.2413,0.1724,2.0,0.1676,0.4333,0.0,0.0586,0.0,0.0,0.0,0.3333,0.0,0.0,0.0,0.0,0.0,2.0,0.0,0.0,1.0,0.0,281.6667,293.0,0.0,120.0,42.0,0.0,0.1676,0.4333,0.0,0.0586,0.0,0.0,0.0,2.0,0.0
2024-04-09,514.625244140625,523.5557396813491,504.5099223699872,519.9317440561775,10863800,-0.004525645481816221,-0.004535917217869753,513.9581420898437,502.29966430664064,499.56922607421876,480.1134002685547,505.58742401636175,495.5937814434038,9.993642572957924,9.4689499085931,0.5246926643648244,61.53677884220386,499.56922607421876,11.197711482325737,521.9646490388702,477.1738031095673,0.08965893732343021,16392640.0,0.6627242469791321,0.018720387243598376,0.01640028673298028,0.01623977667223099,0.039266687394595046,0.027593506296213377,0.005668305734841006,1,0.0,0.0,0.0,0.0,0.0,0.0,0.0,0.0,0.0,0.0,0.0,0.0,0.2413,0.1676,0.4333,0.1724,0.0586,0.0,0.1111,0.0,0.3333,0.1925,0.0,0.0,2.0,0.0,2.0,1.0,0.0,1.0,285.3333,281.6667,293.0,122.0,120.0,42.0,0.2413,0.1676,0.4333,0.1724,0.0586,0.0,2.0,0.0,2.0
2024-04-10,517.5422973632812,520.2602634620138,503.5740128170584,507.0486743379978,11418500,0.005668305734841006,0.005652301339943256,516.5646240234375,504.6831298828125,500.5688079833984,482.48760681152345,507.4266353005032,497.21959743746885,10.207037863034373,9.616567499481356,0.5904703635530169,58.60080406105735,500.5688079833984,11.879570047548516,524.3279480784954,476.80966788830136,0.09492856812558327,16256500.0,0.7023959646910467,0.017689634260953446,0.01527388728353747,0.01465366188713731,0.02583182210264101,0.04827686216158278,0.006405867953359401,1,0.0,0.0,0.0,0.0,0.0,0.0,0.0,0.0,0.0,0.0,0.0,0.0,0.0,0.2413,0.1676,0.0,0.1724,0.0586,0.0,0.1111,0.0,0.0,0.1925,0.0,0.0,2.0,0.0,0.0,1.0,0.0,0.0,285.3333,281.6667,0.0,122.0,120.0,0.0,0.2413,0.1676,0.0,0.1724,0.0586,0.0,2.0,0.0
2024-04-11,520.8576049804688,521.554536512558,515.0134430511679,518.8166389530661,10369500,0.006405867953359401,0.006385437584321731,519.0018432617187,507.60023193359376,501.9422378540039,484.9472149658203,509.49293832819023,498.97056095917253,10.522377369017704,9.797729473388626,0.7246478956290776,59.136209362175094,501.9422378540039,12.573403557084369,527.0890449681726,476.7954307398352,0.10019801171418048,13035140.0,0.7955035388956313,0.017630307333166326,0.014949720674959583,0.014471014842650507,0.023956710727550456,0.05932848572449667,-0.0215230009007783,0,0.0,0.0,0.0,0.0,0.0,0.0,0.0,0.0,0.0,0.0,0.0,0.0,0.0,0.0,0.2413,0.0,0.0,0.1724,0.0,0.0,0.1111,0.0,0.0,0.1925,0.0,0.0,2.0,0.0,0.0,1.0,0.0,0.0,285.3333,0.0,0.0,122.0,0.0,0.0,0.2413,0.0,0.0,0.1724,0.0,0.0,2.0
2024-04-12,509.6471862792969,517.900711537211,507.0884892347133,515.4714472402695,11984500,-0.0215230009007783,-0.021757998708208902,515.9274353027344,510.220654296875,502.94132232666016,487.37993225097654,509.51666878220664,499.76142209399654,9.755246688210093,9.78923291635292,-0.03398622814282781,51.237727305879744,502.94132232666016,12.338223721595405,527.617769769851,478.26487488346936,0.09812853447410096,11579380.0,1.0349863291471564,0.012453463516375069,0.015801790367310872,0.015310647118728314,-0.029279003570716555,0.05420334074026889,-0.022797442341578544,0,0.2014,0.0,1.0,0.0,0.0,0.0,0.0,287.0,40.0,0.2014,0.0,0.0,0.0,0.0,0.0,0.0,0.0,0.0,0.0,0.0,0.0,0.0,0.0,0.0,0.0,0.0,0.0,0.0,0.0,0.0,0.0,0.0,0.0,0.0,0.0,0.0,0.0,0.0,0.0,0.0,0.0,0.0,0.0,0.0,0.0
2024-04-15,498.0285339355469,516.2480151542466,495.09150452449086,514.4459225008984,13512900,-0.022797442341578544,-0.023061322268348682,512.1401733398437,511.10474548339846,503.74427490234376,489.48798217773435,507.7492634211821,499.6330600081855,8.116203412996583,9.454627015681654,-1.3384236026850704,48.58848969327642,503.74427490234376,11.387496123950195,526.5192671502441,480.96928265444336,0.09042283310243297,11629840.0,1.1619162430437564,0.014196606101252894,0.017889722226730825,0.015818072635427647,-0.036629782553667334,0.018072640161699738,-0.0009395566589186499,0,0.1,0.0,1.0,0.0,0.0,0.0,0.0,281.0,40.0,0.1,0.0,0.0,0.2014,0.0,0.0,0.0,0.0,0.0,0.0,0.0,0.0,0.0,0.0,0.0,0.0,0.0,0.0,0.0,0.0,0.0,287.0,0.0,0.0,40.0,0.0,0.0,0.2014,0.0,0.0,0.0,0.0,0.0,0.0,0.0,0.0
2024-04-16,497.56060791015625,502.5485386600466,494.9222460311094,495.9178451150447,9847900,-0.0009395566589186499,-0.0009399983189410568,508.72724609375,511.3426940917969,503.8826629638672,489.9912268066406,506.1817779579473,499.4795450379611,6.702232919986216,8.904148196542566,-2.2019152765563508,52.099382360492356,503.8826629638672,11.289382381643037,526.4614277271533,481.3038982005811,0.08961913724308936,11426660.0,0.8618353919693069,0.014463322004802635,0.017527251638208133,0.014700449592364405,-0.033159345416420516,0.0048052843274983825,-0.011185369342837537,0,0.0,0.0,0.0,0.0,0.0,0.0,0.0,0.0,0.0,0.0,0.0,0.0,0.1,0.2014,0.0,0.0,0.0,0.0,0.0,0.0,0.0,0.0,0.0,0.0,0.0,0.0,0.0,0.0,0.0,0.0,281.0,287.0,0.0,40.0,40.0,0.0,0.1,0.2014,0.0,0.0,0.0,0.0,0.0,0.0,0.0
2024-04-17,491.9952087402344,500.9456347105484,484.9961484515033,500.885901196652,12193700,-0.011185369342837537,-0.011248396011595866,503.6178283691406,510.0912261962891,503.77961883544924,490.6930633544922,503.99922884752993,498.92514975664795,5.07407909088198,8.138134375410448,-3.064055284528468,50.16190783884975,503.77961883544924,11.392727671621339,526.5650741786919,480.99416349220655,0.09045802764277829,11581700.0,1.0528419834739287,0.01273973121276415,0.016606443257243857,0.014923580335018989,-0.04936232024551701,-0.024805616818031728,0.015439997980361886,1,0.2167,0.3064,2.0,0.1667,0.2357,2.0,1.0,289.0,80.0,0.2167,0.3064,2.0,0.0,0.1,0.2014,0.0,0.0,0.0,0.0,0.0,0.0,0.0,0.0,0.0,0.0,0.0,0.0,0.0,0.0,0.0,0.0,281.0,287.0,0.0,40.0,40.0,0.0,0.1,0.2014,0.0,0.0,0.0,0.0,0.0,0.0
2024-04-18,499.5916137695313,509.95583437882266,496.8437809276719,497.6203470065215,14808700,0.015439997980361886,0.015322014108855624,499.3646301269531,509.18323669433596,503.5944366455078,491.64011535644534,503.3211342201455,498.97451746130594,4.346616758839559,7.37983085209627,-3.033214093256711,58.52969100847396,503.5944366455078,11.431050888560812,526.4565384226295,480.7323348683862,0.09079568840914269,12469540.0,1.187589919114899,0.015898613479494554,0.01726089952943406,0.014723817468746335,-0.04082880043910442,-0.0178502134730264,-0.041311207677071304,0,0.0,0.0,0.0,0.0,0.0,0.0,0.0,0.0,0.0,0.0,0.0,0.0,0.2167,0.0,0.1,0.3064,0.0,0.0,0.1667,0.0,0.0,0.2357,0.0,0.0,2.0,0.0,0.0,1.0,0.0,0.0,289.0,0.0,281.0,80.0,0.0,40.0,0.2167,0.0,0.1,0.3064,0.0,0.0,2.0,0.0,0.0
2024-04-19,478.952880859375,500.5872305134192,473.6363851500769,500.5872305134192,25215400,-0.041311207677071304,-0.042188769462014414,493.22576904296875,504.57660217285155,502.26581115722655,491.8786163330078,499.5721721646423,497.4914332685703,2.0807388960720345,6.320012460891423,-4.239273564819388,45.32896888337715,502.26581115722655,12.671730531193473,527.6092722196134,476.9223500948396,0.10091652865639124,15115720.0,1.6681573884671057,0.02151485662605088,0.016901668558041448,0.017285546722878027,-0.06022657682858423,-0.08774220624128459,0.001371896904410308,1,0.2455,0.2657,2.0,1.0,0.0,4.0,0.0,255.0,73.0,0.2455,0.2657,4.0,0.0,0.2167,0.0,0.0,0.3064,0.0,0.0,0.1667,0.0,0.0,0.2357,0.0,0.0,2.0,0.0,0.0,1.0,0.0,0.0,289.0,0.0,0.0,80.0,0.0,0.0,0.2167,0.0,0.0,0.3064,0.0,0.0,2.0,0.0
2024-04-22,479.6099548339844,489.8447121415832,471.31659749872864,487.5647817454041,17271100,0.001371896904410308,0.0013709567136504358,489.54205322265625,500.84111328125,500.87943878173826,492.1221026611328,496.5010618060796,496.1668793104528,0.33418249562674873,5.122846467838489,-4.78866397221174,42.529596931230884,500.87943878173826,13.572434447407424,528.0243076765531,473.7345698869234,0.10838883289295263,15867360.0,1.0884671426122556,0.02124040841821447,0.017031984548992386,0.01725124264187056,-0.03698297958153973,-0.07225808363494857,0.029829995293289446,1,0.1,0.0,1.0,0.0,0.0,0.0,0.0,281.0,40.0,0.1,0.0,0.0,0.2455,0.0,0.2167,0.2657,0.0,0.3064,1.0,0.0,0.1667,0.0,0.0,0.2357,4.0,0.0,2.0,0.0,0.0,1.0,255.0,0.0,289.0,73.0,0.0,80.0,0.2455,0.0,0.2167,0.2657,0.0,0.3064,4.0,0.0,2.0
2024-04-23,493.9167175292969,496.5650147702585,486.81809111454174,489.08805583775546,15079200,0.029829995293289446,0.02939373550546907,488.8132751464844,498.7702606201172,500.5349624633789,492.6893182373047,496.1034703788822,496.00020065999684,0.10326971888537173,4.118931118047866,-4.015661399162494,45.14951641468025,500.5349624633789,13.66152763829107,527.858017739961,473.2119071867968,0.10917541161205571,16913620.0,0.8915418461571207,0.027179850778739356,0.02072686663624342,0.0185173710908496,-0.00732351058932168,-0.04024001318845016,-0.005240949409944462,0,0.4333,0.0,1.0,1.0,0.0,3.0,0.0,292.0,42.0,0.4333,0.0,3.0,0.1,0.2455,0.0,0.0,0.2657,0.0,0.0,1.0,0.0,0.0,0.0,0.0,0.0,4.0,0.0,0.0,0.0,0.0,281.0,255.0,0.0,40.0,73.0,0.0,0.1,0.2455,0.0,0.0,0.2657,0.0,0.0,4.0,0.0
2024-04-24,491.328125,507.75550911854106,482.44736821697353,505.8240445551539,37772700,-0.005240949409944462,-0.005254731360062048,488.6798583984375,496.1488433837891,500.4159866333008,493.1890478515625,495.36880185905414,495.65412098147857,-0.2853191224244256,3.2380810699534073,-3.523400192377833,41.94260573284819,500.4159866333008,13.734282599217213,527.8845518317353,472.9474214348664,0.10978292433556125,22029420.0,1.7146479571409505,0.02675904556405999,0.02045233781112199,0.018277084755285614,-0.001355874464595841,-0.050651265600578754,-0.10561291292335828,0,0.0833,0.0236,2.0,0.5,0.7071,2.0,0.0,273.5,80.0,0.0833,0.0236,2.0,0.4333,0.1,0.2455,0.0,0.0,0.2657,1.0,0.0,1.0,0.0,0.0,0.0,3.0,0.0,4.0,0.0,0.0,0.0,292.0,281.0,255.0,42.0,40.0,73.0,0.4333,0.1,0.2455,0.0,0.0,0.2657,3.0,0.0,4.0
2024-04-25,439.4375305175781,443.8081947165338,412.6758221589503,419.5454497925412,82890700,-0.10561291292335828,-0.11161661421164057,476.6490417480469,488.0068359375,497.80353393554685,492.8256085205078,486.76399088344243,491.4899290952637,-4.725938211821244,1.6452772135984768,-6.371215425419721,20.111214541492103,497.80353393554685,19.316820210707103,536.437174356961,459.16989351413264,0.1552164168702598,35645820.0,2.3253974799850305,0.05208997852182901,0.037273541665654344,0.02987014410068771,-0.12040651122639368,-0.15631925824706683,0.0043274452308690314,1,0.0,0.0,0.0,0.0,0.0,0.0,0.0,0.0,0.0,0.0,0.0,0.0,0.0833,0.4333,0.1,0.0236,0.0,0.0,0.5,1.0,0.0,0.7071,0.0,0.0,2.0,3.0,0.0,0.0,0.0,0.0,273.5,292.0,281.0,80.0,42.0,40.0,0.0833,0.4333,0.1,0.0236,0.0,0.0,2.0,3.0,0.0
2024-04-26,441.3391723632813,444.47530372745774,430.0590165535282,439.5172088354016,32691400,0.0043274452308690314,0.00431810876542676,469.1263000488281,481.17603454589846,495.6983444213867,492.2384368896484,479.7755572649561,487.77505822622794,-7.999500961271849,-0.28367842137558885,-7.71582253989626,22.402242476078527,495.6983444213867,22.922079656968258,541.5425037353232,449.8541851074502,0.18496797429270806,37141020.0,0.8801966128016947,0.05233840754883033,0.03775639266435763,0.029811053456187536,-0.0785332127632351,-0.13403000301973889,-0.024070167742581527,0,0.1906,0.0,1.0,0.0,0.0,0.0,0.0,291.0,42.0,0.1906,0.0,0.0,0.0,0.0833,0.4333,0.0,0.0236,0.0,0.0,0.5,1.0,0.0,0.7071,0.0,0.0,2.0,3.0,0.0,0.0,0.0,0.0,273.5,292.0,0.0,80.0,42.0,0.0,0.0833,0.4333,0.0,0.0236,0.0,0.0,2.0,3.0
2024-04-29,430.716064453125,437.8246563911366,426.6739346628616,437.62552442398896,21502600,-0.024070167742581527,-0.024364588332357537,459.34752197265624,474.4447875976563,492.77476654052737,491.22497619628905,472.22794298621284,483.54846609488703,-11.320523108674195,-2.491047358835311,-8.829475749838885,21.125077030291692,492.77476654052737,27.137441635651392,547.0496498118301,438.4998832692246,0.22028272126161733,37987320.0,0.5660467756082819,0.05157204230364817,0.03779292424168455,0.029880237854168004,-0.10194511162259723,-0.13515785722256068,-0.0056630775308876835,0,0.25,0.2593,2.0,1.0,0.0,4.0,0.0,276.5,82.0,0.25,0.2593,4.0,0.1906,0.0,0.0833,0.0,0.0,0.0236,0.0,0.0,0.5,0.0,0.0,0.7071,0.0,0.0,2.0,0.0,0.0,0.0,291.0,0.0,273.5,42.0,0.0,80.0,0.1906,0.0,0.0833,0.0,0.0,0.0236,0.0,0.0,2.0
2024-04-30,428.2768859863281,437.6852794220707,427.82885422988966,429.15298768827455,18429500,-0.0056630775308876835,-0.005679173551889767,446.2195556640625,467.51641540527345,489.42955474853517,490.3757635498047,465.4662419093075,479.4542749757345,-13.988033066427022,-4.790444500353654,-9.197588566073367,19.180521151291117,489.42955474853517,30.713233255901315,550.8560212603378,428.00308823673254,0.2510124936912036,38657380.0,0.4767394996763878,0.044995516480029606,0.03764440187249393,0.02957436022508418,-0.13289655768550757,-0.13924679892733505,0.02096848197032064,1,0.2014,0.0,1.0,0.0,0.0,0.0,0.0,278.0,40.0,0.2014,0.0,0.0,0.25,0.1906,0.0,0.2593,0.0,0.0,1.0,0.0,0.0,0.0,0.0,0.0,4.0,0.0,0.0,0.0,0.0,0.0,276.5,291.0,0.0,82.0,42.0,0.0,0.25,0.1906,0.0,0.2593,0.0,0.0,4.0,0.0,0.0
2024-05-01,437.2572021484375,447.979794277378,425.23034715345136,426.7138105782115,20344900,0.02096848197032064,0.020751668941425223,435.40537109375,462.04261474609376,486.0669204711914,489.73738647460937,461.1263896384044,476.32856587741617,-15.202176239011749,-6.872790848085274,-8.329385390926475,22.222974817312092,486.0669204711914,32.598952995760754,551.2648264627129,420.8690144796699,0.26826720044358876,35171820.0,0.5784431968547548,0.04950182862370058,0.039269710401643156,0.029675170204620717,-0.11005053466369852,-0.11125719441852877,0.005669371199585882,1,0.4333,0.0,1.0,1.0,0.0,2.0,0.0,291.0,42.0,0.4333,0.0,2.0,0.2014,0.25,0.1906,0.0,0.2593,0.0,0.0,1.0,0.0,0.0,0.0,0.0,0.0,4.0,0.0,0.0,0.0,0.0,278.0,276.5,291.0,40.0,82.0,42.0,0.2014,0.25,0.1906,0.0,0.2593,0.0,0.0,4.0,0.0
2024-05-02,439.7361755371094,442.00614012700026,430.3775506624109,436.9086779169485,15221300,0.005669371199585882,0.005653360798787084,435.46510009765626,456.05707092285155,482.6201538085937,489.212705078125,457.83558746897444,473.61801844480084,-15.7824309758264,-8.6547188736335,-7.1277121021929,25.340615469537653,482.6201538085937,33.70858823612136,550.0373302808364,415.202977336351,0.2793798640202672,21637940.0,0.7034542105209646,0.016595824922700203,0.038655625601119986,0.02961236252690119,0.0006796074499588745,-0.11980873293848782,0.02327480043236041,1,0.0667,0.0,1.0,1.0,0.0,2.0,0.0,262.0,40.0,0.0667,0.0,2.0,0.4333,0.2014,0.25,0.0,0.0,0.2593,1.0,0.0,1.0,0.0,0.0,0.0,2.0,0.0,4.0,0.0,0.0,0.0,291.0,278.0,276.5,42.0,40.0,82.0,0.4333,0.2014,0.25,0.0,0.0,0.2593,2.0,0.0,4.0
2024-05-03,449.970947265625,452.17124308674926,441.8966533901777,443.9674860875785,16489100,0.02327480043236041,0.023008073020546034,437.191455078125,453.15887756347655,478.86773986816405,488.5323126220703,456.62564282230534,471.86638354263965,-15.240740720334315,-9.971923242973665,-5.268817477360651,32.88175323781692,478.86773986816405,32.907995067483085,544.6837300031302,413.0517497331979,0.2748817038837731,18397480.0,0.8962694890822004,0.019643937100803727,0.0386046525759363,0.029059824550297448,0.019558143584042842,-0.06051103303053185,0.030356709770216206,1,-0.0579,0.2925,3.0,-0.3333,0.5774,0.0,1.0,238.3333,101.0,0.0579,0.2925,0.0,0.0667,0.4333,0.2014,0.0,0.0,0.0,1.0,1.0,0.0,0.0,0.0,0.0,2.0,2.0,0.0,0.0,0.0,0.0,262.0,291.0,278.0,40.0,42.0,40.0,0.0667,0.4333,0.2014,0.0,0.0,0.0,2.0,2.0,0.0
2024-05-06,463.6305847167969,464.1084832259921,451.3448953860925,453.5750276624564,15094600,0.030356709770216206,0.029905062451816438,443.77435913085935,451.5609405517578,476.2010269165039,488.1669274902344,457.70332619068864,471.256324370355,-13.55299817966636,-10.688138230312205,-2.8648599493541553,38.95227899321391,476.2010269165039,31.800646353461634,539.8023196234271,412.5997342095806,0.2671195109290471,17115880.0,0.8819061596599181,0.014610920905977829,0.040232909098470694,0.030166677788103304,0.07641813941967324,-0.03331742795605386,0.005497343480526551,1,0.0,0.0,1.0,0.0,0.0,0.0,0.0,285.0,38.0,0.0,0.0,0.0,-0.0579,0.0667,0.4333,0.2925,0.0,0.0,-0.3333,1.0,1.0,0.5774,0.0,0.0,0.0,2.0,2.0,1.0,0.0,0.0,238.3333,262.0,291.0,101.0,40.0,42.0,0.0579,0.0667,0.4333,0.2925,0.0,0.0,0.0,2.0,2.0
2024-05-07,466.1793212890625,469.45485089459487,459.2798266933172,464.23792123892935,13406800,0.005497343480526551,0.005482288238543129,451.35484619140624,448.7872009277344,473.77873077392576,487.8981158447266,459.00732543659234,470.88025006803707,-11.872924631444732,-10.925095510538712,-0.9478291209060199,41.425829857959904,473.77873077392576,30.539883158886536,534.8584970916988,412.6989644561527,0.2578408963948138,16111340.0,0.832134384849429,0.011114184109040033,0.03876146028403071,0.030257702070441154,0.08849983863930566,-0.05615804295708848,0.009311416437174591,1,0.0667,0.0,1.0,1.0,0.0,2.0,0.0,268.0,40.0,0.0667,0.0,2.0,0.0,-0.0579,0.0667,0.0,0.2925,0.0,0.0,-0.3333,1.0,0.0,0.5774,0.0,0.0,0.0,2.0,0.0,1.0,0.0,285.0,238.3333,262.0,38.0,101.0,40.0,0.0,0.0579,0.0667,0.0,0.2925,0.0,0.0,0.0,2.0
2024-05-08,470.5201110839844,473.4869767697144,460.9623542496696,461.4601537682977,11683900,0.009311416437174591,0.009268332441323383,458.00742797851564,446.70639953613284,471.42762145996096,487.6103875732422,460.7785232284988,470.8535731062554,-10.075049877756612,-10.755086383982293,0.6800365062256812,40.13112979690918,471.42762145996096,28.751035995383454,528.9296934507279,413.92554946919404,0.24394867578055418,14379140.0,0.812559026478635,0.01133427773543188,0.03902573710973418,0.030332863335290384,0.0760717233978343,-0.042350545098584824,0.005966985477950715,1,0.0,0.0,0.0,0.0,0.0,0.0,0.0,0.0,0.0,0.0,0.0,0.0,0.0667,0.0,-0.0579,0.0,0.0,0.2925,1.0,0.0,-0.3333,0.0,0.0,0.5774,2.0,0.0,0.0,0.0,0.0,1.0,268.0,285.0,238.3333,40.0,38.0,101.0,0.0667,0.0,0.0579,0.0,0.0,0.2925,2.0,0.0,0.0
2024-05-09,473.3276977539063,473.9847663674636,465.5719729086971,467.9315377162836,9437700,0.005966985477950715,0.005949253522686533,464.725732421875,450.0954162597656,469.05112609863284,487.4391442871094,462.7091654631769,471.03684159867396,-8.327676135497086,-10.269604334285253,1.9419281987881671,47.827406041198756,469.05112609863284,26.311046069730082,521.673218238093,416.42903395917267,0.224376786288302,13222420.0,0.7137649537679184,0.011274821541944197,0.015440326163568972,0.030324872479889554,0.07639017230221512,0.07712169508237432,0.0016407476930047071,1,0.4333,0.0,1.0,1.0,0.0,2.0,0.0,291.0,42.0,0.4333,0.0,2.0,0.0,0.0667,0.0,0.0,0.0,0.0,0.0,1.0,0.0,0.0,0.0,0.0,0.0,2.0,0.0,0.0,0.0,0.0,0.0,268.0,285.0,0.0,40.0,38.0,0.0,0.0667,0.0,0.0,0.0,0.0,0.0,2.0,0.0
2024-05-10,474.1043090820313,475.3985757737603,467.5333488690271,474.9903764920245,10750000,0.0016407476930047071,0.0016394031370258234,469.5524047851562,453.37192993164064,467.2739822387695,487.1617706298828,464.46226448146217,471.264061412256,-6.8017969307938415,-9.576042853586971,2.7742459227931295,47.87553618250073,467.2739822387695,24.5672883820446,516.4085590028587,418.1394054746803,0.21030307113903138,12074600.0,0.8902986434333229,0.01139898975975421,0.015526037176448671,0.030074429891135023,0.053633155569397184,0.07424026411093165,-0.01719860061987266,0,0.1,0.0,1.0,0.0,0.0,0.0,0.0,281.0,40.0,0.1,0.0,0.0,0.4333,0.0,0.0667,0.0,0.0,0.0,1.0,0.0,1.0,0.0,0.0,0.0,2.0,0.0,2.0,0.0,0.0,0.0,291.0,0.0,268.0,42.0,0.0,40.0,0.4333,0.0,0.0667,0.0,0.0,0.0,2.0,0.0,2.0
2024-05-13,465.9503784179688,471.2668743528244,460.8130830421668,470.6695087727032,14668800,-0.01719860061987266,-0.017348214465423267,470.0163635253907,456.895361328125,465.67007446289074,486.47898986816404,464.6912050870786,470.870455264531,-6.179250177452445,-8.896684318360066,2.7174341409076206,38.670666627435246,465.67007446289074,23.476685617884282,512.6234456986593,418.7167032271222,0.20165938852706022,11989440.0,1.223476659460325,0.010554226795628608,0.014067131767126467,0.029907596135829995,0.005003538976163346,0.08180403953490889,0.008204863133734364,1,0.0667,0.0,1.0,1.0,0.0,2.0,0.0,268.0,40.0,0.0667,0.0,2.0,0.1,0.4333,0.0,0.0,0.0,0.0,0.0,1.0,0.0,0.0,0.0,0.0,0.0,2.0,0.0,0.0,0.0,0.0,281.0,291.0,0.0,40.0,42.0,0.0,0.1,0.4333,0.0,0.0,0.0,0.0,0.0,2.0,0.0
2024-05-14,469.7734375,470.46040330394175,458.055216745279,461.3307462643213,10478600,0.008204863133734364,0.008171386235135275,470.7351867675782,461.0450164794922,464.2807159423829,485.95450927734373,465.47308699675875,470.78919468938057,-5.316107692621813,-8.180568993212415,2.8644613005906017,41.35453571561468,464.2807159423829,22.281885145504358,508.84448623339165,419.7169456513742,0.19196907715865189,11403800.0,0.9188691488801979,0.010903539054100289,0.013231174155488905,0.030008524384452367,0.00770972895365496,0.09689187736131188,0.020536282242104686,1,0.0,0.0,0.0,0.0,0.0,0.0,0.0,0.0,0.0,0.0,0.0,0.0,0.0667,0.1,0.4333,0.0,0.0,0.0,1.0,0.0,1.0,0.0,0.0,0.0,2.0,0.0,2.0,0.0,0.0,0.0,268.0,281.0,291.0,40.0,40.0,42.0,0.0667,0.1,0.4333,0.0,0.0,0.0,2.0,0.0,2.0
2024-05-15,479.42083740234375,480.3766041073437,469.1263455323369,472.8897092155049,13100500,0.020536282242104686,0.0203282560332122,472.51533203125007,465.2613800048828,463.65199737548835,485.7816735839844,467.61889475146415,471.42857563108157,-3.8096808796174173,-7.306391370493415,3.496710490875998,74.25708148451507,463.65199737548835,21.626482465966717,506.9049623074218,420.3990324435549,0.1865751260720011,11687120.0,1.1209348410900204,0.01369124602075239,0.013189715859101522,0.030357203023347195,0.0189167818945164,0.09642753749220767,-0.017257150408455657,0,0.4333,0.0,1.0,1.0,0.0,2.0,0.0,291.0,42.0,0.4333,0.0,2.0,0.0,0.0667,0.1,0.0,0.0,0.0,0.0,1.0,0.0,0.0,0.0,0.0,0.0,2.0,0.0,0.0,0.0,0.0,0.0,268.0,281.0,0.0,40.0,40.0,0.0,0.0667,0.1,0.0,0.0,0.0,0.0,2.0,0.0
2024-05-16,471.14739990234375,475.5877636342784,470.66950136910896,472.9095994718704,16608200,-0.017257150408455657,-0.017407790624678846,472.0792724609375,468.4025024414062,462.229786682129,485.32648681640626,468.1617416977533,471.4077477993232,-3.24600610156989,-6.494314316708709,3.2483082151388194,66.78626791183028,462.229786682129,20.013760398558226,502.2573074792454,422.20226588501254,0.17319316907044324,13121220.0,1.2657512030131344,0.016447131665809682,0.01565761256764617,0.030315004214264665,-0.0046063179102106,0.07143197697316483,-0.002789379681703341,0,0.0,0.0,0.0,0.0,0.0,0.0,0.0,0.0,0.0,0.0,0.0,0.0,0.4333,0.0,0.0667,0.0,0.0,0.0,1.0,0.0,1.0,0.0,0.0,0.0,2.0,0.0,2.0,0.0,0.0,0.0,291.0,0.0,268.0,42.0,0.0,40.0,0.4333,0.0,0.0667,0.0,0.0,0.0,2.0,0.0,2.0
2024-05-17,469.8331909179688,470.71925834782434,466.35855966335566,468.7579268387386,10807300,-0.002789379681703341,-0.0027932772507615823,471.225048828125,470.38872680664065,461.7738021850587,484.52443237304686,468.4188877316326,471.29111395625995,-2.8722262246273544,-5.769896698292439,2.8976704736650847,74.60857885788278,461.7738021850587,19.71434548536224,501.20249315578315,422.3451112143342,0.17077058414380628,13132680.0,0.8229318006682566,0.016401043080917874,0.014799452339812058,0.02890842838474017,-0.00900881532237563,0.044141169053340645,-0.006505474913633957,0,0.1906,0.0,1.0,0.0,0.0,0.0,0.0,291.0,42.0,0.1906,0.0,0.0,0.0,0.4333,0.0,0.0,0.0,0.0,0.0,1.0,0.0,0.0,0.0,0.0,0.0,2.0,0.0,0.0,0.0,0.0,0.0,291.0,0.0,0.0,42.0,0.0,0.0,0.4333,0.0,0.0,0.0,0.0,0.0,2.0,0.0
2024-05-20,466.7767028808594,471.1175309838418,464.9846365601732,467.8818337391266,11745100,-0.006505474913633957,-0.006526727738850725,471.39031372070315,470.7033386230469,461.13213958740243,483.7854986572266,468.16624390843674,470.95671313585996,-2.790469227423216,-5.174011204118595,2.383541976695379,74.03356112816356,461.13213958740243,19.307919014418967,499.74797761624035,422.5163015585645,0.1674827439414195,12547940.0,0.9360181830643117,0.014456929855070027,0.011937315119119017,0.028934605492537416,0.001773417301851321,0.00678582964060559,-0.00897966367401204,0,0.196,0.0077,2.0,0.0,0.0,0.0,0.0,290.0,82.0,0.196,0.0077,0.0,0.1906,0.0,0.4333,0.0,0.0,0.0,0.0,0.0,1.0,0.0,0.0,0.0,0.0,0.0,2.0,0.0,0.0,0.0,291.0,0.0,291.0,42.0,0.0,42.0,0.1906,0.0,0.4333,0.0,0.0,0.0,0.0,0.0,2.0
2024-05-21,462.585205078125,468.6284987814829,460.2355754516668,465.0642370629435,11742200,-0.00897966367401204,-0.009020223847578135,469.9526672363281,470.34392700195315,459.5655639648438,483.40796813964846,467.30762254992726,470.33660142787954,-3.0289788779522837,-4.745004738885333,1.7160258609330494,66.81647096201104,459.5655639648438,17.71309159253944,494.9917471499227,424.13938077976496,0.15417248794467514,12800660.0,0.9173120760960763,0.014189009904105591,0.012171902820771166,0.028050454503789044,-0.015301487585438478,-0.00770972895365496,0.006779591914285232,1,0.1,0.0,1.0,0.0,0.0,0.0,0.0,281.0,40.0,0.1,0.0,0.0,0.196,0.1906,0.0,0.0077,0.0,0.0,0.0,0.0,0.0,0.0,0.0,0.0,0.0,0.0,0.0,0.0,0.0,0.0,290.0,291.0,0.0,82.0,42.0,0.0,0.196,0.1906,0.0,0.0077,0.0,0.0,0.0,0.0,0.0
2024-05-22,465.7213439941406,471.63520505609125,463.6007130579609,465.8109442668037,10078600,0.006779591914285232,0.006756713825551322,467.2127685546875,469.8640502929687,458.2852249145509,482.7713818359375,467.06357969519087,469.99473050686186,-2.931150811670989,-4.382233953442465,1.451083141771476,67.10354097986581,458.2852249145509,16.15315945000933,490.59154381456955,425.97890601453224,0.14098782654859665,12196280.0,0.8263667282154886,0.008791642702877182,0.011964931882390633,0.028125841612968827,-0.02857508964865063,-0.010198856492633968,-0.004275541508196534,0,0.0,0.0,0.0,0.0,0.0,0.0,0.0,0.0,0.0,0.0,0.0,0.0,0.1,0.196,0.1906,0.0,0.0077,0.0,0.0,0.0,0.0,0.0,0.0,0.0,0.0,0.0,0.0,0.0,0.0,0.0,281.0,290.0,291.0,40.0,82.0,42.0,0.1,0.196,0.1906,0.0,0.0077,0.0,0.0,0.0,0.0
2024-05-23,463.7301330566406,472.272359698421,459.5088027275184,470.79889252187127,11747900,-0.004275541508196534,-0.004284707772282673,465.72931518554685,468.9042938232422,459.499855041504,482.17820434570314,466.5507417507985,469.5306862512899,-2.979944500491399,-4.1017760628522515,1.1218315623608524,60.15876899948762,459.499855041504,15.563911627491903,490.62767829648783,428.3720317865202,0.1354856717078712,11224220.0,1.0466562487192874,0.006025732174315077,0.011742380136356933,0.014220890291665785,-0.015742985841035173,-0.020276786553605985,0.026707891127569328,1,0.0,0.0,0.0,0.0,0.0,0.0,0.0,0.0,0.0,0.0,0.0,0.0,0.0,0.1,0.196,0.0,0.0,0.0077,0.0,0.0,0.0,0.0,0.0,0.0,0.0,0.0,0.0,0.0,0.0,0.0,0.0,281.0,290.0,0.0,40.0,82.0,0.0,0.1,0.196,0.0,0.0,0.0077,0.0,0.0,0.0
2024-05-24,476.1153869628906,477.73821830317473,464.2478327174349,465.5620307776583,12024300,0.026707891127569328,0.026357461206919758,466.9857543945312,469.10540161132815,461.2386657714845,481.9072021484375,468.02222562958195,470.0184418595566,-1.9962162299746637,-3.680664096276734,1.68444786630207,59.394648635888075,461.2386657714845,15.369600563958114,491.9778668994007,430.4994646435683,0.13328978426602942,11467620.0,1.0485436385230762,0.01468694241427737,0.014863163867037494,0.015195410459770478,0.013371120147232629,0.0042418468727971614,0.0035548849012994044,1,0.05,0.0707,2.0,0.0,0.0,0.0,0.0,283.0,78.0,0.05,0.0707,0.0,0.0,0.0,0.1,0.0,0.0,0.0,0.0,0.0,0.0,0.0,0.0,0.0,0.0,0.0,0.0,0.0,0.0,0.0,0.0,0.0,281.0,0.0,0.0,40.0,0.0,0.0,0.1,0.0,0.0,0.0,0.0,0.0,0.0
2024-05-28,477.8079223632813,478.7437575429736,472.7502620379035,474.4825947090941,10175800,0.0035548849012994044,0.003548581232762172,469.19199829101564,470.29115600585936,463.59325866699226,481.82397094726565,469.52771743476643,470.59544041538805,-1.0677229806216246,-3.158075873145712,2.0903528925240873,58.86459419948656,463.59325866699226,13.993037229299366,491.579333125591,435.6071842083935,0.12073546772042978,11153760.0,0.9123201503349543,0.013762815065524852,0.013500284172154018,0.013700281408941101,0.02363275505041118,0.025448083088959406,-0.011585310162159579,0,0.1,0.0,1.0,0.0,0.0,0.0,0.0,281.0,40.0,0.1,0.0,0.0,0.05,0.0,0.0,0.0707,0.0,0.0,0.0,0.0,0.0,0.0,0.0,0.0,0.0,0.0,0.0,0.0,0.0,0.0,283.0,0.0,0.0,78.0,0.0,0.0,0.05,0.0,0.0,0.0707,0.0,0.0,0.0,0.0,0.0
2024-05-29,472.2723693847656,477.7382290452824,471.6153007231519,472.5710673414994,9226200,-0.011585310162159579,-0.011652942738301676,471.1294311523437,470.5410491943359,465.79303283691416,481.37356140136717,469.94997158092013,470.7196573760827,-0.7696857951625589,-2.6803978575490817,1.9107120623865228,51.31186689136578,465.79303283691416,11.359200728621824,488.5114342941578,443.0746313796705,0.09754719309079035,10650560.0,0.8662643091067512,0.014445413303940108,0.014027230261490595,0.014009976392455098,0.020941362154037302,0.0053194405755767615,-0.015410178501767402,0,0.0667,0.0,1.0,1.0,0.0,2.0,0.0,266.0,40.0,0.0667,0.0,2.0,0.1,0.05,0.0,0.0,0.0707,0.0,0.0,0.0,0.0,0.0,0.0,0.0,0.0,0.0,0.0,0.0,0.0,0.0,281.0,283.0,0.0,40.0,78.0,0.0,0.1,0.05,0.0,0.0,0.0707,0.0,0.0,0.0,0.0
2024-05-30,464.99456787109375,469.6539949544908,462.6648695210325,469.594261436536,10719600,-0.015410178501767402,-0.015530149413855368,470.98407592773435,469.0984222412109,467.179901123047,480.7923309326172,469.1876017794084,470.2955766720095,-1.107974892601078,-2.365913264559481,1.257938371958403,44.15261031792528,467.179901123047,9.175118593892842,485.5301383108327,448.8296639352613,0.07855747708184288,10778760.0,0.9945114280306826,0.016701187143869253,0.01291795693803748,0.014187242305498388,-0.001560538576166337,-0.030091035695102852,-0.0004710919028240168,0,0.0,0.0,0.0,0.0,0.0,0.0,0.0,0.0,0.0,0.0,0.0,0.0,0.0667,0.1,0.05,0.0,0.0,0.0707,1.0,0.0,0.0,0.0,0.0,0.0,2.0,0.0,0.0,0.0,0.0,0.0,266.0,281.0,283.0,40.0,40.0,78.0,0.0667,0.1,0.05,0.0,0.0,0.0707,2.0,0.0,0.0
2024-05-31,464.7755126953125,467.0554431328529,452.45995673704215,463.7500468415907,16919800,-0.0004710919028240168,-0.00047120290147621637,471.1931518554687,468.4612335205078,468.4318679809571,480.0219360351563,468.5088188433936,469.88668304410595,-1.377864200712338,-2.1683034517900523,0.7904392510777143,43.40232183294783,468.4318679809571,6.572461737139328,481.57679145523576,455.2869445066785,0.05612309653882479,11813140.0,1.4322864200373482,0.01655520955712864,0.011907092870180495,0.014196859589382426,0.0022542844731294753,-0.013524190536447822,0.022834825280286575,1,0.0,0.0,0.0,0.0,0.0,0.0,0.0,0.0,0.0,0.0,0.0,0.0,0.0,0.0667,0.1,0.0,0.0,0.0,0.0,1.0,0.0,0.0,0.0,0.0,0.0,2.0,0.0,0.0,0.0,0.0,0.0,266.0,281.0,0.0,40.0,40.0,0.0,0.0667,0.1,0.0,0.0,0.0,0.0,2.0,0.0
2024-06-03,475.3885803222656,477.4893101155663,466.17928911634414,468.7877537641573,11279400,0.022834825280286575,0.022578012819151127,471.04779052734375,469.0167724609375,469.70274963378915,479.41919982910156,469.567243686297,470.29423099063627,-0.7269873043392749,-1.8800402222998969,1.153052917960622,56.45067430780669,469.70274963378915,5.109512603539746,479.92177484086864,459.48372442670967,0.04351273317027375,11664160.0,0.9670134840399994,0.015047835914742664,0.014104725162547297,0.014163876425064326,-0.001526534660560408,0.011824174008316923,-0.0010470849267337767,0,0.0,0.0,0.0,0.0,0.0,0.0,0.0,0.0,0.0,0.0,0.0,0.0,0.0,0.0,0.0667,0.0,0.0,0.0,0.0,0.0,1.0,0.0,0.0,0.0,0.0,0.0,2.0,0.0,0.0,0.0,0.0,0.0,266.0,0.0,0.0,40.0,0.0,0.0,0.0667,0.0,0.0,0.0,0.0,0.0,2.0
2024-06-04,474.8908081054688,476.782470714512,471.1473761255075,474.90077381918167,7088700,-0.0010470849267337767,-0.0010476335031264872,470.46436767578126,469.82818298339845,470.26576080322275,478.77026794433596,470.3862535969388,470.63471818432754,-0.248464587388753,-1.553725095317668,1.305260507928915,53.66408884398291,470.26576080322275,5.024887504669974,480.3155358125627,460.2159857938828,0.04274083229948423,11046740.0,0.6417006284206924,0.014899586636734801,0.0138743391234838,0.012608887603526015,-0.006105202783964314,0.017383269504520404,0.037883400159704594,1,0.2449,0.1709,3.0,0.1111,0.1925,2.0,1.0,289.3333,124.0,0.2449,0.1709,2.0,0.0,0.0,0.0,0.0,0.0,0.0,0.0,0.0,0.0,0.0,0.0,0.0,0.0,0.0,0.0,0.0,0.0,0.0,0.0,0.0,0.0,0.0,0.0,0.0,0.0,0.0,0.0,0.0,0.0,0.0,0.0,0.0,0.0
2024-06-05,492.88128662109375,494.464285539623,481.7803627641503,482.317994783946,15690500,0.037883400159704594,0.037183447181376145,474.5861511230469,472.8577911376953,471.6008590698243,478.6117687988281,473.8470279083473,472.2826121426065,1.5644157657407618,-0.930096923105982,2.494512688846744,58.60923274394115,471.6008590698243,7.029463057818426,485.65978518546115,457.5419329541875,0.05962213954981494,12339600.0,1.2715566144769685,0.021282989829296613,0.017312988870592107,0.015027257864757448,0.04363777890113618,0.06549297558673994,-0.002625886848238612,0,0.0,0.0,0.0,0.0,0.0,0.0,0.0,0.0,0.0,0.0,0.0,0.0,0.2449,0.0,0.0,0.1709,0.0,0.0,0.1111,0.0,0.0,0.1925,0.0,0.0,2.0,0.0,0.0,1.0,0.0,0.0,289.3333,0.0,0.0,124.0,0.0,0.0,0.2449,0.0,0.0,0.1709,0.0,0.0,2.0,0.0,0.0
2024-06-06,491.5870361328125,500.6071618196086,488.7296714911447,490.8104700267729,10667300,-0.002625886848238612,-0.0026293405364296186,479.90464477539064,475.4443603515625,472.65420532226574,478.5693566894531,476.57625994288037,473.71256947521437,2.8636904676660038,-0.17133944495158465,3.0350299126175884,64.35462217436628,472.65420532226574,8.319103435932163,489.29241219413007,456.0159984504014,0.07040329562082301,12329140.0,0.8652103877480506,0.018197992290270387,0.01754980140373868,0.014996030381021534,0.05718877186774085,0.05553898800695145,-0.0016202802973170893,0,0.0667,0.0,1.0,1.0,0.0,2.0,0.0,262.0,40.0,0.0667,0.0,2.0,0.0,0.2449,0.0,0.0,0.1709,0.0,0.0,0.1111,0.0,0.0,0.1925,0.0,0.0,2.0,0.0,0.0,1.0,0.0,0.0,289.3333,0.0,0.0,124.0,0.0,0.0,0.2449,0.0,0.0,0.1709,0.0,0.0,2.0,0.0
2024-06-07,490.79052734375,496.71435418448607,488.0128277108128,493.7275568630944,9380700,-0.0016202802973170893,-0.0016215943710750631,485.10764770507814,478.15039978027346,473.5273468017579,478.551435546875,478.76307031224496,474.97760339140217,3.7854669208427936,0.6200218282072912,3.1654450926355024,64.82600765815008,473.5273468017579,9.257051994999443,492.0414507917568,455.013242811759,0.0781965566087984,10821320.0,0.8668720636669094,0.01839030108171721,0.017403994994158352,0.014994303953550886,0.055973290196748904,0.05835375438887902,0.019555379902680192,1,0.0,0.0,1.0,0.0,0.0,0.0,0.0,285.0,38.0,0.0,0.0,0.0,0.0667,0.0,0.2449,0.0,0.0,0.1709,1.0,0.0,0.1111,0.0,0.0,0.1925,2.0,0.0,2.0,0.0,0.0,1.0,262.0,0.0,289.3333,40.0,0.0,124.0,0.0667,0.0,0.2449,0.0,0.0,0.1709,2.0,0.0,2.0
2024-06-10,500.38812255859375,500.447856074985,491.2385642376234,491.6865656105578,11220900,0.019555379902680192,0.019366630207064826,490.10755615234376,480.5776733398437,474.84153747558594,478.89033874511716,482.0900014270678,476.8598640704534,5.230137356614421,1.5420449338887177,3.688092422725703,71.76377690735062,474.84153747558594,11.037719223231482,496.9169759220489,452.766099029123,0.09298023321137093,10809620.0,1.0380475909421423,0.017918919120239202,0.016577637150692985,0.015503271802360734,0.0525875952244812,0.05098078377709525,0.009689500057267653,1,0.1,0.0,1.0,0.0,0.0,0.0,0.0,281.0,40.0,0.1,0.0,0.0,0.0,0.0667,0.0,0.0,0.0,0.0,0.0,1.0,0.0,0.0,0.0,0.0,0.0,2.0,0.0,0.0,0.0,0.0,285.0,262.0,0.0,38.0,40.0,0.0,0.0,0.0667,0.0,0.0,0.0,0.0,0.0,2.0,0.0
2024-06-11,505.2366333007813,505.3660660340401,496.0771102104991,497.9588069326082,9673700,0.009689500057267653,0.00964285790233108,496.1767211914063,483.32054443359374,476.80585021972655,479.21131896972656,485.65102171533147,478.9618469764036,6.689174738927875,2.5714708948965495,4.117703844031325,77.38428705337971,476.80585021972655,12.737082862476164,502.2800159446789,451.3316844947742,0.10685341093534434,11326620.0,0.8540676742046612,0.01680877647036246,0.016627256818248143,0.014827545951382849,0.06390063710934779,0.05740530797780652,0.002699752120038479,1,0.0,0.0,0.0,0.0,0.0,0.0,0.0,0.0,0.0,0.0,0.0,0.0,0.1,0.0,0.0667,0.0,0.0,0.0,0.0,0.0,1.0,0.0,0.0,0.0,0.0,0.0,2.0,0.0,0.0,0.0,281.0,285.0,262.0,40.0,38.0,40.0,0.1,0.0,0.0667,0.0,0.0,0.0,0.0,0.0,2.0
2024-06-12,506.60064697265625,511.74790773477673,502.2498837276922,511.7279763073018,11983200,0.002699752120038479,0.002696114335224247,498.92059326171875,486.7533721923828,478.6472106933594,479.43970947265626,488.87404098568913,481.00916549464455,7.864875491044586,3.6301518141261573,4.234723676918429,76.85766450139809,478.6472106933594,14.240223301909696,507.1276572971788,450.16676408954,0.11900391757245665,10585160.0,1.1320754716981132,0.009215036001617488,0.015554290263419649,0.014799557443430372,0.027835019758235102,0.07268745709728996,-0.00931525895029528,0,0.0,0.0,0.0,0.0,0.0,0.0,0.0,0.0,0.0,0.0,0.0,0.0,0.0,0.1,0.0,0.0,0.0,0.0,0.0,0.0,0.0,0.0,0.0,0.0,0.0,0.0,0.0,0.0,0.0,0.0,0.0,281.0,285.0,0.0,40.0,38.0,0.0,0.1,0.0,0.0,0.0,0.0,0.0,0.0,0.0
2024-06-13,501.8815307617188,507.1183615588256,499.1535684672158,503.4844307874335,9954600,-0.00931525895029528,-0.009358917312435945,500.9794921875,490.4420684814453,479.77024536132814,479.3871423339844,490.87519325892447,482.55526662553893,8.319926633385535,4.568106777978033,3.7518198554075015,74.19806275359053,479.77024536132814,15.160381587201691,510.09100853573153,449.44948218692474,0.126397013852195,10442620.0,0.9532665174065512,0.011008075640554131,0.014666159171590906,0.014534642454112645,0.0209413468465125,0.07932772862166182,0.001111965507726076,1,0.1191,0.0641,3.0,0.3333,0.5774,2.0,0.0,276.6667,122.0,0.1191,0.0641,2.0,0.0,0.0,0.1,0.0,0.0,0.0,0.0,0.0,0.0,0.0,0.0,0.0,0.0,0.0,0.0,0.0,0.0,0.0,0.0,0.0,281.0,0.0,0.0,40.0,0.0,0.0,0.1,0.0,0.0,0.0,0.0,0.0,0.0
2024-06-14,502.4396057128906,505.4193928906367,499.041238363191,500.9347487116365,10243300,0.001111965507726076,0.0011113477320020093,503.30930786132814,494.20847778320314,481.3348556518555,479.26250427246094,492.65433363645775,484.0281806320094,8.626153004448327,5.379716023272093,3.2464369811762337,69.64366883190824,481.3348556518555,15.823853671355117,512.9825629945657,449.68714830914524,0.13149975311823534,10615140.0,0.9649707870079904,0.010710605031342788,0.014575726423775828,0.01378895499520312,0.023735336605186008,0.08103717168565439,0.00489931298952051,1,0.2014,0.0,1.0,0.0,0.0,0.0,0.0,287.0,40.0,0.2014,0.0,0.0,0.1191,0.0,0.0,0.0641,0.0,0.0,0.3333,0.0,0.0,0.5774,0.0,0.0,2.0,0.0,0.0,0.0,0.0,0.0,276.6667,0.0,0.0,122.0,0.0,0.0,0.1191,0.0,0.0,0.0641,0.0,0.0,2.0,0.0,0.0
2024-06-17,504.9012145996094,509.0071509215088,494.3174584421939,499.9581482870409,11266600,0.00489931298952051,0.004887350411999436,504.21192626953126,497.1597412109375,483.0882568359375,478.8601440429687,494.53846916925033,485.5743312962761,8.96413787297422,6.096600393212519,2.867537479761701,69.98814390676509,483.0882568359375,16.414193510485433,515.9166438569084,450.25986981496663,0.1359105155483827,10624280.0,1.0604577439600613,0.007012139915521916,0.013607390318410491,0.013716958619027836,0.00901918298527793,0.06208107535384455,-0.014093236326069625,0,0.1,0.0,1.0,0.0,0.0,0.0,0.0,281.0,40.0,0.1,0.0,0.0,0.2014,0.1191,0.0,0.0,0.0641,0.0,0.0,0.3333,0.0,0.0,0.5774,0.0,0.0,2.0,0.0,0.0,0.0,0.0,287.0,276.6667,0.0,40.0,122.0,0.0,0.2014,0.1191,0.0,0.0,0.0641,0.0,0.0,2.0,0.0
2024-06-18,497.7855224609375,504.2733173632675,493.3307747451631,502.8382288096328,13060400,-0.014093236326069625,-0.014193489019023833,502.7217041015625,499.4492126464844,484.6386978149414,478.4765576171875,495.0380158295099,486.4788639751399,8.559151854369986,6.589110685444013,1.970041168925973,68.39354618127356,484.6386978149414,16.256099589204386,517.1508969933502,452.12649863653263,0.1341708754376999,11301620.0,1.1556219373859677,0.00828731956880239,0.014932133935608395,0.014113119052558805,-0.014747764411231712,0.04821048115629978,0.004424625765628409,1,0.1906,0.0,1.0,0.0,0.0,0.0,0.0,283.0,40.0,0.1906,0.0,0.0,0.1,0.2014,0.1191,0.0,0.0,0.0641,0.0,0.0,0.3333,0.0,0.0,0.5774,0.0,0.0,2.0,0.0,0.0,0.0,281.0,287.0,276.6667,40.0,40.0,122.0,0.1,0.2014,0.1191,0.0,0.0,0.0641,0.0,0.0,2.0
2024-06-20,499.988037109375,501.9513160000998,495.0748368714323,500.2870012395599,11801200,0.004424625765628409,0.004414865887660353,501.39918212890626,500.1598876953125,486.5088394165039,478.1838134765625,495.7995575648738,487.4795434665647,8.320014098309116,6.935291368017036,1.3847227302920802,77.22029939181596,486.5088394165039,15.728371592215542,517.965582600935,455.0520962320728,0.12931622464314876,11265220.0,1.047578298515253,0.008610354001990205,0.009437712866736819,0.013813648182742016,-0.013052904497451556,0.014418787406194733,-0.013793176692215692,0,0.2014,0.0,1.0,0.0,0.0,0.0,0.0,289.0,40.0,0.2014,0.0,0.0,0.1906,0.1,0.2014,0.0,0.0,0.0,0.0,0.0,0.0,0.0,0.0,0.0,0.0,0.0,0.0,0.0,0.0,0.0,283.0,281.0,287.0,40.0,40.0,40.0,0.1906,0.1,0.2014,0.0,0.0,0.0,0.0,0.0,0.0
2024-06-21,493.0916137695313,501.7320416830129,490.7097852096126,501.7320416830129,22359200,-0.013793176692215692,-0.013889186429000475,499.6411987304688,500.3103454589844,487.8773529052734,477.6947998046875,495.38295082712875,487.89525237789553,7.487698449233221,7.045772784260273,0.44192566497294816,69.95338642985138,487.8773529052734,14.998259819730452,517.8738725447344,457.8808332658125,0.12296746082118336,13746140.0,1.6265802618044047,0.00965380793348027,0.010569395247747247,0.014350145592556518,-0.017513927995809753,0.003060653609897601,0.008347142086343462,1,0.0,0.0,0.0,0.0,0.0,0.0,0.0,0.0,0.0,0.0,0.0,0.0,0.2014,0.1906,0.1,0.0,0.0,0.0,0.0,0.0,0.0,0.0,0.0,0.0,0.0,0.0,0.0,0.0,0.0,0.0,289.0,283.0,281.0,40.0,40.0,40.0,0.2014,0.1906,0.1,0.0,0.0,0.0,0.0,0.0,0.0
2024-06-24,497.20751953125,506.0671674155012,492.6032897190552,497.4965384489006,13525300,0.008347142086343462,0.008312497352008915,498.59478149414065,500.95204467773436,489.5512222290039,477.22179809570315,495.6636537046859,488.58504994481063,7.07860375987525,7.0523389793832685,0.026264780491981554,66.92480499958583,489.5512222290039,13.996118197509471,517.5434586240228,461.55898583398493,0.11435876420680101,14402540.0,0.939091299173618,0.010968771502012272,0.010829125248768551,0.014292809814824593,-0.010413363361785666,0.013074808558816153,0.02343109367649987,1,0.4333,0.0,1.0,0.3333,0.0,2.0,1.0,293.0,42.0,0.4333,0.0,2.0,0.0,0.2014,0.1906,0.0,0.0,0.0,0.0,0.0,0.0,0.0,0.0,0.0,0.0,0.0,0.0,0.0,0.0,0.0,0.0,289.0,283.0,0.0,40.0,40.0,0.0,0.2014,0.1906,0.0,0.0,0.0,0.0,0.0,0.0
2024-06-25,508.8576354980469,508.96724553578,493.8091566300633,495.3538552472839,12063200,0.02343109367649987,0.02316079964814126,499.3860656738281,501.7989959716797,491.1883346557617,477.2060070800781,497.6934970575106,490.0867229487541,7.606774108756554,7.1632260052579255,0.44354810349862817,72.46162135763632,491.1883346557617,14.254359166002384,519.6970529877665,462.67961632375693,0.11608060013063816,14561860.0,0.8284106563309906,0.01591623868328335,0.01159523920018668,0.014030196314944088,0.007836029670823752,0.01692588724158095,0.004935455256240395,1,0.0,0.0,0.0,0.0,0.0,0.0,0.0,0.0,0.0,0.0,0.0,0.0,0.4333,0.0,0.2014,0.0,0.0,0.0,0.3333,0.0,0.0,0.0,0.0,0.0,2.0,0.0,0.0,1.0,0.0,0.0,293.0,0.0,289.0,42.0,0.0,40.0,0.4333,0.0,0.2014,0.0,0.0,0.0,2.0,0.0,0.0
2024-06-26,511.36907958984375,512.0567275410722,502.95787690573815,504.9211559059879,8882300,0.004935455256240395,0.004923315822982277,502.1027770996094,502.41224060058596,492.8663925170898,477.4728179931641,499.7974328317157,491.663193811057,8.134239020658697,7.35742860833808,0.776810412320617,65.37273180342251,492.8663925170898,14.568274504431596,522.002941525953,463.7298435082266,0.118233052410255,13726240.0,0.6471036496520532,0.013260159780011596,0.011327469431712126,0.014034272260767276,0.027287971457571336,0.012137770472022913,0.012550680205975606,1,0.0,0.0,0.0,0.0,0.0,0.0,0.0,0.0,0.0,0.0,0.0,0.0,0.0,0.4333,0.0,0.0,0.0,0.0,0.0,0.3333,0.0,0.0,0.0,0.0,0.0,2.0,0.0,0.0,1.0,0.0,0.0,293.0,0.0,0.0,42.0,0.0,0.0,0.4333,0.0,0.0,0.0,0.0,0.0,2.0,0.0
2024-06-27,517.787109375,521.0957878790974,512.1464496871524,512.4952310557064,10121200,0.012550680205975606,0.012472573270291599,505.6625915527344,503.5308868408203,495.1421295166016,477.8773480224609,502.5650753768363,493.59829866764534,8.966776709190981,7.679298228508661,1.2874784806823198,70.07497565816495,495.1421295166016,14.735932776025805,524.6139950686531,465.67026396455,0.11904406349273668,13390240.0,0.7558639725650922,0.0135939308061616,0.011880949452403798,0.013703314695322672,0.03559899626504737,0.022081421469142937,-0.029525106843651838,0,0.0333,0.0471,2.0,0.5,0.7071,2.0,0.0,274.5,78.0,0.0333,0.0471,2.0,0.0,0.0,0.4333,0.0,0.0,0.0,0.0,0.0,0.3333,0.0,0.0,0.0,0.0,0.0,2.0,0.0,0.0,1.0,0.0,0.0,293.0,0.0,0.0,42.0,0.0,0.0,0.4333,0.0,0.0,0.0,0.0,0.0,2.0
2024-06-28,502.4993896484375,520.0991299203725,502.1206815027582,515.3852901424151,15855100,-0.029525106843651838,-0.029969746716621382,507.5441467285156,503.59267272949216,497.0173706054687,478.087431640625,502.5549698801596,494.2576387402966,8.29733113986299,7.802904810779528,0.4944263290834625,57.34127728229084,497.0173706054687,12.979193473973313,522.9757575534154,471.0589836575221,0.10445665879373202,12089420.0,1.3114855799533807,0.01996480307047104,0.015295116866480695,0.015087105861067315,0.01907916422870537,0.0012310851243737542,0.0009123096824348309,1,0.4333,0.0,1.0,1.0,0.0,2.0,0.0,292.0,42.0,0.4333,0.0,2.0,0.0333,0.0,0.0,0.0471,0.0,0.0,0.5,0.0,0.0,0.7071,0.0,0.0,2.0,0.0,0.0,0.0,0.0,0.0,274.5,0.0,0.0,78.0,0.0,0.0,0.0333,0.0,0.0,0.0471,0.0,0.0,2.0,0.0,0.0
