date,title,content,source,url,author,data_source,sentiment_polarity,relevance_score,sentiment_label
2020-01-01,META Strengthens Competition from Twitter/X,Meta Platforms is investing heavily to compete with Twitter/X in the social media space. The company reported strong user growth in recent quarters. Analysts note that META's AI capabilities gives it a competitive advantage.,The Verge,https://example.com/news/12224,Mark Johnson,Synthetic,0.316,,
2020-01-03,META meets QQ1 2020 Earnings Expectations,"Meta Platforms reported strong QQ1 2020 results, with revenue increases by 23% year-over-year. The company's advertising business showed growth performance amid market volatility. CEO Mark Zuckerberg commented on the company's focus on AI development.",CNBC,https://example.com/news/85020,Mike Davis,Synthetic,0.298,,
2020-01-04,META Announces Major Updates to Threads,"Meta Platforms unveiled significant content moderation for Threads, aiming to enhance user experience. The new features include advanced AI capabilities. Industry analysts suggest this could strengthen META's position in the social media market.",Wall Street Journal,https://example.com/news/81847,John Smith,Synthetic,0.493,,
2020-01-04,META Announces Major Updates to Facebook,"Meta Platforms unveiled significant new algorithms for Facebook, aiming to enhance user experience. The new features include advanced AI capabilities. Industry analysts suggest this could strengthen META's position in the social media market.",TechCrunch,https://example.com/news/39025,Emma Wilson,Synthetic,0.812,,
2020-01-04,META Faces Increased Scrutiny Over Data Protection Rules,Meta Platforms is facing regulatory pressure regarding data protection rules. European regulators have raised concerns about the company's data practices. META has committed to cooperating with authorities to address these concerns.,Wall Street Journal,https://example.com/news/49244,Emma Wilson,Synthetic,-0.883,,
2020-01-05,META Announces Major Updates to Facebook,"Meta Platforms unveiled significant AI features for Facebook, aiming to enhance user experience. The new features include advanced AI capabilities. Industry analysts suggest this could strengthen META's position in the social media market.",Bloomberg,https://example.com/news/42322,John Smith,Synthetic,0.583,,
2020-01-06,META CEO Mark Zuckerberg Addresses Company Future,Meta Platforms CEO Mark Zuckerberg spoke at a conference about the company's direction. Zuckerberg emphasized META's commitment to AI innovation. The company continues to invest in emerging technologies despite economic challenges.,The Verge,https://example.com/news/93893,Robert Taylor,Synthetic,0.028,,
2020-01-06,META Faces Increased Scrutiny Over Data Protection Rules,Meta Platforms is facing regulatory pressure regarding data protection rules. European regulators have raised concerns about the company's data practices. META has committed to cooperating with authorities to address these concerns.,Reuters,https://example.com/news/46982,John Smith,Synthetic,-0.778,,
2020-01-08,META CEO Mark Zuckerberg Addresses Company Future,Meta Platforms CEO Mark Zuckerberg spoke at a conference about the company's direction. Zuckerberg emphasized META's commitment to AI innovation. The company continues to invest in emerging technologies despite economic challenges.,BBC News,https://example.com/news/32897,Mike Davis,Synthetic,0.145,,
2020-01-10,META Strengthens Competition from LinkedIn,Meta Platforms is investing heavily to compete with LinkedIn in the social media space. The company reported strong user growth in recent quarters. Analysts note that META's AI capabilities gives it a competitive advantage.,CNBC,https://example.com/news/95558,Chris Lee,Synthetic,0.366,,
2020-01-10,META Strengthens Competition from Snapchat,Meta Platforms is investing heavily to compete with Snapchat in the social media space. The company reported strong user growth in recent quarters. Analysts note that META's AI capabilities gives it a competitive advantage.,Bloomberg,https://example.com/news/46755,Mark Johnson,Synthetic,0.319,,
2020-01-12,META Announces Major Updates to Oculus Quest,"Meta Platforms unveiled significant AI features for Oculus Quest, aiming to enhance user experience. The new features include advanced AI capabilities. Industry analysts suggest this could strengthen META's position in the social media market.",BBC News,https://example.com/news/58640,Chris Lee,Synthetic,0.665,,
2020-01-12,META Strengthens Competition from TikTok,Meta Platforms is investing heavily to compete with TikTok in the social media space. The company reported strong user growth in recent quarters. Analysts note that META's AI capabilities gives it a competitive advantage.,Wall Street Journal,https://example.com/news/33421,Robert Taylor,Synthetic,0.694,,
2020-01-12,META meets QQ1 2020 Earnings Expectations,"Meta Platforms reported strong QQ1 2020 results, with revenue increases by 4% year-over-year. The company's advertising business showed growth performance amid market volatility. CEO Mark Zuckerberg commented on the company's focus on AI development.",CNBC,https://example.com/news/70225,,Synthetic,0.612,,
2020-01-14,META Strengthens Competition from LinkedIn,Meta Platforms is investing heavily to compete with LinkedIn in the social media space. The company reported strong user growth in recent quarters. Analysts note that META's AI capabilities gives it a competitive advantage.,Reuters,https://example.com/news/34804,Maria Garcia,Synthetic,0.63,,
2020-01-15,META Faces Increased Scrutiny Over Data Protection Rules,Meta Platforms is facing regulatory pressure regarding data protection rules. European regulators have raised concerns about the company's data practices. META has committed to cooperating with authorities to address these concerns.,CNN Business,https://example.com/news/60157,Sarah Johnson,Synthetic,-0.725,,
2020-01-15,META Announces Major Updates to Threads,"Meta Platforms unveiled significant privacy updates for Threads, aiming to enhance user experience. The new features include advanced AI capabilities. Industry analysts suggest this could strengthen META's position in the social media market.",Wall Street Journal,https://example.com/news/58663,Jennifer Lee,Synthetic,0.424,,
2020-01-18,META Announces Major Updates to Threads,"Meta Platforms unveiled significant advertising tools for Threads, aiming to enhance user experience. The new features include advanced AI capabilities. Industry analysts suggest this could strengthen META's position in the social media market.",TechCrunch,https://example.com/news/29789,Tom Wilson,Synthetic,0.715,,
2020-01-18,META Faces Increased Scrutiny Over Data Protection Rules,Meta Platforms is facing regulatory pressure regarding data protection rules. European regulators have raised concerns about the company's data practices. META has committed to cooperating with authorities to address these concerns.,CNBC,https://example.com/news/40757,Jessica Brown,Synthetic,-0.261,,
2020-01-19,META Faces Increased Scrutiny Over Privacy Regulations,Meta Platforms is facing regulatory pressure regarding privacy regulations. European regulators have raised concerns about the company's data practices. META has committed to cooperating with authorities to address these concerns.,CNBC,https://example.com/news/65900,Mike Davis,Synthetic,-0.318,,
2020-01-20,META Announces Major Updates to WhatsApp,"Meta Platforms unveiled significant privacy updates for WhatsApp, aiming to enhance user experience. The new features include advanced AI capabilities. Industry analysts suggest this could strengthen META's position in the social media market.",Business Insider,https://example.com/news/37388,,Synthetic,0.282,,
2020-01-21,META misses QQ1 2020 Earnings Expectations,"Meta Platforms reported strong QQ1 2020 results, with revenue decreases by 8% year-over-year. The company's advertising business showed growth performance amid market volatility. CEO Mark Zuckerberg commented on the company's focus on AI development.",TechCrunch,https://example.com/news/78876,Anna Martinez,Synthetic,0.34,,
2020-01-22,META misses QQ1 2020 Earnings Expectations,"Meta Platforms reported strong QQ1 2020 results, with revenue increases by 4% year-over-year. The company's advertising business showed growth performance amid market volatility. CEO Mark Zuckerberg commented on the company's focus on AI development.",Financial Times,https://example.com/news/55342,Jessica Brown,Synthetic,0.497,,
2020-01-23,META Faces Increased Scrutiny Over Data Protection Rules,Meta Platforms is facing regulatory pressure regarding data protection rules. European regulators have raised concerns about the company's data practices. META has committed to cooperating with authorities to address these concerns.,BBC News,https://example.com/news/24307,John Smith,Synthetic,-0.553,,
2020-01-24,META Announces Major Updates to Threads,"Meta Platforms unveiled significant content moderation for Threads, aiming to enhance user experience. The new features include advanced AI capabilities. Industry analysts suggest this could strengthen META's position in the social media market.",BBC News,https://example.com/news/89816,Emma Wilson,Synthetic,0.579,,
2020-01-24,META misses QQ1 2020 Earnings Expectations,"Meta Platforms reported strong QQ1 2020 results, with revenue decreases by 2% year-over-year. The company's advertising business showed growth performance amid market volatility. CEO Mark Zuckerberg commented on the company's focus on AI development.",CNBC,https://example.com/news/21145,Sarah Johnson,Synthetic,0.533,,
2020-01-26,META meets QQ1 2020 Earnings Expectations,"Meta Platforms reported strong QQ1 2020 results, with revenue increases by 2% year-over-year. The company's advertising business showed growth performance amid market volatility. CEO Mark Zuckerberg commented on the company's focus on AI development.",Wall Street Journal,https://example.com/news/44491,David Brown,Synthetic,0.113,,
2020-01-26,META Announces Major Updates to Threads,"Meta Platforms unveiled significant privacy updates for Threads, aiming to enhance user experience. The new features include advanced AI capabilities. Industry analysts suggest this could strengthen META's position in the social media market.",Financial Times,https://example.com/news/31369,Tom Wilson,Synthetic,0.606,,
2020-01-27,META Strengthens Competition from Twitter/X,Meta Platforms is investing heavily to compete with Twitter/X in the social media space. The company reported strong user growth in recent quarters. Analysts note that META's AI capabilities gives it a competitive advantage.,MarketWatch,https://example.com/news/37914,Lisa Anderson,Synthetic,0.16,,
2020-01-28,META Announces Major Updates to Facebook,"Meta Platforms unveiled significant advertising tools for Facebook, aiming to enhance user experience. The new features include advanced AI capabilities. Industry analysts suggest this could strengthen META's position in the social media market.",Business Insider,https://example.com/news/40293,Jennifer Lee,Synthetic,0.12,,
2020-01-30,META CEO Mark Zuckerberg Addresses Company Future,Meta Platforms CEO Mark Zuckerberg spoke at a conference about the company's direction. Zuckerberg emphasized META's commitment to AI innovation. The company continues to invest in emerging technologies despite economic challenges.,Bloomberg,https://example.com/news/58148,Mike Davis,Synthetic,0.034,,
2020-01-30,META Faces Increased Scrutiny Over Data Protection Rules,Meta Platforms is facing regulatory pressure regarding data protection rules. European regulators have raised concerns about the company's data practices. META has committed to cooperating with authorities to address these concerns.,The Verge,https://example.com/news/45739,Mike Davis,Synthetic,-0.298,,
2020-02-02,META Strengthens Competition from Twitter/X,Meta Platforms is investing heavily to compete with Twitter/X in the social media space. The company reported strong user growth in recent quarters. Analysts note that META's AI capabilities gives it a competitive advantage.,TechCrunch,https://example.com/news/98759,Mark Johnson,Synthetic,0.34,,
2020-02-02,META Announces Major Updates to Facebook,"Meta Platforms unveiled significant advertising tools for Facebook, aiming to enhance user experience. The new features include advanced AI capabilities. Industry analysts suggest this could strengthen META's position in the social media market.",TechCrunch,https://example.com/news/41699,John Smith,Synthetic,0.723,,
2020-02-02,META CEO Mark Zuckerberg Addresses Company Future,Meta Platforms CEO Mark Zuckerberg spoke at a conference about the company's direction. Zuckerberg emphasized META's commitment to AI innovation. The company continues to invest in emerging technologies despite economic challenges.,TechCrunch,https://example.com/news/18826,,Synthetic,-0.022,,
2020-02-02,META Faces Increased Scrutiny Over Content Moderation Policies,Meta Platforms is facing regulatory pressure regarding content moderation policies. European regulators have raised concerns about the company's data practices. META has committed to cooperating with authorities to address these concerns.,TechCrunch,https://example.com/news/41035,Mark Johnson,Synthetic,-0.593,,
2020-02-03,META Announces Major Updates to Threads,"Meta Platforms unveiled significant AI features for Threads, aiming to enhance user experience. The new features include advanced AI capabilities. Industry analysts suggest this could strengthen META's position in the social media market.",CNN Business,https://example.com/news/82040,John Smith,Synthetic,0.164,,
2020-02-03,META Announces Major Updates to Oculus Quest,"Meta Platforms unveiled significant advertising tools for Oculus Quest, aiming to enhance user experience. The new features include advanced AI capabilities. Industry analysts suggest this could strengthen META's position in the social media market.",TechCrunch,https://example.com/news/21844,Lisa Anderson,Synthetic,0.824,,
2020-02-05,META Strengthens Competition from TikTok,Meta Platforms is investing heavily to compete with TikTok in the social media space. The company reported strong user growth in recent quarters. Analysts note that META's AI capabilities gives it a competitive advantage.,Financial Times,https://example.com/news/42371,Anna Martinez,Synthetic,0.737,,
2020-02-06,META Announces Major Updates to Oculus Quest,"Meta Platforms unveiled significant privacy updates for Oculus Quest, aiming to enhance user experience. The new features include advanced AI capabilities. Industry analysts suggest this could strengthen META's position in the social media market.",MarketWatch,https://example.com/news/49374,Tom Wilson,Synthetic,0.226,,
2020-02-06,META meets QQ1 2020 Earnings Expectations,"Meta Platforms reported strong QQ1 2020 results, with revenue decreases by 3% year-over-year. The company's advertising business showed growth performance amid market volatility. CEO Mark Zuckerberg commented on the company's focus on AI development.",CNBC,https://example.com/news/37207,Tom Wilson,Synthetic,0.259,,
2020-02-08,META Announces Major Updates to Oculus Quest,"Meta Platforms unveiled significant new algorithms for Oculus Quest, aiming to enhance user experience. The new features include advanced AI capabilities. Industry analysts suggest this could strengthen META's position in the social media market.",CNBC,https://example.com/news/17961,Emma Wilson,Synthetic,0.369,,
2020-02-10,META Strengthens Competition from LinkedIn,Meta Platforms is investing heavily to compete with LinkedIn in the social media space. The company reported strong user growth in recent quarters. Analysts note that META's AI capabilities gives it a competitive advantage.,CNBC,https://example.com/news/16231,Chris Lee,Synthetic,0.179,,
2020-02-13,META Faces Increased Scrutiny Over Antitrust Concerns,Meta Platforms is facing regulatory pressure regarding antitrust concerns. European regulators have raised concerns about the company's data practices. META has committed to cooperating with authorities to address these concerns.,MarketWatch,https://example.com/news/67624,Maria Garcia,Synthetic,-0.128,,
2020-02-13,META CEO Mark Zuckerberg Addresses Company Future,Meta Platforms CEO Mark Zuckerberg spoke at a conference about the company's direction. Zuckerberg emphasized META's commitment to AI innovation. The company continues to invest in emerging technologies despite economic challenges.,Bloomberg,https://example.com/news/47641,Robert Taylor,Synthetic,-0.103,,
2020-02-14,META CEO Mark Zuckerberg Addresses Company Future,Meta Platforms CEO Mark Zuckerberg spoke at a conference about the company's direction. Zuckerberg emphasized META's commitment to AI innovation. The company continues to invest in emerging technologies despite economic challenges.,Bloomberg,https://example.com/news/77181,John Smith,Synthetic,0.035,,
2020-02-16,META CEO Mark Zuckerberg Addresses Company Future,Meta Platforms CEO Mark Zuckerberg spoke at a conference about the company's direction. Zuckerberg emphasized META's commitment to AI innovation. The company continues to invest in emerging technologies despite economic challenges.,TechCrunch,https://example.com/news/92799,Mike Davis,Synthetic,0.228,,
2020-02-19,META Faces Increased Scrutiny Over Content Moderation Policies,Meta Platforms is facing regulatory pressure regarding content moderation policies. European regulators have raised concerns about the company's data practices. META has committed to cooperating with authorities to address these concerns.,TechCrunch,https://example.com/news/84079,Alex Chen,Synthetic,-0.821,,
2020-02-21,META meets QQ1 2020 Earnings Expectations,"Meta Platforms reported strong QQ1 2020 results, with revenue increases by 20% year-over-year. The company's advertising business showed growth performance amid market volatility. CEO Mark Zuckerberg commented on the company's focus on AI development.",Wall Street Journal,https://example.com/news/95491,Jennifer Lee,Synthetic,0.585,,
2020-02-21,META Strengthens Competition from Twitter/X,Meta Platforms is investing heavily to compete with Twitter/X in the social media space. The company reported strong user growth in recent quarters. Analysts note that META's AI capabilities gives it a competitive advantage.,CNN Business,https://example.com/news/34816,John Smith,Synthetic,0.228,,
2020-02-22,META Faces Increased Scrutiny Over Privacy Regulations,Meta Platforms is facing regulatory pressure regarding privacy regulations. European regulators have raised concerns about the company's data practices. META has committed to cooperating with authorities to address these concerns.,Wall Street Journal,https://example.com/news/21058,Anna Martinez,Synthetic,-0.281,,
2020-02-24,META Strengthens Competition from TikTok,Meta Platforms is investing heavily to compete with TikTok in the social media space. The company reported strong user growth in recent quarters. Analysts note that META's AI capabilities gives it a competitive advantage.,Wall Street Journal,https://example.com/news/69385,Tom Wilson,Synthetic,0.289,,
2020-02-25,META Faces Increased Scrutiny Over Content Moderation Policies,Meta Platforms is facing regulatory pressure regarding content moderation policies. European regulators have raised concerns about the company's data practices. META has committed to cooperating with authorities to address these concerns.,CNN Business,https://example.com/news/20441,Tom Wilson,Synthetic,-0.599,,
2020-02-28,META beats QQ1 2020 Earnings Expectations,"Meta Platforms reported strong QQ1 2020 results, with revenue increases by 3% year-over-year. The company's advertising business showed growth performance amid market volatility. CEO Mark Zuckerberg commented on the company's focus on AI development.",CNBC,https://example.com/news/33827,,Synthetic,0.533,,
2020-03-01,META Strengthens Competition from Snapchat,Meta Platforms is investing heavily to compete with Snapchat in the social media space. The company reported strong user growth in recent quarters. Analysts note that META's AI capabilities gives it a competitive advantage.,MarketWatch,https://example.com/news/58976,Mike Davis,Synthetic,0.508,,
2020-03-03,META Faces Increased Scrutiny Over Antitrust Concerns,Meta Platforms is facing regulatory pressure regarding antitrust concerns. European regulators have raised concerns about the company's data practices. META has committed to cooperating with authorities to address these concerns.,MarketWatch,https://example.com/news/17306,Chris Lee,Synthetic,-0.568,,
2020-03-05,META beats QQ1 2020 Earnings Expectations,"Meta Platforms reported strong QQ1 2020 results, with revenue increases by 11% year-over-year. The company's advertising business showed growth performance amid market volatility. CEO Mark Zuckerberg commented on the company's focus on AI development.",MarketWatch,https://example.com/news/46412,Sarah Johnson,Synthetic,0.124,,
2020-03-05,META Strengthens Competition from TikTok,Meta Platforms is investing heavily to compete with TikTok in the social media space. The company reported strong user growth in recent quarters. Analysts note that META's AI capabilities gives it a competitive advantage.,Business Insider,https://example.com/news/53677,,Synthetic,0.846,,
2020-03-05,META CEO Mark Zuckerberg Addresses Company Future,Meta Platforms CEO Mark Zuckerberg spoke at a conference about the company's direction. Zuckerberg emphasized META's commitment to AI innovation. The company continues to invest in emerging technologies despite economic challenges.,Bloomberg,https://example.com/news/52064,Anna Martinez,Synthetic,0.187,,
2020-03-06,META Faces Increased Scrutiny Over Antitrust Concerns,Meta Platforms is facing regulatory pressure regarding antitrust concerns. European regulators have raised concerns about the company's data practices. META has committed to cooperating with authorities to address these concerns.,Financial Times,https://example.com/news/31546,David Brown,Synthetic,-0.295,,
2020-03-09,META Strengthens Competition from Pinterest,Meta Platforms is investing heavily to compete with Pinterest in the social media space. The company reported strong user growth in recent quarters. Analysts note that META's AI capabilities gives it a competitive advantage.,Wall Street Journal,https://example.com/news/47525,Emma Wilson,Synthetic,0.835,,
2020-03-09,META beats QQ1 2020 Earnings Expectations,"Meta Platforms reported strong QQ1 2020 results, with revenue increases by 16% year-over-year. The company's advertising business showed growth performance amid market volatility. CEO Mark Zuckerberg commented on the company's focus on AI development.",CNN Business,https://example.com/news/88474,Sarah Johnson,Synthetic,0.541,,
2020-03-12,META Strengthens Competition from LinkedIn,Meta Platforms is investing heavily to compete with LinkedIn in the social media space. The company reported strong user growth in recent quarters. Analysts note that META's AI capabilities gives it a competitive advantage.,Bloomberg,https://example.com/news/49281,Emma Wilson,Synthetic,0.458,,
2020-03-12,META beats QQ1 2020 Earnings Expectations,"Meta Platforms reported strong QQ1 2020 results, with revenue increases by 22% year-over-year. The company's advertising business showed growth performance amid market volatility. CEO Mark Zuckerberg commented on the company's focus on AI development.",CNBC,https://example.com/news/81356,Anna Martinez,Synthetic,0.73,,
2020-03-14,META Strengthens Competition from TikTok,Meta Platforms is investing heavily to compete with TikTok in the social media space. The company reported strong user growth in recent quarters. Analysts note that META's AI capabilities gives it a competitive advantage.,Bloomberg,https://example.com/news/15557,John Smith,Synthetic,0.304,,
2020-03-16,META Faces Increased Scrutiny Over Content Moderation Policies,Meta Platforms is facing regulatory pressure regarding content moderation policies. European regulators have raised concerns about the company's data practices. META has committed to cooperating with authorities to address these concerns.,TechCrunch,https://example.com/news/67263,John Smith,Synthetic,-0.152,,
2020-03-16,META meets QQ1 2020 Earnings Expectations,"Meta Platforms reported strong QQ1 2020 results, with revenue increases by 1% year-over-year. The company's advertising business showed growth performance amid market volatility. CEO Mark Zuckerberg commented on the company's focus on AI development.",MarketWatch,https://example.com/news/63608,Chris Lee,Synthetic,0.183,,
2020-03-16,META Faces Increased Scrutiny Over Antitrust Concerns,Meta Platforms is facing regulatory pressure regarding antitrust concerns. European regulators have raised concerns about the company's data practices. META has committed to cooperating with authorities to address these concerns.,The Verge,https://example.com/news/70107,Sarah Johnson,Synthetic,-0.881,,
2020-03-16,META Strengthens Competition from Pinterest,Meta Platforms is investing heavily to compete with Pinterest in the social media space. The company reported strong user growth in recent quarters. Analysts note that META's AI capabilities gives it a competitive advantage.,CNN Business,https://example.com/news/52918,Anna Martinez,Synthetic,0.798,,
2020-03-18,META Strengthens Competition from Snapchat,Meta Platforms is investing heavily to compete with Snapchat in the social media space. The company reported strong user growth in recent quarters. Analysts note that META's AI capabilities gives it a competitive advantage.,Bloomberg,https://example.com/news/16528,Jessica Brown,Synthetic,0.601,,
2020-03-19,META Faces Increased Scrutiny Over Data Protection Rules,Meta Platforms is facing regulatory pressure regarding data protection rules. European regulators have raised concerns about the company's data practices. META has committed to cooperating with authorities to address these concerns.,MarketWatch,https://example.com/news/31891,Chris Lee,Synthetic,-0.36,,
2020-03-19,META Announces Major Updates to Instagram,"Meta Platforms unveiled significant new algorithms for Instagram, aiming to enhance user experience. The new features include advanced AI capabilities. Industry analysts suggest this could strengthen META's position in the social media market.",MarketWatch,https://example.com/news/16226,Jennifer Lee,Synthetic,0.469,,
2020-03-19,META CEO Mark Zuckerberg Addresses Company Future,Meta Platforms CEO Mark Zuckerberg spoke at a conference about the company's direction. Zuckerberg emphasized META's commitment to AI innovation. The company continues to invest in emerging technologies despite economic challenges.,BBC News,https://example.com/news/65685,John Smith,Synthetic,-0.198,,
2020-03-20,META Strengthens Competition from LinkedIn,Meta Platforms is investing heavily to compete with LinkedIn in the social media space. The company reported strong user growth in recent quarters. Analysts note that META's AI capabilities gives it a competitive advantage.,CNBC,https://example.com/news/26258,Jennifer Lee,Synthetic,0.82,,
2020-03-20,META Strengthens Competition from Pinterest,Meta Platforms is investing heavily to compete with Pinterest in the social media space. The company reported strong user growth in recent quarters. Analysts note that META's AI capabilities gives it a competitive advantage.,CNN Business,https://example.com/news/10037,Alex Chen,Synthetic,0.759,,
2020-03-21,META Strengthens Competition from Snapchat,Meta Platforms is investing heavily to compete with Snapchat in the social media space. The company reported strong user growth in recent quarters. Analysts note that META's AI capabilities gives it a competitive advantage.,Business Insider,https://example.com/news/19584,Mike Davis,Synthetic,0.869,,
2020-03-24,META CEO Mark Zuckerberg Addresses Company Future,Meta Platforms CEO Mark Zuckerberg spoke at a conference about the company's direction. Zuckerberg emphasized META's commitment to AI innovation. The company continues to invest in emerging technologies despite economic challenges.,MarketWatch,https://example.com/news/27859,Anna Martinez,Synthetic,0.087,,
2020-03-29,META CEO Mark Zuckerberg Addresses Company Future,Meta Platforms CEO Mark Zuckerberg spoke at a conference about the company's direction. Zuckerberg emphasized META's commitment to AI innovation. The company continues to invest in emerging technologies despite economic challenges.,CNN Business,https://example.com/news/64198,David Brown,Synthetic,-0.239,,
2020-03-29,META Faces Increased Scrutiny Over Antitrust Concerns,Meta Platforms is facing regulatory pressure regarding antitrust concerns. European regulators have raised concerns about the company's data practices. META has committed to cooperating with authorities to address these concerns.,Reuters,https://example.com/news/64146,Jessica Brown,Synthetic,-0.229,,
2020-03-30,META Announces Major Updates to Threads,"Meta Platforms unveiled significant new algorithms for Threads, aiming to enhance user experience. The new features include advanced AI capabilities. Industry analysts suggest this could strengthen META's position in the social media market.",CNN Business,https://example.com/news/80450,Sarah Johnson,Synthetic,0.294,,
2020-03-30,META Faces Increased Scrutiny Over Privacy Regulations,Meta Platforms is facing regulatory pressure regarding privacy regulations. European regulators have raised concerns about the company's data practices. META has committed to cooperating with authorities to address these concerns.,MarketWatch,https://example.com/news/98183,Lisa Anderson,Synthetic,-0.379,,
2020-03-30,META misses QQ1 2020 Earnings Expectations,"Meta Platforms reported strong QQ1 2020 results, with revenue increases by 17% year-over-year. The company's advertising business showed growth performance amid market volatility. CEO Mark Zuckerberg commented on the company's focus on AI development.",TechCrunch,https://example.com/news/63098,Mark Johnson,Synthetic,0.481,,
2020-03-30,META Faces Increased Scrutiny Over Antitrust Concerns,Meta Platforms is facing regulatory pressure regarding antitrust concerns. European regulators have raised concerns about the company's data practices. META has committed to cooperating with authorities to address these concerns.,Business Insider,https://example.com/news/84866,Sarah Johnson,Synthetic,-0.553,,
2020-03-31,META CEO Mark Zuckerberg Addresses Company Future,Meta Platforms CEO Mark Zuckerberg spoke at a conference about the company's direction. Zuckerberg emphasized META's commitment to AI innovation. The company continues to invest in emerging technologies despite economic challenges.,Business Insider,https://example.com/news/45842,John Smith,Synthetic,-0.122,,
2020-04-01,META meets QQ2 2020 Earnings Expectations,"Meta Platforms reported strong QQ2 2020 results, with revenue decreases by 4% year-over-year. The company's advertising business showed growth performance amid market volatility. CEO Mark Zuckerberg commented on the company's focus on AI development.",TechCrunch,https://example.com/news/34102,David Brown,Synthetic,0.705,,
2020-04-01,META Strengthens Competition from Pinterest,Meta Platforms is investing heavily to compete with Pinterest in the social media space. The company reported strong user growth in recent quarters. Analysts note that META's AI capabilities gives it a competitive advantage.,CNBC,https://example.com/news/90739,Sarah Johnson,Synthetic,0.663,,
2020-04-01,META Strengthens Competition from Snapchat,Meta Platforms is investing heavily to compete with Snapchat in the social media space. The company reported strong user growth in recent quarters. Analysts note that META's AI capabilities gives it a competitive advantage.,Financial Times,https://example.com/news/53525,Jessica Brown,Synthetic,0.826,,
2020-04-02,META Strengthens Competition from LinkedIn,Meta Platforms is investing heavily to compete with LinkedIn in the social media space. The company reported strong user growth in recent quarters. Analysts note that META's AI capabilities gives it a competitive advantage.,TechCrunch,https://example.com/news/19713,Anna Martinez,Synthetic,0.786,,
2020-04-05,META Faces Increased Scrutiny Over Data Protection Rules,Meta Platforms is facing regulatory pressure regarding data protection rules. European regulators have raised concerns about the company's data practices. META has committed to cooperating with authorities to address these concerns.,CNBC,https://example.com/news/80264,Anna Martinez,Synthetic,-0.658,,
2020-04-08,META misses QQ2 2020 Earnings Expectations,"Meta Platforms reported strong QQ2 2020 results, with revenue decreases by 14% year-over-year. The company's advertising business showed growth performance amid market volatility. CEO Mark Zuckerberg commented on the company's focus on AI development.",CNN Business,https://example.com/news/43191,Maria Garcia,Synthetic,0.381,,
2020-04-09,META Announces Major Updates to WhatsApp,"Meta Platforms unveiled significant AI features for WhatsApp, aiming to enhance user experience. The new features include advanced AI capabilities. Industry analysts suggest this could strengthen META's position in the social media market.",The Verge,https://example.com/news/79826,Chris Lee,Synthetic,0.206,,
2020-04-09,META Strengthens Competition from Pinterest,Meta Platforms is investing heavily to compete with Pinterest in the social media space. The company reported strong user growth in recent quarters. Analysts note that META's AI capabilities gives it a competitive advantage.,The Verge,https://example.com/news/66793,Chris Lee,Synthetic,0.345,,
2020-04-10,META CEO Mark Zuckerberg Addresses Company Future,Meta Platforms CEO Mark Zuckerberg spoke at a conference about the company's direction. Zuckerberg emphasized META's commitment to AI innovation. The company continues to invest in emerging technologies despite economic challenges.,TechCrunch,https://example.com/news/67508,Jessica Brown,Synthetic,0.087,,
2020-04-11,META beats QQ2 2020 Earnings Expectations,"Meta Platforms reported strong QQ2 2020 results, with revenue increases by 3% year-over-year. The company's advertising business showed growth performance amid market volatility. CEO Mark Zuckerberg commented on the company's focus on AI development.",MarketWatch,https://example.com/news/52674,Mark Johnson,Synthetic,0.675,,
2020-04-11,META meets QQ2 2020 Earnings Expectations,"Meta Platforms reported strong QQ2 2020 results, with revenue decreases by 2% year-over-year. The company's advertising business showed growth performance amid market volatility. CEO Mark Zuckerberg commented on the company's focus on AI development.",CNBC,https://example.com/news/12283,Emma Wilson,Synthetic,0.746,,
2020-04-12,META Announces Major Updates to Instagram,"Meta Platforms unveiled significant advertising tools for Instagram, aiming to enhance user experience. The new features include advanced AI capabilities. Industry analysts suggest this could strengthen META's position in the social media market.",TechCrunch,https://example.com/news/34162,Mark Johnson,Synthetic,0.481,,
2020-04-12,META CEO Mark Zuckerberg Addresses Company Future,Meta Platforms CEO Mark Zuckerberg spoke at a conference about the company's direction. Zuckerberg emphasized META's commitment to AI innovation. The company continues to invest in emerging technologies despite economic challenges.,Reuters,https://example.com/news/64397,Sarah Johnson,Synthetic,-0.152,,
2020-04-14,META CEO Mark Zuckerberg Addresses Company Future,Meta Platforms CEO Mark Zuckerberg spoke at a conference about the company's direction. Zuckerberg emphasized META's commitment to AI innovation. The company continues to invest in emerging technologies despite economic challenges.,CNN Business,https://example.com/news/89806,Maria Garcia,Synthetic,-0.06,,
2020-04-16,META Faces Increased Scrutiny Over Content Moderation Policies,Meta Platforms is facing regulatory pressure regarding content moderation policies. European regulators have raised concerns about the company's data practices. META has committed to cooperating with authorities to address these concerns.,MarketWatch,https://example.com/news/79133,Lisa Anderson,Synthetic,-0.115,,
2020-04-16,META Announces Major Updates to Facebook,"Meta Platforms unveiled significant AI features for Facebook, aiming to enhance user experience. The new features include advanced AI capabilities. Industry analysts suggest this could strengthen META's position in the social media market.",TechCrunch,https://example.com/news/82764,Tom Wilson,Synthetic,0.694,,
2020-04-17,META Faces Increased Scrutiny Over Content Moderation Policies,Meta Platforms is facing regulatory pressure regarding content moderation policies. European regulators have raised concerns about the company's data practices. META has committed to cooperating with authorities to address these concerns.,Bloomberg,https://example.com/news/17918,Emma Wilson,Synthetic,-0.364,,
2020-04-19,META Faces Increased Scrutiny Over Antitrust Concerns,Meta Platforms is facing regulatory pressure regarding antitrust concerns. European regulators have raised concerns about the company's data practices. META has committed to cooperating with authorities to address these concerns.,Financial Times,https://example.com/news/35813,Maria Garcia,Synthetic,-0.205,,
2020-04-20,META Faces Increased Scrutiny Over Content Moderation Policies,Meta Platforms is facing regulatory pressure regarding content moderation policies. European regulators have raised concerns about the company's data practices. META has committed to cooperating with authorities to address these concerns.,TechCrunch,https://example.com/news/59966,Jessica Brown,Synthetic,-0.815,,
2020-04-25,META Strengthens Competition from Snapchat,Meta Platforms is investing heavily to compete with Snapchat in the social media space. The company reported strong user growth in recent quarters. Analysts note that META's AI capabilities gives it a competitive advantage.,CNN Business,https://example.com/news/53917,Lisa Anderson,Synthetic,0.712,,
2020-04-25,META Strengthens Competition from TikTok,Meta Platforms is investing heavily to compete with TikTok in the social media space. The company reported strong user growth in recent quarters. Analysts note that META's AI capabilities gives it a competitive advantage.,CNN Business,https://example.com/news/32658,John Smith,Synthetic,0.202,,
2020-04-27,META Faces Increased Scrutiny Over Content Moderation Policies,Meta Platforms is facing regulatory pressure regarding content moderation policies. European regulators have raised concerns about the company's data practices. META has committed to cooperating with authorities to address these concerns.,Financial Times,https://example.com/news/53937,Robert Taylor,Synthetic,-0.458,,
2020-04-28,META misses QQ2 2020 Earnings Expectations,"Meta Platforms reported strong QQ2 2020 results, with revenue increases by 18% year-over-year. The company's advertising business showed growth performance amid market volatility. CEO Mark Zuckerberg commented on the company's focus on AI development.",CNN Business,https://example.com/news/95162,Emma Wilson,Synthetic,0.558,,
2020-04-29,META Strengthens Competition from TikTok,Meta Platforms is investing heavily to compete with TikTok in the social media space. The company reported strong user growth in recent quarters. Analysts note that META's AI capabilities gives it a competitive advantage.,Wall Street Journal,https://example.com/news/37366,,Synthetic,0.776,,
2020-05-02,META Announces Major Updates to Threads,"Meta Platforms unveiled significant content moderation for Threads, aiming to enhance user experience. The new features include advanced AI capabilities. Industry analysts suggest this could strengthen META's position in the social media market.",TechCrunch,https://example.com/news/99654,,Synthetic,0.738,,
2020-05-03,META Faces Increased Scrutiny Over Privacy Regulations,Meta Platforms is facing regulatory pressure regarding privacy regulations. European regulators have raised concerns about the company's data practices. META has committed to cooperating with authorities to address these concerns.,TechCrunch,https://example.com/news/86163,Maria Garcia,Synthetic,-0.599,,
2020-05-04,META Faces Increased Scrutiny Over Privacy Regulations,Meta Platforms is facing regulatory pressure regarding privacy regulations. European regulators have raised concerns about the company's data practices. META has committed to cooperating with authorities to address these concerns.,Bloomberg,https://example.com/news/76550,Tom Wilson,Synthetic,-0.534,,
2020-05-06,META misses QQ2 2020 Earnings Expectations,"Meta Platforms reported strong QQ2 2020 results, with revenue decreases by 0% year-over-year. The company's advertising business showed growth performance amid market volatility. CEO Mark Zuckerberg commented on the company's focus on AI development.",Bloomberg,https://example.com/news/38899,Mike Davis,Synthetic,0.27,,
2020-05-08,META Strengthens Competition from Snapchat,Meta Platforms is investing heavily to compete with Snapchat in the social media space. The company reported strong user growth in recent quarters. Analysts note that META's AI capabilities gives it a competitive advantage.,Reuters,https://example.com/news/79469,Sarah Johnson,Synthetic,0.429,,
2020-05-08,META Faces Increased Scrutiny Over Data Protection Rules,Meta Platforms is facing regulatory pressure regarding data protection rules. European regulators have raised concerns about the company's data practices. META has committed to cooperating with authorities to address these concerns.,MarketWatch,https://example.com/news/55544,Jennifer Lee,Synthetic,-0.614,,
2020-05-09,META Announces Major Updates to Oculus Quest,"Meta Platforms unveiled significant privacy updates for Oculus Quest, aiming to enhance user experience. The new features include advanced AI capabilities. Industry analysts suggest this could strengthen META's position in the social media market.",The Verge,https://example.com/news/26274,Emma Wilson,Synthetic,0.715,,
2020-05-10,META meets QQ2 2020 Earnings Expectations,"Meta Platforms reported strong QQ2 2020 results, with revenue increases by 3% year-over-year. The company's advertising business showed growth performance amid market volatility. CEO Mark Zuckerberg commented on the company's focus on AI development.",Business Insider,https://example.com/news/71785,Sarah Johnson,Synthetic,0.429,,
2020-05-11,META Strengthens Competition from Pinterest,Meta Platforms is investing heavily to compete with Pinterest in the social media space. The company reported strong user growth in recent quarters. Analysts note that META's AI capabilities gives it a competitive advantage.,Wall Street Journal,https://example.com/news/35994,Lisa Anderson,Synthetic,0.505,,
2020-05-13,META Announces Major Updates to WhatsApp,"Meta Platforms unveiled significant new algorithms for WhatsApp, aiming to enhance user experience. The new features include advanced AI capabilities. Industry analysts suggest this could strengthen META's position in the social media market.",Financial Times,https://example.com/news/12769,,Synthetic,0.458,,
2020-05-15,META meets QQ2 2020 Earnings Expectations,"Meta Platforms reported strong QQ2 2020 results, with revenue increases by 20% year-over-year. The company's advertising business showed growth performance amid market volatility. CEO Mark Zuckerberg commented on the company's focus on AI development.",The Verge,https://example.com/news/11666,Lisa Anderson,Synthetic,0.82,,
2020-05-15,META Announces Major Updates to Facebook,"Meta Platforms unveiled significant content moderation for Facebook, aiming to enhance user experience. The new features include advanced AI capabilities. Industry analysts suggest this could strengthen META's position in the social media market.",BBC News,https://example.com/news/79822,Jennifer Lee,Synthetic,0.433,,
2020-05-16,META Strengthens Competition from TikTok,Meta Platforms is investing heavily to compete with TikTok in the social media space. The company reported strong user growth in recent quarters. Analysts note that META's AI capabilities gives it a competitive advantage.,Wall Street Journal,https://example.com/news/99354,John Smith,Synthetic,0.339,,
2020-05-17,META Faces Increased Scrutiny Over Content Moderation Policies,Meta Platforms is facing regulatory pressure regarding content moderation policies. European regulators have raised concerns about the company's data practices. META has committed to cooperating with authorities to address these concerns.,Wall Street Journal,https://example.com/news/15362,,Synthetic,-0.665,,
2020-05-17,META CEO Mark Zuckerberg Addresses Company Future,Meta Platforms CEO Mark Zuckerberg spoke at a conference about the company's direction. Zuckerberg emphasized META's commitment to AI innovation. The company continues to invest in emerging technologies despite economic challenges.,Reuters,https://example.com/news/75778,Emma Wilson,Synthetic,0.067,,
2020-05-18,META Announces Major Updates to Threads,"Meta Platforms unveiled significant privacy updates for Threads, aiming to enhance user experience. The new features include advanced AI capabilities. Industry analysts suggest this could strengthen META's position in the social media market.",MarketWatch,https://example.com/news/33496,Sarah Johnson,Synthetic,0.896,,
2020-05-19,META meets QQ2 2020 Earnings Expectations,"Meta Platforms reported strong QQ2 2020 results, with revenue increases by 21% year-over-year. The company's advertising business showed growth performance amid market volatility. CEO Mark Zuckerberg commented on the company's focus on AI development.",CNN Business,https://example.com/news/27494,Mark Johnson,Synthetic,0.445,,
2020-05-19,META CEO Mark Zuckerberg Addresses Company Future,Meta Platforms CEO Mark Zuckerberg spoke at a conference about the company's direction. Zuckerberg emphasized META's commitment to AI innovation. The company continues to invest in emerging technologies despite economic challenges.,CNBC,https://example.com/news/76872,Sarah Johnson,Synthetic,0.106,,
2020-05-21,META CEO Mark Zuckerberg Addresses Company Future,Meta Platforms CEO Mark Zuckerberg spoke at a conference about the company's direction. Zuckerberg emphasized META's commitment to AI innovation. The company continues to invest in emerging technologies despite economic challenges.,MarketWatch,https://example.com/news/84853,Anna Martinez,Synthetic,0.114,,
2020-05-23,META meets QQ2 2020 Earnings Expectations,"Meta Platforms reported strong QQ2 2020 results, with revenue increases by 15% year-over-year. The company's advertising business showed growth performance amid market volatility. CEO Mark Zuckerberg commented on the company's focus on AI development.",CNN Business,https://example.com/news/64434,Sarah Johnson,Synthetic,0.703,,
2020-05-23,META Faces Increased Scrutiny Over Privacy Regulations,Meta Platforms is facing regulatory pressure regarding privacy regulations. European regulators have raised concerns about the company's data practices. META has committed to cooperating with authorities to address these concerns.,CNBC,https://example.com/news/69117,Alex Chen,Synthetic,-0.617,,
2020-05-26,META Announces Major Updates to Instagram,"Meta Platforms unveiled significant AI features for Instagram, aiming to enhance user experience. The new features include advanced AI capabilities. Industry analysts suggest this could strengthen META's position in the social media market.",The Verge,https://example.com/news/24606,Maria Garcia,Synthetic,0.622,,
2020-05-26,META Faces Increased Scrutiny Over Privacy Regulations,Meta Platforms is facing regulatory pressure regarding privacy regulations. European regulators have raised concerns about the company's data practices. META has committed to cooperating with authorities to address these concerns.,BBC News,https://example.com/news/41766,Tom Wilson,Synthetic,-0.604,,
2020-05-27,META Announces Major Updates to WhatsApp,"Meta Platforms unveiled significant content moderation for WhatsApp, aiming to enhance user experience. The new features include advanced AI capabilities. Industry analysts suggest this could strengthen META's position in the social media market.",CNBC,https://example.com/news/79230,Alex Chen,Synthetic,0.659,,
2020-05-29,META Faces Increased Scrutiny Over Content Moderation Policies,Meta Platforms is facing regulatory pressure regarding content moderation policies. European regulators have raised concerns about the company's data practices. META has committed to cooperating with authorities to address these concerns.,CNN Business,https://example.com/news/60779,Sarah Johnson,Synthetic,-0.433,,
2020-05-29,META Faces Increased Scrutiny Over Data Protection Rules,Meta Platforms is facing regulatory pressure regarding data protection rules. European regulators have raised concerns about the company's data practices. META has committed to cooperating with authorities to address these concerns.,BBC News,https://example.com/news/32505,Jessica Brown,Synthetic,-0.2,,
2020-05-30,META Strengthens Competition from Pinterest,Meta Platforms is investing heavily to compete with Pinterest in the social media space. The company reported strong user growth in recent quarters. Analysts note that META's AI capabilities gives it a competitive advantage.,BBC News,https://example.com/news/22787,John Smith,Synthetic,0.201,,
2020-05-30,META CEO Mark Zuckerberg Addresses Company Future,Meta Platforms CEO Mark Zuckerberg spoke at a conference about the company's direction. Zuckerberg emphasized META's commitment to AI innovation. The company continues to invest in emerging technologies despite economic challenges.,The Verge,https://example.com/news/47802,Jennifer Lee,Synthetic,0.266,,
2020-05-30,META misses QQ2 2020 Earnings Expectations,"Meta Platforms reported strong QQ2 2020 results, with revenue increases by 3% year-over-year. The company's advertising business showed growth performance amid market volatility. CEO Mark Zuckerberg commented on the company's focus on AI development.",Wall Street Journal,https://example.com/news/54136,Lisa Anderson,Synthetic,0.765,,
2020-05-31,META CEO Mark Zuckerberg Addresses Company Future,Meta Platforms CEO Mark Zuckerberg spoke at a conference about the company's direction. Zuckerberg emphasized META's commitment to AI innovation. The company continues to invest in emerging technologies despite economic challenges.,The Verge,https://example.com/news/65431,David Brown,Synthetic,0.067,,
2020-06-05,META Strengthens Competition from Snapchat,Meta Platforms is investing heavily to compete with Snapchat in the social media space. The company reported strong user growth in recent quarters. Analysts note that META's AI capabilities gives it a competitive advantage.,CNBC,https://example.com/news/67363,Anna Martinez,Synthetic,0.446,,
2020-06-05,META Strengthens Competition from Twitter/X,Meta Platforms is investing heavily to compete with Twitter/X in the social media space. The company reported strong user growth in recent quarters. Analysts note that META's AI capabilities gives it a competitive advantage.,Financial Times,https://example.com/news/31701,Jennifer Lee,Synthetic,0.67,,
2020-06-06,META Strengthens Competition from Pinterest,Meta Platforms is investing heavily to compete with Pinterest in the social media space. The company reported strong user growth in recent quarters. Analysts note that META's AI capabilities gives it a competitive advantage.,Financial Times,https://example.com/news/35034,,Synthetic,0.769,,
2020-06-11,META Strengthens Competition from Pinterest,Meta Platforms is investing heavily to compete with Pinterest in the social media space. The company reported strong user growth in recent quarters. Analysts note that META's AI capabilities gives it a competitive advantage.,Reuters,https://example.com/news/15721,Mike Davis,Synthetic,0.542,,
2020-06-11,META Faces Increased Scrutiny Over Antitrust Concerns,Meta Platforms is facing regulatory pressure regarding antitrust concerns. European regulators have raised concerns about the company's data practices. META has committed to cooperating with authorities to address these concerns.,CNN Business,https://example.com/news/74429,John Smith,Synthetic,-0.626,,
2020-06-11,META Faces Increased Scrutiny Over Privacy Regulations,Meta Platforms is facing regulatory pressure regarding privacy regulations. European regulators have raised concerns about the company's data practices. META has committed to cooperating with authorities to address these concerns.,Reuters,https://example.com/news/83968,Jennifer Lee,Synthetic,-0.842,,
2020-06-12,META Announces Major Updates to Oculus Quest,"Meta Platforms unveiled significant privacy updates for Oculus Quest, aiming to enhance user experience. The new features include advanced AI capabilities. Industry analysts suggest this could strengthen META's position in the social media market.",BBC News,https://example.com/news/37734,Sarah Johnson,Synthetic,0.783,,
2020-06-14,META CEO Mark Zuckerberg Addresses Company Future,Meta Platforms CEO Mark Zuckerberg spoke at a conference about the company's direction. Zuckerberg emphasized META's commitment to AI innovation. The company continues to invest in emerging technologies despite economic challenges.,BBC News,https://example.com/news/78074,,Synthetic,0.195,,
2020-06-14,META meets QQ2 2020 Earnings Expectations,"Meta Platforms reported strong QQ2 2020 results, with revenue increases by 25% year-over-year. The company's advertising business showed growth performance amid market volatility. CEO Mark Zuckerberg commented on the company's focus on AI development.",The Verge,https://example.com/news/19255,Emma Wilson,Synthetic,0.697,,
2020-06-14,META Strengthens Competition from TikTok,Meta Platforms is investing heavily to compete with TikTok in the social media space. The company reported strong user growth in recent quarters. Analysts note that META's AI capabilities gives it a competitive advantage.,Financial Times,https://example.com/news/43943,Alex Chen,Synthetic,0.429,,
2020-06-16,META Faces Increased Scrutiny Over Content Moderation Policies,Meta Platforms is facing regulatory pressure regarding content moderation policies. European regulators have raised concerns about the company's data practices. META has committed to cooperating with authorities to address these concerns.,TechCrunch,https://example.com/news/84360,Anna Martinez,Synthetic,-0.685,,
2020-06-17,META Faces Increased Scrutiny Over Antitrust Concerns,Meta Platforms is facing regulatory pressure regarding antitrust concerns. European regulators have raised concerns about the company's data practices. META has committed to cooperating with authorities to address these concerns.,Business Insider,https://example.com/news/10873,Mike Davis,Synthetic,-0.24,,
2020-06-17,META meets QQ2 2020 Earnings Expectations,"Meta Platforms reported strong QQ2 2020 results, with revenue increases by 12% year-over-year. The company's advertising business showed growth performance amid market volatility. CEO Mark Zuckerberg commented on the company's focus on AI development.",Financial Times,https://example.com/news/26372,Mark Johnson,Synthetic,0.79,,
2020-06-18,META Announces Major Updates to Instagram,"Meta Platforms unveiled significant advertising tools for Instagram, aiming to enhance user experience. The new features include advanced AI capabilities. Industry analysts suggest this could strengthen META's position in the social media market.",CNBC,https://example.com/news/78033,Tom Wilson,Synthetic,0.395,,
2020-06-19,META Strengthens Competition from Twitter/X,Meta Platforms is investing heavily to compete with Twitter/X in the social media space. The company reported strong user growth in recent quarters. Analysts note that META's AI capabilities gives it a competitive advantage.,TechCrunch,https://example.com/news/69669,Mike Davis,Synthetic,0.404,,
2020-06-19,META CEO Mark Zuckerberg Addresses Company Future,Meta Platforms CEO Mark Zuckerberg spoke at a conference about the company's direction. Zuckerberg emphasized META's commitment to AI innovation. The company continues to invest in emerging technologies despite economic challenges.,BBC News,https://example.com/news/60288,David Brown,Synthetic,-0.01,,
2020-06-20,META Announces Major Updates to WhatsApp,"Meta Platforms unveiled significant new algorithms for WhatsApp, aiming to enhance user experience. The new features include advanced AI capabilities. Industry analysts suggest this could strengthen META's position in the social media market.",Bloomberg,https://example.com/news/14519,Mark Johnson,Synthetic,0.232,,
2020-06-21,META Faces Increased Scrutiny Over Content Moderation Policies,Meta Platforms is facing regulatory pressure regarding content moderation policies. European regulators have raised concerns about the company's data practices. META has committed to cooperating with authorities to address these concerns.,Reuters,https://example.com/news/75071,Sarah Johnson,Synthetic,-0.479,,
2020-06-21,META Faces Increased Scrutiny Over Data Protection Rules,Meta Platforms is facing regulatory pressure regarding data protection rules. European regulators have raised concerns about the company's data practices. META has committed to cooperating with authorities to address these concerns.,BBC News,https://example.com/news/19615,David Brown,Synthetic,-0.116,,
2020-06-23,META CEO Mark Zuckerberg Addresses Company Future,Meta Platforms CEO Mark Zuckerberg spoke at a conference about the company's direction. Zuckerberg emphasized META's commitment to AI innovation. The company continues to invest in emerging technologies despite economic challenges.,Reuters,https://example.com/news/60766,Sarah Johnson,Synthetic,-0.081,,
2020-06-24,META misses QQ2 2020 Earnings Expectations,"Meta Platforms reported strong QQ2 2020 results, with revenue increases by 16% year-over-year. The company's advertising business showed growth performance amid market volatility. CEO Mark Zuckerberg commented on the company's focus on AI development.",Financial Times,https://example.com/news/21934,John Smith,Synthetic,0.304,,
2020-06-24,META beats QQ2 2020 Earnings Expectations,"Meta Platforms reported strong QQ2 2020 results, with revenue increases by 4% year-over-year. The company's advertising business showed growth performance amid market volatility. CEO Mark Zuckerberg commented on the company's focus on AI development.",Reuters,https://example.com/news/47590,Chris Lee,Synthetic,0.783,,
2020-06-24,META Faces Increased Scrutiny Over Privacy Regulations,Meta Platforms is facing regulatory pressure regarding privacy regulations. European regulators have raised concerns about the company's data practices. META has committed to cooperating with authorities to address these concerns.,Bloomberg,https://example.com/news/87262,Jennifer Lee,Synthetic,-0.646,,
2020-06-26,META Announces Major Updates to WhatsApp,"Meta Platforms unveiled significant privacy updates for WhatsApp, aiming to enhance user experience. The new features include advanced AI capabilities. Industry analysts suggest this could strengthen META's position in the social media market.",MarketWatch,https://example.com/news/30089,David Brown,Synthetic,0.584,,
2020-06-26,META Strengthens Competition from Pinterest,Meta Platforms is investing heavily to compete with Pinterest in the social media space. The company reported strong user growth in recent quarters. Analysts note that META's AI capabilities gives it a competitive advantage.,CNBC,https://example.com/news/84202,Emma Wilson,Synthetic,0.147,,
2020-06-27,META Faces Increased Scrutiny Over Privacy Regulations,Meta Platforms is facing regulatory pressure regarding privacy regulations. European regulators have raised concerns about the company's data practices. META has committed to cooperating with authorities to address these concerns.,Reuters,https://example.com/news/33220,Alex Chen,Synthetic,-0.612,,
2020-06-29,META Faces Increased Scrutiny Over Data Protection Rules,Meta Platforms is facing regulatory pressure regarding data protection rules. European regulators have raised concerns about the company's data practices. META has committed to cooperating with authorities to address these concerns.,BBC News,https://example.com/news/54082,Lisa Anderson,Synthetic,-0.344,,
2020-06-29,META CEO Mark Zuckerberg Addresses Company Future,Meta Platforms CEO Mark Zuckerberg spoke at a conference about the company's direction. Zuckerberg emphasized META's commitment to AI innovation. The company continues to invest in emerging technologies despite economic challenges.,The Verge,https://example.com/news/44817,Jennifer Lee,Synthetic,0.057,,
2020-07-03,META Faces Increased Scrutiny Over Antitrust Concerns,Meta Platforms is facing regulatory pressure regarding antitrust concerns. European regulators have raised concerns about the company's data practices. META has committed to cooperating with authorities to address these concerns.,CNBC,https://example.com/news/84953,Lisa Anderson,Synthetic,-0.394,,
2020-07-06,META CEO Mark Zuckerberg Addresses Company Future,Meta Platforms CEO Mark Zuckerberg spoke at a conference about the company's direction. Zuckerberg emphasized META's commitment to AI innovation. The company continues to invest in emerging technologies despite economic challenges.,BBC News,https://example.com/news/63099,Lisa Anderson,Synthetic,-0.178,,
2020-07-07,META CEO Mark Zuckerberg Addresses Company Future,Meta Platforms CEO Mark Zuckerberg spoke at a conference about the company's direction. Zuckerberg emphasized META's commitment to AI innovation. The company continues to invest in emerging technologies despite economic challenges.,Reuters,https://example.com/news/70279,Robert Taylor,Synthetic,-0.174,,
2020-07-08,META Faces Increased Scrutiny Over Data Protection Rules,Meta Platforms is facing regulatory pressure regarding data protection rules. European regulators have raised concerns about the company's data practices. META has committed to cooperating with authorities to address these concerns.,BBC News,https://example.com/news/35464,Tom Wilson,Synthetic,-0.404,,
2020-07-09,META CEO Mark Zuckerberg Addresses Company Future,Meta Platforms CEO Mark Zuckerberg spoke at a conference about the company's direction. Zuckerberg emphasized META's commitment to AI innovation. The company continues to invest in emerging technologies despite economic challenges.,MarketWatch,https://example.com/news/23183,Emma Wilson,Synthetic,0.052,,
2020-07-12,META misses QQ3 2020 Earnings Expectations,"Meta Platforms reported strong QQ3 2020 results, with revenue increases by 18% year-over-year. The company's advertising business showed growth performance amid market volatility. CEO Mark Zuckerberg commented on the company's focus on AI development.",BBC News,https://example.com/news/75837,,Synthetic,0.267,,
2020-07-13,META CEO Mark Zuckerberg Addresses Company Future,Meta Platforms CEO Mark Zuckerberg spoke at a conference about the company's direction. Zuckerberg emphasized META's commitment to AI innovation. The company continues to invest in emerging technologies despite economic challenges.,Reuters,https://example.com/news/25592,Robert Taylor,Synthetic,0.005,,
2020-07-15,META CEO Mark Zuckerberg Addresses Company Future,Meta Platforms CEO Mark Zuckerberg spoke at a conference about the company's direction. Zuckerberg emphasized META's commitment to AI innovation. The company continues to invest in emerging technologies despite economic challenges.,Financial Times,https://example.com/news/39144,Chris Lee,Synthetic,0.062,,
2020-07-16,META meets QQ3 2020 Earnings Expectations,"Meta Platforms reported strong QQ3 2020 results, with revenue decreases by 0% year-over-year. The company's advertising business showed growth performance amid market volatility. CEO Mark Zuckerberg commented on the company's focus on AI development.",Bloomberg,https://example.com/news/73114,Mike Davis,Synthetic,0.596,,
2020-07-16,META CEO Mark Zuckerberg Addresses Company Future,Meta Platforms CEO Mark Zuckerberg spoke at a conference about the company's direction. Zuckerberg emphasized META's commitment to AI innovation. The company continues to invest in emerging technologies despite economic challenges.,Financial Times,https://example.com/news/12554,Mike Davis,Synthetic,0.296,,
2020-07-17,META CEO Mark Zuckerberg Addresses Company Future,Meta Platforms CEO Mark Zuckerberg spoke at a conference about the company's direction. Zuckerberg emphasized META's commitment to AI innovation. The company continues to invest in emerging technologies despite economic challenges.,Bloomberg,https://example.com/news/71308,Maria Garcia,Synthetic,0.176,,
2020-07-18,META Announces Major Updates to WhatsApp,"Meta Platforms unveiled significant content moderation for WhatsApp, aiming to enhance user experience. The new features include advanced AI capabilities. Industry analysts suggest this could strengthen META's position in the social media market.",BBC News,https://example.com/news/15307,Lisa Anderson,Synthetic,0.113,,
2020-07-18,META Strengthens Competition from LinkedIn,Meta Platforms is investing heavily to compete with LinkedIn in the social media space. The company reported strong user growth in recent quarters. Analysts note that META's AI capabilities gives it a competitive advantage.,CNBC,https://example.com/news/42796,Anna Martinez,Synthetic,0.36,,
2020-07-18,META Faces Increased Scrutiny Over Content Moderation Policies,Meta Platforms is facing regulatory pressure regarding content moderation policies. European regulators have raised concerns about the company's data practices. META has committed to cooperating with authorities to address these concerns.,Bloomberg,https://example.com/news/58506,,Synthetic,-0.143,,
2020-07-19,META CEO Mark Zuckerberg Addresses Company Future,Meta Platforms CEO Mark Zuckerberg spoke at a conference about the company's direction. Zuckerberg emphasized META's commitment to AI innovation. The company continues to invest in emerging technologies despite economic challenges.,Reuters,https://example.com/news/15436,Mark Johnson,Synthetic,0.179,,
2020-07-19,META Announces Major Updates to Threads,"Meta Platforms unveiled significant AI features for Threads, aiming to enhance user experience. The new features include advanced AI capabilities. Industry analysts suggest this could strengthen META's position in the social media market.",BBC News,https://example.com/news/35437,Mark Johnson,Synthetic,0.363,,
2020-07-20,META misses QQ3 2020 Earnings Expectations,"Meta Platforms reported strong QQ3 2020 results, with revenue increases by 7% year-over-year. The company's advertising business showed growth performance amid market volatility. CEO Mark Zuckerberg commented on the company's focus on AI development.",Reuters,https://example.com/news/10122,Jennifer Lee,Synthetic,0.779,,
2020-07-22,META meets QQ3 2020 Earnings Expectations,"Meta Platforms reported strong QQ3 2020 results, with revenue decreases by 7% year-over-year. The company's advertising business showed growth performance amid market volatility. CEO Mark Zuckerberg commented on the company's focus on AI development.",Business Insider,https://example.com/news/51509,Alex Chen,Synthetic,0.544,,
2020-07-24,META misses QQ3 2020 Earnings Expectations,"Meta Platforms reported strong QQ3 2020 results, with revenue decreases by 7% year-over-year. The company's advertising business showed growth performance amid market volatility. CEO Mark Zuckerberg commented on the company's focus on AI development.",Bloomberg,https://example.com/news/50737,Mark Johnson,Synthetic,0.246,,
2020-07-30,META Announces Major Updates to Facebook,"Meta Platforms unveiled significant advertising tools for Facebook, aiming to enhance user experience. The new features include advanced AI capabilities. Industry analysts suggest this could strengthen META's position in the social media market.",TechCrunch,https://example.com/news/39840,Chris Lee,Synthetic,0.121,,
2020-07-30,META Strengthens Competition from Twitter/X,Meta Platforms is investing heavily to compete with Twitter/X in the social media space. The company reported strong user growth in recent quarters. Analysts note that META's AI capabilities gives it a competitive advantage.,BBC News,https://example.com/news/31053,Anna Martinez,Synthetic,0.735,,
2020-07-30,META Announces Major Updates to Threads,"Meta Platforms unveiled significant content moderation for Threads, aiming to enhance user experience. The new features include advanced AI capabilities. Industry analysts suggest this could strengthen META's position in the social media market.",Wall Street Journal,https://example.com/news/76551,Robert Taylor,Synthetic,0.319,,
2020-08-01,META Announces Major Updates to WhatsApp,"Meta Platforms unveiled significant privacy updates for WhatsApp, aiming to enhance user experience. The new features include advanced AI capabilities. Industry analysts suggest this could strengthen META's position in the social media market.",Bloomberg,https://example.com/news/87534,Jennifer Lee,Synthetic,0.264,,
2020-08-01,META Strengthens Competition from Twitter/X,Meta Platforms is investing heavily to compete with Twitter/X in the social media space. The company reported strong user growth in recent quarters. Analysts note that META's AI capabilities gives it a competitive advantage.,CNBC,https://example.com/news/24244,,Synthetic,0.298,,
2020-08-04,META Announces Major Updates to Instagram,"Meta Platforms unveiled significant privacy updates for Instagram, aiming to enhance user experience. The new features include advanced AI capabilities. Industry analysts suggest this could strengthen META's position in the social media market.",Business Insider,https://example.com/news/84496,Maria Garcia,Synthetic,0.483,,
2020-08-04,META CEO Mark Zuckerberg Addresses Company Future,Meta Platforms CEO Mark Zuckerberg spoke at a conference about the company's direction. Zuckerberg emphasized META's commitment to AI innovation. The company continues to invest in emerging technologies despite economic challenges.,Wall Street Journal,https://example.com/news/19993,Maria Garcia,Synthetic,0.194,,
2020-08-05,META Faces Increased Scrutiny Over Privacy Regulations,Meta Platforms is facing regulatory pressure regarding privacy regulations. European regulators have raised concerns about the company's data practices. META has committed to cooperating with authorities to address these concerns.,The Verge,https://example.com/news/92773,David Brown,Synthetic,-0.558,,
2020-08-07,META Strengthens Competition from Pinterest,Meta Platforms is investing heavily to compete with Pinterest in the social media space. The company reported strong user growth in recent quarters. Analysts note that META's AI capabilities gives it a competitive advantage.,Reuters,https://example.com/news/41566,Alex Chen,Synthetic,0.148,,
2020-08-08,META CEO Mark Zuckerberg Addresses Company Future,Meta Platforms CEO Mark Zuckerberg spoke at a conference about the company's direction. Zuckerberg emphasized META's commitment to AI innovation. The company continues to invest in emerging technologies despite economic challenges.,Wall Street Journal,https://example.com/news/65977,Sarah Johnson,Synthetic,0.006,,
2020-08-09,META Strengthens Competition from Pinterest,Meta Platforms is investing heavily to compete with Pinterest in the social media space. The company reported strong user growth in recent quarters. Analysts note that META's AI capabilities gives it a competitive advantage.,The Verge,https://example.com/news/63325,John Smith,Synthetic,0.602,,
2020-08-09,META misses QQ3 2020 Earnings Expectations,"Meta Platforms reported strong QQ3 2020 results, with revenue decreases by 3% year-over-year. The company's advertising business showed growth performance amid market volatility. CEO Mark Zuckerberg commented on the company's focus on AI development.",Wall Street Journal,https://example.com/news/71988,Tom Wilson,Synthetic,0.267,,
2020-08-11,META Announces Major Updates to Threads,"Meta Platforms unveiled significant content moderation for Threads, aiming to enhance user experience. The new features include advanced AI capabilities. Industry analysts suggest this could strengthen META's position in the social media market.",CNN Business,https://example.com/news/29701,David Brown,Synthetic,0.247,,
2020-08-11,META CEO Mark Zuckerberg Addresses Company Future,Meta Platforms CEO Mark Zuckerberg spoke at a conference about the company's direction. Zuckerberg emphasized META's commitment to AI innovation. The company continues to invest in emerging technologies despite economic challenges.,Wall Street Journal,https://example.com/news/82194,Jennifer Lee,Synthetic,-0.097,,
2020-08-11,META Strengthens Competition from Twitter/X,Meta Platforms is investing heavily to compete with Twitter/X in the social media space. The company reported strong user growth in recent quarters. Analysts note that META's AI capabilities gives it a competitive advantage.,CNN Business,https://example.com/news/63784,Mark Johnson,Synthetic,0.393,,
2020-08-13,META CEO Mark Zuckerberg Addresses Company Future,Meta Platforms CEO Mark Zuckerberg spoke at a conference about the company's direction. Zuckerberg emphasized META's commitment to AI innovation. The company continues to invest in emerging technologies despite economic challenges.,Financial Times,https://example.com/news/40832,David Brown,Synthetic,0.161,,
2020-08-13,META meets QQ3 2020 Earnings Expectations,"Meta Platforms reported strong QQ3 2020 results, with revenue decreases by 12% year-over-year. The company's advertising business showed growth performance amid market volatility. CEO Mark Zuckerberg commented on the company's focus on AI development.",BBC News,https://example.com/news/64369,Sarah Johnson,Synthetic,0.372,,
2020-08-14,META beats QQ3 2020 Earnings Expectations,"Meta Platforms reported strong QQ3 2020 results, with revenue increases by 1% year-over-year. The company's advertising business showed growth performance amid market volatility. CEO Mark Zuckerberg commented on the company's focus on AI development.",CNN Business,https://example.com/news/76934,Robert Taylor,Synthetic,0.503,,
2020-08-15,META beats QQ3 2020 Earnings Expectations,"Meta Platforms reported strong QQ3 2020 results, with revenue decreases by 11% year-over-year. The company's advertising business showed growth performance amid market volatility. CEO Mark Zuckerberg commented on the company's focus on AI development.",TechCrunch,https://example.com/news/68165,Anna Martinez,Synthetic,0.346,,
2020-08-16,META CEO Mark Zuckerberg Addresses Company Future,Meta Platforms CEO Mark Zuckerberg spoke at a conference about the company's direction. Zuckerberg emphasized META's commitment to AI innovation. The company continues to invest in emerging technologies despite economic challenges.,CNBC,https://example.com/news/15534,Emma Wilson,Synthetic,-0.217,,
2020-08-21,META CEO Mark Zuckerberg Addresses Company Future,Meta Platforms CEO Mark Zuckerberg spoke at a conference about the company's direction. Zuckerberg emphasized META's commitment to AI innovation. The company continues to invest in emerging technologies despite economic challenges.,The Verge,https://example.com/news/97861,Mike Davis,Synthetic,0.202,,
2020-08-21,META misses QQ3 2020 Earnings Expectations,"Meta Platforms reported strong QQ3 2020 results, with revenue increases by 16% year-over-year. The company's advertising business showed growth performance amid market volatility. CEO Mark Zuckerberg commented on the company's focus on AI development.",MarketWatch,https://example.com/news/20089,Lisa Anderson,Synthetic,0.283,,
2020-08-22,META CEO Mark Zuckerberg Addresses Company Future,Meta Platforms CEO Mark Zuckerberg spoke at a conference about the company's direction. Zuckerberg emphasized META's commitment to AI innovation. The company continues to invest in emerging technologies despite economic challenges.,Business Insider,https://example.com/news/32599,,Synthetic,-0.147,,
2020-08-24,META CEO Mark Zuckerberg Addresses Company Future,Meta Platforms CEO Mark Zuckerberg spoke at a conference about the company's direction. Zuckerberg emphasized META's commitment to AI innovation. The company continues to invest in emerging technologies despite economic challenges.,BBC News,https://example.com/news/16349,Tom Wilson,Synthetic,-0.265,,
2020-08-25,META CEO Mark Zuckerberg Addresses Company Future,Meta Platforms CEO Mark Zuckerberg spoke at a conference about the company's direction. Zuckerberg emphasized META's commitment to AI innovation. The company continues to invest in emerging technologies despite economic challenges.,CNBC,https://example.com/news/44170,Robert Taylor,Synthetic,0.143,,
2020-08-26,META Strengthens Competition from TikTok,Meta Platforms is investing heavily to compete with TikTok in the social media space. The company reported strong user growth in recent quarters. Analysts note that META's AI capabilities gives it a competitive advantage.,BBC News,https://example.com/news/51166,Maria Garcia,Synthetic,0.811,,
2020-08-26,META CEO Mark Zuckerberg Addresses Company Future,Meta Platforms CEO Mark Zuckerberg spoke at a conference about the company's direction. Zuckerberg emphasized META's commitment to AI innovation. The company continues to invest in emerging technologies despite economic challenges.,MarketWatch,https://example.com/news/34125,Alex Chen,Synthetic,0.165,,
2020-08-26,META Faces Increased Scrutiny Over Content Moderation Policies,Meta Platforms is facing regulatory pressure regarding content moderation policies. European regulators have raised concerns about the company's data practices. META has committed to cooperating with authorities to address these concerns.,Bloomberg,https://example.com/news/34424,Emma Wilson,Synthetic,-0.124,,
2020-08-27,META Strengthens Competition from TikTok,Meta Platforms is investing heavily to compete with TikTok in the social media space. The company reported strong user growth in recent quarters. Analysts note that META's AI capabilities gives it a competitive advantage.,TechCrunch,https://example.com/news/44077,Robert Taylor,Synthetic,0.706,,
2020-08-27,META Faces Increased Scrutiny Over Privacy Regulations,Meta Platforms is facing regulatory pressure regarding privacy regulations. European regulators have raised concerns about the company's data practices. META has committed to cooperating with authorities to address these concerns.,MarketWatch,https://example.com/news/69830,Robert Taylor,Synthetic,-0.344,,
2020-08-27,META CEO Mark Zuckerberg Addresses Company Future,Meta Platforms CEO Mark Zuckerberg spoke at a conference about the company's direction. Zuckerberg emphasized META's commitment to AI innovation. The company continues to invest in emerging technologies despite economic challenges.,Business Insider,https://example.com/news/42100,,Synthetic,0.034,,
2020-08-27,META Announces Major Updates to Oculus Quest,"Meta Platforms unveiled significant privacy updates for Oculus Quest, aiming to enhance user experience. The new features include advanced AI capabilities. Industry analysts suggest this could strengthen META's position in the social media market.",Wall Street Journal,https://example.com/news/69563,Robert Taylor,Synthetic,0.702,,
2020-09-02,META CEO Mark Zuckerberg Addresses Company Future,Meta Platforms CEO Mark Zuckerberg spoke at a conference about the company's direction. Zuckerberg emphasized META's commitment to AI innovation. The company continues to invest in emerging technologies despite economic challenges.,Financial Times,https://example.com/news/15901,Anna Martinez,Synthetic,0.227,,
2020-09-03,META CEO Mark Zuckerberg Addresses Company Future,Meta Platforms CEO Mark Zuckerberg spoke at a conference about the company's direction. Zuckerberg emphasized META's commitment to AI innovation. The company continues to invest in emerging technologies despite economic challenges.,MarketWatch,https://example.com/news/33059,Chris Lee,Synthetic,0.23,,
2020-09-03,META misses QQ3 2020 Earnings Expectations,"Meta Platforms reported strong QQ3 2020 results, with revenue increases by 23% year-over-year. The company's advertising business showed growth performance amid market volatility. CEO Mark Zuckerberg commented on the company's focus on AI development.",The Verge,https://example.com/news/89974,,Synthetic,0.863,,
2020-09-07,META Strengthens Competition from Pinterest,Meta Platforms is investing heavily to compete with Pinterest in the social media space. The company reported strong user growth in recent quarters. Analysts note that META's AI capabilities gives it a competitive advantage.,CNN Business,https://example.com/news/46106,Maria Garcia,Synthetic,0.537,,
2020-09-08,META Strengthens Competition from LinkedIn,Meta Platforms is investing heavily to compete with LinkedIn in the social media space. The company reported strong user growth in recent quarters. Analysts note that META's AI capabilities gives it a competitive advantage.,CNN Business,https://example.com/news/13537,Anna Martinez,Synthetic,0.32,,
2020-09-08,META Strengthens Competition from Snapchat,Meta Platforms is investing heavily to compete with Snapchat in the social media space. The company reported strong user growth in recent quarters. Analysts note that META's AI capabilities gives it a competitive advantage.,The Verge,https://example.com/news/85898,Emma Wilson,Synthetic,0.492,,
2020-09-11,META Faces Increased Scrutiny Over Data Protection Rules,Meta Platforms is facing regulatory pressure regarding data protection rules. European regulators have raised concerns about the company's data practices. META has committed to cooperating with authorities to address these concerns.,Reuters,https://example.com/news/18717,Emma Wilson,Synthetic,-0.137,,
2020-09-14,META Faces Increased Scrutiny Over Antitrust Concerns,Meta Platforms is facing regulatory pressure regarding antitrust concerns. European regulators have raised concerns about the company's data practices. META has committed to cooperating with authorities to address these concerns.,Wall Street Journal,https://example.com/news/54220,John Smith,Synthetic,-0.778,,
2020-09-16,META CEO Mark Zuckerberg Addresses Company Future,Meta Platforms CEO Mark Zuckerberg spoke at a conference about the company's direction. Zuckerberg emphasized META's commitment to AI innovation. The company continues to invest in emerging technologies despite economic challenges.,TechCrunch,https://example.com/news/92066,Sarah Johnson,Synthetic,0.094,,
2020-09-17,META meets QQ3 2020 Earnings Expectations,"Meta Platforms reported strong QQ3 2020 results, with revenue decreases by 5% year-over-year. The company's advertising business showed growth performance amid market volatility. CEO Mark Zuckerberg commented on the company's focus on AI development.",CNBC,https://example.com/news/68902,John Smith,Synthetic,0.42,,
2020-09-21,META Strengthens Competition from LinkedIn,Meta Platforms is investing heavily to compete with LinkedIn in the social media space. The company reported strong user growth in recent quarters. Analysts note that META's AI capabilities gives it a competitive advantage.,BBC News,https://example.com/news/12911,Mark Johnson,Synthetic,0.583,,
2020-09-21,META Faces Increased Scrutiny Over Antitrust Concerns,Meta Platforms is facing regulatory pressure regarding antitrust concerns. European regulators have raised concerns about the company's data practices. META has committed to cooperating with authorities to address these concerns.,CNN Business,https://example.com/news/12843,Mark Johnson,Synthetic,-0.506,,
2020-09-21,META beats QQ3 2020 Earnings Expectations,"Meta Platforms reported strong QQ3 2020 results, with revenue increases by 23% year-over-year. The company's advertising business showed growth performance amid market volatility. CEO Mark Zuckerberg commented on the company's focus on AI development.",MarketWatch,https://example.com/news/23561,Jennifer Lee,Synthetic,0.657,,
2020-09-22,META beats QQ3 2020 Earnings Expectations,"Meta Platforms reported strong QQ3 2020 results, with revenue increases by 1% year-over-year. The company's advertising business showed growth performance amid market volatility. CEO Mark Zuckerberg commented on the company's focus on AI development.",Financial Times,https://example.com/news/39141,Emma Wilson,Synthetic,0.425,,
2020-09-23,META CEO Mark Zuckerberg Addresses Company Future,Meta Platforms CEO Mark Zuckerberg spoke at a conference about the company's direction. Zuckerberg emphasized META's commitment to AI innovation. The company continues to invest in emerging technologies despite economic challenges.,MarketWatch,https://example.com/news/38238,,Synthetic,0.148,,
2020-09-24,META CEO Mark Zuckerberg Addresses Company Future,Meta Platforms CEO Mark Zuckerberg spoke at a conference about the company's direction. Zuckerberg emphasized META's commitment to AI innovation. The company continues to invest in emerging technologies despite economic challenges.,Wall Street Journal,https://example.com/news/28897,Maria Garcia,Synthetic,0.268,,
2020-09-24,META Announces Major Updates to Threads,"Meta Platforms unveiled significant new algorithms for Threads, aiming to enhance user experience. The new features include advanced AI capabilities. Industry analysts suggest this could strengthen META's position in the social media market.",BBC News,https://example.com/news/51449,Maria Garcia,Synthetic,0.879,,
2020-09-25,META Strengthens Competition from Pinterest,Meta Platforms is investing heavily to compete with Pinterest in the social media space. The company reported strong user growth in recent quarters. Analysts note that META's AI capabilities gives it a competitive advantage.,Business Insider,https://example.com/news/30456,Maria Garcia,Synthetic,0.789,,
2020-09-26,META CEO Mark Zuckerberg Addresses Company Future,Meta Platforms CEO Mark Zuckerberg spoke at a conference about the company's direction. Zuckerberg emphasized META's commitment to AI innovation. The company continues to invest in emerging technologies despite economic challenges.,TechCrunch,https://example.com/news/26574,John Smith,Synthetic,0.184,,
2020-09-26,META Strengthens Competition from Pinterest,Meta Platforms is investing heavily to compete with Pinterest in the social media space. The company reported strong user growth in recent quarters. Analysts note that META's AI capabilities gives it a competitive advantage.,Reuters,https://example.com/news/69252,Lisa Anderson,Synthetic,0.241,,
2020-09-28,META CEO Mark Zuckerberg Addresses Company Future,Meta Platforms CEO Mark Zuckerberg spoke at a conference about the company's direction. Zuckerberg emphasized META's commitment to AI innovation. The company continues to invest in emerging technologies despite economic challenges.,BBC News,https://example.com/news/99176,Mark Johnson,Synthetic,0.251,,
2020-09-29,META CEO Mark Zuckerberg Addresses Company Future,Meta Platforms CEO Mark Zuckerberg spoke at a conference about the company's direction. Zuckerberg emphasized META's commitment to AI innovation. The company continues to invest in emerging technologies despite economic challenges.,Reuters,https://example.com/news/43639,Maria Garcia,Synthetic,-0.226,,
2020-09-30,META misses QQ3 2020 Earnings Expectations,"Meta Platforms reported strong QQ3 2020 results, with revenue decreases by 3% year-over-year. The company's advertising business showed growth performance amid market volatility. CEO Mark Zuckerberg commented on the company's focus on AI development.",Business Insider,https://example.com/news/73645,Robert Taylor,Synthetic,0.256,,
2020-10-02,META misses QQ4 2020 Earnings Expectations,"Meta Platforms reported strong QQ4 2020 results, with revenue increases by 19% year-over-year. The company's advertising business showed growth performance amid market volatility. CEO Mark Zuckerberg commented on the company's focus on AI development.",Bloomberg,https://example.com/news/83689,Maria Garcia,Synthetic,0.771,,
2020-10-02,META Announces Major Updates to Oculus Quest,"Meta Platforms unveiled significant AI features for Oculus Quest, aiming to enhance user experience. The new features include advanced AI capabilities. Industry analysts suggest this could strengthen META's position in the social media market.",BBC News,https://example.com/news/56390,Jennifer Lee,Synthetic,0.498,,
2020-10-02,META Strengthens Competition from TikTok,Meta Platforms is investing heavily to compete with TikTok in the social media space. The company reported strong user growth in recent quarters. Analysts note that META's AI capabilities gives it a competitive advantage.,Reuters,https://example.com/news/35408,Jennifer Lee,Synthetic,0.729,,
2020-10-02,META CEO Mark Zuckerberg Addresses Company Future,Meta Platforms CEO Mark Zuckerberg spoke at a conference about the company's direction. Zuckerberg emphasized META's commitment to AI innovation. The company continues to invest in emerging technologies despite economic challenges.,Financial Times,https://example.com/news/36269,Mark Johnson,Synthetic,-0.066,,
2020-10-03,META Strengthens Competition from TikTok,Meta Platforms is investing heavily to compete with TikTok in the social media space. The company reported strong user growth in recent quarters. Analysts note that META's AI capabilities gives it a competitive advantage.,MarketWatch,https://example.com/news/73684,Alex Chen,Synthetic,0.821,,
2020-10-04,META Announces Major Updates to Threads,"Meta Platforms unveiled significant AI features for Threads, aiming to enhance user experience. The new features include advanced AI capabilities. Industry analysts suggest this could strengthen META's position in the social media market.",BBC News,https://example.com/news/95743,Tom Wilson,Synthetic,0.232,,
2020-10-07,META Announces Major Updates to Threads,"Meta Platforms unveiled significant AI features for Threads, aiming to enhance user experience. The new features include advanced AI capabilities. Industry analysts suggest this could strengthen META's position in the social media market.",Reuters,https://example.com/news/95352,Emma Wilson,Synthetic,0.285,,
2020-10-08,META Strengthens Competition from TikTok,Meta Platforms is investing heavily to compete with TikTok in the social media space. The company reported strong user growth in recent quarters. Analysts note that META's AI capabilities gives it a competitive advantage.,MarketWatch,https://example.com/news/18401,Lisa Anderson,Synthetic,0.568,,
2020-10-09,META CEO Mark Zuckerberg Addresses Company Future,Meta Platforms CEO Mark Zuckerberg spoke at a conference about the company's direction. Zuckerberg emphasized META's commitment to AI innovation. The company continues to invest in emerging technologies despite economic challenges.,Business Insider,https://example.com/news/37427,John Smith,Synthetic,0.135,,
2020-10-12,META meets QQ4 2020 Earnings Expectations,"Meta Platforms reported strong QQ4 2020 results, with revenue decreases by 7% year-over-year. The company's advertising business showed growth performance amid market volatility. CEO Mark Zuckerberg commented on the company's focus on AI development.",TechCrunch,https://example.com/news/33106,Chris Lee,Synthetic,0.352,,
2020-10-13,META CEO Mark Zuckerberg Addresses Company Future,Meta Platforms CEO Mark Zuckerberg spoke at a conference about the company's direction. Zuckerberg emphasized META's commitment to AI innovation. The company continues to invest in emerging technologies despite economic challenges.,CNN Business,https://example.com/news/22941,Robert Taylor,Synthetic,0.084,,
2020-10-15,META Faces Increased Scrutiny Over Antitrust Concerns,Meta Platforms is facing regulatory pressure regarding antitrust concerns. European regulators have raised concerns about the company's data practices. META has committed to cooperating with authorities to address these concerns.,Wall Street Journal,https://example.com/news/76325,Lisa Anderson,Synthetic,-0.739,,
2020-10-16,META Announces Major Updates to WhatsApp,"Meta Platforms unveiled significant content moderation for WhatsApp, aiming to enhance user experience. The new features include advanced AI capabilities. Industry analysts suggest this could strengthen META's position in the social media market.",Financial Times,https://example.com/news/72420,Jennifer Lee,Synthetic,0.611,,
2020-10-16,META beats QQ4 2020 Earnings Expectations,"Meta Platforms reported strong QQ4 2020 results, with revenue increases by 12% year-over-year. The company's advertising business showed growth performance amid market volatility. CEO Mark Zuckerberg commented on the company's focus on AI development.",The Verge,https://example.com/news/35077,,Synthetic,0.228,,
2020-10-17,META meets QQ4 2020 Earnings Expectations,"Meta Platforms reported strong QQ4 2020 results, with revenue decreases by 11% year-over-year. The company's advertising business showed growth performance amid market volatility. CEO Mark Zuckerberg commented on the company's focus on AI development.",Financial Times,https://example.com/news/40213,Mike Davis,Synthetic,0.522,,
2020-10-17,META Faces Increased Scrutiny Over Privacy Regulations,Meta Platforms is facing regulatory pressure regarding privacy regulations. European regulators have raised concerns about the company's data practices. META has committed to cooperating with authorities to address these concerns.,Reuters,https://example.com/news/32096,Maria Garcia,Synthetic,-0.866,,
2020-10-19,META Announces Major Updates to Instagram,"Meta Platforms unveiled significant content moderation for Instagram, aiming to enhance user experience. The new features include advanced AI capabilities. Industry analysts suggest this could strengthen META's position in the social media market.",Bloomberg,https://example.com/news/89202,Jessica Brown,Synthetic,0.336,,
2020-10-20,META Announces Major Updates to WhatsApp,"Meta Platforms unveiled significant advertising tools for WhatsApp, aiming to enhance user experience. The new features include advanced AI capabilities. Industry analysts suggest this could strengthen META's position in the social media market.",MarketWatch,https://example.com/news/63457,Jennifer Lee,Synthetic,0.627,,
2020-10-22,META beats QQ4 2020 Earnings Expectations,"Meta Platforms reported strong QQ4 2020 results, with revenue decreases by 10% year-over-year. The company's advertising business showed growth performance amid market volatility. CEO Mark Zuckerberg commented on the company's focus on AI development.",The Verge,https://example.com/news/54639,Alex Chen,Synthetic,0.12,,
2020-10-27,META Strengthens Competition from Twitter/X,Meta Platforms is investing heavily to compete with Twitter/X in the social media space. The company reported strong user growth in recent quarters. Analysts note that META's AI capabilities gives it a competitive advantage.,Financial Times,https://example.com/news/48358,Alex Chen,Synthetic,0.719,,
2020-10-27,META misses QQ4 2020 Earnings Expectations,"Meta Platforms reported strong QQ4 2020 results, with revenue decreases by 13% year-over-year. The company's advertising business showed growth performance amid market volatility. CEO Mark Zuckerberg commented on the company's focus on AI development.",CNBC,https://example.com/news/76428,John Smith,Synthetic,0.698,,
2020-10-27,META Announces Major Updates to Oculus Quest,"Meta Platforms unveiled significant advertising tools for Oculus Quest, aiming to enhance user experience. The new features include advanced AI capabilities. Industry analysts suggest this could strengthen META's position in the social media market.",Business Insider,https://example.com/news/56680,Alex Chen,Synthetic,0.739,,
2020-10-30,META Strengthens Competition from LinkedIn,Meta Platforms is investing heavily to compete with LinkedIn in the social media space. The company reported strong user growth in recent quarters. Analysts note that META's AI capabilities gives it a competitive advantage.,MarketWatch,https://example.com/news/92946,Robert Taylor,Synthetic,0.748,,
2020-10-31,META Faces Increased Scrutiny Over Content Moderation Policies,Meta Platforms is facing regulatory pressure regarding content moderation policies. European regulators have raised concerns about the company's data practices. META has committed to cooperating with authorities to address these concerns.,Reuters,https://example.com/news/28348,Mike Davis,Synthetic,-0.876,,
2020-11-02,META Strengthens Competition from Pinterest,Meta Platforms is investing heavily to compete with Pinterest in the social media space. The company reported strong user growth in recent quarters. Analysts note that META's AI capabilities gives it a competitive advantage.,CNN Business,https://example.com/news/60717,Jennifer Lee,Synthetic,0.58,,
2020-11-03,META Strengthens Competition from Snapchat,Meta Platforms is investing heavily to compete with Snapchat in the social media space. The company reported strong user growth in recent quarters. Analysts note that META's AI capabilities gives it a competitive advantage.,BBC News,https://example.com/news/55144,Sarah Johnson,Synthetic,0.831,,
2020-11-04,META Faces Increased Scrutiny Over Content Moderation Policies,Meta Platforms is facing regulatory pressure regarding content moderation policies. European regulators have raised concerns about the company's data practices. META has committed to cooperating with authorities to address these concerns.,The Verge,https://example.com/news/66810,Lisa Anderson,Synthetic,-0.237,,
2020-11-04,META CEO Mark Zuckerberg Addresses Company Future,Meta Platforms CEO Mark Zuckerberg spoke at a conference about the company's direction. Zuckerberg emphasized META's commitment to AI innovation. The company continues to invest in emerging technologies despite economic challenges.,Financial Times,https://example.com/news/38667,Lisa Anderson,Synthetic,0.151,,
2020-11-05,META beats QQ4 2020 Earnings Expectations,"Meta Platforms reported strong QQ4 2020 results, with revenue decreases by 6% year-over-year. The company's advertising business showed growth performance amid market volatility. CEO Mark Zuckerberg commented on the company's focus on AI development.",Reuters,https://example.com/news/47033,Alex Chen,Synthetic,0.628,,
2020-11-07,META CEO Mark Zuckerberg Addresses Company Future,Meta Platforms CEO Mark Zuckerberg spoke at a conference about the company's direction. Zuckerberg emphasized META's commitment to AI innovation. The company continues to invest in emerging technologies despite economic challenges.,Financial Times,https://example.com/news/45622,Mark Johnson,Synthetic,0.244,,
2020-11-08,META Faces Increased Scrutiny Over Privacy Regulations,Meta Platforms is facing regulatory pressure regarding privacy regulations. European regulators have raised concerns about the company's data practices. META has committed to cooperating with authorities to address these concerns.,Wall Street Journal,https://example.com/news/25783,Jennifer Lee,Synthetic,-0.25,,
2020-11-10,META meets QQ4 2020 Earnings Expectations,"Meta Platforms reported strong QQ4 2020 results, with revenue increases by 7% year-over-year. The company's advertising business showed growth performance amid market volatility. CEO Mark Zuckerberg commented on the company's focus on AI development.",MarketWatch,https://example.com/news/86832,Tom Wilson,Synthetic,0.363,,
2020-11-10,META Announces Major Updates to Facebook,"Meta Platforms unveiled significant content moderation for Facebook, aiming to enhance user experience. The new features include advanced AI capabilities. Industry analysts suggest this could strengthen META's position in the social media market.",CNBC,https://example.com/news/42188,Chris Lee,Synthetic,0.795,,
2020-11-12,META misses QQ4 2020 Earnings Expectations,"Meta Platforms reported strong QQ4 2020 results, with revenue decreases by 0% year-over-year. The company's advertising business showed growth performance amid market volatility. CEO Mark Zuckerberg commented on the company's focus on AI development.",Business Insider,https://example.com/news/94570,,Synthetic,0.868,,
2020-11-13,META misses QQ4 2020 Earnings Expectations,"Meta Platforms reported strong QQ4 2020 results, with revenue decreases by 2% year-over-year. The company's advertising business showed growth performance amid market volatility. CEO Mark Zuckerberg commented on the company's focus on AI development.",The Verge,https://example.com/news/62782,Jennifer Lee,Synthetic,0.304,,
2020-11-13,META Strengthens Competition from LinkedIn,Meta Platforms is investing heavily to compete with LinkedIn in the social media space. The company reported strong user growth in recent quarters. Analysts note that META's AI capabilities gives it a competitive advantage.,The Verge,https://example.com/news/55654,Jennifer Lee,Synthetic,0.856,,
2020-11-15,META Faces Increased Scrutiny Over Data Protection Rules,Meta Platforms is facing regulatory pressure regarding data protection rules. European regulators have raised concerns about the company's data practices. META has committed to cooperating with authorities to address these concerns.,MarketWatch,https://example.com/news/32329,Maria Garcia,Synthetic,-0.327,,
2020-11-16,META beats QQ4 2020 Earnings Expectations,"Meta Platforms reported strong QQ4 2020 results, with revenue increases by 17% year-over-year. The company's advertising business showed growth performance amid market volatility. CEO Mark Zuckerberg commented on the company's focus on AI development.",The Verge,https://example.com/news/10631,Alex Chen,Synthetic,0.346,,
2020-11-17,META Announces Major Updates to Instagram,"Meta Platforms unveiled significant advertising tools for Instagram, aiming to enhance user experience. The new features include advanced AI capabilities. Industry analysts suggest this could strengthen META's position in the social media market.",Bloomberg,https://example.com/news/94999,Chris Lee,Synthetic,0.436,,
2020-11-18,META beats QQ4 2020 Earnings Expectations,"Meta Platforms reported strong QQ4 2020 results, with revenue decreases by 1% year-over-year. The company's advertising business showed growth performance amid market volatility. CEO Mark Zuckerberg commented on the company's focus on AI development.",CNBC,https://example.com/news/63756,,Synthetic,0.344,,
2020-11-19,META Faces Increased Scrutiny Over Antitrust Concerns,Meta Platforms is facing regulatory pressure regarding antitrust concerns. European regulators have raised concerns about the company's data practices. META has committed to cooperating with authorities to address these concerns.,MarketWatch,https://example.com/news/12578,Mark Johnson,Synthetic,-0.382,,
2020-11-20,META Strengthens Competition from TikTok,Meta Platforms is investing heavily to compete with TikTok in the social media space. The company reported strong user growth in recent quarters. Analysts note that META's AI capabilities gives it a competitive advantage.,Business Insider,https://example.com/news/28499,Emma Wilson,Synthetic,0.567,,
2020-11-22,META Faces Increased Scrutiny Over Privacy Regulations,Meta Platforms is facing regulatory pressure regarding privacy regulations. European regulators have raised concerns about the company's data practices. META has committed to cooperating with authorities to address these concerns.,MarketWatch,https://example.com/news/24529,Chris Lee,Synthetic,-0.777,,
2020-11-22,META Faces Increased Scrutiny Over Antitrust Concerns,Meta Platforms is facing regulatory pressure regarding antitrust concerns. European regulators have raised concerns about the company's data practices. META has committed to cooperating with authorities to address these concerns.,Reuters,https://example.com/news/29188,Alex Chen,Synthetic,-0.359,,
2020-11-25,META CEO Mark Zuckerberg Addresses Company Future,Meta Platforms CEO Mark Zuckerberg spoke at a conference about the company's direction. Zuckerberg emphasized META's commitment to AI innovation. The company continues to invest in emerging technologies despite economic challenges.,CNBC,https://example.com/news/22431,Maria Garcia,Synthetic,-0.002,,
2020-11-25,META Announces Major Updates to Facebook,"Meta Platforms unveiled significant AI features for Facebook, aiming to enhance user experience. The new features include advanced AI capabilities. Industry analysts suggest this could strengthen META's position in the social media market.",Business Insider,https://example.com/news/69213,Anna Martinez,Synthetic,0.252,,
2020-11-26,META Strengthens Competition from TikTok,Meta Platforms is investing heavily to compete with TikTok in the social media space. The company reported strong user growth in recent quarters. Analysts note that META's AI capabilities gives it a competitive advantage.,Business Insider,https://example.com/news/83258,Sarah Johnson,Synthetic,0.845,,
2020-11-26,META misses QQ4 2020 Earnings Expectations,"Meta Platforms reported strong QQ4 2020 results, with revenue increases by 24% year-over-year. The company's advertising business showed growth performance amid market volatility. CEO Mark Zuckerberg commented on the company's focus on AI development.",Wall Street Journal,https://example.com/news/58745,John Smith,Synthetic,0.546,,
2020-11-27,META CEO Mark Zuckerberg Addresses Company Future,Meta Platforms CEO Mark Zuckerberg spoke at a conference about the company's direction. Zuckerberg emphasized META's commitment to AI innovation. The company continues to invest in emerging technologies despite economic challenges.,BBC News,https://example.com/news/53312,John Smith,Synthetic,0.022,,
2020-11-28,META Announces Major Updates to Instagram,"Meta Platforms unveiled significant AI features for Instagram, aiming to enhance user experience. The new features include advanced AI capabilities. Industry analysts suggest this could strengthen META's position in the social media market.",CNN Business,https://example.com/news/57030,Sarah Johnson,Synthetic,0.285,,
2020-12-01,META Announces Major Updates to WhatsApp,"Meta Platforms unveiled significant privacy updates for WhatsApp, aiming to enhance user experience. The new features include advanced AI capabilities. Industry analysts suggest this could strengthen META's position in the social media market.",Wall Street Journal,https://example.com/news/26840,Maria Garcia,Synthetic,0.877,,
2020-12-01,META CEO Mark Zuckerberg Addresses Company Future,Meta Platforms CEO Mark Zuckerberg spoke at a conference about the company's direction. Zuckerberg emphasized META's commitment to AI innovation. The company continues to invest in emerging technologies despite economic challenges.,TechCrunch,https://example.com/news/18175,,Synthetic,0.097,,
2020-12-02,META CEO Mark Zuckerberg Addresses Company Future,Meta Platforms CEO Mark Zuckerberg spoke at a conference about the company's direction. Zuckerberg emphasized META's commitment to AI innovation. The company continues to invest in emerging technologies despite economic challenges.,Business Insider,https://example.com/news/81528,Lisa Anderson,Synthetic,0.145,,
2020-12-03,META meets QQ4 2020 Earnings Expectations,"Meta Platforms reported strong QQ4 2020 results, with revenue increases by 4% year-over-year. The company's advertising business showed growth performance amid market volatility. CEO Mark Zuckerberg commented on the company's focus on AI development.",Financial Times,https://example.com/news/44951,Anna Martinez,Synthetic,0.854,,
2020-12-04,META Announces Major Updates to WhatsApp,"Meta Platforms unveiled significant advertising tools for WhatsApp, aiming to enhance user experience. The new features include advanced AI capabilities. Industry analysts suggest this could strengthen META's position in the social media market.",The Verge,https://example.com/news/96878,Anna Martinez,Synthetic,0.705,,
2020-12-04,META CEO Mark Zuckerberg Addresses Company Future,Meta Platforms CEO Mark Zuckerberg spoke at a conference about the company's direction. Zuckerberg emphasized META's commitment to AI innovation. The company continues to invest in emerging technologies despite economic challenges.,MarketWatch,https://example.com/news/39311,,Synthetic,-0.177,,
2020-12-04,META beats QQ4 2020 Earnings Expectations,"Meta Platforms reported strong QQ4 2020 results, with revenue decreases by 6% year-over-year. The company's advertising business showed growth performance amid market volatility. CEO Mark Zuckerberg commented on the company's focus on AI development.",Business Insider,https://example.com/news/17069,John Smith,Synthetic,0.694,,
2020-12-06,META meets QQ4 2020 Earnings Expectations,"Meta Platforms reported strong QQ4 2020 results, with revenue increases by 11% year-over-year. The company's advertising business showed growth performance amid market volatility. CEO Mark Zuckerberg commented on the company's focus on AI development.",Reuters,https://example.com/news/88378,,Synthetic,0.152,,
2020-12-07,META Faces Increased Scrutiny Over Data Protection Rules,Meta Platforms is facing regulatory pressure regarding data protection rules. European regulators have raised concerns about the company's data practices. META has committed to cooperating with authorities to address these concerns.,Wall Street Journal,https://example.com/news/62801,Robert Taylor,Synthetic,-0.884,,
2020-12-08,META Strengthens Competition from TikTok,Meta Platforms is investing heavily to compete with TikTok in the social media space. The company reported strong user growth in recent quarters. Analysts note that META's AI capabilities gives it a competitive advantage.,CNN Business,https://example.com/news/31788,Jennifer Lee,Synthetic,0.285,,
2020-12-08,META Strengthens Competition from LinkedIn,Meta Platforms is investing heavily to compete with LinkedIn in the social media space. The company reported strong user growth in recent quarters. Analysts note that META's AI capabilities gives it a competitive advantage.,Bloomberg,https://example.com/news/79773,Mark Johnson,Synthetic,0.43,,
2020-12-08,META CEO Mark Zuckerberg Addresses Company Future,Meta Platforms CEO Mark Zuckerberg spoke at a conference about the company's direction. Zuckerberg emphasized META's commitment to AI innovation. The company continues to invest in emerging technologies despite economic challenges.,Business Insider,https://example.com/news/73744,Alex Chen,Synthetic,0.244,,
2020-12-09,META Faces Increased Scrutiny Over Data Protection Rules,Meta Platforms is facing regulatory pressure regarding data protection rules. European regulators have raised concerns about the company's data practices. META has committed to cooperating with authorities to address these concerns.,Reuters,https://example.com/news/63239,Emma Wilson,Synthetic,-0.784,,
2020-12-09,META Announces Major Updates to Threads,"Meta Platforms unveiled significant privacy updates for Threads, aiming to enhance user experience. The new features include advanced AI capabilities. Industry analysts suggest this could strengthen META's position in the social media market.",CNBC,https://example.com/news/99648,Mike Davis,Synthetic,0.57,,
2020-12-09,META Announces Major Updates to Oculus Quest,"Meta Platforms unveiled significant new algorithms for Oculus Quest, aiming to enhance user experience. The new features include advanced AI capabilities. Industry analysts suggest this could strengthen META's position in the social media market.",Business Insider,https://example.com/news/97911,Anna Martinez,Synthetic,0.483,,
2020-12-12,META Announces Major Updates to Facebook,"Meta Platforms unveiled significant privacy updates for Facebook, aiming to enhance user experience. The new features include advanced AI capabilities. Industry analysts suggest this could strengthen META's position in the social media market.",Bloomberg,https://example.com/news/11375,Lisa Anderson,Synthetic,0.16,,
2020-12-15,META Announces Major Updates to Instagram,"Meta Platforms unveiled significant privacy updates for Instagram, aiming to enhance user experience. The new features include advanced AI capabilities. Industry analysts suggest this could strengthen META's position in the social media market.",CNN Business,https://example.com/news/41531,Alex Chen,Synthetic,0.767,,
2020-12-18,META CEO Mark Zuckerberg Addresses Company Future,Meta Platforms CEO Mark Zuckerberg spoke at a conference about the company's direction. Zuckerberg emphasized META's commitment to AI innovation. The company continues to invest in emerging technologies despite economic challenges.,BBC News,https://example.com/news/39078,,Synthetic,0.263,,
2020-12-18,META Faces Increased Scrutiny Over Antitrust Concerns,Meta Platforms is facing regulatory pressure regarding antitrust concerns. European regulators have raised concerns about the company's data practices. META has committed to cooperating with authorities to address these concerns.,MarketWatch,https://example.com/news/96021,Robert Taylor,Synthetic,-0.853,,
2020-12-20,META CEO Mark Zuckerberg Addresses Company Future,Meta Platforms CEO Mark Zuckerberg spoke at a conference about the company's direction. Zuckerberg emphasized META's commitment to AI innovation. The company continues to invest in emerging technologies despite economic challenges.,BBC News,https://example.com/news/96828,Alex Chen,Synthetic,0.021,,
2020-12-25,META Announces Major Updates to Oculus Quest,"Meta Platforms unveiled significant content moderation for Oculus Quest, aiming to enhance user experience. The new features include advanced AI capabilities. Industry analysts suggest this could strengthen META's position in the social media market.",TechCrunch,https://example.com/news/62148,Maria Garcia,Synthetic,0.682,,
2020-12-27,META Faces Increased Scrutiny Over Data Protection Rules,Meta Platforms is facing regulatory pressure regarding data protection rules. European regulators have raised concerns about the company's data practices. META has committed to cooperating with authorities to address these concerns.,BBC News,https://example.com/news/82573,,Synthetic,-0.53,,
2020-12-27,META Announces Major Updates to WhatsApp,"Meta Platforms unveiled significant advertising tools for WhatsApp, aiming to enhance user experience. The new features include advanced AI capabilities. Industry analysts suggest this could strengthen META's position in the social media market.",Financial Times,https://example.com/news/77000,,Synthetic,0.484,,
2020-12-27,META Faces Increased Scrutiny Over Content Moderation Policies,Meta Platforms is facing regulatory pressure regarding content moderation policies. European regulators have raised concerns about the company's data practices. META has committed to cooperating with authorities to address these concerns.,CNBC,https://example.com/news/99828,Alex Chen,Synthetic,-0.403,,
2020-12-27,META beats QQ4 2020 Earnings Expectations,"Meta Platforms reported strong QQ4 2020 results, with revenue decreases by 10% year-over-year. The company's advertising business showed growth performance amid market volatility. CEO Mark Zuckerberg commented on the company's focus on AI development.",TechCrunch,https://example.com/news/46663,Anna Martinez,Synthetic,0.799,,
2020-12-28,META Strengthens Competition from Pinterest,Meta Platforms is investing heavily to compete with Pinterest in the social media space. The company reported strong user growth in recent quarters. Analysts note that META's AI capabilities gives it a competitive advantage.,CNBC,https://example.com/news/51594,,Synthetic,0.17,,
2020-12-29,META Strengthens Competition from TikTok,Meta Platforms is investing heavily to compete with TikTok in the social media space. The company reported strong user growth in recent quarters. Analysts note that META's AI capabilities gives it a competitive advantage.,Wall Street Journal,https://example.com/news/55375,Jessica Brown,Synthetic,0.242,,
2020-12-29,META Faces Increased Scrutiny Over Privacy Regulations,Meta Platforms is facing regulatory pressure regarding privacy regulations. European regulators have raised concerns about the company's data practices. META has committed to cooperating with authorities to address these concerns.,Business Insider,https://example.com/news/82563,Tom Wilson,Synthetic,-0.359,,
2020-12-30,META Faces Increased Scrutiny Over Privacy Regulations,Meta Platforms is facing regulatory pressure regarding privacy regulations. European regulators have raised concerns about the company's data practices. META has committed to cooperating with authorities to address these concerns.,Financial Times,https://example.com/news/25339,Maria Garcia,Synthetic,-0.354,,
2021-01-02,META CEO Mark Zuckerberg Addresses Company Future,Meta Platforms CEO Mark Zuckerberg spoke at a conference about the company's direction. Zuckerberg emphasized META's commitment to AI innovation. The company continues to invest in emerging technologies despite economic challenges.,The Verge,https://example.com/news/95810,Alex Chen,Synthetic,-0.162,,
2021-01-02,META Faces Increased Scrutiny Over Antitrust Concerns,Meta Platforms is facing regulatory pressure regarding antitrust concerns. European regulators have raised concerns about the company's data practices. META has committed to cooperating with authorities to address these concerns.,Financial Times,https://example.com/news/26245,Lisa Anderson,Synthetic,-0.471,,
2021-01-04,META CEO Mark Zuckerberg Addresses Company Future,Meta Platforms CEO Mark Zuckerberg spoke at a conference about the company's direction. Zuckerberg emphasized META's commitment to AI innovation. The company continues to invest in emerging technologies despite economic challenges.,CNBC,https://example.com/news/82474,Alex Chen,Synthetic,-0.064,,
2021-01-05,META CEO Mark Zuckerberg Addresses Company Future,Meta Platforms CEO Mark Zuckerberg spoke at a conference about the company's direction. Zuckerberg emphasized META's commitment to AI innovation. The company continues to invest in emerging technologies despite economic challenges.,TechCrunch,https://example.com/news/20285,Alex Chen,Synthetic,0.279,,
2021-01-06,META misses QQ1 2021 Earnings Expectations,"Meta Platforms reported strong QQ1 2021 results, with revenue decreases by 12% year-over-year. The company's advertising business showed growth performance amid market volatility. CEO Mark Zuckerberg commented on the company's focus on AI development.",Business Insider,https://example.com/news/91828,,Synthetic,0.201,,
2021-01-06,META Announces Major Updates to Instagram,"Meta Platforms unveiled significant AI features for Instagram, aiming to enhance user experience. The new features include advanced AI capabilities. Industry analysts suggest this could strengthen META's position in the social media market.",CNN Business,https://example.com/news/50591,Chris Lee,Synthetic,0.225,,
2021-01-11,META Strengthens Competition from Snapchat,Meta Platforms is investing heavily to compete with Snapchat in the social media space. The company reported strong user growth in recent quarters. Analysts note that META's AI capabilities gives it a competitive advantage.,Reuters,https://example.com/news/20262,John Smith,Synthetic,0.531,,
2021-01-13,META meets QQ1 2021 Earnings Expectations,"Meta Platforms reported strong QQ1 2021 results, with revenue increases by 4% year-over-year. The company's advertising business showed growth performance amid market volatility. CEO Mark Zuckerberg commented on the company's focus on AI development.",Business Insider,https://example.com/news/90531,David Brown,Synthetic,0.68,,
2021-01-14,META Faces Increased Scrutiny Over Antitrust Concerns,Meta Platforms is facing regulatory pressure regarding antitrust concerns. European regulators have raised concerns about the company's data practices. META has committed to cooperating with authorities to address these concerns.,CNBC,https://example.com/news/57804,Tom Wilson,Synthetic,-0.662,,
2021-01-16,META Faces Increased Scrutiny Over Data Protection Rules,Meta Platforms is facing regulatory pressure regarding data protection rules. European regulators have raised concerns about the company's data practices. META has committed to cooperating with authorities to address these concerns.,BBC News,https://example.com/news/17185,Tom Wilson,Synthetic,-0.132,,
2021-01-16,META CEO Mark Zuckerberg Addresses Company Future,Meta Platforms CEO Mark Zuckerberg spoke at a conference about the company's direction. Zuckerberg emphasized META's commitment to AI innovation. The company continues to invest in emerging technologies despite economic challenges.,Reuters,https://example.com/news/57536,Emma Wilson,Synthetic,-0.067,,
2021-01-17,META CEO Mark Zuckerberg Addresses Company Future,Meta Platforms CEO Mark Zuckerberg spoke at a conference about the company's direction. Zuckerberg emphasized META's commitment to AI innovation. The company continues to invest in emerging technologies despite economic challenges.,Financial Times,https://example.com/news/53536,Jessica Brown,Synthetic,-0.073,,
2021-01-17,META Strengthens Competition from Twitter/X,Meta Platforms is investing heavily to compete with Twitter/X in the social media space. The company reported strong user growth in recent quarters. Analysts note that META's AI capabilities gives it a competitive advantage.,BBC News,https://example.com/news/51109,Lisa Anderson,Synthetic,0.794,,
2021-01-19,META Faces Increased Scrutiny Over Content Moderation Policies,Meta Platforms is facing regulatory pressure regarding content moderation policies. European regulators have raised concerns about the company's data practices. META has committed to cooperating with authorities to address these concerns.,MarketWatch,https://example.com/news/70016,Lisa Anderson,Synthetic,-0.76,,
2021-01-21,META CEO Mark Zuckerberg Addresses Company Future,Meta Platforms CEO Mark Zuckerberg spoke at a conference about the company's direction. Zuckerberg emphasized META's commitment to AI innovation. The company continues to invest in emerging technologies despite economic challenges.,MarketWatch,https://example.com/news/41911,Anna Martinez,Synthetic,0.235,,
2021-01-23,META Faces Increased Scrutiny Over Antitrust Concerns,Meta Platforms is facing regulatory pressure regarding antitrust concerns. European regulators have raised concerns about the company's data practices. META has committed to cooperating with authorities to address these concerns.,Financial Times,https://example.com/news/54235,Sarah Johnson,Synthetic,-0.275,,
2021-01-30,META Faces Increased Scrutiny Over Data Protection Rules,Meta Platforms is facing regulatory pressure regarding data protection rules. European regulators have raised concerns about the company's data practices. META has committed to cooperating with authorities to address these concerns.,Reuters,https://example.com/news/74092,John Smith,Synthetic,-0.891,,
2021-01-30,META Faces Increased Scrutiny Over Content Moderation Policies,Meta Platforms is facing regulatory pressure regarding content moderation policies. European regulators have raised concerns about the company's data practices. META has committed to cooperating with authorities to address these concerns.,Wall Street Journal,https://example.com/news/22387,Tom Wilson,Synthetic,-0.52,,
2021-01-30,META Strengthens Competition from Snapchat,Meta Platforms is investing heavily to compete with Snapchat in the social media space. The company reported strong user growth in recent quarters. Analysts note that META's AI capabilities gives it a competitive advantage.,CNN Business,https://example.com/news/89745,Chris Lee,Synthetic,0.358,,
2021-02-02,META Announces Major Updates to Oculus Quest,"Meta Platforms unveiled significant new algorithms for Oculus Quest, aiming to enhance user experience. The new features include advanced AI capabilities. Industry analysts suggest this could strengthen META's position in the social media market.",MarketWatch,https://example.com/news/55682,Anna Martinez,Synthetic,0.115,,
2021-02-02,META beats QQ1 2021 Earnings Expectations,"Meta Platforms reported strong QQ1 2021 results, with revenue decreases by 15% year-over-year. The company's advertising business showed growth performance amid market volatility. CEO Mark Zuckerberg commented on the company's focus on AI development.",CNN Business,https://example.com/news/50563,Anna Martinez,Synthetic,0.695,,
2021-02-03,META CEO Mark Zuckerberg Addresses Company Future,Meta Platforms CEO Mark Zuckerberg spoke at a conference about the company's direction. Zuckerberg emphasized META's commitment to AI innovation. The company continues to invest in emerging technologies despite economic challenges.,Wall Street Journal,https://example.com/news/52225,Mike Davis,Synthetic,-0.051,,
2021-02-06,META Strengthens Competition from Twitter/X,Meta Platforms is investing heavily to compete with Twitter/X in the social media space. The company reported strong user growth in recent quarters. Analysts note that META's AI capabilities gives it a competitive advantage.,Bloomberg,https://example.com/news/29149,Chris Lee,Synthetic,0.655,,
2021-02-06,META Faces Increased Scrutiny Over Data Protection Rules,Meta Platforms is facing regulatory pressure regarding data protection rules. European regulators have raised concerns about the company's data practices. META has committed to cooperating with authorities to address these concerns.,BBC News,https://example.com/news/94607,John Smith,Synthetic,-0.88,,
2021-02-07,META Strengthens Competition from Pinterest,Meta Platforms is investing heavily to compete with Pinterest in the social media space. The company reported strong user growth in recent quarters. Analysts note that META's AI capabilities gives it a competitive advantage.,CNN Business,https://example.com/news/81486,Mark Johnson,Synthetic,0.214,,
2021-02-07,META Faces Increased Scrutiny Over Content Moderation Policies,Meta Platforms is facing regulatory pressure regarding content moderation policies. European regulators have raised concerns about the company's data practices. META has committed to cooperating with authorities to address these concerns.,Wall Street Journal,https://example.com/news/29410,Mike Davis,Synthetic,-0.614,,
2021-02-08,META Strengthens Competition from Twitter/X,Meta Platforms is investing heavily to compete with Twitter/X in the social media space. The company reported strong user growth in recent quarters. Analysts note that META's AI capabilities gives it a competitive advantage.,The Verge,https://example.com/news/77223,Chris Lee,Synthetic,0.876,,
2021-02-08,META Strengthens Competition from Pinterest,Meta Platforms is investing heavily to compete with Pinterest in the social media space. The company reported strong user growth in recent quarters. Analysts note that META's AI capabilities gives it a competitive advantage.,Bloomberg,https://example.com/news/26475,Maria Garcia,Synthetic,0.351,,
2021-02-09,META CEO Mark Zuckerberg Addresses Company Future,Meta Platforms CEO Mark Zuckerberg spoke at a conference about the company's direction. Zuckerberg emphasized META's commitment to AI innovation. The company continues to invest in emerging technologies despite economic challenges.,Financial Times,https://example.com/news/99514,David Brown,Synthetic,0.166,,
2021-02-09,META Announces Major Updates to Oculus Quest,"Meta Platforms unveiled significant AI features for Oculus Quest, aiming to enhance user experience. The new features include advanced AI capabilities. Industry analysts suggest this could strengthen META's position in the social media market.",Bloomberg,https://example.com/news/88990,Chris Lee,Synthetic,0.855,,
2021-02-11,META Announces Major Updates to Threads,"Meta Platforms unveiled significant AI features for Threads, aiming to enhance user experience. The new features include advanced AI capabilities. Industry analysts suggest this could strengthen META's position in the social media market.",BBC News,https://example.com/news/81199,Maria Garcia,Synthetic,0.599,,
2021-02-11,META Strengthens Competition from Pinterest,Meta Platforms is investing heavily to compete with Pinterest in the social media space. The company reported strong user growth in recent quarters. Analysts note that META's AI capabilities gives it a competitive advantage.,Wall Street Journal,https://example.com/news/69305,Maria Garcia,Synthetic,0.662,,
2021-02-11,META misses QQ1 2021 Earnings Expectations,"Meta Platforms reported strong QQ1 2021 results, with revenue decreases by 15% year-over-year. The company's advertising business showed growth performance amid market volatility. CEO Mark Zuckerberg commented on the company's focus on AI development.",Wall Street Journal,https://example.com/news/23695,Robert Taylor,Synthetic,0.84,,
2021-02-12,META misses QQ1 2021 Earnings Expectations,"Meta Platforms reported strong QQ1 2021 results, with revenue increases by 16% year-over-year. The company's advertising business showed growth performance amid market volatility. CEO Mark Zuckerberg commented on the company's focus on AI development.",Wall Street Journal,https://example.com/news/49359,Sarah Johnson,Synthetic,0.847,,
2021-02-14,META Announces Major Updates to Threads,"Meta Platforms unveiled significant content moderation for Threads, aiming to enhance user experience. The new features include advanced AI capabilities. Industry analysts suggest this could strengthen META's position in the social media market.",Wall Street Journal,https://example.com/news/29547,Maria Garcia,Synthetic,0.463,,
2021-02-14,META CEO Mark Zuckerberg Addresses Company Future,Meta Platforms CEO Mark Zuckerberg spoke at a conference about the company's direction. Zuckerberg emphasized META's commitment to AI innovation. The company continues to invest in emerging technologies despite economic challenges.,Reuters,https://example.com/news/19067,Sarah Johnson,Synthetic,0.121,,
2021-02-17,META beats QQ1 2021 Earnings Expectations,"Meta Platforms reported strong QQ1 2021 results, with revenue increases by 13% year-over-year. The company's advertising business showed growth performance amid market volatility. CEO Mark Zuckerberg commented on the company's focus on AI development.",MarketWatch,https://example.com/news/25776,,Synthetic,0.298,,
2021-02-18,META Faces Increased Scrutiny Over Data Protection Rules,Meta Platforms is facing regulatory pressure regarding data protection rules. European regulators have raised concerns about the company's data practices. META has committed to cooperating with authorities to address these concerns.,Bloomberg,https://example.com/news/94430,Robert Taylor,Synthetic,-0.605,,
2021-02-18,META Announces Major Updates to Instagram,"Meta Platforms unveiled significant content moderation for Instagram, aiming to enhance user experience. The new features include advanced AI capabilities. Industry analysts suggest this could strengthen META's position in the social media market.",Bloomberg,https://example.com/news/90930,Alex Chen,Synthetic,0.778,,
2021-02-19,META Announces Major Updates to Threads,"Meta Platforms unveiled significant privacy updates for Threads, aiming to enhance user experience. The new features include advanced AI capabilities. Industry analysts suggest this could strengthen META's position in the social media market.",Wall Street Journal,https://example.com/news/96561,Alex Chen,Synthetic,0.755,,
2021-02-20,META meets QQ1 2021 Earnings Expectations,"Meta Platforms reported strong QQ1 2021 results, with revenue increases by 2% year-over-year. The company's advertising business showed growth performance amid market volatility. CEO Mark Zuckerberg commented on the company's focus on AI development.",TechCrunch,https://example.com/news/93769,Alex Chen,Synthetic,0.79,,
2021-02-22,META Faces Increased Scrutiny Over Privacy Regulations,Meta Platforms is facing regulatory pressure regarding privacy regulations. European regulators have raised concerns about the company's data practices. META has committed to cooperating with authorities to address these concerns.,Reuters,https://example.com/news/26141,Maria Garcia,Synthetic,-0.479,,
2021-02-22,META misses QQ1 2021 Earnings Expectations,"Meta Platforms reported strong QQ1 2021 results, with revenue decreases by 0% year-over-year. The company's advertising business showed growth performance amid market volatility. CEO Mark Zuckerberg commented on the company's focus on AI development.",CNN Business,https://example.com/news/53839,,Synthetic,0.347,,
2021-02-26,META Announces Major Updates to Oculus Quest,"Meta Platforms unveiled significant advertising tools for Oculus Quest, aiming to enhance user experience. The new features include advanced AI capabilities. Industry analysts suggest this could strengthen META's position in the social media market.",MarketWatch,https://example.com/news/74660,Jennifer Lee,Synthetic,0.438,,
2021-02-27,META Announces Major Updates to Facebook,"Meta Platforms unveiled significant privacy updates for Facebook, aiming to enhance user experience. The new features include advanced AI capabilities. Industry analysts suggest this could strengthen META's position in the social media market.",CNN Business,https://example.com/news/92244,Emma Wilson,Synthetic,0.499,,
2021-03-01,META CEO Mark Zuckerberg Addresses Company Future,Meta Platforms CEO Mark Zuckerberg spoke at a conference about the company's direction. Zuckerberg emphasized META's commitment to AI innovation. The company continues to invest in emerging technologies despite economic challenges.,The Verge,https://example.com/news/62819,Alex Chen,Synthetic,-0.221,,
2021-03-02,META misses QQ1 2021 Earnings Expectations,"Meta Platforms reported strong QQ1 2021 results, with revenue increases by 5% year-over-year. The company's advertising business showed growth performance amid market volatility. CEO Mark Zuckerberg commented on the company's focus on AI development.",Business Insider,https://example.com/news/18221,,Synthetic,0.833,,
2021-03-02,META Announces Major Updates to Instagram,"Meta Platforms unveiled significant AI features for Instagram, aiming to enhance user experience. The new features include advanced AI capabilities. Industry analysts suggest this could strengthen META's position in the social media market.",Bloomberg,https://example.com/news/22163,Chris Lee,Synthetic,0.402,,
2021-03-04,META Strengthens Competition from Pinterest,Meta Platforms is investing heavily to compete with Pinterest in the social media space. The company reported strong user growth in recent quarters. Analysts note that META's AI capabilities gives it a competitive advantage.,BBC News,https://example.com/news/67084,Alex Chen,Synthetic,0.594,,
2021-03-06,META beats QQ1 2021 Earnings Expectations,"Meta Platforms reported strong QQ1 2021 results, with revenue increases by 15% year-over-year. The company's advertising business showed growth performance amid market volatility. CEO Mark Zuckerberg commented on the company's focus on AI development.",MarketWatch,https://example.com/news/22069,Mark Johnson,Synthetic,0.11,,
2021-03-07,META CEO Mark Zuckerberg Addresses Company Future,Meta Platforms CEO Mark Zuckerberg spoke at a conference about the company's direction. Zuckerberg emphasized META's commitment to AI innovation. The company continues to invest in emerging technologies despite economic challenges.,The Verge,https://example.com/news/87834,Alex Chen,Synthetic,-0.093,,
2021-03-08,META Strengthens Competition from Snapchat,Meta Platforms is investing heavily to compete with Snapchat in the social media space. The company reported strong user growth in recent quarters. Analysts note that META's AI capabilities gives it a competitive advantage.,Business Insider,https://example.com/news/10327,,Synthetic,0.469,,
2021-03-11,META Strengthens Competition from TikTok,Meta Platforms is investing heavily to compete with TikTok in the social media space. The company reported strong user growth in recent quarters. Analysts note that META's AI capabilities gives it a competitive advantage.,Reuters,https://example.com/news/83152,Alex Chen,Synthetic,0.578,,
2021-03-13,META Strengthens Competition from Twitter/X,Meta Platforms is investing heavily to compete with Twitter/X in the social media space. The company reported strong user growth in recent quarters. Analysts note that META's AI capabilities gives it a competitive advantage.,Wall Street Journal,https://example.com/news/10994,David Brown,Synthetic,0.186,,
2021-03-16,META Announces Major Updates to Oculus Quest,"Meta Platforms unveiled significant new algorithms for Oculus Quest, aiming to enhance user experience. The new features include advanced AI capabilities. Industry analysts suggest this could strengthen META's position in the social media market.",Financial Times,https://example.com/news/93160,Mike Davis,Synthetic,0.181,,
2021-03-18,META meets QQ1 2021 Earnings Expectations,"Meta Platforms reported strong QQ1 2021 results, with revenue increases by 25% year-over-year. The company's advertising business showed growth performance amid market volatility. CEO Mark Zuckerberg commented on the company's focus on AI development.",Reuters,https://example.com/news/87776,Sarah Johnson,Synthetic,0.47,,
2021-03-20,META Announces Major Updates to Facebook,"Meta Platforms unveiled significant advertising tools for Facebook, aiming to enhance user experience. The new features include advanced AI capabilities. Industry analysts suggest this could strengthen META's position in the social media market.",Business Insider,https://example.com/news/48068,David Brown,Synthetic,0.111,,
2021-03-22,META Faces Increased Scrutiny Over Antitrust Concerns,Meta Platforms is facing regulatory pressure regarding antitrust concerns. European regulators have raised concerns about the company's data practices. META has committed to cooperating with authorities to address these concerns.,Wall Street Journal,https://example.com/news/87692,Tom Wilson,Synthetic,-0.538,,
2021-03-23,META Faces Increased Scrutiny Over Privacy Regulations,Meta Platforms is facing regulatory pressure regarding privacy regulations. European regulators have raised concerns about the company's data practices. META has committed to cooperating with authorities to address these concerns.,CNN Business,https://example.com/news/79776,Chris Lee,Synthetic,-0.626,,
2021-03-25,META Faces Increased Scrutiny Over Data Protection Rules,Meta Platforms is facing regulatory pressure regarding data protection rules. European regulators have raised concerns about the company's data practices. META has committed to cooperating with authorities to address these concerns.,TechCrunch,https://example.com/news/93100,Jessica Brown,Synthetic,-0.228,,
2021-03-26,META meets QQ1 2021 Earnings Expectations,"Meta Platforms reported strong QQ1 2021 results, with revenue increases by 17% year-over-year. The company's advertising business showed growth performance amid market volatility. CEO Mark Zuckerberg commented on the company's focus on AI development.",Wall Street Journal,https://example.com/news/74271,Lisa Anderson,Synthetic,0.458,,
2021-03-26,META Faces Increased Scrutiny Over Data Protection Rules,Meta Platforms is facing regulatory pressure regarding data protection rules. European regulators have raised concerns about the company's data practices. META has committed to cooperating with authorities to address these concerns.,Financial Times,https://example.com/news/47318,Emma Wilson,Synthetic,-0.141,,
2021-03-27,META meets QQ1 2021 Earnings Expectations,"Meta Platforms reported strong QQ1 2021 results, with revenue increases by 24% year-over-year. The company's advertising business showed growth performance amid market volatility. CEO Mark Zuckerberg commented on the company's focus on AI development.",CNN Business,https://example.com/news/39337,Lisa Anderson,Synthetic,0.68,,
2021-03-30,META Announces Major Updates to Instagram,"Meta Platforms unveiled significant privacy updates for Instagram, aiming to enhance user experience. The new features include advanced AI capabilities. Industry analysts suggest this could strengthen META's position in the social media market.",Reuters,https://example.com/news/96900,David Brown,Synthetic,0.692,,
2021-03-30,META Strengthens Competition from Pinterest,Meta Platforms is investing heavily to compete with Pinterest in the social media space. The company reported strong user growth in recent quarters. Analysts note that META's AI capabilities gives it a competitive advantage.,Business Insider,https://example.com/news/33456,Anna Martinez,Synthetic,0.854,,
2021-03-30,META Faces Increased Scrutiny Over Content Moderation Policies,Meta Platforms is facing regulatory pressure regarding content moderation policies. European regulators have raised concerns about the company's data practices. META has committed to cooperating with authorities to address these concerns.,Reuters,https://example.com/news/19782,Alex Chen,Synthetic,-0.166,,
2021-04-04,META Faces Increased Scrutiny Over Privacy Regulations,Meta Platforms is facing regulatory pressure regarding privacy regulations. European regulators have raised concerns about the company's data practices. META has committed to cooperating with authorities to address these concerns.,BBC News,https://example.com/news/57258,Maria Garcia,Synthetic,-0.235,,
2021-04-04,META Strengthens Competition from TikTok,Meta Platforms is investing heavily to compete with TikTok in the social media space. The company reported strong user growth in recent quarters. Analysts note that META's AI capabilities gives it a competitive advantage.,Financial Times,https://example.com/news/22602,Emma Wilson,Synthetic,0.875,,
2021-04-04,META beats QQ2 2021 Earnings Expectations,"Meta Platforms reported strong QQ2 2021 results, with revenue increases by 10% year-over-year. The company's advertising business showed growth performance amid market volatility. CEO Mark Zuckerberg commented on the company's focus on AI development.",MarketWatch,https://example.com/news/63815,Tom Wilson,Synthetic,0.827,,
2021-04-08,META Strengthens Competition from Twitter/X,Meta Platforms is investing heavily to compete with Twitter/X in the social media space. The company reported strong user growth in recent quarters. Analysts note that META's AI capabilities gives it a competitive advantage.,The Verge,https://example.com/news/56864,Tom Wilson,Synthetic,0.383,,
2021-04-09,META misses QQ2 2021 Earnings Expectations,"Meta Platforms reported strong QQ2 2021 results, with revenue decreases by 5% year-over-year. The company's advertising business showed growth performance amid market volatility. CEO Mark Zuckerberg commented on the company's focus on AI development.",Financial Times,https://example.com/news/30065,Lisa Anderson,Synthetic,0.17,,
2021-04-10,META Faces Increased Scrutiny Over Antitrust Concerns,Meta Platforms is facing regulatory pressure regarding antitrust concerns. European regulators have raised concerns about the company's data practices. META has committed to cooperating with authorities to address these concerns.,The Verge,https://example.com/news/77100,Emma Wilson,Synthetic,-0.534,,
2021-04-10,META meets QQ2 2021 Earnings Expectations,"Meta Platforms reported strong QQ2 2021 results, with revenue increases by 19% year-over-year. The company's advertising business showed growth performance amid market volatility. CEO Mark Zuckerberg commented on the company's focus on AI development.",Financial Times,https://example.com/news/18011,Jessica Brown,Synthetic,0.828,,
2021-04-10,META Faces Increased Scrutiny Over Data Protection Rules,Meta Platforms is facing regulatory pressure regarding data protection rules. European regulators have raised concerns about the company's data practices. META has committed to cooperating with authorities to address these concerns.,Financial Times,https://example.com/news/45862,John Smith,Synthetic,-0.383,,
2021-04-10,META Faces Increased Scrutiny Over Content Moderation Policies,Meta Platforms is facing regulatory pressure regarding content moderation policies. European regulators have raised concerns about the company's data practices. META has committed to cooperating with authorities to address these concerns.,MarketWatch,https://example.com/news/82042,Robert Taylor,Synthetic,-0.844,,
2021-04-12,META CEO Mark Zuckerberg Addresses Company Future,Meta Platforms CEO Mark Zuckerberg spoke at a conference about the company's direction. Zuckerberg emphasized META's commitment to AI innovation. The company continues to invest in emerging technologies despite economic challenges.,Bloomberg,https://example.com/news/39624,Mike Davis,Synthetic,-0.078,,
2021-04-13,META CEO Mark Zuckerberg Addresses Company Future,Meta Platforms CEO Mark Zuckerberg spoke at a conference about the company's direction. Zuckerberg emphasized META's commitment to AI innovation. The company continues to invest in emerging technologies despite economic challenges.,CNBC,https://example.com/news/33930,John Smith,Synthetic,-0.107,,
2021-04-13,META Faces Increased Scrutiny Over Content Moderation Policies,Meta Platforms is facing regulatory pressure regarding content moderation policies. European regulators have raised concerns about the company's data practices. META has committed to cooperating with authorities to address these concerns.,BBC News,https://example.com/news/63159,David Brown,Synthetic,-0.423,,
2021-04-15,META Strengthens Competition from TikTok,Meta Platforms is investing heavily to compete with TikTok in the social media space. The company reported strong user growth in recent quarters. Analysts note that META's AI capabilities gives it a competitive advantage.,Financial Times,https://example.com/news/34103,Anna Martinez,Synthetic,0.87,,
2021-04-16,META Announces Major Updates to Oculus Quest,"Meta Platforms unveiled significant AI features for Oculus Quest, aiming to enhance user experience. The new features include advanced AI capabilities. Industry analysts suggest this could strengthen META's position in the social media market.",Bloomberg,https://example.com/news/30573,Anna Martinez,Synthetic,0.161,,
2021-04-17,META Announces Major Updates to Threads,"Meta Platforms unveiled significant AI features for Threads, aiming to enhance user experience. The new features include advanced AI capabilities. Industry analysts suggest this could strengthen META's position in the social media market.",Business Insider,https://example.com/news/64749,David Brown,Synthetic,0.131,,
2021-04-17,META Strengthens Competition from Pinterest,Meta Platforms is investing heavily to compete with Pinterest in the social media space. The company reported strong user growth in recent quarters. Analysts note that META's AI capabilities gives it a competitive advantage.,Financial Times,https://example.com/news/53010,Sarah Johnson,Synthetic,0.777,,
2021-04-19,META misses QQ2 2021 Earnings Expectations,"Meta Platforms reported strong QQ2 2021 results, with revenue increases by 18% year-over-year. The company's advertising business showed growth performance amid market volatility. CEO Mark Zuckerberg commented on the company's focus on AI development.",BBC News,https://example.com/news/58204,David Brown,Synthetic,0.714,,
2021-04-20,META misses QQ2 2021 Earnings Expectations,"Meta Platforms reported strong QQ2 2021 results, with revenue decreases by 11% year-over-year. The company's advertising business showed growth performance amid market volatility. CEO Mark Zuckerberg commented on the company's focus on AI development.",MarketWatch,https://example.com/news/53966,Mike Davis,Synthetic,0.635,,
2021-04-20,META Faces Increased Scrutiny Over Privacy Regulations,Meta Platforms is facing regulatory pressure regarding privacy regulations. European regulators have raised concerns about the company's data practices. META has committed to cooperating with authorities to address these concerns.,Business Insider,https://example.com/news/19227,Mark Johnson,Synthetic,-0.56,,
2021-04-21,META CEO Mark Zuckerberg Addresses Company Future,Meta Platforms CEO Mark Zuckerberg spoke at a conference about the company's direction. Zuckerberg emphasized META's commitment to AI innovation. The company continues to invest in emerging technologies despite economic challenges.,Bloomberg,https://example.com/news/38967,Mark Johnson,Synthetic,-0.229,,
2021-04-21,META Faces Increased Scrutiny Over Privacy Regulations,Meta Platforms is facing regulatory pressure regarding privacy regulations. European regulators have raised concerns about the company's data practices. META has committed to cooperating with authorities to address these concerns.,Bloomberg,https://example.com/news/43198,Mike Davis,Synthetic,-0.296,,
2021-04-22,META meets QQ2 2021 Earnings Expectations,"Meta Platforms reported strong QQ2 2021 results, with revenue decreases by 15% year-over-year. The company's advertising business showed growth performance amid market volatility. CEO Mark Zuckerberg commented on the company's focus on AI development.",Business Insider,https://example.com/news/13904,Lisa Anderson,Synthetic,0.38,,
2021-04-23,META CEO Mark Zuckerberg Addresses Company Future,Meta Platforms CEO Mark Zuckerberg spoke at a conference about the company's direction. Zuckerberg emphasized META's commitment to AI innovation. The company continues to invest in emerging technologies despite economic challenges.,The Verge,https://example.com/news/59853,Robert Taylor,Synthetic,-0.131,,
2021-04-25,META Strengthens Competition from Snapchat,Meta Platforms is investing heavily to compete with Snapchat in the social media space. The company reported strong user growth in recent quarters. Analysts note that META's AI capabilities gives it a competitive advantage.,Financial Times,https://example.com/news/78273,Anna Martinez,Synthetic,0.177,,
2021-04-26,META meets QQ2 2021 Earnings Expectations,"Meta Platforms reported strong QQ2 2021 results, with revenue decreases by 7% year-over-year. The company's advertising business showed growth performance amid market volatility. CEO Mark Zuckerberg commented on the company's focus on AI development.",Financial Times,https://example.com/news/49472,Chris Lee,Synthetic,0.174,,
2021-04-26,META Faces Increased Scrutiny Over Data Protection Rules,Meta Platforms is facing regulatory pressure regarding data protection rules. European regulators have raised concerns about the company's data practices. META has committed to cooperating with authorities to address these concerns.,Reuters,https://example.com/news/23325,Emma Wilson,Synthetic,-0.237,,
2021-04-27,META meets QQ2 2021 Earnings Expectations,"Meta Platforms reported strong QQ2 2021 results, with revenue increases by 5% year-over-year. The company's advertising business showed growth performance amid market volatility. CEO Mark Zuckerberg commented on the company's focus on AI development.",Wall Street Journal,https://example.com/news/84293,John Smith,Synthetic,0.335,,
2021-04-27,META CEO Mark Zuckerberg Addresses Company Future,Meta Platforms CEO Mark Zuckerberg spoke at a conference about the company's direction. Zuckerberg emphasized META's commitment to AI innovation. The company continues to invest in emerging technologies despite economic challenges.,Wall Street Journal,https://example.com/news/13654,Chris Lee,Synthetic,-0.038,,
2021-04-28,META beats QQ2 2021 Earnings Expectations,"Meta Platforms reported strong QQ2 2021 results, with revenue increases by 9% year-over-year. The company's advertising business showed growth performance amid market volatility. CEO Mark Zuckerberg commented on the company's focus on AI development.",MarketWatch,https://example.com/news/13195,David Brown,Synthetic,0.42,,
2021-04-28,META meets QQ2 2021 Earnings Expectations,"Meta Platforms reported strong QQ2 2021 results, with revenue increases by 9% year-over-year. The company's advertising business showed growth performance amid market volatility. CEO Mark Zuckerberg commented on the company's focus on AI development.",Reuters,https://example.com/news/80586,Jennifer Lee,Synthetic,0.234,,
2021-04-28,META CEO Mark Zuckerberg Addresses Company Future,Meta Platforms CEO Mark Zuckerberg spoke at a conference about the company's direction. Zuckerberg emphasized META's commitment to AI innovation. The company continues to invest in emerging technologies despite economic challenges.,Wall Street Journal,https://example.com/news/62844,Chris Lee,Synthetic,0.212,,
2021-04-29,META Strengthens Competition from TikTok,Meta Platforms is investing heavily to compete with TikTok in the social media space. The company reported strong user growth in recent quarters. Analysts note that META's AI capabilities gives it a competitive advantage.,Bloomberg,https://example.com/news/28329,Jessica Brown,Synthetic,0.456,,
2021-05-02,META beats QQ2 2021 Earnings Expectations,"Meta Platforms reported strong QQ2 2021 results, with revenue increases by 24% year-over-year. The company's advertising business showed growth performance amid market volatility. CEO Mark Zuckerberg commented on the company's focus on AI development.",Reuters,https://example.com/news/60330,Alex Chen,Synthetic,0.554,,
2021-05-04,META CEO Mark Zuckerberg Addresses Company Future,Meta Platforms CEO Mark Zuckerberg spoke at a conference about the company's direction. Zuckerberg emphasized META's commitment to AI innovation. The company continues to invest in emerging technologies despite economic challenges.,Reuters,https://example.com/news/15198,Sarah Johnson,Synthetic,-0.209,,
2021-05-04,META Announces Major Updates to WhatsApp,"Meta Platforms unveiled significant advertising tools for WhatsApp, aiming to enhance user experience. The new features include advanced AI capabilities. Industry analysts suggest this could strengthen META's position in the social media market.",CNN Business,https://example.com/news/58236,David Brown,Synthetic,0.597,,
2021-05-05,META meets QQ2 2021 Earnings Expectations,"Meta Platforms reported strong QQ2 2021 results, with revenue decreases by 14% year-over-year. The company's advertising business showed growth performance amid market volatility. CEO Mark Zuckerberg commented on the company's focus on AI development.",Wall Street Journal,https://example.com/news/31161,,Synthetic,0.46,,
2021-05-05,META CEO Mark Zuckerberg Addresses Company Future,Meta Platforms CEO Mark Zuckerberg spoke at a conference about the company's direction. Zuckerberg emphasized META's commitment to AI innovation. The company continues to invest in emerging technologies despite economic challenges.,The Verge,https://example.com/news/33761,Robert Taylor,Synthetic,-0.168,,
2021-05-06,META Strengthens Competition from LinkedIn,Meta Platforms is investing heavily to compete with LinkedIn in the social media space. The company reported strong user growth in recent quarters. Analysts note that META's AI capabilities gives it a competitive advantage.,TechCrunch,https://example.com/news/52179,John Smith,Synthetic,0.708,,
2021-05-10,META Strengthens Competition from Twitter/X,Meta Platforms is investing heavily to compete with Twitter/X in the social media space. The company reported strong user growth in recent quarters. Analysts note that META's AI capabilities gives it a competitive advantage.,Bloomberg,https://example.com/news/56608,Sarah Johnson,Synthetic,0.762,,
2021-05-11,META CEO Mark Zuckerberg Addresses Company Future,Meta Platforms CEO Mark Zuckerberg spoke at a conference about the company's direction. Zuckerberg emphasized META's commitment to AI innovation. The company continues to invest in emerging technologies despite economic challenges.,TechCrunch,https://example.com/news/94987,John Smith,Synthetic,0.082,,
2021-05-11,META Faces Increased Scrutiny Over Privacy Regulations,Meta Platforms is facing regulatory pressure regarding privacy regulations. European regulators have raised concerns about the company's data practices. META has committed to cooperating with authorities to address these concerns.,BBC News,https://example.com/news/40794,Jessica Brown,Synthetic,-0.494,,
2021-05-13,META Faces Increased Scrutiny Over Privacy Regulations,Meta Platforms is facing regulatory pressure regarding privacy regulations. European regulators have raised concerns about the company's data practices. META has committed to cooperating with authorities to address these concerns.,Reuters,https://example.com/news/68783,Tom Wilson,Synthetic,-0.745,,
2021-05-16,META Faces Increased Scrutiny Over Data Protection Rules,Meta Platforms is facing regulatory pressure regarding data protection rules. European regulators have raised concerns about the company's data practices. META has committed to cooperating with authorities to address these concerns.,TechCrunch,https://example.com/news/10567,Emma Wilson,Synthetic,-0.859,,
2021-05-16,META Faces Increased Scrutiny Over Antitrust Concerns,Meta Platforms is facing regulatory pressure regarding antitrust concerns. European regulators have raised concerns about the company's data practices. META has committed to cooperating with authorities to address these concerns.,CNN Business,https://example.com/news/67955,Sarah Johnson,Synthetic,-0.182,,
2021-05-18,META Announces Major Updates to WhatsApp,"Meta Platforms unveiled significant advertising tools for WhatsApp, aiming to enhance user experience. The new features include advanced AI capabilities. Industry analysts suggest this could strengthen META's position in the social media market.",Financial Times,https://example.com/news/78575,Chris Lee,Synthetic,0.487,,
2021-05-19,META meets QQ2 2021 Earnings Expectations,"Meta Platforms reported strong QQ2 2021 results, with revenue decreases by 2% year-over-year. The company's advertising business showed growth performance amid market volatility. CEO Mark Zuckerberg commented on the company's focus on AI development.",BBC News,https://example.com/news/87768,,Synthetic,0.433,,
2021-05-20,META Strengthens Competition from Pinterest,Meta Platforms is investing heavily to compete with Pinterest in the social media space. The company reported strong user growth in recent quarters. Analysts note that META's AI capabilities gives it a competitive advantage.,CNN Business,https://example.com/news/23502,Maria Garcia,Synthetic,0.346,,
2021-05-22,META CEO Mark Zuckerberg Addresses Company Future,Meta Platforms CEO Mark Zuckerberg spoke at a conference about the company's direction. Zuckerberg emphasized META's commitment to AI innovation. The company continues to invest in emerging technologies despite economic challenges.,Reuters,https://example.com/news/34276,John Smith,Synthetic,-0.294,,
2021-05-23,META Strengthens Competition from Pinterest,Meta Platforms is investing heavily to compete with Pinterest in the social media space. The company reported strong user growth in recent quarters. Analysts note that META's AI capabilities gives it a competitive advantage.,CNN Business,https://example.com/news/93656,Sarah Johnson,Synthetic,0.735,,
2021-05-23,META Strengthens Competition from TikTok,Meta Platforms is investing heavily to compete with TikTok in the social media space. The company reported strong user growth in recent quarters. Analysts note that META's AI capabilities gives it a competitive advantage.,Reuters,https://example.com/news/21712,Lisa Anderson,Synthetic,0.106,,
2021-05-24,META Announces Major Updates to WhatsApp,"Meta Platforms unveiled significant content moderation for WhatsApp, aiming to enhance user experience. The new features include advanced AI capabilities. Industry analysts suggest this could strengthen META's position in the social media market.",The Verge,https://example.com/news/67175,,Synthetic,0.102,,
2021-05-24,META CEO Mark Zuckerberg Addresses Company Future,Meta Platforms CEO Mark Zuckerberg spoke at a conference about the company's direction. Zuckerberg emphasized META's commitment to AI innovation. The company continues to invest in emerging technologies despite economic challenges.,BBC News,https://example.com/news/88111,Mark Johnson,Synthetic,0.131,,
2021-05-25,META CEO Mark Zuckerberg Addresses Company Future,Meta Platforms CEO Mark Zuckerberg spoke at a conference about the company's direction. Zuckerberg emphasized META's commitment to AI innovation. The company continues to invest in emerging technologies despite economic challenges.,Wall Street Journal,https://example.com/news/30737,Sarah Johnson,Synthetic,-0.189,,
2021-05-25,META Announces Major Updates to Facebook,"Meta Platforms unveiled significant AI features for Facebook, aiming to enhance user experience. The new features include advanced AI capabilities. Industry analysts suggest this could strengthen META's position in the social media market.",Business Insider,https://example.com/news/83454,Emma Wilson,Synthetic,0.439,,
2021-05-26,META Faces Increased Scrutiny Over Content Moderation Policies,Meta Platforms is facing regulatory pressure regarding content moderation policies. European regulators have raised concerns about the company's data practices. META has committed to cooperating with authorities to address these concerns.,CNN Business,https://example.com/news/84962,,Synthetic,-0.806,,
2021-05-27,META Faces Increased Scrutiny Over Privacy Regulations,Meta Platforms is facing regulatory pressure regarding privacy regulations. European regulators have raised concerns about the company's data practices. META has committed to cooperating with authorities to address these concerns.,Bloomberg,https://example.com/news/64338,Anna Martinez,Synthetic,-0.192,,
2021-05-27,META CEO Mark Zuckerberg Addresses Company Future,Meta Platforms CEO Mark Zuckerberg spoke at a conference about the company's direction. Zuckerberg emphasized META's commitment to AI innovation. The company continues to invest in emerging technologies despite economic challenges.,BBC News,https://example.com/news/39287,Lisa Anderson,Synthetic,0.044,,
2021-05-28,META misses QQ2 2021 Earnings Expectations,"Meta Platforms reported strong QQ2 2021 results, with revenue decreases by 11% year-over-year. The company's advertising business showed growth performance amid market volatility. CEO Mark Zuckerberg commented on the company's focus on AI development.",CNBC,https://example.com/news/16352,Maria Garcia,Synthetic,0.886,,
2021-05-29,META CEO Mark Zuckerberg Addresses Company Future,Meta Platforms CEO Mark Zuckerberg spoke at a conference about the company's direction. Zuckerberg emphasized META's commitment to AI innovation. The company continues to invest in emerging technologies despite economic challenges.,Business Insider,https://example.com/news/65447,Robert Taylor,Synthetic,0.193,,
2021-05-30,META Announces Major Updates to WhatsApp,"Meta Platforms unveiled significant content moderation for WhatsApp, aiming to enhance user experience. The new features include advanced AI capabilities. Industry analysts suggest this could strengthen META's position in the social media market.",Reuters,https://example.com/news/89071,Jessica Brown,Synthetic,0.54,,
2021-05-30,META Faces Increased Scrutiny Over Content Moderation Policies,Meta Platforms is facing regulatory pressure regarding content moderation policies. European regulators have raised concerns about the company's data practices. META has committed to cooperating with authorities to address these concerns.,The Verge,https://example.com/news/30995,,Synthetic,-0.121,,
2021-05-31,META Announces Major Updates to Instagram,"Meta Platforms unveiled significant privacy updates for Instagram, aiming to enhance user experience. The new features include advanced AI capabilities. Industry analysts suggest this could strengthen META's position in the social media market.",Reuters,https://example.com/news/23645,,Synthetic,0.196,,
2021-05-31,META Strengthens Competition from Twitter/X,Meta Platforms is investing heavily to compete with Twitter/X in the social media space. The company reported strong user growth in recent quarters. Analysts note that META's AI capabilities gives it a competitive advantage.,Business Insider,https://example.com/news/22912,Anna Martinez,Synthetic,0.711,,
2021-06-01,META Strengthens Competition from Twitter/X,Meta Platforms is investing heavily to compete with Twitter/X in the social media space. The company reported strong user growth in recent quarters. Analysts note that META's AI capabilities gives it a competitive advantage.,Wall Street Journal,https://example.com/news/95589,Jennifer Lee,Synthetic,0.806,,
2021-06-02,META misses QQ2 2021 Earnings Expectations,"Meta Platforms reported strong QQ2 2021 results, with revenue decreases by 15% year-over-year. The company's advertising business showed growth performance amid market volatility. CEO Mark Zuckerberg commented on the company's focus on AI development.",Business Insider,https://example.com/news/11638,Lisa Anderson,Synthetic,0.475,,
2021-06-04,META Strengthens Competition from TikTok,Meta Platforms is investing heavily to compete with TikTok in the social media space. The company reported strong user growth in recent quarters. Analysts note that META's AI capabilities gives it a competitive advantage.,CNBC,https://example.com/news/14722,David Brown,Synthetic,0.514,,
2021-06-04,META beats QQ2 2021 Earnings Expectations,"Meta Platforms reported strong QQ2 2021 results, with revenue increases by 19% year-over-year. The company's advertising business showed growth performance amid market volatility. CEO Mark Zuckerberg commented on the company's focus on AI development.",The Verge,https://example.com/news/10066,Mark Johnson,Synthetic,0.645,,
2021-06-05,META Strengthens Competition from LinkedIn,Meta Platforms is investing heavily to compete with LinkedIn in the social media space. The company reported strong user growth in recent quarters. Analysts note that META's AI capabilities gives it a competitive advantage.,Financial Times,https://example.com/news/17412,Maria Garcia,Synthetic,0.68,,
2021-06-07,META Faces Increased Scrutiny Over Content Moderation Policies,Meta Platforms is facing regulatory pressure regarding content moderation policies. European regulators have raised concerns about the company's data practices. META has committed to cooperating with authorities to address these concerns.,CNBC,https://example.com/news/52125,,Synthetic,-0.393,,
2021-06-08,META meets QQ2 2021 Earnings Expectations,"Meta Platforms reported strong QQ2 2021 results, with revenue increases by 25% year-over-year. The company's advertising business showed growth performance amid market volatility. CEO Mark Zuckerberg commented on the company's focus on AI development.",BBC News,https://example.com/news/78539,Tom Wilson,Synthetic,0.779,,
2021-06-08,META Announces Major Updates to Facebook,"Meta Platforms unveiled significant content moderation for Facebook, aiming to enhance user experience. The new features include advanced AI capabilities. Industry analysts suggest this could strengthen META's position in the social media market.",TechCrunch,https://example.com/news/76323,Mark Johnson,Synthetic,0.668,,
2021-06-10,META Faces Increased Scrutiny Over Privacy Regulations,Meta Platforms is facing regulatory pressure regarding privacy regulations. European regulators have raised concerns about the company's data practices. META has committed to cooperating with authorities to address these concerns.,Reuters,https://example.com/news/59293,Robert Taylor,Synthetic,-0.144,,
2021-06-13,META CEO Mark Zuckerberg Addresses Company Future,Meta Platforms CEO Mark Zuckerberg spoke at a conference about the company's direction. Zuckerberg emphasized META's commitment to AI innovation. The company continues to invest in emerging technologies despite economic challenges.,CNN Business,https://example.com/news/10984,David Brown,Synthetic,-0.089,,
2021-06-13,META Announces Major Updates to Facebook,"Meta Platforms unveiled significant AI features for Facebook, aiming to enhance user experience. The new features include advanced AI capabilities. Industry analysts suggest this could strengthen META's position in the social media market.",MarketWatch,https://example.com/news/45465,Anna Martinez,Synthetic,0.446,,
2021-06-14,META Faces Increased Scrutiny Over Content Moderation Policies,Meta Platforms is facing regulatory pressure regarding content moderation policies. European regulators have raised concerns about the company's data practices. META has committed to cooperating with authorities to address these concerns.,BBC News,https://example.com/news/47145,Maria Garcia,Synthetic,-0.152,,
2021-06-14,META Announces Major Updates to Oculus Quest,"Meta Platforms unveiled significant content moderation for Oculus Quest, aiming to enhance user experience. The new features include advanced AI capabilities. Industry analysts suggest this could strengthen META's position in the social media market.",Wall Street Journal,https://example.com/news/15906,Chris Lee,Synthetic,0.197,,
2021-06-15,META beats QQ2 2021 Earnings Expectations,"Meta Platforms reported strong QQ2 2021 results, with revenue decreases by 3% year-over-year. The company's advertising business showed growth performance amid market volatility. CEO Mark Zuckerberg commented on the company's focus on AI development.",CNN Business,https://example.com/news/12295,Sarah Johnson,Synthetic,0.535,,
2021-06-15,META CEO Mark Zuckerberg Addresses Company Future,Meta Platforms CEO Mark Zuckerberg spoke at a conference about the company's direction. Zuckerberg emphasized META's commitment to AI innovation. The company continues to invest in emerging technologies despite economic challenges.,Reuters,https://example.com/news/57259,Sarah Johnson,Synthetic,0.219,,
2021-06-17,META misses QQ2 2021 Earnings Expectations,"Meta Platforms reported strong QQ2 2021 results, with revenue decreases by 4% year-over-year. The company's advertising business showed growth performance amid market volatility. CEO Mark Zuckerberg commented on the company's focus on AI development.",Reuters,https://example.com/news/70386,Tom Wilson,Synthetic,0.41,,
2021-06-17,META Faces Increased Scrutiny Over Antitrust Concerns,Meta Platforms is facing regulatory pressure regarding antitrust concerns. European regulators have raised concerns about the company's data practices. META has committed to cooperating with authorities to address these concerns.,Business Insider,https://example.com/news/13430,Robert Taylor,Synthetic,-0.685,,
2021-06-18,META Faces Increased Scrutiny Over Privacy Regulations,Meta Platforms is facing regulatory pressure regarding privacy regulations. European regulators have raised concerns about the company's data practices. META has committed to cooperating with authorities to address these concerns.,The Verge,https://example.com/news/46202,Jennifer Lee,Synthetic,-0.735,,
2021-06-19,META Strengthens Competition from LinkedIn,Meta Platforms is investing heavily to compete with LinkedIn in the social media space. The company reported strong user growth in recent quarters. Analysts note that META's AI capabilities gives it a competitive advantage.,Reuters,https://example.com/news/56218,Lisa Anderson,Synthetic,0.549,,
2021-06-19,META Strengthens Competition from Snapchat,Meta Platforms is investing heavily to compete with Snapchat in the social media space. The company reported strong user growth in recent quarters. Analysts note that META's AI capabilities gives it a competitive advantage.,Business Insider,https://example.com/news/37786,Maria Garcia,Synthetic,0.633,,
2021-06-21,META Announces Major Updates to Oculus Quest,"Meta Platforms unveiled significant privacy updates for Oculus Quest, aiming to enhance user experience. The new features include advanced AI capabilities. Industry analysts suggest this could strengthen META's position in the social media market.",The Verge,https://example.com/news/11817,Robert Taylor,Synthetic,0.346,,
2021-06-22,META misses QQ2 2021 Earnings Expectations,"Meta Platforms reported strong QQ2 2021 results, with revenue decreases by 3% year-over-year. The company's advertising business showed growth performance amid market volatility. CEO Mark Zuckerberg commented on the company's focus on AI development.",Wall Street Journal,https://example.com/news/10223,Robert Taylor,Synthetic,0.364,,
2021-06-23,META CEO Mark Zuckerberg Addresses Company Future,Meta Platforms CEO Mark Zuckerberg spoke at a conference about the company's direction. Zuckerberg emphasized META's commitment to AI innovation. The company continues to invest in emerging technologies despite economic challenges.,TechCrunch,https://example.com/news/65173,Anna Martinez,Synthetic,0.093,,
2021-06-25,META Faces Increased Scrutiny Over Antitrust Concerns,Meta Platforms is facing regulatory pressure regarding antitrust concerns. European regulators have raised concerns about the company's data practices. META has committed to cooperating with authorities to address these concerns.,CNN Business,https://example.com/news/25143,Lisa Anderson,Synthetic,-0.898,,
2021-06-28,META Faces Increased Scrutiny Over Content Moderation Policies,Meta Platforms is facing regulatory pressure regarding content moderation policies. European regulators have raised concerns about the company's data practices. META has committed to cooperating with authorities to address these concerns.,Wall Street Journal,https://example.com/news/95482,David Brown,Synthetic,-0.199,,
2021-06-28,META Announces Major Updates to Facebook,"Meta Platforms unveiled significant AI features for Facebook, aiming to enhance user experience. The new features include advanced AI capabilities. Industry analysts suggest this could strengthen META's position in the social media market.",Wall Street Journal,https://example.com/news/65415,Jessica Brown,Synthetic,0.398,,
2021-06-29,META Faces Increased Scrutiny Over Content Moderation Policies,Meta Platforms is facing regulatory pressure regarding content moderation policies. European regulators have raised concerns about the company's data practices. META has committed to cooperating with authorities to address these concerns.,Wall Street Journal,https://example.com/news/69097,John Smith,Synthetic,-0.789,,
2021-06-29,META Faces Increased Scrutiny Over Data Protection Rules,Meta Platforms is facing regulatory pressure regarding data protection rules. European regulators have raised concerns about the company's data practices. META has committed to cooperating with authorities to address these concerns.,TechCrunch,https://example.com/news/87317,Alex Chen,Synthetic,-0.128,,
2021-07-03,META Strengthens Competition from LinkedIn,Meta Platforms is investing heavily to compete with LinkedIn in the social media space. The company reported strong user growth in recent quarters. Analysts note that META's AI capabilities gives it a competitive advantage.,MarketWatch,https://example.com/news/10672,Anna Martinez,Synthetic,0.143,,
2021-07-04,META Announces Major Updates to WhatsApp,"Meta Platforms unveiled significant advertising tools for WhatsApp, aiming to enhance user experience. The new features include advanced AI capabilities. Industry analysts suggest this could strengthen META's position in the social media market.",MarketWatch,https://example.com/news/19030,Anna Martinez,Synthetic,0.762,,
2021-07-05,META meets QQ3 2021 Earnings Expectations,"Meta Platforms reported strong QQ3 2021 results, with revenue increases by 12% year-over-year. The company's advertising business showed growth performance amid market volatility. CEO Mark Zuckerberg commented on the company's focus on AI development.",Bloomberg,https://example.com/news/30314,Sarah Johnson,Synthetic,0.17,,
2021-07-05,META CEO Mark Zuckerberg Addresses Company Future,Meta Platforms CEO Mark Zuckerberg spoke at a conference about the company's direction. Zuckerberg emphasized META's commitment to AI innovation. The company continues to invest in emerging technologies despite economic challenges.,Bloomberg,https://example.com/news/47513,Chris Lee,Synthetic,-0.23,,
2021-07-06,META Faces Increased Scrutiny Over Data Protection Rules,Meta Platforms is facing regulatory pressure regarding data protection rules. European regulators have raised concerns about the company's data practices. META has committed to cooperating with authorities to address these concerns.,MarketWatch,https://example.com/news/69322,Tom Wilson,Synthetic,-0.465,,
2021-07-06,META Announces Major Updates to Oculus Quest,"Meta Platforms unveiled significant advertising tools for Oculus Quest, aiming to enhance user experience. The new features include advanced AI capabilities. Industry analysts suggest this could strengthen META's position in the social media market.",BBC News,https://example.com/news/37731,Sarah Johnson,Synthetic,0.148,,
2021-07-08,META CEO Mark Zuckerberg Addresses Company Future,Meta Platforms CEO Mark Zuckerberg spoke at a conference about the company's direction. Zuckerberg emphasized META's commitment to AI innovation. The company continues to invest in emerging technologies despite economic challenges.,Reuters,https://example.com/news/30959,Sarah Johnson,Synthetic,-0.236,,
2021-07-08,META Strengthens Competition from Twitter/X,Meta Platforms is investing heavily to compete with Twitter/X in the social media space. The company reported strong user growth in recent quarters. Analysts note that META's AI capabilities gives it a competitive advantage.,TechCrunch,https://example.com/news/53285,Jessica Brown,Synthetic,0.476,,
2021-07-09,META Strengthens Competition from Twitter/X,Meta Platforms is investing heavily to compete with Twitter/X in the social media space. The company reported strong user growth in recent quarters. Analysts note that META's AI capabilities gives it a competitive advantage.,Reuters,https://example.com/news/93188,Emma Wilson,Synthetic,0.276,,
2021-07-12,META Faces Increased Scrutiny Over Data Protection Rules,Meta Platforms is facing regulatory pressure regarding data protection rules. European regulators have raised concerns about the company's data practices. META has committed to cooperating with authorities to address these concerns.,MarketWatch,https://example.com/news/49419,John Smith,Synthetic,-0.289,,
2021-07-13,META Faces Increased Scrutiny Over Privacy Regulations,Meta Platforms is facing regulatory pressure regarding privacy regulations. European regulators have raised concerns about the company's data practices. META has committed to cooperating with authorities to address these concerns.,Reuters,https://example.com/news/75297,Mark Johnson,Synthetic,-0.575,,
2021-07-16,META Faces Increased Scrutiny Over Content Moderation Policies,Meta Platforms is facing regulatory pressure regarding content moderation policies. European regulators have raised concerns about the company's data practices. META has committed to cooperating with authorities to address these concerns.,The Verge,https://example.com/news/77579,Tom Wilson,Synthetic,-0.493,,
2021-07-17,META CEO Mark Zuckerberg Addresses Company Future,Meta Platforms CEO Mark Zuckerberg spoke at a conference about the company's direction. Zuckerberg emphasized META's commitment to AI innovation. The company continues to invest in emerging technologies despite economic challenges.,Reuters,https://example.com/news/94120,Jessica Brown,Synthetic,0.053,,
2021-07-18,META CEO Mark Zuckerberg Addresses Company Future,Meta Platforms CEO Mark Zuckerberg spoke at a conference about the company's direction. Zuckerberg emphasized META's commitment to AI innovation. The company continues to invest in emerging technologies despite economic challenges.,The Verge,https://example.com/news/62402,David Brown,Synthetic,0.266,,
2021-07-19,META Announces Major Updates to Oculus Quest,"Meta Platforms unveiled significant advertising tools for Oculus Quest, aiming to enhance user experience. The new features include advanced AI capabilities. Industry analysts suggest this could strengthen META's position in the social media market.",MarketWatch,https://example.com/news/85442,Robert Taylor,Synthetic,0.585,,
2021-07-20,META Faces Increased Scrutiny Over Privacy Regulations,Meta Platforms is facing regulatory pressure regarding privacy regulations. European regulators have raised concerns about the company's data practices. META has committed to cooperating with authorities to address these concerns.,Business Insider,https://example.com/news/23181,Chris Lee,Synthetic,-0.744,,
2021-07-23,META Strengthens Competition from Snapchat,Meta Platforms is investing heavily to compete with Snapchat in the social media space. The company reported strong user growth in recent quarters. Analysts note that META's AI capabilities gives it a competitive advantage.,BBC News,https://example.com/news/19474,Jessica Brown,Synthetic,0.445,,
2021-07-24,META Faces Increased Scrutiny Over Antitrust Concerns,Meta Platforms is facing regulatory pressure regarding antitrust concerns. European regulators have raised concerns about the company's data practices. META has committed to cooperating with authorities to address these concerns.,TechCrunch,https://example.com/news/50823,Tom Wilson,Synthetic,-0.499,,
2021-07-25,META Faces Increased Scrutiny Over Data Protection Rules,Meta Platforms is facing regulatory pressure regarding data protection rules. European regulators have raised concerns about the company's data practices. META has committed to cooperating with authorities to address these concerns.,TechCrunch,https://example.com/news/60142,Robert Taylor,Synthetic,-0.438,,
2021-07-25,META Faces Increased Scrutiny Over Privacy Regulations,Meta Platforms is facing regulatory pressure regarding privacy regulations. European regulators have raised concerns about the company's data practices. META has committed to cooperating with authorities to address these concerns.,Business Insider,https://example.com/news/32176,Robert Taylor,Synthetic,-0.602,,
2021-07-26,META Announces Major Updates to Oculus Quest,"Meta Platforms unveiled significant advertising tools for Oculus Quest, aiming to enhance user experience. The new features include advanced AI capabilities. Industry analysts suggest this could strengthen META's position in the social media market.",CNN Business,https://example.com/news/13210,Alex Chen,Synthetic,0.37,,
2021-07-26,META Strengthens Competition from Twitter/X,Meta Platforms is investing heavily to compete with Twitter/X in the social media space. The company reported strong user growth in recent quarters. Analysts note that META's AI capabilities gives it a competitive advantage.,TechCrunch,https://example.com/news/23011,Jessica Brown,Synthetic,0.65,,
2021-07-26,META Strengthens Competition from LinkedIn,Meta Platforms is investing heavily to compete with LinkedIn in the social media space. The company reported strong user growth in recent quarters. Analysts note that META's AI capabilities gives it a competitive advantage.,BBC News,https://example.com/news/62523,Anna Martinez,Synthetic,0.552,,
2021-07-26,META Strengthens Competition from TikTok,Meta Platforms is investing heavily to compete with TikTok in the social media space. The company reported strong user growth in recent quarters. Analysts note that META's AI capabilities gives it a competitive advantage.,Bloomberg,https://example.com/news/60966,Sarah Johnson,Synthetic,0.244,,
2021-07-27,META misses QQ3 2021 Earnings Expectations,"Meta Platforms reported strong QQ3 2021 results, with revenue decreases by 11% year-over-year. The company's advertising business showed growth performance amid market volatility. CEO Mark Zuckerberg commented on the company's focus on AI development.",Financial Times,https://example.com/news/32774,Lisa Anderson,Synthetic,0.538,,
2021-07-30,META Faces Increased Scrutiny Over Data Protection Rules,Meta Platforms is facing regulatory pressure regarding data protection rules. European regulators have raised concerns about the company's data practices. META has committed to cooperating with authorities to address these concerns.,BBC News,https://example.com/news/94335,Mark Johnson,Synthetic,-0.835,,
2021-07-31,META beats QQ3 2021 Earnings Expectations,"Meta Platforms reported strong QQ3 2021 results, with revenue increases by 14% year-over-year. The company's advertising business showed growth performance amid market volatility. CEO Mark Zuckerberg commented on the company's focus on AI development.",Business Insider,https://example.com/news/50359,Lisa Anderson,Synthetic,0.667,,
2021-08-01,META Strengthens Competition from Pinterest,Meta Platforms is investing heavily to compete with Pinterest in the social media space. The company reported strong user growth in recent quarters. Analysts note that META's AI capabilities gives it a competitive advantage.,Reuters,https://example.com/news/13179,Jennifer Lee,Synthetic,0.845,,
2021-08-01,META Announces Major Updates to Facebook,"Meta Platforms unveiled significant content moderation for Facebook, aiming to enhance user experience. The new features include advanced AI capabilities. Industry analysts suggest this could strengthen META's position in the social media market.",CNBC,https://example.com/news/21341,Lisa Anderson,Synthetic,0.202,,
2021-08-01,META beats QQ3 2021 Earnings Expectations,"Meta Platforms reported strong QQ3 2021 results, with revenue decreases by 10% year-over-year. The company's advertising business showed growth performance amid market volatility. CEO Mark Zuckerberg commented on the company's focus on AI development.",CNBC,https://example.com/news/87239,Robert Taylor,Synthetic,0.228,,
2021-08-01,META CEO Mark Zuckerberg Addresses Company Future,Meta Platforms CEO Mark Zuckerberg spoke at a conference about the company's direction. Zuckerberg emphasized META's commitment to AI innovation. The company continues to invest in emerging technologies despite economic challenges.,Wall Street Journal,https://example.com/news/22784,Tom Wilson,Synthetic,-0.213,,
2021-08-02,META Announces Major Updates to Oculus Quest,"Meta Platforms unveiled significant content moderation for Oculus Quest, aiming to enhance user experience. The new features include advanced AI capabilities. Industry analysts suggest this could strengthen META's position in the social media market.",Reuters,https://example.com/news/27241,Jessica Brown,Synthetic,0.198,,
2021-08-05,META beats QQ3 2021 Earnings Expectations,"Meta Platforms reported strong QQ3 2021 results, with revenue increases by 23% year-over-year. The company's advertising business showed growth performance amid market volatility. CEO Mark Zuckerberg commented on the company's focus on AI development.",Bloomberg,https://example.com/news/87695,Lisa Anderson,Synthetic,0.246,,
2021-08-06,META Strengthens Competition from Twitter/X,Meta Platforms is investing heavily to compete with Twitter/X in the social media space. The company reported strong user growth in recent quarters. Analysts note that META's AI capabilities gives it a competitive advantage.,Wall Street Journal,https://example.com/news/94095,Mark Johnson,Synthetic,0.487,,
2021-08-08,META CEO Mark Zuckerberg Addresses Company Future,Meta Platforms CEO Mark Zuckerberg spoke at a conference about the company's direction. Zuckerberg emphasized META's commitment to AI innovation. The company continues to invest in emerging technologies despite economic challenges.,MarketWatch,https://example.com/news/99272,Mark Johnson,Synthetic,0.128,,
2021-08-09,META CEO Mark Zuckerberg Addresses Company Future,Meta Platforms CEO Mark Zuckerberg spoke at a conference about the company's direction. Zuckerberg emphasized META's commitment to AI innovation. The company continues to invest in emerging technologies despite economic challenges.,MarketWatch,https://example.com/news/66069,Sarah Johnson,Synthetic,0.22,,
2021-08-09,META Faces Increased Scrutiny Over Data Protection Rules,Meta Platforms is facing regulatory pressure regarding data protection rules. European regulators have raised concerns about the company's data practices. META has committed to cooperating with authorities to address these concerns.,BBC News,https://example.com/news/95007,Anna Martinez,Synthetic,-0.45,,
2021-08-11,META CEO Mark Zuckerberg Addresses Company Future,Meta Platforms CEO Mark Zuckerberg spoke at a conference about the company's direction. Zuckerberg emphasized META's commitment to AI innovation. The company continues to invest in emerging technologies despite economic challenges.,BBC News,https://example.com/news/34117,Maria Garcia,Synthetic,0.004,,
2021-08-12,META Strengthens Competition from LinkedIn,Meta Platforms is investing heavily to compete with LinkedIn in the social media space. The company reported strong user growth in recent quarters. Analysts note that META's AI capabilities gives it a competitive advantage.,TechCrunch,https://example.com/news/26436,,Synthetic,0.187,,
2021-08-13,META Strengthens Competition from Pinterest,Meta Platforms is investing heavily to compete with Pinterest in the social media space. The company reported strong user growth in recent quarters. Analysts note that META's AI capabilities gives it a competitive advantage.,MarketWatch,https://example.com/news/68552,Sarah Johnson,Synthetic,0.485,,
2021-08-13,META Faces Increased Scrutiny Over Data Protection Rules,Meta Platforms is facing regulatory pressure regarding data protection rules. European regulators have raised concerns about the company's data practices. META has committed to cooperating with authorities to address these concerns.,The Verge,https://example.com/news/17989,Alex Chen,Synthetic,-0.871,,
2021-08-14,META CEO Mark Zuckerberg Addresses Company Future,Meta Platforms CEO Mark Zuckerberg spoke at a conference about the company's direction. Zuckerberg emphasized META's commitment to AI innovation. The company continues to invest in emerging technologies despite economic challenges.,Bloomberg,https://example.com/news/67620,Chris Lee,Synthetic,-0.058,,
2021-08-14,META Announces Major Updates to Instagram,"Meta Platforms unveiled significant privacy updates for Instagram, aiming to enhance user experience. The new features include advanced AI capabilities. Industry analysts suggest this could strengthen META's position in the social media market.",CNN Business,https://example.com/news/39790,Jennifer Lee,Synthetic,0.769,,
2021-08-16,META beats QQ3 2021 Earnings Expectations,"Meta Platforms reported strong QQ3 2021 results, with revenue decreases by 9% year-over-year. The company's advertising business showed growth performance amid market volatility. CEO Mark Zuckerberg commented on the company's focus on AI development.",MarketWatch,https://example.com/news/97011,,Synthetic,0.832,,
2021-08-16,META Faces Increased Scrutiny Over Privacy Regulations,Meta Platforms is facing regulatory pressure regarding privacy regulations. European regulators have raised concerns about the company's data practices. META has committed to cooperating with authorities to address these concerns.,MarketWatch,https://example.com/news/63364,Jessica Brown,Synthetic,-0.346,,
2021-08-16,META Announces Major Updates to WhatsApp,"Meta Platforms unveiled significant AI features for WhatsApp, aiming to enhance user experience. The new features include advanced AI capabilities. Industry analysts suggest this could strengthen META's position in the social media market.",BBC News,https://example.com/news/79841,John Smith,Synthetic,0.698,,
2021-08-17,META CEO Mark Zuckerberg Addresses Company Future,Meta Platforms CEO Mark Zuckerberg spoke at a conference about the company's direction. Zuckerberg emphasized META's commitment to AI innovation. The company continues to invest in emerging technologies despite economic challenges.,Business Insider,https://example.com/news/54633,Tom Wilson,Synthetic,-0.044,,
2021-08-19,META misses QQ3 2021 Earnings Expectations,"Meta Platforms reported strong QQ3 2021 results, with revenue increases by 13% year-over-year. The company's advertising business showed growth performance amid market volatility. CEO Mark Zuckerberg commented on the company's focus on AI development.",CNBC,https://example.com/news/47096,Emma Wilson,Synthetic,0.171,,
2021-08-21,META CEO Mark Zuckerberg Addresses Company Future,Meta Platforms CEO Mark Zuckerberg spoke at a conference about the company's direction. Zuckerberg emphasized META's commitment to AI innovation. The company continues to invest in emerging technologies despite economic challenges.,Financial Times,https://example.com/news/81574,Chris Lee,Synthetic,0.246,,
2021-08-21,META beats QQ3 2021 Earnings Expectations,"Meta Platforms reported strong QQ3 2021 results, with revenue increases by 12% year-over-year. The company's advertising business showed growth performance amid market volatility. CEO Mark Zuckerberg commented on the company's focus on AI development.",CNN Business,https://example.com/news/98106,Mark Johnson,Synthetic,0.699,,
2021-08-24,META CEO Mark Zuckerberg Addresses Company Future,Meta Platforms CEO Mark Zuckerberg spoke at a conference about the company's direction. Zuckerberg emphasized META's commitment to AI innovation. The company continues to invest in emerging technologies despite economic challenges.,BBC News,https://example.com/news/78787,Sarah Johnson,Synthetic,0.192,,
2021-08-28,META beats QQ3 2021 Earnings Expectations,"Meta Platforms reported strong QQ3 2021 results, with revenue increases by 24% year-over-year. The company's advertising business showed growth performance amid market volatility. CEO Mark Zuckerberg commented on the company's focus on AI development.",TechCrunch,https://example.com/news/46662,Chris Lee,Synthetic,0.338,,
2021-08-28,META Announces Major Updates to Threads,"Meta Platforms unveiled significant AI features for Threads, aiming to enhance user experience. The new features include advanced AI capabilities. Industry analysts suggest this could strengthen META's position in the social media market.",Financial Times,https://example.com/news/31125,Lisa Anderson,Synthetic,0.294,,
2021-08-28,META Faces Increased Scrutiny Over Data Protection Rules,Meta Platforms is facing regulatory pressure regarding data protection rules. European regulators have raised concerns about the company's data practices. META has committed to cooperating with authorities to address these concerns.,Business Insider,https://example.com/news/26490,Robert Taylor,Synthetic,-0.215,,
2021-08-30,META Announces Major Updates to Instagram,"Meta Platforms unveiled significant AI features for Instagram, aiming to enhance user experience. The new features include advanced AI capabilities. Industry analysts suggest this could strengthen META's position in the social media market.",Wall Street Journal,https://example.com/news/99040,David Brown,Synthetic,0.825,,
2021-08-31,META Faces Increased Scrutiny Over Data Protection Rules,Meta Platforms is facing regulatory pressure regarding data protection rules. European regulators have raised concerns about the company's data practices. META has committed to cooperating with authorities to address these concerns.,CNBC,https://example.com/news/51156,John Smith,Synthetic,-0.679,,
2021-09-01,META beats QQ3 2021 Earnings Expectations,"Meta Platforms reported strong QQ3 2021 results, with revenue increases by 24% year-over-year. The company's advertising business showed growth performance amid market volatility. CEO Mark Zuckerberg commented on the company's focus on AI development.",CNN Business,https://example.com/news/47703,David Brown,Synthetic,0.726,,
2021-09-03,META Announces Major Updates to Oculus Quest,"Meta Platforms unveiled significant AI features for Oculus Quest, aiming to enhance user experience. The new features include advanced AI capabilities. Industry analysts suggest this could strengthen META's position in the social media market.",TechCrunch,https://example.com/news/50973,Emma Wilson,Synthetic,0.282,,
2021-09-04,META Announces Major Updates to Oculus Quest,"Meta Platforms unveiled significant advertising tools for Oculus Quest, aiming to enhance user experience. The new features include advanced AI capabilities. Industry analysts suggest this could strengthen META's position in the social media market.",Reuters,https://example.com/news/13221,Maria Garcia,Synthetic,0.668,,
2021-09-05,META CEO Mark Zuckerberg Addresses Company Future,Meta Platforms CEO Mark Zuckerberg spoke at a conference about the company's direction. Zuckerberg emphasized META's commitment to AI innovation. The company continues to invest in emerging technologies despite economic challenges.,Business Insider,https://example.com/news/26938,,Synthetic,0.163,,
2021-09-05,META Faces Increased Scrutiny Over Privacy Regulations,Meta Platforms is facing regulatory pressure regarding privacy regulations. European regulators have raised concerns about the company's data practices. META has committed to cooperating with authorities to address these concerns.,MarketWatch,https://example.com/news/80489,Anna Martinez,Synthetic,-0.49,,
2021-09-05,META beats QQ3 2021 Earnings Expectations,"Meta Platforms reported strong QQ3 2021 results, with revenue decreases by 10% year-over-year. The company's advertising business showed growth performance amid market volatility. CEO Mark Zuckerberg commented on the company's focus on AI development.",MarketWatch,https://example.com/news/84223,Chris Lee,Synthetic,0.178,,
2021-09-08,META Faces Increased Scrutiny Over Content Moderation Policies,Meta Platforms is facing regulatory pressure regarding content moderation policies. European regulators have raised concerns about the company's data practices. META has committed to cooperating with authorities to address these concerns.,Business Insider,https://example.com/news/36415,Maria Garcia,Synthetic,-0.233,,
2021-09-09,META beats QQ3 2021 Earnings Expectations,"Meta Platforms reported strong QQ3 2021 results, with revenue decreases by 9% year-over-year. The company's advertising business showed growth performance amid market volatility. CEO Mark Zuckerberg commented on the company's focus on AI development.",CNN Business,https://example.com/news/52024,John Smith,Synthetic,0.509,,
2021-09-10,META meets QQ3 2021 Earnings Expectations,"Meta Platforms reported strong QQ3 2021 results, with revenue increases by 10% year-over-year. The company's advertising business showed growth performance amid market volatility. CEO Mark Zuckerberg commented on the company's focus on AI development.",CNN Business,https://example.com/news/59299,Jessica Brown,Synthetic,0.249,,
2021-09-11,META meets QQ3 2021 Earnings Expectations,"Meta Platforms reported strong QQ3 2021 results, with revenue increases by 10% year-over-year. The company's advertising business showed growth performance amid market volatility. CEO Mark Zuckerberg commented on the company's focus on AI development.",Financial Times,https://example.com/news/39246,Sarah Johnson,Synthetic,0.612,,
2021-09-11,META Announces Major Updates to Oculus Quest,"Meta Platforms unveiled significant new algorithms for Oculus Quest, aiming to enhance user experience. The new features include advanced AI capabilities. Industry analysts suggest this could strengthen META's position in the social media market.",Financial Times,https://example.com/news/62361,Lisa Anderson,Synthetic,0.433,,
2021-09-14,META Faces Increased Scrutiny Over Data Protection Rules,Meta Platforms is facing regulatory pressure regarding data protection rules. European regulators have raised concerns about the company's data practices. META has committed to cooperating with authorities to address these concerns.,The Verge,https://example.com/news/74258,Alex Chen,Synthetic,-0.645,,
2021-09-14,META CEO Mark Zuckerberg Addresses Company Future,Meta Platforms CEO Mark Zuckerberg spoke at a conference about the company's direction. Zuckerberg emphasized META's commitment to AI innovation. The company continues to invest in emerging technologies despite economic challenges.,Wall Street Journal,https://example.com/news/29191,Jennifer Lee,Synthetic,-0.186,,
2021-09-14,META Faces Increased Scrutiny Over Antitrust Concerns,Meta Platforms is facing regulatory pressure regarding antitrust concerns. European regulators have raised concerns about the company's data practices. META has committed to cooperating with authorities to address these concerns.,TechCrunch,https://example.com/news/76397,Alex Chen,Synthetic,-0.455,,
2021-09-16,META CEO Mark Zuckerberg Addresses Company Future,Meta Platforms CEO Mark Zuckerberg spoke at a conference about the company's direction. Zuckerberg emphasized META's commitment to AI innovation. The company continues to invest in emerging technologies despite economic challenges.,Financial Times,https://example.com/news/60146,Emma Wilson,Synthetic,0.148,,
2021-09-16,META beats QQ3 2021 Earnings Expectations,"Meta Platforms reported strong QQ3 2021 results, with revenue increases by 16% year-over-year. The company's advertising business showed growth performance amid market volatility. CEO Mark Zuckerberg commented on the company's focus on AI development.",CNBC,https://example.com/news/90866,Jessica Brown,Synthetic,0.657,,
2021-09-20,META Faces Increased Scrutiny Over Antitrust Concerns,Meta Platforms is facing regulatory pressure regarding antitrust concerns. European regulators have raised concerns about the company's data practices. META has committed to cooperating with authorities to address these concerns.,TechCrunch,https://example.com/news/10369,Alex Chen,Synthetic,-0.256,,
2021-09-25,META Strengthens Competition from Pinterest,Meta Platforms is investing heavily to compete with Pinterest in the social media space. The company reported strong user growth in recent quarters. Analysts note that META's AI capabilities gives it a competitive advantage.,CNN Business,https://example.com/news/45268,Mark Johnson,Synthetic,0.738,,
2021-09-26,META misses QQ3 2021 Earnings Expectations,"Meta Platforms reported strong QQ3 2021 results, with revenue decreases by 8% year-over-year. The company's advertising business showed growth performance amid market volatility. CEO Mark Zuckerberg commented on the company's focus on AI development.",Reuters,https://example.com/news/93000,,Synthetic,0.164,,
2021-09-26,META meets QQ3 2021 Earnings Expectations,"Meta Platforms reported strong QQ3 2021 results, with revenue increases by 15% year-over-year. The company's advertising business showed growth performance amid market volatility. CEO Mark Zuckerberg commented on the company's focus on AI development.",Wall Street Journal,https://example.com/news/66707,Mark Johnson,Synthetic,0.16,,
2021-09-28,META Strengthens Competition from Pinterest,Meta Platforms is investing heavily to compete with Pinterest in the social media space. The company reported strong user growth in recent quarters. Analysts note that META's AI capabilities gives it a competitive advantage.,BBC News,https://example.com/news/92631,Chris Lee,Synthetic,0.151,,
2021-09-28,META Strengthens Competition from Twitter/X,Meta Platforms is investing heavily to compete with Twitter/X in the social media space. The company reported strong user growth in recent quarters. Analysts note that META's AI capabilities gives it a competitive advantage.,Business Insider,https://example.com/news/44546,Jennifer Lee,Synthetic,0.794,,
2021-09-29,META Announces Major Updates to Facebook,"Meta Platforms unveiled significant new algorithms for Facebook, aiming to enhance user experience. The new features include advanced AI capabilities. Industry analysts suggest this could strengthen META's position in the social media market.",CNN Business,https://example.com/news/87837,Maria Garcia,Synthetic,0.263,,
2021-09-30,META Faces Increased Scrutiny Over Privacy Regulations,Meta Platforms is facing regulatory pressure regarding privacy regulations. European regulators have raised concerns about the company's data practices. META has committed to cooperating with authorities to address these concerns.,MarketWatch,https://example.com/news/23374,Emma Wilson,Synthetic,-0.547,,
2021-10-01,META Announces Major Updates to Instagram,"Meta Platforms unveiled significant AI features for Instagram, aiming to enhance user experience. The new features include advanced AI capabilities. Industry analysts suggest this could strengthen META's position in the social media market.",The Verge,https://example.com/news/80830,David Brown,Synthetic,0.343,,
2021-10-01,META CEO Mark Zuckerberg Addresses Company Future,Meta Platforms CEO Mark Zuckerberg spoke at a conference about the company's direction. Zuckerberg emphasized META's commitment to AI innovation. The company continues to invest in emerging technologies despite economic challenges.,BBC News,https://example.com/news/91082,Anna Martinez,Synthetic,-0.235,,
2021-10-03,META Faces Increased Scrutiny Over Privacy Regulations,Meta Platforms is facing regulatory pressure regarding privacy regulations. European regulators have raised concerns about the company's data practices. META has committed to cooperating with authorities to address these concerns.,Bloomberg,https://example.com/news/44624,Emma Wilson,Synthetic,-0.383,,
2021-10-03,META Faces Increased Scrutiny Over Data Protection Rules,Meta Platforms is facing regulatory pressure regarding data protection rules. European regulators have raised concerns about the company's data practices. META has committed to cooperating with authorities to address these concerns.,CNN Business,https://example.com/news/64619,David Brown,Synthetic,-0.234,,
2021-10-03,META CEO Mark Zuckerberg Addresses Company Future,Meta Platforms CEO Mark Zuckerberg spoke at a conference about the company's direction. Zuckerberg emphasized META's commitment to AI innovation. The company continues to invest in emerging technologies despite economic challenges.,Financial Times,https://example.com/news/16568,Mike Davis,Synthetic,0.277,,
2021-10-03,META Announces Major Updates to Facebook,"Meta Platforms unveiled significant privacy updates for Facebook, aiming to enhance user experience. The new features include advanced AI capabilities. Industry analysts suggest this could strengthen META's position in the social media market.",Bloomberg,https://example.com/news/21212,Emma Wilson,Synthetic,0.773,,
2021-10-05,META CEO Mark Zuckerberg Addresses Company Future,Meta Platforms CEO Mark Zuckerberg spoke at a conference about the company's direction. Zuckerberg emphasized META's commitment to AI innovation. The company continues to invest in emerging technologies despite economic challenges.,MarketWatch,https://example.com/news/54587,Jessica Brown,Synthetic,0.191,,
2021-10-05,META Announces Major Updates to WhatsApp,"Meta Platforms unveiled significant AI features for WhatsApp, aiming to enhance user experience. The new features include advanced AI capabilities. Industry analysts suggest this could strengthen META's position in the social media market.",Financial Times,https://example.com/news/52075,Tom Wilson,Synthetic,0.258,,
2021-10-06,META beats QQ4 2021 Earnings Expectations,"Meta Platforms reported strong QQ4 2021 results, with revenue increases by 18% year-over-year. The company's advertising business showed growth performance amid market volatility. CEO Mark Zuckerberg commented on the company's focus on AI development.",The Verge,https://example.com/news/73790,Tom Wilson,Synthetic,0.657,,
2021-10-07,META Faces Increased Scrutiny Over Data Protection Rules,Meta Platforms is facing regulatory pressure regarding data protection rules. European regulators have raised concerns about the company's data practices. META has committed to cooperating with authorities to address these concerns.,CNN Business,https://example.com/news/30635,Sarah Johnson,Synthetic,-0.217,,
2021-10-08,META Announces Major Updates to Instagram,"Meta Platforms unveiled significant privacy updates for Instagram, aiming to enhance user experience. The new features include advanced AI capabilities. Industry analysts suggest this could strengthen META's position in the social media market.",The Verge,https://example.com/news/16177,Alex Chen,Synthetic,0.887,,
2021-10-09,META Strengthens Competition from Twitter/X,Meta Platforms is investing heavily to compete with Twitter/X in the social media space. The company reported strong user growth in recent quarters. Analysts note that META's AI capabilities gives it a competitive advantage.,CNN Business,https://example.com/news/86473,David Brown,Synthetic,0.431,,
2021-10-09,META CEO Mark Zuckerberg Addresses Company Future,Meta Platforms CEO Mark Zuckerberg spoke at a conference about the company's direction. Zuckerberg emphasized META's commitment to AI innovation. The company continues to invest in emerging technologies despite economic challenges.,Business Insider,https://example.com/news/34880,Sarah Johnson,Synthetic,-0.056,,
2021-10-10,META CEO Mark Zuckerberg Addresses Company Future,Meta Platforms CEO Mark Zuckerberg spoke at a conference about the company's direction. Zuckerberg emphasized META's commitment to AI innovation. The company continues to invest in emerging technologies despite economic challenges.,The Verge,https://example.com/news/25823,Sarah Johnson,Synthetic,-0.133,,
2021-10-10,META Faces Increased Scrutiny Over Antitrust Concerns,Meta Platforms is facing regulatory pressure regarding antitrust concerns. European regulators have raised concerns about the company's data practices. META has committed to cooperating with authorities to address these concerns.,Wall Street Journal,https://example.com/news/28160,Chris Lee,Synthetic,-0.202,,
2021-10-10,META meets QQ4 2021 Earnings Expectations,"Meta Platforms reported strong QQ4 2021 results, with revenue decreases by 5% year-over-year. The company's advertising business showed growth performance amid market volatility. CEO Mark Zuckerberg commented on the company's focus on AI development.",Reuters,https://example.com/news/20443,Robert Taylor,Synthetic,0.617,,
2021-10-15,META misses QQ4 2021 Earnings Expectations,"Meta Platforms reported strong QQ4 2021 results, with revenue increases by 19% year-over-year. The company's advertising business showed growth performance amid market volatility. CEO Mark Zuckerberg commented on the company's focus on AI development.",Wall Street Journal,https://example.com/news/52323,Jessica Brown,Synthetic,0.372,,
2021-10-15,META CEO Mark Zuckerberg Addresses Company Future,Meta Platforms CEO Mark Zuckerberg spoke at a conference about the company's direction. Zuckerberg emphasized META's commitment to AI innovation. The company continues to invest in emerging technologies despite economic challenges.,MarketWatch,https://example.com/news/16347,Robert Taylor,Synthetic,0.102,,
2021-10-15,META Announces Major Updates to WhatsApp,"Meta Platforms unveiled significant advertising tools for WhatsApp, aiming to enhance user experience. The new features include advanced AI capabilities. Industry analysts suggest this could strengthen META's position in the social media market.",The Verge,https://example.com/news/50697,Lisa Anderson,Synthetic,0.367,,
2021-10-16,META Faces Increased Scrutiny Over Content Moderation Policies,Meta Platforms is facing regulatory pressure regarding content moderation policies. European regulators have raised concerns about the company's data practices. META has committed to cooperating with authorities to address these concerns.,Reuters,https://example.com/news/27146,Sarah Johnson,Synthetic,-0.178,,
2021-10-19,META CEO Mark Zuckerberg Addresses Company Future,Meta Platforms CEO Mark Zuckerberg spoke at a conference about the company's direction. Zuckerberg emphasized META's commitment to AI innovation. The company continues to invest in emerging technologies despite economic challenges.,Financial Times,https://example.com/news/15143,Robert Taylor,Synthetic,0.131,,
2021-10-20,META CEO Mark Zuckerberg Addresses Company Future,Meta Platforms CEO Mark Zuckerberg spoke at a conference about the company's direction. Zuckerberg emphasized META's commitment to AI innovation. The company continues to invest in emerging technologies despite economic challenges.,CNN Business,https://example.com/news/57572,Sarah Johnson,Synthetic,-0.071,,
2021-10-21,META CEO Mark Zuckerberg Addresses Company Future,Meta Platforms CEO Mark Zuckerberg spoke at a conference about the company's direction. Zuckerberg emphasized META's commitment to AI innovation. The company continues to invest in emerging technologies despite economic challenges.,BBC News,https://example.com/news/84549,Emma Wilson,Synthetic,-0.081,,
2021-10-22,META CEO Mark Zuckerberg Addresses Company Future,Meta Platforms CEO Mark Zuckerberg spoke at a conference about the company's direction. Zuckerberg emphasized META's commitment to AI innovation. The company continues to invest in emerging technologies despite economic challenges.,TechCrunch,https://example.com/news/86313,Jennifer Lee,Synthetic,-0.25,,
2021-10-24,META Announces Major Updates to Facebook,"Meta Platforms unveiled significant privacy updates for Facebook, aiming to enhance user experience. The new features include advanced AI capabilities. Industry analysts suggest this could strengthen META's position in the social media market.",BBC News,https://example.com/news/96616,Robert Taylor,Synthetic,0.784,,
2021-10-25,META CEO Mark Zuckerberg Addresses Company Future,Meta Platforms CEO Mark Zuckerberg spoke at a conference about the company's direction. Zuckerberg emphasized META's commitment to AI innovation. The company continues to invest in emerging technologies despite economic challenges.,MarketWatch,https://example.com/news/53143,David Brown,Synthetic,-0.277,,
2021-10-25,META Strengthens Competition from TikTok,Meta Platforms is investing heavily to compete with TikTok in the social media space. The company reported strong user growth in recent quarters. Analysts note that META's AI capabilities gives it a competitive advantage.,Wall Street Journal,https://example.com/news/99320,,Synthetic,0.637,,
2021-10-26,META Faces Increased Scrutiny Over Privacy Regulations,Meta Platforms is facing regulatory pressure regarding privacy regulations. European regulators have raised concerns about the company's data practices. META has committed to cooperating with authorities to address these concerns.,CNN Business,https://example.com/news/53782,Lisa Anderson,Synthetic,-0.418,,
2021-10-26,META CEO Mark Zuckerberg Addresses Company Future,Meta Platforms CEO Mark Zuckerberg spoke at a conference about the company's direction. Zuckerberg emphasized META's commitment to AI innovation. The company continues to invest in emerging technologies despite economic challenges.,Financial Times,https://example.com/news/33409,Jessica Brown,Synthetic,0.019,,
2021-10-26,META beats QQ4 2021 Earnings Expectations,"Meta Platforms reported strong QQ4 2021 results, with revenue increases by 18% year-over-year. The company's advertising business showed growth performance amid market volatility. CEO Mark Zuckerberg commented on the company's focus on AI development.",CNBC,https://example.com/news/64468,Maria Garcia,Synthetic,0.341,,
2021-10-27,META misses QQ4 2021 Earnings Expectations,"Meta Platforms reported strong QQ4 2021 results, with revenue decreases by 0% year-over-year. The company's advertising business showed growth performance amid market volatility. CEO Mark Zuckerberg commented on the company's focus on AI development.",Business Insider,https://example.com/news/65758,John Smith,Synthetic,0.381,,
2021-10-29,META CEO Mark Zuckerberg Addresses Company Future,Meta Platforms CEO Mark Zuckerberg spoke at a conference about the company's direction. Zuckerberg emphasized META's commitment to AI innovation. The company continues to invest in emerging technologies despite economic challenges.,The Verge,https://example.com/news/98224,Anna Martinez,Synthetic,-0.171,,
2021-10-29,META Announces Major Updates to Oculus Quest,"Meta Platforms unveiled significant advertising tools for Oculus Quest, aiming to enhance user experience. The new features include advanced AI capabilities. Industry analysts suggest this could strengthen META's position in the social media market.",TechCrunch,https://example.com/news/97123,Jennifer Lee,Synthetic,0.623,,
2021-10-29,META Strengthens Competition from Twitter/X,Meta Platforms is investing heavily to compete with Twitter/X in the social media space. The company reported strong user growth in recent quarters. Analysts note that META's AI capabilities gives it a competitive advantage.,Financial Times,https://example.com/news/61578,Lisa Anderson,Synthetic,0.159,,
2021-10-29,META Strengthens Competition from Pinterest,Meta Platforms is investing heavily to compete with Pinterest in the social media space. The company reported strong user growth in recent quarters. Analysts note that META's AI capabilities gives it a competitive advantage.,Reuters,https://example.com/news/42773,,Synthetic,0.491,,
2021-10-29,META Faces Increased Scrutiny Over Content Moderation Policies,Meta Platforms is facing regulatory pressure regarding content moderation policies. European regulators have raised concerns about the company's data practices. META has committed to cooperating with authorities to address these concerns.,Financial Times,https://example.com/news/12389,Lisa Anderson,Synthetic,-0.572,,
2021-10-30,META CEO Mark Zuckerberg Addresses Company Future,Meta Platforms CEO Mark Zuckerberg spoke at a conference about the company's direction. Zuckerberg emphasized META's commitment to AI innovation. The company continues to invest in emerging technologies despite economic challenges.,MarketWatch,https://example.com/news/73256,Emma Wilson,Synthetic,-0.024,,
2021-11-01,META Announces Major Updates to Facebook,"Meta Platforms unveiled significant AI features for Facebook, aiming to enhance user experience. The new features include advanced AI capabilities. Industry analysts suggest this could strengthen META's position in the social media market.",Bloomberg,https://example.com/news/97314,Lisa Anderson,Synthetic,0.8,,
2021-11-03,META Faces Increased Scrutiny Over Data Protection Rules,Meta Platforms is facing regulatory pressure regarding data protection rules. European regulators have raised concerns about the company's data practices. META has committed to cooperating with authorities to address these concerns.,CNN Business,https://example.com/news/12942,Tom Wilson,Synthetic,-0.358,,
2021-11-03,META Strengthens Competition from LinkedIn,Meta Platforms is investing heavily to compete with LinkedIn in the social media space. The company reported strong user growth in recent quarters. Analysts note that META's AI capabilities gives it a competitive advantage.,CNN Business,https://example.com/news/91610,Chris Lee,Synthetic,0.393,,
2021-11-04,META CEO Mark Zuckerberg Addresses Company Future,Meta Platforms CEO Mark Zuckerberg spoke at a conference about the company's direction. Zuckerberg emphasized META's commitment to AI innovation. The company continues to invest in emerging technologies despite economic challenges.,Bloomberg,https://example.com/news/42232,,Synthetic,-0.085,,
2021-11-05,META Faces Increased Scrutiny Over Data Protection Rules,Meta Platforms is facing regulatory pressure regarding data protection rules. European regulators have raised concerns about the company's data practices. META has committed to cooperating with authorities to address these concerns.,Bloomberg,https://example.com/news/22188,Emma Wilson,Synthetic,-0.416,,
2021-11-07,META Faces Increased Scrutiny Over Data Protection Rules,Meta Platforms is facing regulatory pressure regarding data protection rules. European regulators have raised concerns about the company's data practices. META has committed to cooperating with authorities to address these concerns.,MarketWatch,https://example.com/news/68243,Mike Davis,Synthetic,-0.321,,
2021-11-08,META Faces Increased Scrutiny Over Content Moderation Policies,Meta Platforms is facing regulatory pressure regarding content moderation policies. European regulators have raised concerns about the company's data practices. META has committed to cooperating with authorities to address these concerns.,Financial Times,https://example.com/news/47975,Tom Wilson,Synthetic,-0.533,,
2021-11-11,META Strengthens Competition from Pinterest,Meta Platforms is investing heavily to compete with Pinterest in the social media space. The company reported strong user growth in recent quarters. Analysts note that META's AI capabilities gives it a competitive advantage.,Business Insider,https://example.com/news/74387,Jennifer Lee,Synthetic,0.3,,
2021-11-12,META meets QQ4 2021 Earnings Expectations,"Meta Platforms reported strong QQ4 2021 results, with revenue increases by 13% year-over-year. The company's advertising business showed growth performance amid market volatility. CEO Mark Zuckerberg commented on the company's focus on AI development.",Bloomberg,https://example.com/news/78840,Alex Chen,Synthetic,0.452,,
2021-11-13,META Strengthens Competition from TikTok,Meta Platforms is investing heavily to compete with TikTok in the social media space. The company reported strong user growth in recent quarters. Analysts note that META's AI capabilities gives it a competitive advantage.,Bloomberg,https://example.com/news/93767,Jennifer Lee,Synthetic,0.875,,
2021-11-14,META Strengthens Competition from LinkedIn,Meta Platforms is investing heavily to compete with LinkedIn in the social media space. The company reported strong user growth in recent quarters. Analysts note that META's AI capabilities gives it a competitive advantage.,BBC News,https://example.com/news/40897,,Synthetic,0.584,,
2021-11-14,META CEO Mark Zuckerberg Addresses Company Future,Meta Platforms CEO Mark Zuckerberg spoke at a conference about the company's direction. Zuckerberg emphasized META's commitment to AI innovation. The company continues to invest in emerging technologies despite economic challenges.,CNN Business,https://example.com/news/40955,Robert Taylor,Synthetic,-0.155,,
2021-11-16,META beats QQ4 2021 Earnings Expectations,"Meta Platforms reported strong QQ4 2021 results, with revenue increases by 16% year-over-year. The company's advertising business showed growth performance amid market volatility. CEO Mark Zuckerberg commented on the company's focus on AI development.",Financial Times,https://example.com/news/80062,David Brown,Synthetic,0.808,,
2021-11-17,META Faces Increased Scrutiny Over Antitrust Concerns,Meta Platforms is facing regulatory pressure regarding antitrust concerns. European regulators have raised concerns about the company's data practices. META has committed to cooperating with authorities to address these concerns.,Financial Times,https://example.com/news/48524,Chris Lee,Synthetic,-0.518,,
2021-11-18,META Strengthens Competition from Pinterest,Meta Platforms is investing heavily to compete with Pinterest in the social media space. The company reported strong user growth in recent quarters. Analysts note that META's AI capabilities gives it a competitive advantage.,BBC News,https://example.com/news/77303,John Smith,Synthetic,0.662,,
2021-11-18,META meets QQ4 2021 Earnings Expectations,"Meta Platforms reported strong QQ4 2021 results, with revenue decreases by 4% year-over-year. The company's advertising business showed growth performance amid market volatility. CEO Mark Zuckerberg commented on the company's focus on AI development.",TechCrunch,https://example.com/news/92925,Emma Wilson,Synthetic,0.488,,
2021-11-20,META Announces Major Updates to Threads,"Meta Platforms unveiled significant AI features for Threads, aiming to enhance user experience. The new features include advanced AI capabilities. Industry analysts suggest this could strengthen META's position in the social media market.",The Verge,https://example.com/news/16548,Mike Davis,Synthetic,0.889,,
2021-11-21,META CEO Mark Zuckerberg Addresses Company Future,Meta Platforms CEO Mark Zuckerberg spoke at a conference about the company's direction. Zuckerberg emphasized META's commitment to AI innovation. The company continues to invest in emerging technologies despite economic challenges.,The Verge,https://example.com/news/96887,Lisa Anderson,Synthetic,-0.179,,
2021-11-22,META Faces Increased Scrutiny Over Privacy Regulations,Meta Platforms is facing regulatory pressure regarding privacy regulations. European regulators have raised concerns about the company's data practices. META has committed to cooperating with authorities to address these concerns.,CNN Business,https://example.com/news/32193,Lisa Anderson,Synthetic,-0.408,,
2021-11-22,META CEO Mark Zuckerberg Addresses Company Future,Meta Platforms CEO Mark Zuckerberg spoke at a conference about the company's direction. Zuckerberg emphasized META's commitment to AI innovation. The company continues to invest in emerging technologies despite economic challenges.,Bloomberg,https://example.com/news/97917,David Brown,Synthetic,0.05,,
2021-11-25,META CEO Mark Zuckerberg Addresses Company Future,Meta Platforms CEO Mark Zuckerberg spoke at a conference about the company's direction. Zuckerberg emphasized META's commitment to AI innovation. The company continues to invest in emerging technologies despite economic challenges.,MarketWatch,https://example.com/news/54408,Sarah Johnson,Synthetic,0.293,,
2021-11-25,META Strengthens Competition from Snapchat,Meta Platforms is investing heavily to compete with Snapchat in the social media space. The company reported strong user growth in recent quarters. Analysts note that META's AI capabilities gives it a competitive advantage.,Wall Street Journal,https://example.com/news/93633,Lisa Anderson,Synthetic,0.782,,
2021-11-27,META beats QQ4 2021 Earnings Expectations,"Meta Platforms reported strong QQ4 2021 results, with revenue increases by 4% year-over-year. The company's advertising business showed growth performance amid market volatility. CEO Mark Zuckerberg commented on the company's focus on AI development.",The Verge,https://example.com/news/12680,John Smith,Synthetic,0.655,,
2021-11-30,META beats QQ4 2021 Earnings Expectations,"Meta Platforms reported strong QQ4 2021 results, with revenue increases by 14% year-over-year. The company's advertising business showed growth performance amid market volatility. CEO Mark Zuckerberg commented on the company's focus on AI development.",Wall Street Journal,https://example.com/news/80010,Lisa Anderson,Synthetic,0.363,,
2021-11-30,META CEO Mark Zuckerberg Addresses Company Future,Meta Platforms CEO Mark Zuckerberg spoke at a conference about the company's direction. Zuckerberg emphasized META's commitment to AI innovation. The company continues to invest in emerging technologies despite economic challenges.,Bloomberg,https://example.com/news/19798,Maria Garcia,Synthetic,-0.228,,
2021-12-02,META Strengthens Competition from TikTok,Meta Platforms is investing heavily to compete with TikTok in the social media space. The company reported strong user growth in recent quarters. Analysts note that META's AI capabilities gives it a competitive advantage.,Financial Times,https://example.com/news/23607,John Smith,Synthetic,0.601,,
2021-12-02,META CEO Mark Zuckerberg Addresses Company Future,Meta Platforms CEO Mark Zuckerberg spoke at a conference about the company's direction. Zuckerberg emphasized META's commitment to AI innovation. The company continues to invest in emerging technologies despite economic challenges.,CNN Business,https://example.com/news/24066,Chris Lee,Synthetic,-0.055,,
2021-12-04,META Faces Increased Scrutiny Over Privacy Regulations,Meta Platforms is facing regulatory pressure regarding privacy regulations. European regulators have raised concerns about the company's data practices. META has committed to cooperating with authorities to address these concerns.,CNBC,https://example.com/news/36419,Robert Taylor,Synthetic,-0.668,,
2021-12-06,META Announces Major Updates to Instagram,"Meta Platforms unveiled significant content moderation for Instagram, aiming to enhance user experience. The new features include advanced AI capabilities. Industry analysts suggest this could strengthen META's position in the social media market.",Business Insider,https://example.com/news/15530,Chris Lee,Synthetic,0.699,,
2021-12-08,META Announces Major Updates to Instagram,"Meta Platforms unveiled significant AI features for Instagram, aiming to enhance user experience. The new features include advanced AI capabilities. Industry analysts suggest this could strengthen META's position in the social media market.",CNN Business,https://example.com/news/51214,Alex Chen,Synthetic,0.243,,
2021-12-08,META Announces Major Updates to Facebook,"Meta Platforms unveiled significant advertising tools for Facebook, aiming to enhance user experience. The new features include advanced AI capabilities. Industry analysts suggest this could strengthen META's position in the social media market.",The Verge,https://example.com/news/11669,Mark Johnson,Synthetic,0.824,,
2021-12-09,META Announces Major Updates to Oculus Quest,"Meta Platforms unveiled significant AI features for Oculus Quest, aiming to enhance user experience. The new features include advanced AI capabilities. Industry analysts suggest this could strengthen META's position in the social media market.",Bloomberg,https://example.com/news/67882,Emma Wilson,Synthetic,0.183,,
2021-12-10,META misses QQ4 2021 Earnings Expectations,"Meta Platforms reported strong QQ4 2021 results, with revenue decreases by 6% year-over-year. The company's advertising business showed growth performance amid market volatility. CEO Mark Zuckerberg commented on the company's focus on AI development.",Wall Street Journal,https://example.com/news/10333,Robert Taylor,Synthetic,0.633,,
2021-12-10,META Faces Increased Scrutiny Over Content Moderation Policies,Meta Platforms is facing regulatory pressure regarding content moderation policies. European regulators have raised concerns about the company's data practices. META has committed to cooperating with authorities to address these concerns.,The Verge,https://example.com/news/39403,David Brown,Synthetic,-0.829,,
2021-12-11,META Strengthens Competition from Twitter/X,Meta Platforms is investing heavily to compete with Twitter/X in the social media space. The company reported strong user growth in recent quarters. Analysts note that META's AI capabilities gives it a competitive advantage.,CNN Business,https://example.com/news/33311,David Brown,Synthetic,0.586,,
2021-12-11,META CEO Mark Zuckerberg Addresses Company Future,Meta Platforms CEO Mark Zuckerberg spoke at a conference about the company's direction. Zuckerberg emphasized META's commitment to AI innovation. The company continues to invest in emerging technologies despite economic challenges.,Financial Times,https://example.com/news/35827,Anna Martinez,Synthetic,0.132,,
2021-12-13,META meets QQ4 2021 Earnings Expectations,"Meta Platforms reported strong QQ4 2021 results, with revenue increases by 11% year-over-year. The company's advertising business showed growth performance amid market volatility. CEO Mark Zuckerberg commented on the company's focus on AI development.",Bloomberg,https://example.com/news/97587,Mark Johnson,Synthetic,0.134,,
2021-12-15,META Faces Increased Scrutiny Over Antitrust Concerns,Meta Platforms is facing regulatory pressure regarding antitrust concerns. European regulators have raised concerns about the company's data practices. META has committed to cooperating with authorities to address these concerns.,Business Insider,https://example.com/news/86093,Mark Johnson,Synthetic,-0.643,,
2021-12-17,META Announces Major Updates to Oculus Quest,"Meta Platforms unveiled significant privacy updates for Oculus Quest, aiming to enhance user experience. The new features include advanced AI capabilities. Industry analysts suggest this could strengthen META's position in the social media market.",MarketWatch,https://example.com/news/13459,,Synthetic,0.842,,
2021-12-18,META Announces Major Updates to Instagram,"Meta Platforms unveiled significant advertising tools for Instagram, aiming to enhance user experience. The new features include advanced AI capabilities. Industry analysts suggest this could strengthen META's position in the social media market.",BBC News,https://example.com/news/53570,,Synthetic,0.142,,
2021-12-22,META CEO Mark Zuckerberg Addresses Company Future,Meta Platforms CEO Mark Zuckerberg spoke at a conference about the company's direction. Zuckerberg emphasized META's commitment to AI innovation. The company continues to invest in emerging technologies despite economic challenges.,Business Insider,https://example.com/news/57757,Sarah Johnson,Synthetic,0.149,,
2021-12-24,META beats QQ4 2021 Earnings Expectations,"Meta Platforms reported strong QQ4 2021 results, with revenue increases by 20% year-over-year. The company's advertising business showed growth performance amid market volatility. CEO Mark Zuckerberg commented on the company's focus on AI development.",CNN Business,https://example.com/news/47280,Maria Garcia,Synthetic,0.511,,
2021-12-24,META Announces Major Updates to WhatsApp,"Meta Platforms unveiled significant content moderation for WhatsApp, aiming to enhance user experience. The new features include advanced AI capabilities. Industry analysts suggest this could strengthen META's position in the social media market.",Wall Street Journal,https://example.com/news/20812,Mark Johnson,Synthetic,0.245,,
2021-12-25,META Announces Major Updates to Oculus Quest,"Meta Platforms unveiled significant privacy updates for Oculus Quest, aiming to enhance user experience. The new features include advanced AI capabilities. Industry analysts suggest this could strengthen META's position in the social media market.",Wall Street Journal,https://example.com/news/33281,Lisa Anderson,Synthetic,0.489,,
2021-12-25,META CEO Mark Zuckerberg Addresses Company Future,Meta Platforms CEO Mark Zuckerberg spoke at a conference about the company's direction. Zuckerberg emphasized META's commitment to AI innovation. The company continues to invest in emerging technologies despite economic challenges.,The Verge,https://example.com/news/56624,Chris Lee,Synthetic,-0.264,,
2021-12-26,META misses QQ4 2021 Earnings Expectations,"Meta Platforms reported strong QQ4 2021 results, with revenue decreases by 4% year-over-year. The company's advertising business showed growth performance amid market volatility. CEO Mark Zuckerberg commented on the company's focus on AI development.",Wall Street Journal,https://example.com/news/61265,Tom Wilson,Synthetic,0.748,,
2021-12-26,META meets QQ4 2021 Earnings Expectations,"Meta Platforms reported strong QQ4 2021 results, with revenue decreases by 14% year-over-year. The company's advertising business showed growth performance amid market volatility. CEO Mark Zuckerberg commented on the company's focus on AI development.",CNN Business,https://example.com/news/11086,Emma Wilson,Synthetic,0.879,,
2021-12-26,META CEO Mark Zuckerberg Addresses Company Future,Meta Platforms CEO Mark Zuckerberg spoke at a conference about the company's direction. Zuckerberg emphasized META's commitment to AI innovation. The company continues to invest in emerging technologies despite economic challenges.,Business Insider,https://example.com/news/23073,Chris Lee,Synthetic,-0.127,,
2021-12-28,META Faces Increased Scrutiny Over Content Moderation Policies,Meta Platforms is facing regulatory pressure regarding content moderation policies. European regulators have raised concerns about the company's data practices. META has committed to cooperating with authorities to address these concerns.,Reuters,https://example.com/news/62156,Tom Wilson,Synthetic,-0.677,,
2021-12-29,META Announces Major Updates to Threads,"Meta Platforms unveiled significant AI features for Threads, aiming to enhance user experience. The new features include advanced AI capabilities. Industry analysts suggest this could strengthen META's position in the social media market.",Bloomberg,https://example.com/news/83313,Jessica Brown,Synthetic,0.488,,
2021-12-29,META CEO Mark Zuckerberg Addresses Company Future,Meta Platforms CEO Mark Zuckerberg spoke at a conference about the company's direction. Zuckerberg emphasized META's commitment to AI innovation. The company continues to invest in emerging technologies despite economic challenges.,Wall Street Journal,https://example.com/news/12655,John Smith,Synthetic,-0.283,,
2021-12-30,META Announces Major Updates to Threads,"Meta Platforms unveiled significant privacy updates for Threads, aiming to enhance user experience. The new features include advanced AI capabilities. Industry analysts suggest this could strengthen META's position in the social media market.",Wall Street Journal,https://example.com/news/60631,Maria Garcia,Synthetic,0.153,,
2021-12-31,META Faces Increased Scrutiny Over Data Protection Rules,Meta Platforms is facing regulatory pressure regarding data protection rules. European regulators have raised concerns about the company's data practices. META has committed to cooperating with authorities to address these concerns.,BBC News,https://example.com/news/29510,Anna Martinez,Synthetic,-0.161,,
2022-01-02,META Faces Increased Scrutiny Over Content Moderation Policies,Meta Platforms is facing regulatory pressure regarding content moderation policies. European regulators have raised concerns about the company's data practices. META has committed to cooperating with authorities to address these concerns.,Reuters,https://example.com/news/89855,Emma Wilson,Synthetic,-0.574,,
2022-01-03,META Announces Major Updates to Oculus Quest,"Meta Platforms unveiled significant AI features for Oculus Quest, aiming to enhance user experience. The new features include advanced AI capabilities. Industry analysts suggest this could strengthen META's position in the social media market.",TechCrunch,https://example.com/news/70834,Lisa Anderson,Synthetic,0.39,,
2022-01-04,META Announces Major Updates to Oculus Quest,"Meta Platforms unveiled significant AI features for Oculus Quest, aiming to enhance user experience. The new features include advanced AI capabilities. Industry analysts suggest this could strengthen META's position in the social media market.",CNBC,https://example.com/news/73826,David Brown,Synthetic,0.807,,
2022-01-05,META beats QQ1 2022 Earnings Expectations,"Meta Platforms reported strong QQ1 2022 results, with revenue increases by 1% year-over-year. The company's advertising business showed growth performance amid market volatility. CEO Mark Zuckerberg commented on the company's focus on AI development.",MarketWatch,https://example.com/news/68330,Robert Taylor,Synthetic,0.516,,
2022-01-07,META Strengthens Competition from Twitter/X,Meta Platforms is investing heavily to compete with Twitter/X in the social media space. The company reported strong user growth in recent quarters. Analysts note that META's AI capabilities gives it a competitive advantage.,MarketWatch,https://example.com/news/11856,Alex Chen,Synthetic,0.527,,
2022-01-09,META Announces Major Updates to Facebook,"Meta Platforms unveiled significant privacy updates for Facebook, aiming to enhance user experience. The new features include advanced AI capabilities. Industry analysts suggest this could strengthen META's position in the social media market.",CNN Business,https://example.com/news/86696,John Smith,Synthetic,0.5,,
2022-01-09,META Strengthens Competition from LinkedIn,Meta Platforms is investing heavily to compete with LinkedIn in the social media space. The company reported strong user growth in recent quarters. Analysts note that META's AI capabilities gives it a competitive advantage.,CNN Business,https://example.com/news/91759,Jessica Brown,Synthetic,0.287,,
2022-01-10,META Announces Major Updates to Facebook,"Meta Platforms unveiled significant AI features for Facebook, aiming to enhance user experience. The new features include advanced AI capabilities. Industry analysts suggest this could strengthen META's position in the social media market.",MarketWatch,https://example.com/news/72868,Jennifer Lee,Synthetic,0.41,,
2022-01-10,META Strengthens Competition from TikTok,Meta Platforms is investing heavily to compete with TikTok in the social media space. The company reported strong user growth in recent quarters. Analysts note that META's AI capabilities gives it a competitive advantage.,Financial Times,https://example.com/news/96558,Jennifer Lee,Synthetic,0.802,,
2022-01-11,META Announces Major Updates to Facebook,"Meta Platforms unveiled significant content moderation for Facebook, aiming to enhance user experience. The new features include advanced AI capabilities. Industry analysts suggest this could strengthen META's position in the social media market.",The Verge,https://example.com/news/53808,Maria Garcia,Synthetic,0.837,,
2022-01-12,META Announces Major Updates to WhatsApp,"Meta Platforms unveiled significant privacy updates for WhatsApp, aiming to enhance user experience. The new features include advanced AI capabilities. Industry analysts suggest this could strengthen META's position in the social media market.",CNN Business,https://example.com/news/68073,Jessica Brown,Synthetic,0.109,,
2022-01-12,META Strengthens Competition from Twitter/X,Meta Platforms is investing heavily to compete with Twitter/X in the social media space. The company reported strong user growth in recent quarters. Analysts note that META's AI capabilities gives it a competitive advantage.,Business Insider,https://example.com/news/62519,Mark Johnson,Synthetic,0.623,,
2022-01-13,META CEO Mark Zuckerberg Addresses Company Future,Meta Platforms CEO Mark Zuckerberg spoke at a conference about the company's direction. Zuckerberg emphasized META's commitment to AI innovation. The company continues to invest in emerging technologies despite economic challenges.,The Verge,https://example.com/news/91859,Maria Garcia,Synthetic,-0.029,,
2022-01-13,META Strengthens Competition from Twitter/X,Meta Platforms is investing heavily to compete with Twitter/X in the social media space. The company reported strong user growth in recent quarters. Analysts note that META's AI capabilities gives it a competitive advantage.,CNN Business,https://example.com/news/91732,Jessica Brown,Synthetic,0.351,,
2022-01-14,META Announces Major Updates to Instagram,"Meta Platforms unveiled significant advertising tools for Instagram, aiming to enhance user experience. The new features include advanced AI capabilities. Industry analysts suggest this could strengthen META's position in the social media market.",TechCrunch,https://example.com/news/55775,Alex Chen,Synthetic,0.408,,
2022-01-15,META Faces Increased Scrutiny Over Privacy Regulations,Meta Platforms is facing regulatory pressure regarding privacy regulations. European regulators have raised concerns about the company's data practices. META has committed to cooperating with authorities to address these concerns.,MarketWatch,https://example.com/news/18593,Maria Garcia,Synthetic,-0.26,,
2022-01-15,META Faces Increased Scrutiny Over Content Moderation Policies,Meta Platforms is facing regulatory pressure regarding content moderation policies. European regulators have raised concerns about the company's data practices. META has committed to cooperating with authorities to address these concerns.,CNBC,https://example.com/news/14267,Mark Johnson,Synthetic,-0.466,,
2022-01-16,META Faces Increased Scrutiny Over Content Moderation Policies,Meta Platforms is facing regulatory pressure regarding content moderation policies. European regulators have raised concerns about the company's data practices. META has committed to cooperating with authorities to address these concerns.,MarketWatch,https://example.com/news/65865,David Brown,Synthetic,-0.607,,
2022-01-17,META misses QQ1 2022 Earnings Expectations,"Meta Platforms reported strong QQ1 2022 results, with revenue increases by 4% year-over-year. The company's advertising business showed growth performance amid market volatility. CEO Mark Zuckerberg commented on the company's focus on AI development.",Financial Times,https://example.com/news/22704,Jessica Brown,Synthetic,0.133,,
2022-01-18,META Strengthens Competition from Twitter/X,Meta Platforms is investing heavily to compete with Twitter/X in the social media space. The company reported strong user growth in recent quarters. Analysts note that META's AI capabilities gives it a competitive advantage.,Bloomberg,https://example.com/news/26805,John Smith,Synthetic,0.381,,
2022-01-18,META Faces Increased Scrutiny Over Antitrust Concerns,Meta Platforms is facing regulatory pressure regarding antitrust concerns. European regulators have raised concerns about the company's data practices. META has committed to cooperating with authorities to address these concerns.,Financial Times,https://example.com/news/29767,Sarah Johnson,Synthetic,-0.635,,
2022-01-18,META beats QQ1 2022 Earnings Expectations,"Meta Platforms reported strong QQ1 2022 results, with revenue increases by 17% year-over-year. The company's advertising business showed growth performance amid market volatility. CEO Mark Zuckerberg commented on the company's focus on AI development.",TechCrunch,https://example.com/news/25370,Jessica Brown,Synthetic,0.711,,
2022-01-20,META Strengthens Competition from LinkedIn,Meta Platforms is investing heavily to compete with LinkedIn in the social media space. The company reported strong user growth in recent quarters. Analysts note that META's AI capabilities gives it a competitive advantage.,Business Insider,https://example.com/news/12912,,Synthetic,0.286,,
2022-01-21,META Strengthens Competition from Snapchat,Meta Platforms is investing heavily to compete with Snapchat in the social media space. The company reported strong user growth in recent quarters. Analysts note that META's AI capabilities gives it a competitive advantage.,Business Insider,https://example.com/news/95037,Lisa Anderson,Synthetic,0.523,,
2022-01-21,META CEO Mark Zuckerberg Addresses Company Future,Meta Platforms CEO Mark Zuckerberg spoke at a conference about the company's direction. Zuckerberg emphasized META's commitment to AI innovation. The company continues to invest in emerging technologies despite economic challenges.,Bloomberg,https://example.com/news/41687,Alex Chen,Synthetic,0.052,,
2022-01-22,META Faces Increased Scrutiny Over Privacy Regulations,Meta Platforms is facing regulatory pressure regarding privacy regulations. European regulators have raised concerns about the company's data practices. META has committed to cooperating with authorities to address these concerns.,Financial Times,https://example.com/news/86056,Jessica Brown,Synthetic,-0.795,,
2022-01-23,META Faces Increased Scrutiny Over Data Protection Rules,Meta Platforms is facing regulatory pressure regarding data protection rules. European regulators have raised concerns about the company's data practices. META has committed to cooperating with authorities to address these concerns.,Business Insider,https://example.com/news/68957,Emma Wilson,Synthetic,-0.343,,
2022-01-24,META Faces Increased Scrutiny Over Content Moderation Policies,Meta Platforms is facing regulatory pressure regarding content moderation policies. European regulators have raised concerns about the company's data practices. META has committed to cooperating with authorities to address these concerns.,Wall Street Journal,https://example.com/news/81700,Mark Johnson,Synthetic,-0.553,,
2022-01-26,META CEO Mark Zuckerberg Addresses Company Future,Meta Platforms CEO Mark Zuckerberg spoke at a conference about the company's direction. Zuckerberg emphasized META's commitment to AI innovation. The company continues to invest in emerging technologies despite economic challenges.,TechCrunch,https://example.com/news/74434,,Synthetic,0.269,,
2022-01-26,META Strengthens Competition from Snapchat,Meta Platforms is investing heavily to compete with Snapchat in the social media space. The company reported strong user growth in recent quarters. Analysts note that META's AI capabilities gives it a competitive advantage.,Reuters,https://example.com/news/49473,Emma Wilson,Synthetic,0.234,,
2022-01-27,META CEO Mark Zuckerberg Addresses Company Future,Meta Platforms CEO Mark Zuckerberg spoke at a conference about the company's direction. Zuckerberg emphasized META's commitment to AI innovation. The company continues to invest in emerging technologies despite economic challenges.,Bloomberg,https://example.com/news/49712,Anna Martinez,Synthetic,0.188,,
2022-01-29,META Announces Major Updates to Facebook,"Meta Platforms unveiled significant privacy updates for Facebook, aiming to enhance user experience. The new features include advanced AI capabilities. Industry analysts suggest this could strengthen META's position in the social media market.",Reuters,https://example.com/news/57117,Anna Martinez,Synthetic,0.209,,
2022-01-30,META Strengthens Competition from Pinterest,Meta Platforms is investing heavily to compete with Pinterest in the social media space. The company reported strong user growth in recent quarters. Analysts note that META's AI capabilities gives it a competitive advantage.,Reuters,https://example.com/news/73668,Maria Garcia,Synthetic,0.48,,
2022-01-30,META Faces Increased Scrutiny Over Data Protection Rules,Meta Platforms is facing regulatory pressure regarding data protection rules. European regulators have raised concerns about the company's data practices. META has committed to cooperating with authorities to address these concerns.,TechCrunch,https://example.com/news/70609,Chris Lee,Synthetic,-0.133,,
2022-02-03,META Announces Major Updates to WhatsApp,"Meta Platforms unveiled significant AI features for WhatsApp, aiming to enhance user experience. The new features include advanced AI capabilities. Industry analysts suggest this could strengthen META's position in the social media market.",Financial Times,https://example.com/news/42129,John Smith,Synthetic,0.356,,
2022-02-05,META Announces Major Updates to Threads,"Meta Platforms unveiled significant privacy updates for Threads, aiming to enhance user experience. The new features include advanced AI capabilities. Industry analysts suggest this could strengthen META's position in the social media market.",Financial Times,https://example.com/news/62985,Jennifer Lee,Synthetic,0.509,,
2022-02-08,META Strengthens Competition from Pinterest,Meta Platforms is investing heavily to compete with Pinterest in the social media space. The company reported strong user growth in recent quarters. Analysts note that META's AI capabilities gives it a competitive advantage.,Bloomberg,https://example.com/news/64498,David Brown,Synthetic,0.37,,
2022-02-08,META Strengthens Competition from LinkedIn,Meta Platforms is investing heavily to compete with LinkedIn in the social media space. The company reported strong user growth in recent quarters. Analysts note that META's AI capabilities gives it a competitive advantage.,The Verge,https://example.com/news/40078,David Brown,Synthetic,0.688,,
2022-02-08,META Announces Major Updates to Oculus Quest,"Meta Platforms unveiled significant privacy updates for Oculus Quest, aiming to enhance user experience. The new features include advanced AI capabilities. Industry analysts suggest this could strengthen META's position in the social media market.",CNN Business,https://example.com/news/82518,Jessica Brown,Synthetic,0.715,,
2022-02-08,META CEO Mark Zuckerberg Addresses Company Future,Meta Platforms CEO Mark Zuckerberg spoke at a conference about the company's direction. Zuckerberg emphasized META's commitment to AI innovation. The company continues to invest in emerging technologies despite economic challenges.,Financial Times,https://example.com/news/45310,John Smith,Synthetic,0.141,,
2022-02-10,META Strengthens Competition from LinkedIn,Meta Platforms is investing heavily to compete with LinkedIn in the social media space. The company reported strong user growth in recent quarters. Analysts note that META's AI capabilities gives it a competitive advantage.,CNBC,https://example.com/news/96900,Jennifer Lee,Synthetic,0.274,,
2022-02-10,META Strengthens Competition from Twitter/X,Meta Platforms is investing heavily to compete with Twitter/X in the social media space. The company reported strong user growth in recent quarters. Analysts note that META's AI capabilities gives it a competitive advantage.,Financial Times,https://example.com/news/80953,Jennifer Lee,Synthetic,0.769,,
2022-02-11,META Strengthens Competition from Snapchat,Meta Platforms is investing heavily to compete with Snapchat in the social media space. The company reported strong user growth in recent quarters. Analysts note that META's AI capabilities gives it a competitive advantage.,Financial Times,https://example.com/news/62366,,Synthetic,0.692,,
2022-02-12,META Announces Major Updates to Facebook,"Meta Platforms unveiled significant new algorithms for Facebook, aiming to enhance user experience. The new features include advanced AI capabilities. Industry analysts suggest this could strengthen META's position in the social media market.",CNBC,https://example.com/news/39643,Maria Garcia,Synthetic,0.381,,
2022-02-12,META Strengthens Competition from Pinterest,Meta Platforms is investing heavily to compete with Pinterest in the social media space. The company reported strong user growth in recent quarters. Analysts note that META's AI capabilities gives it a competitive advantage.,The Verge,https://example.com/news/71526,John Smith,Synthetic,0.89,,
2022-02-15,META Announces Major Updates to Instagram,"Meta Platforms unveiled significant advertising tools for Instagram, aiming to enhance user experience. The new features include advanced AI capabilities. Industry analysts suggest this could strengthen META's position in the social media market.",Business Insider,https://example.com/news/83763,Jennifer Lee,Synthetic,0.401,,
2022-02-15,META Faces Increased Scrutiny Over Antitrust Concerns,Meta Platforms is facing regulatory pressure regarding antitrust concerns. European regulators have raised concerns about the company's data practices. META has committed to cooperating with authorities to address these concerns.,Wall Street Journal,https://example.com/news/47212,Jennifer Lee,Synthetic,-0.513,,
2022-02-15,META Strengthens Competition from Snapchat,Meta Platforms is investing heavily to compete with Snapchat in the social media space. The company reported strong user growth in recent quarters. Analysts note that META's AI capabilities gives it a competitive advantage.,BBC News,https://example.com/news/12084,David Brown,Synthetic,0.466,,
2022-02-16,META CEO Mark Zuckerberg Addresses Company Future,Meta Platforms CEO Mark Zuckerberg spoke at a conference about the company's direction. Zuckerberg emphasized META's commitment to AI innovation. The company continues to invest in emerging technologies despite economic challenges.,Financial Times,https://example.com/news/85425,Jessica Brown,Synthetic,0.29,,
2022-02-18,META misses QQ1 2022 Earnings Expectations,"Meta Platforms reported strong QQ1 2022 results, with revenue increases by 7% year-over-year. The company's advertising business showed growth performance amid market volatility. CEO Mark Zuckerberg commented on the company's focus on AI development.",MarketWatch,https://example.com/news/53469,John Smith,Synthetic,0.606,,
2022-02-21,META beats QQ1 2022 Earnings Expectations,"Meta Platforms reported strong QQ1 2022 results, with revenue decreases by 1% year-over-year. The company's advertising business showed growth performance amid market volatility. CEO Mark Zuckerberg commented on the company's focus on AI development.",Financial Times,https://example.com/news/26059,Chris Lee,Synthetic,0.366,,
2022-02-22,META Strengthens Competition from Snapchat,Meta Platforms is investing heavily to compete with Snapchat in the social media space. The company reported strong user growth in recent quarters. Analysts note that META's AI capabilities gives it a competitive advantage.,The Verge,https://example.com/news/12124,Alex Chen,Synthetic,0.306,,
2022-02-22,META Faces Increased Scrutiny Over Privacy Regulations,Meta Platforms is facing regulatory pressure regarding privacy regulations. European regulators have raised concerns about the company's data practices. META has committed to cooperating with authorities to address these concerns.,CNBC,https://example.com/news/93365,Emma Wilson,Synthetic,-0.835,,
2022-02-24,META Faces Increased Scrutiny Over Privacy Regulations,Meta Platforms is facing regulatory pressure regarding privacy regulations. European regulators have raised concerns about the company's data practices. META has committed to cooperating with authorities to address these concerns.,BBC News,https://example.com/news/81244,Lisa Anderson,Synthetic,-0.5,,
2022-02-24,META meets QQ1 2022 Earnings Expectations,"Meta Platforms reported strong QQ1 2022 results, with revenue increases by 18% year-over-year. The company's advertising business showed growth performance amid market volatility. CEO Mark Zuckerberg commented on the company's focus on AI development.",MarketWatch,https://example.com/news/65462,Tom Wilson,Synthetic,0.251,,
2022-02-25,META CEO Mark Zuckerberg Addresses Company Future,Meta Platforms CEO Mark Zuckerberg spoke at a conference about the company's direction. Zuckerberg emphasized META's commitment to AI innovation. The company continues to invest in emerging technologies despite economic challenges.,CNBC,https://example.com/news/16261,David Brown,Synthetic,-0.235,,
2022-02-26,META Faces Increased Scrutiny Over Data Protection Rules,Meta Platforms is facing regulatory pressure regarding data protection rules. European regulators have raised concerns about the company's data practices. META has committed to cooperating with authorities to address these concerns.,Reuters,https://example.com/news/15328,Robert Taylor,Synthetic,-0.689,,
2022-02-27,META Announces Major Updates to Facebook,"Meta Platforms unveiled significant new algorithms for Facebook, aiming to enhance user experience. The new features include advanced AI capabilities. Industry analysts suggest this could strengthen META's position in the social media market.",Reuters,https://example.com/news/26243,Maria Garcia,Synthetic,0.706,,
2022-02-28,META CEO Mark Zuckerberg Addresses Company Future,Meta Platforms CEO Mark Zuckerberg spoke at a conference about the company's direction. Zuckerberg emphasized META's commitment to AI innovation. The company continues to invest in emerging technologies despite economic challenges.,TechCrunch,https://example.com/news/16115,Chris Lee,Synthetic,0.103,,
2022-03-01,META Strengthens Competition from Snapchat,Meta Platforms is investing heavily to compete with Snapchat in the social media space. The company reported strong user growth in recent quarters. Analysts note that META's AI capabilities gives it a competitive advantage.,CNBC,https://example.com/news/15768,Maria Garcia,Synthetic,0.231,,
2022-03-01,META misses QQ1 2022 Earnings Expectations,"Meta Platforms reported strong QQ1 2022 results, with revenue increases by 25% year-over-year. The company's advertising business showed growth performance amid market volatility. CEO Mark Zuckerberg commented on the company's focus on AI development.",CNN Business,https://example.com/news/23478,Robert Taylor,Synthetic,0.367,,
2022-03-02,META CEO Mark Zuckerberg Addresses Company Future,Meta Platforms CEO Mark Zuckerberg spoke at a conference about the company's direction. Zuckerberg emphasized META's commitment to AI innovation. The company continues to invest in emerging technologies despite economic challenges.,Business Insider,https://example.com/news/83503,Chris Lee,Synthetic,-0.204,,
2022-03-02,META meets QQ1 2022 Earnings Expectations,"Meta Platforms reported strong QQ1 2022 results, with revenue increases by 18% year-over-year. The company's advertising business showed growth performance amid market volatility. CEO Mark Zuckerberg commented on the company's focus on AI development.",Business Insider,https://example.com/news/31589,Anna Martinez,Synthetic,0.666,,
2022-03-03,META Strengthens Competition from Twitter/X,Meta Platforms is investing heavily to compete with Twitter/X in the social media space. The company reported strong user growth in recent quarters. Analysts note that META's AI capabilities gives it a competitive advantage.,Wall Street Journal,https://example.com/news/27786,Robert Taylor,Synthetic,0.288,,
2022-03-04,META CEO Mark Zuckerberg Addresses Company Future,Meta Platforms CEO Mark Zuckerberg spoke at a conference about the company's direction. Zuckerberg emphasized META's commitment to AI innovation. The company continues to invest in emerging technologies despite economic challenges.,Reuters,https://example.com/news/48292,Jennifer Lee,Synthetic,-0.045,,
2022-03-10,META Faces Increased Scrutiny Over Privacy Regulations,Meta Platforms is facing regulatory pressure regarding privacy regulations. European regulators have raised concerns about the company's data practices. META has committed to cooperating with authorities to address these concerns.,Wall Street Journal,https://example.com/news/33196,Maria Garcia,Synthetic,-0.453,,
2022-03-11,META CEO Mark Zuckerberg Addresses Company Future,Meta Platforms CEO Mark Zuckerberg spoke at a conference about the company's direction. Zuckerberg emphasized META's commitment to AI innovation. The company continues to invest in emerging technologies despite economic challenges.,Business Insider,https://example.com/news/82861,Jennifer Lee,Synthetic,0.253,,
2022-03-14,META beats QQ1 2022 Earnings Expectations,"Meta Platforms reported strong QQ1 2022 results, with revenue decreases by 3% year-over-year. The company's advertising business showed growth performance amid market volatility. CEO Mark Zuckerberg commented on the company's focus on AI development.",Wall Street Journal,https://example.com/news/75774,Jessica Brown,Synthetic,0.327,,
2022-03-15,META Announces Major Updates to WhatsApp,"Meta Platforms unveiled significant privacy updates for WhatsApp, aiming to enhance user experience. The new features include advanced AI capabilities. Industry analysts suggest this could strengthen META's position in the social media market.",Reuters,https://example.com/news/71504,Sarah Johnson,Synthetic,0.597,,
2022-03-15,META Announces Major Updates to Threads,"Meta Platforms unveiled significant new algorithms for Threads, aiming to enhance user experience. The new features include advanced AI capabilities. Industry analysts suggest this could strengthen META's position in the social media market.",BBC News,https://example.com/news/77975,Jennifer Lee,Synthetic,0.889,,
2022-03-18,META CEO Mark Zuckerberg Addresses Company Future,Meta Platforms CEO Mark Zuckerberg spoke at a conference about the company's direction. Zuckerberg emphasized META's commitment to AI innovation. The company continues to invest in emerging technologies despite economic challenges.,Business Insider,https://example.com/news/76569,Lisa Anderson,Synthetic,-0.174,,
2022-03-19,META Faces Increased Scrutiny Over Antitrust Concerns,Meta Platforms is facing regulatory pressure regarding antitrust concerns. European regulators have raised concerns about the company's data practices. META has committed to cooperating with authorities to address these concerns.,Wall Street Journal,https://example.com/news/36032,Lisa Anderson,Synthetic,-0.447,,
2022-03-19,META Strengthens Competition from Pinterest,Meta Platforms is investing heavily to compete with Pinterest in the social media space. The company reported strong user growth in recent quarters. Analysts note that META's AI capabilities gives it a competitive advantage.,Reuters,https://example.com/news/64034,Robert Taylor,Synthetic,0.419,,
2022-03-20,META Strengthens Competition from Pinterest,Meta Platforms is investing heavily to compete with Pinterest in the social media space. The company reported strong user growth in recent quarters. Analysts note that META's AI capabilities gives it a competitive advantage.,Wall Street Journal,https://example.com/news/81799,Alex Chen,Synthetic,0.434,,
2022-03-21,META beats QQ1 2022 Earnings Expectations,"Meta Platforms reported strong QQ1 2022 results, with revenue decreases by 2% year-over-year. The company's advertising business showed growth performance amid market volatility. CEO Mark Zuckerberg commented on the company's focus on AI development.",BBC News,https://example.com/news/54944,Emma Wilson,Synthetic,0.287,,
2022-03-21,META CEO Mark Zuckerberg Addresses Company Future,Meta Platforms CEO Mark Zuckerberg spoke at a conference about the company's direction. Zuckerberg emphasized META's commitment to AI innovation. The company continues to invest in emerging technologies despite economic challenges.,The Verge,https://example.com/news/21646,Mike Davis,Synthetic,0.198,,
2022-03-23,META misses QQ1 2022 Earnings Expectations,"Meta Platforms reported strong QQ1 2022 results, with revenue decreases by 10% year-over-year. The company's advertising business showed growth performance amid market volatility. CEO Mark Zuckerberg commented on the company's focus on AI development.",Reuters,https://example.com/news/16550,,Synthetic,0.139,,
2022-03-26,META Announces Major Updates to Oculus Quest,"Meta Platforms unveiled significant AI features for Oculus Quest, aiming to enhance user experience. The new features include advanced AI capabilities. Industry analysts suggest this could strengthen META's position in the social media market.",Bloomberg,https://example.com/news/18011,John Smith,Synthetic,0.635,,
2022-03-27,META CEO Mark Zuckerberg Addresses Company Future,Meta Platforms CEO Mark Zuckerberg spoke at a conference about the company's direction. Zuckerberg emphasized META's commitment to AI innovation. The company continues to invest in emerging technologies despite economic challenges.,MarketWatch,https://example.com/news/97039,Chris Lee,Synthetic,-0.263,,
2022-03-29,META beats QQ1 2022 Earnings Expectations,"Meta Platforms reported strong QQ1 2022 results, with revenue increases by 22% year-over-year. The company's advertising business showed growth performance amid market volatility. CEO Mark Zuckerberg commented on the company's focus on AI development.",MarketWatch,https://example.com/news/93697,Mark Johnson,Synthetic,0.184,,
2022-03-30,META CEO Mark Zuckerberg Addresses Company Future,Meta Platforms CEO Mark Zuckerberg spoke at a conference about the company's direction. Zuckerberg emphasized META's commitment to AI innovation. The company continues to invest in emerging technologies despite economic challenges.,Bloomberg,https://example.com/news/74982,Lisa Anderson,Synthetic,0.029,,
2022-03-30,META misses QQ1 2022 Earnings Expectations,"Meta Platforms reported strong QQ1 2022 results, with revenue increases by 13% year-over-year. The company's advertising business showed growth performance amid market volatility. CEO Mark Zuckerberg commented on the company's focus on AI development.",Bloomberg,https://example.com/news/79736,Mike Davis,Synthetic,0.162,,
2022-03-30,META meets QQ1 2022 Earnings Expectations,"Meta Platforms reported strong QQ1 2022 results, with revenue decreases by 4% year-over-year. The company's advertising business showed growth performance amid market volatility. CEO Mark Zuckerberg commented on the company's focus on AI development.",Bloomberg,https://example.com/news/30408,Alex Chen,Synthetic,0.356,,
2022-03-31,META Faces Increased Scrutiny Over Content Moderation Policies,Meta Platforms is facing regulatory pressure regarding content moderation policies. European regulators have raised concerns about the company's data practices. META has committed to cooperating with authorities to address these concerns.,Bloomberg,https://example.com/news/82545,Anna Martinez,Synthetic,-0.576,,
2022-04-01,META Strengthens Competition from TikTok,Meta Platforms is investing heavily to compete with TikTok in the social media space. The company reported strong user growth in recent quarters. Analysts note that META's AI capabilities gives it a competitive advantage.,Wall Street Journal,https://example.com/news/84334,Lisa Anderson,Synthetic,0.276,,
2022-04-02,META Announces Major Updates to Instagram,"Meta Platforms unveiled significant new algorithms for Instagram, aiming to enhance user experience. The new features include advanced AI capabilities. Industry analysts suggest this could strengthen META's position in the social media market.",Bloomberg,https://example.com/news/27925,Mark Johnson,Synthetic,0.882,,
2022-04-04,META Announces Major Updates to Instagram,"Meta Platforms unveiled significant AI features for Instagram, aiming to enhance user experience. The new features include advanced AI capabilities. Industry analysts suggest this could strengthen META's position in the social media market.",MarketWatch,https://example.com/news/39027,Chris Lee,Synthetic,0.796,,
2022-04-05,META Strengthens Competition from Snapchat,Meta Platforms is investing heavily to compete with Snapchat in the social media space. The company reported strong user growth in recent quarters. Analysts note that META's AI capabilities gives it a competitive advantage.,Wall Street Journal,https://example.com/news/28727,Emma Wilson,Synthetic,0.722,,
2022-04-07,META Faces Increased Scrutiny Over Antitrust Concerns,Meta Platforms is facing regulatory pressure regarding antitrust concerns. European regulators have raised concerns about the company's data practices. META has committed to cooperating with authorities to address these concerns.,Business Insider,https://example.com/news/59816,,Synthetic,-0.793,,
2022-04-07,META CEO Mark Zuckerberg Addresses Company Future,Meta Platforms CEO Mark Zuckerberg spoke at a conference about the company's direction. Zuckerberg emphasized META's commitment to AI innovation. The company continues to invest in emerging technologies despite economic challenges.,TechCrunch,https://example.com/news/45101,David Brown,Synthetic,0.297,,
2022-04-07,META Announces Major Updates to Instagram,"Meta Platforms unveiled significant AI features for Instagram, aiming to enhance user experience. The new features include advanced AI capabilities. Industry analysts suggest this could strengthen META's position in the social media market.",CNN Business,https://example.com/news/13374,Tom Wilson,Synthetic,0.878,,
2022-04-08,META misses QQ2 2022 Earnings Expectations,"Meta Platforms reported strong QQ2 2022 results, with revenue increases by 17% year-over-year. The company's advertising business showed growth performance amid market volatility. CEO Mark Zuckerberg commented on the company's focus on AI development.",Reuters,https://example.com/news/91134,Jennifer Lee,Synthetic,0.44,,
2022-04-09,META CEO Mark Zuckerberg Addresses Company Future,Meta Platforms CEO Mark Zuckerberg spoke at a conference about the company's direction. Zuckerberg emphasized META's commitment to AI innovation. The company continues to invest in emerging technologies despite economic challenges.,CNBC,https://example.com/news/97639,Tom Wilson,Synthetic,-0.022,,
2022-04-09,META meets QQ2 2022 Earnings Expectations,"Meta Platforms reported strong QQ2 2022 results, with revenue increases by 25% year-over-year. The company's advertising business showed growth performance amid market volatility. CEO Mark Zuckerberg commented on the company's focus on AI development.",Bloomberg,https://example.com/news/53304,Robert Taylor,Synthetic,0.689,,
2022-04-10,META Strengthens Competition from Snapchat,Meta Platforms is investing heavily to compete with Snapchat in the social media space. The company reported strong user growth in recent quarters. Analysts note that META's AI capabilities gives it a competitive advantage.,Reuters,https://example.com/news/76821,Tom Wilson,Synthetic,0.312,,
2022-04-11,META Announces Major Updates to Facebook,"Meta Platforms unveiled significant privacy updates for Facebook, aiming to enhance user experience. The new features include advanced AI capabilities. Industry analysts suggest this could strengthen META's position in the social media market.",BBC News,https://example.com/news/59035,Lisa Anderson,Synthetic,0.187,,
2022-04-12,META Faces Increased Scrutiny Over Antitrust Concerns,Meta Platforms is facing regulatory pressure regarding antitrust concerns. European regulators have raised concerns about the company's data practices. META has committed to cooperating with authorities to address these concerns.,TechCrunch,https://example.com/news/33846,Mark Johnson,Synthetic,-0.243,,
2022-04-12,META CEO Mark Zuckerberg Addresses Company Future,Meta Platforms CEO Mark Zuckerberg spoke at a conference about the company's direction. Zuckerberg emphasized META's commitment to AI innovation. The company continues to invest in emerging technologies despite economic challenges.,Reuters,https://example.com/news/98266,Lisa Anderson,Synthetic,0.228,,
2022-04-14,META CEO Mark Zuckerberg Addresses Company Future,Meta Platforms CEO Mark Zuckerberg spoke at a conference about the company's direction. Zuckerberg emphasized META's commitment to AI innovation. The company continues to invest in emerging technologies despite economic challenges.,Bloomberg,https://example.com/news/87809,Sarah Johnson,Synthetic,0.268,,
2022-04-17,META Strengthens Competition from Snapchat,Meta Platforms is investing heavily to compete with Snapchat in the social media space. The company reported strong user growth in recent quarters. Analysts note that META's AI capabilities gives it a competitive advantage.,TechCrunch,https://example.com/news/63687,,Synthetic,0.167,,
2022-04-20,META Strengthens Competition from LinkedIn,Meta Platforms is investing heavily to compete with LinkedIn in the social media space. The company reported strong user growth in recent quarters. Analysts note that META's AI capabilities gives it a competitive advantage.,CNN Business,https://example.com/news/32268,,Synthetic,0.622,,
2022-04-21,META Strengthens Competition from TikTok,Meta Platforms is investing heavily to compete with TikTok in the social media space. The company reported strong user growth in recent quarters. Analysts note that META's AI capabilities gives it a competitive advantage.,Wall Street Journal,https://example.com/news/14235,Mark Johnson,Synthetic,0.761,,
2022-04-25,META Announces Major Updates to WhatsApp,"Meta Platforms unveiled significant new algorithms for WhatsApp, aiming to enhance user experience. The new features include advanced AI capabilities. Industry analysts suggest this could strengthen META's position in the social media market.",Wall Street Journal,https://example.com/news/97283,Emma Wilson,Synthetic,0.7,,
2022-04-25,META beats QQ2 2022 Earnings Expectations,"Meta Platforms reported strong QQ2 2022 results, with revenue increases by 20% year-over-year. The company's advertising business showed growth performance amid market volatility. CEO Mark Zuckerberg commented on the company's focus on AI development.",Bloomberg,https://example.com/news/40325,Lisa Anderson,Synthetic,0.634,,
2022-04-27,META Faces Increased Scrutiny Over Privacy Regulations,Meta Platforms is facing regulatory pressure regarding privacy regulations. European regulators have raised concerns about the company's data practices. META has committed to cooperating with authorities to address these concerns.,CNN Business,https://example.com/news/88626,,Synthetic,-0.336,,
2022-04-28,META Strengthens Competition from Snapchat,Meta Platforms is investing heavily to compete with Snapchat in the social media space. The company reported strong user growth in recent quarters. Analysts note that META's AI capabilities gives it a competitive advantage.,TechCrunch,https://example.com/news/32800,Mark Johnson,Synthetic,0.372,,
2022-05-03,META Announces Major Updates to Oculus Quest,"Meta Platforms unveiled significant new algorithms for Oculus Quest, aiming to enhance user experience. The new features include advanced AI capabilities. Industry analysts suggest this could strengthen META's position in the social media market.",CNN Business,https://example.com/news/17017,Robert Taylor,Synthetic,0.718,,
2022-05-03,META Faces Increased Scrutiny Over Antitrust Concerns,Meta Platforms is facing regulatory pressure regarding antitrust concerns. European regulators have raised concerns about the company's data practices. META has committed to cooperating with authorities to address these concerns.,The Verge,https://example.com/news/21645,Emma Wilson,Synthetic,-0.649,,
2022-05-05,META Faces Increased Scrutiny Over Privacy Regulations,Meta Platforms is facing regulatory pressure regarding privacy regulations. European regulators have raised concerns about the company's data practices. META has committed to cooperating with authorities to address these concerns.,Wall Street Journal,https://example.com/news/36292,Maria Garcia,Synthetic,-0.479,,
2022-05-06,META Faces Increased Scrutiny Over Privacy Regulations,Meta Platforms is facing regulatory pressure regarding privacy regulations. European regulators have raised concerns about the company's data practices. META has committed to cooperating with authorities to address these concerns.,Reuters,https://example.com/news/11177,Jessica Brown,Synthetic,-0.402,,
2022-05-08,META Faces Increased Scrutiny Over Content Moderation Policies,Meta Platforms is facing regulatory pressure regarding content moderation policies. European regulators have raised concerns about the company's data practices. META has committed to cooperating with authorities to address these concerns.,Reuters,https://example.com/news/30298,Chris Lee,Synthetic,-0.103,,
2022-05-08,META beats QQ2 2022 Earnings Expectations,"Meta Platforms reported strong QQ2 2022 results, with revenue decreases by 1% year-over-year. The company's advertising business showed growth performance amid market volatility. CEO Mark Zuckerberg commented on the company's focus on AI development.",Wall Street Journal,https://example.com/news/96098,Alex Chen,Synthetic,0.277,,
2022-05-09,META Strengthens Competition from TikTok,Meta Platforms is investing heavily to compete with TikTok in the social media space. The company reported strong user growth in recent quarters. Analysts note that META's AI capabilities gives it a competitive advantage.,CNN Business,https://example.com/news/74726,David Brown,Synthetic,0.434,,
2022-05-10,META CEO Mark Zuckerberg Addresses Company Future,Meta Platforms CEO Mark Zuckerberg spoke at a conference about the company's direction. Zuckerberg emphasized META's commitment to AI innovation. The company continues to invest in emerging technologies despite economic challenges.,Bloomberg,https://example.com/news/76959,Maria Garcia,Synthetic,0.022,,
2022-05-11,META Strengthens Competition from TikTok,Meta Platforms is investing heavily to compete with TikTok in the social media space. The company reported strong user growth in recent quarters. Analysts note that META's AI capabilities gives it a competitive advantage.,Bloomberg,https://example.com/news/31474,Chris Lee,Synthetic,0.226,,
2022-05-12,META Faces Increased Scrutiny Over Data Protection Rules,Meta Platforms is facing regulatory pressure regarding data protection rules. European regulators have raised concerns about the company's data practices. META has committed to cooperating with authorities to address these concerns.,Wall Street Journal,https://example.com/news/19512,Sarah Johnson,Synthetic,-0.624,,
2022-05-14,META Faces Increased Scrutiny Over Data Protection Rules,Meta Platforms is facing regulatory pressure regarding data protection rules. European regulators have raised concerns about the company's data practices. META has committed to cooperating with authorities to address these concerns.,Bloomberg,https://example.com/news/21690,Mike Davis,Synthetic,-0.222,,
2022-05-15,META Strengthens Competition from Pinterest,Meta Platforms is investing heavily to compete with Pinterest in the social media space. The company reported strong user growth in recent quarters. Analysts note that META's AI capabilities gives it a competitive advantage.,Business Insider,https://example.com/news/25051,Maria Garcia,Synthetic,0.568,,
2022-05-16,META Strengthens Competition from LinkedIn,Meta Platforms is investing heavily to compete with LinkedIn in the social media space. The company reported strong user growth in recent quarters. Analysts note that META's AI capabilities gives it a competitive advantage.,Business Insider,https://example.com/news/16979,Maria Garcia,Synthetic,0.678,,
2022-05-17,META meets QQ2 2022 Earnings Expectations,"Meta Platforms reported strong QQ2 2022 results, with revenue decreases by 0% year-over-year. The company's advertising business showed growth performance amid market volatility. CEO Mark Zuckerberg commented on the company's focus on AI development.",MarketWatch,https://example.com/news/38593,David Brown,Synthetic,0.682,,
2022-05-20,META CEO Mark Zuckerberg Addresses Company Future,Meta Platforms CEO Mark Zuckerberg spoke at a conference about the company's direction. Zuckerberg emphasized META's commitment to AI innovation. The company continues to invest in emerging technologies despite economic challenges.,CNN Business,https://example.com/news/25056,Mark Johnson,Synthetic,-0.292,,
2022-05-20,META Strengthens Competition from Snapchat,Meta Platforms is investing heavily to compete with Snapchat in the social media space. The company reported strong user growth in recent quarters. Analysts note that META's AI capabilities gives it a competitive advantage.,TechCrunch,https://example.com/news/54032,Alex Chen,Synthetic,0.692,,
2022-05-22,META Strengthens Competition from Twitter/X,Meta Platforms is investing heavily to compete with Twitter/X in the social media space. The company reported strong user growth in recent quarters. Analysts note that META's AI capabilities gives it a competitive advantage.,CNN Business,https://example.com/news/24501,Jessica Brown,Synthetic,0.465,,
2022-05-22,META Strengthens Competition from Pinterest,Meta Platforms is investing heavily to compete with Pinterest in the social media space. The company reported strong user growth in recent quarters. Analysts note that META's AI capabilities gives it a competitive advantage.,Business Insider,https://example.com/news/28144,Jessica Brown,Synthetic,0.613,,
2022-05-22,META Strengthens Competition from Snapchat,Meta Platforms is investing heavily to compete with Snapchat in the social media space. The company reported strong user growth in recent quarters. Analysts note that META's AI capabilities gives it a competitive advantage.,TechCrunch,https://example.com/news/78752,Anna Martinez,Synthetic,0.874,,
2022-05-23,META beats QQ2 2022 Earnings Expectations,"Meta Platforms reported strong QQ2 2022 results, with revenue increases by 11% year-over-year. The company's advertising business showed growth performance amid market volatility. CEO Mark Zuckerberg commented on the company's focus on AI development.",Reuters,https://example.com/news/24301,Lisa Anderson,Synthetic,0.532,,
2022-05-24,META meets QQ2 2022 Earnings Expectations,"Meta Platforms reported strong QQ2 2022 results, with revenue increases by 24% year-over-year. The company's advertising business showed growth performance amid market volatility. CEO Mark Zuckerberg commented on the company's focus on AI development.",MarketWatch,https://example.com/news/71090,Robert Taylor,Synthetic,0.277,,
2022-05-25,META Faces Increased Scrutiny Over Content Moderation Policies,Meta Platforms is facing regulatory pressure regarding content moderation policies. European regulators have raised concerns about the company's data practices. META has committed to cooperating with authorities to address these concerns.,BBC News,https://example.com/news/92099,Mike Davis,Synthetic,-0.766,,
2022-05-25,META misses QQ2 2022 Earnings Expectations,"Meta Platforms reported strong QQ2 2022 results, with revenue increases by 24% year-over-year. The company's advertising business showed growth performance amid market volatility. CEO Mark Zuckerberg commented on the company's focus on AI development.",Wall Street Journal,https://example.com/news/59654,Mark Johnson,Synthetic,0.616,,
2022-05-25,META Faces Increased Scrutiny Over Antitrust Concerns,Meta Platforms is facing regulatory pressure regarding antitrust concerns. European regulators have raised concerns about the company's data practices. META has committed to cooperating with authorities to address these concerns.,MarketWatch,https://example.com/news/24617,Lisa Anderson,Synthetic,-0.802,,
2022-05-26,META CEO Mark Zuckerberg Addresses Company Future,Meta Platforms CEO Mark Zuckerberg spoke at a conference about the company's direction. Zuckerberg emphasized META's commitment to AI innovation. The company continues to invest in emerging technologies despite economic challenges.,Financial Times,https://example.com/news/20912,Alex Chen,Synthetic,0.179,,
2022-05-28,META beats QQ2 2022 Earnings Expectations,"Meta Platforms reported strong QQ2 2022 results, with revenue increases by 8% year-over-year. The company's advertising business showed growth performance amid market volatility. CEO Mark Zuckerberg commented on the company's focus on AI development.",CNN Business,https://example.com/news/11151,Jessica Brown,Synthetic,0.115,,
2022-05-28,META Strengthens Competition from Twitter/X,Meta Platforms is investing heavily to compete with Twitter/X in the social media space. The company reported strong user growth in recent quarters. Analysts note that META's AI capabilities gives it a competitive advantage.,MarketWatch,https://example.com/news/28661,Mike Davis,Synthetic,0.676,,
2022-05-29,META CEO Mark Zuckerberg Addresses Company Future,Meta Platforms CEO Mark Zuckerberg spoke at a conference about the company's direction. Zuckerberg emphasized META's commitment to AI innovation. The company continues to invest in emerging technologies despite economic challenges.,Bloomberg,https://example.com/news/19253,Anna Martinez,Synthetic,-0.159,,
2022-05-30,META Faces Increased Scrutiny Over Data Protection Rules,Meta Platforms is facing regulatory pressure regarding data protection rules. European regulators have raised concerns about the company's data practices. META has committed to cooperating with authorities to address these concerns.,BBC News,https://example.com/news/69795,Anna Martinez,Synthetic,-0.68,,
2022-05-30,META Strengthens Competition from Snapchat,Meta Platforms is investing heavily to compete with Snapchat in the social media space. The company reported strong user growth in recent quarters. Analysts note that META's AI capabilities gives it a competitive advantage.,MarketWatch,https://example.com/news/80058,Robert Taylor,Synthetic,0.889,,
2022-05-30,META Strengthens Competition from TikTok,Meta Platforms is investing heavily to compete with TikTok in the social media space. The company reported strong user growth in recent quarters. Analysts note that META's AI capabilities gives it a competitive advantage.,Financial Times,https://example.com/news/19323,Chris Lee,Synthetic,0.862,,
2022-05-31,META Strengthens Competition from Pinterest,Meta Platforms is investing heavily to compete with Pinterest in the social media space. The company reported strong user growth in recent quarters. Analysts note that META's AI capabilities gives it a competitive advantage.,BBC News,https://example.com/news/42287,Robert Taylor,Synthetic,0.273,,
2022-06-01,META beats QQ2 2022 Earnings Expectations,"Meta Platforms reported strong QQ2 2022 results, with revenue increases by 14% year-over-year. The company's advertising business showed growth performance amid market volatility. CEO Mark Zuckerberg commented on the company's focus on AI development.",CNBC,https://example.com/news/42018,Lisa Anderson,Synthetic,0.334,,
2022-06-01,META misses QQ2 2022 Earnings Expectations,"Meta Platforms reported strong QQ2 2022 results, with revenue increases by 25% year-over-year. The company's advertising business showed growth performance amid market volatility. CEO Mark Zuckerberg commented on the company's focus on AI development.",The Verge,https://example.com/news/81965,Anna Martinez,Synthetic,0.184,,
2022-06-01,META Strengthens Competition from Pinterest,Meta Platforms is investing heavily to compete with Pinterest in the social media space. The company reported strong user growth in recent quarters. Analysts note that META's AI capabilities gives it a competitive advantage.,MarketWatch,https://example.com/news/82509,Lisa Anderson,Synthetic,0.847,,
2022-06-02,META CEO Mark Zuckerberg Addresses Company Future,Meta Platforms CEO Mark Zuckerberg spoke at a conference about the company's direction. Zuckerberg emphasized META's commitment to AI innovation. The company continues to invest in emerging technologies despite economic challenges.,CNBC,https://example.com/news/33437,Mark Johnson,Synthetic,0.234,,
2022-06-03,META CEO Mark Zuckerberg Addresses Company Future,Meta Platforms CEO Mark Zuckerberg spoke at a conference about the company's direction. Zuckerberg emphasized META's commitment to AI innovation. The company continues to invest in emerging technologies despite economic challenges.,Wall Street Journal,https://example.com/news/12038,Maria Garcia,Synthetic,-0.007,,
2022-06-03,META Faces Increased Scrutiny Over Content Moderation Policies,Meta Platforms is facing regulatory pressure regarding content moderation policies. European regulators have raised concerns about the company's data practices. META has committed to cooperating with authorities to address these concerns.,Reuters,https://example.com/news/95813,Jessica Brown,Synthetic,-0.625,,
2022-06-05,META Faces Increased Scrutiny Over Privacy Regulations,Meta Platforms is facing regulatory pressure regarding privacy regulations. European regulators have raised concerns about the company's data practices. META has committed to cooperating with authorities to address these concerns.,The Verge,https://example.com/news/97357,David Brown,Synthetic,-0.732,,
2022-06-07,META misses QQ2 2022 Earnings Expectations,"Meta Platforms reported strong QQ2 2022 results, with revenue decreases by 6% year-over-year. The company's advertising business showed growth performance amid market volatility. CEO Mark Zuckerberg commented on the company's focus on AI development.",Bloomberg,https://example.com/news/15090,John Smith,Synthetic,0.295,,
2022-06-08,META CEO Mark Zuckerberg Addresses Company Future,Meta Platforms CEO Mark Zuckerberg spoke at a conference about the company's direction. Zuckerberg emphasized META's commitment to AI innovation. The company continues to invest in emerging technologies despite economic challenges.,Business Insider,https://example.com/news/45664,Tom Wilson,Synthetic,-0.21,,
2022-06-10,META Announces Major Updates to Oculus Quest,"Meta Platforms unveiled significant content moderation for Oculus Quest, aiming to enhance user experience. The new features include advanced AI capabilities. Industry analysts suggest this could strengthen META's position in the social media market.",Bloomberg,https://example.com/news/52038,Robert Taylor,Synthetic,0.36,,
2022-06-12,META Strengthens Competition from LinkedIn,Meta Platforms is investing heavily to compete with LinkedIn in the social media space. The company reported strong user growth in recent quarters. Analysts note that META's AI capabilities gives it a competitive advantage.,Bloomberg,https://example.com/news/65977,David Brown,Synthetic,0.101,,
2022-06-12,META Announces Major Updates to Oculus Quest,"Meta Platforms unveiled significant advertising tools for Oculus Quest, aiming to enhance user experience. The new features include advanced AI capabilities. Industry analysts suggest this could strengthen META's position in the social media market.",Financial Times,https://example.com/news/90674,Emma Wilson,Synthetic,0.118,,
2022-06-13,META Announces Major Updates to Instagram,"Meta Platforms unveiled significant privacy updates for Instagram, aiming to enhance user experience. The new features include advanced AI capabilities. Industry analysts suggest this could strengthen META's position in the social media market.",Wall Street Journal,https://example.com/news/26897,Chris Lee,Synthetic,0.612,,
2022-06-18,META Faces Increased Scrutiny Over Privacy Regulations,Meta Platforms is facing regulatory pressure regarding privacy regulations. European regulators have raised concerns about the company's data practices. META has committed to cooperating with authorities to address these concerns.,CNBC,https://example.com/news/99958,Lisa Anderson,Synthetic,-0.448,,
2022-06-18,META meets QQ2 2022 Earnings Expectations,"Meta Platforms reported strong QQ2 2022 results, with revenue decreases by 10% year-over-year. The company's advertising business showed growth performance amid market volatility. CEO Mark Zuckerberg commented on the company's focus on AI development.",TechCrunch,https://example.com/news/51344,Sarah Johnson,Synthetic,0.305,,
2022-06-19,META CEO Mark Zuckerberg Addresses Company Future,Meta Platforms CEO Mark Zuckerberg spoke at a conference about the company's direction. Zuckerberg emphasized META's commitment to AI innovation. The company continues to invest in emerging technologies despite economic challenges.,Financial Times,https://example.com/news/64284,Mark Johnson,Synthetic,-0.027,,
2022-06-19,META Strengthens Competition from Snapchat,Meta Platforms is investing heavily to compete with Snapchat in the social media space. The company reported strong user growth in recent quarters. Analysts note that META's AI capabilities gives it a competitive advantage.,Reuters,https://example.com/news/71043,,Synthetic,0.103,,
2022-06-20,META Strengthens Competition from TikTok,Meta Platforms is investing heavily to compete with TikTok in the social media space. The company reported strong user growth in recent quarters. Analysts note that META's AI capabilities gives it a competitive advantage.,Reuters,https://example.com/news/38606,Maria Garcia,Synthetic,0.566,,
2022-06-21,META CEO Mark Zuckerberg Addresses Company Future,Meta Platforms CEO Mark Zuckerberg spoke at a conference about the company's direction. Zuckerberg emphasized META's commitment to AI innovation. The company continues to invest in emerging technologies despite economic challenges.,CNBC,https://example.com/news/14549,Tom Wilson,Synthetic,0.278,,
2022-06-22,META Faces Increased Scrutiny Over Data Protection Rules,Meta Platforms is facing regulatory pressure regarding data protection rules. European regulators have raised concerns about the company's data practices. META has committed to cooperating with authorities to address these concerns.,Financial Times,https://example.com/news/26003,John Smith,Synthetic,-0.227,,
2022-06-22,META meets QQ2 2022 Earnings Expectations,"Meta Platforms reported strong QQ2 2022 results, with revenue increases by 3% year-over-year. The company's advertising business showed growth performance amid market volatility. CEO Mark Zuckerberg commented on the company's focus on AI development.",The Verge,https://example.com/news/72097,Mike Davis,Synthetic,0.279,,
2022-06-23,META Faces Increased Scrutiny Over Data Protection Rules,Meta Platforms is facing regulatory pressure regarding data protection rules. European regulators have raised concerns about the company's data practices. META has committed to cooperating with authorities to address these concerns.,CNN Business,https://example.com/news/95229,Chris Lee,Synthetic,-0.73,,
2022-06-23,META Strengthens Competition from Twitter/X,Meta Platforms is investing heavily to compete with Twitter/X in the social media space. The company reported strong user growth in recent quarters. Analysts note that META's AI capabilities gives it a competitive advantage.,Financial Times,https://example.com/news/41879,Alex Chen,Synthetic,0.771,,
2022-06-23,META Strengthens Competition from TikTok,Meta Platforms is investing heavily to compete with TikTok in the social media space. The company reported strong user growth in recent quarters. Analysts note that META's AI capabilities gives it a competitive advantage.,Financial Times,https://example.com/news/16371,David Brown,Synthetic,0.738,,
2022-06-25,META CEO Mark Zuckerberg Addresses Company Future,Meta Platforms CEO Mark Zuckerberg spoke at a conference about the company's direction. Zuckerberg emphasized META's commitment to AI innovation. The company continues to invest in emerging technologies despite economic challenges.,The Verge,https://example.com/news/58696,Jennifer Lee,Synthetic,0.137,,
2022-06-26,META Strengthens Competition from Snapchat,Meta Platforms is investing heavily to compete with Snapchat in the social media space. The company reported strong user growth in recent quarters. Analysts note that META's AI capabilities gives it a competitive advantage.,Bloomberg,https://example.com/news/71320,Chris Lee,Synthetic,0.246,,
2022-06-26,META CEO Mark Zuckerberg Addresses Company Future,Meta Platforms CEO Mark Zuckerberg spoke at a conference about the company's direction. Zuckerberg emphasized META's commitment to AI innovation. The company continues to invest in emerging technologies despite economic challenges.,Business Insider,https://example.com/news/62079,Mike Davis,Synthetic,0.294,,
2022-06-28,META Faces Increased Scrutiny Over Antitrust Concerns,Meta Platforms is facing regulatory pressure regarding antitrust concerns. European regulators have raised concerns about the company's data practices. META has committed to cooperating with authorities to address these concerns.,Reuters,https://example.com/news/23557,Anna Martinez,Synthetic,-0.372,,
2022-06-29,META Faces Increased Scrutiny Over Data Protection Rules,Meta Platforms is facing regulatory pressure regarding data protection rules. European regulators have raised concerns about the company's data practices. META has committed to cooperating with authorities to address these concerns.,BBC News,https://example.com/news/24166,Maria Garcia,Synthetic,-0.187,,
2022-07-02,META Strengthens Competition from TikTok,Meta Platforms is investing heavily to compete with TikTok in the social media space. The company reported strong user growth in recent quarters. Analysts note that META's AI capabilities gives it a competitive advantage.,Reuters,https://example.com/news/69852,Alex Chen,Synthetic,0.193,,
2022-07-02,META CEO Mark Zuckerberg Addresses Company Future,Meta Platforms CEO Mark Zuckerberg spoke at a conference about the company's direction. Zuckerberg emphasized META's commitment to AI innovation. The company continues to invest in emerging technologies despite economic challenges.,MarketWatch,https://example.com/news/31917,Robert Taylor,Synthetic,-0.109,,
2022-07-04,META CEO Mark Zuckerberg Addresses Company Future,Meta Platforms CEO Mark Zuckerberg spoke at a conference about the company's direction. Zuckerberg emphasized META's commitment to AI innovation. The company continues to invest in emerging technologies despite economic challenges.,Reuters,https://example.com/news/48517,,Synthetic,0.252,,
2022-07-04,META Announces Major Updates to Threads,"Meta Platforms unveiled significant new algorithms for Threads, aiming to enhance user experience. The new features include advanced AI capabilities. Industry analysts suggest this could strengthen META's position in the social media market.",The Verge,https://example.com/news/82692,Anna Martinez,Synthetic,0.534,,
2022-07-05,META Strengthens Competition from TikTok,Meta Platforms is investing heavily to compete with TikTok in the social media space. The company reported strong user growth in recent quarters. Analysts note that META's AI capabilities gives it a competitive advantage.,CNBC,https://example.com/news/19570,Alex Chen,Synthetic,0.765,,
2022-07-05,META CEO Mark Zuckerberg Addresses Company Future,Meta Platforms CEO Mark Zuckerberg spoke at a conference about the company's direction. Zuckerberg emphasized META's commitment to AI innovation. The company continues to invest in emerging technologies despite economic challenges.,Business Insider,https://example.com/news/55748,John Smith,Synthetic,0.284,,
2022-07-05,META Faces Increased Scrutiny Over Privacy Regulations,Meta Platforms is facing regulatory pressure regarding privacy regulations. European regulators have raised concerns about the company's data practices. META has committed to cooperating with authorities to address these concerns.,Bloomberg,https://example.com/news/64516,Alex Chen,Synthetic,-0.614,,
2022-07-07,META Strengthens Competition from Pinterest,Meta Platforms is investing heavily to compete with Pinterest in the social media space. The company reported strong user growth in recent quarters. Analysts note that META's AI capabilities gives it a competitive advantage.,Wall Street Journal,https://example.com/news/86726,Jessica Brown,Synthetic,0.446,,
2022-07-10,META Faces Increased Scrutiny Over Data Protection Rules,Meta Platforms is facing regulatory pressure regarding data protection rules. European regulators have raised concerns about the company's data practices. META has committed to cooperating with authorities to address these concerns.,Business Insider,https://example.com/news/55337,Chris Lee,Synthetic,-0.243,,
2022-07-10,META Faces Increased Scrutiny Over Privacy Regulations,Meta Platforms is facing regulatory pressure regarding privacy regulations. European regulators have raised concerns about the company's data practices. META has committed to cooperating with authorities to address these concerns.,Reuters,https://example.com/news/45641,Tom Wilson,Synthetic,-0.898,,
2022-07-14,META Strengthens Competition from LinkedIn,Meta Platforms is investing heavily to compete with LinkedIn in the social media space. The company reported strong user growth in recent quarters. Analysts note that META's AI capabilities gives it a competitive advantage.,Bloomberg,https://example.com/news/56223,,Synthetic,0.477,,
2022-07-14,META CEO Mark Zuckerberg Addresses Company Future,Meta Platforms CEO Mark Zuckerberg spoke at a conference about the company's direction. Zuckerberg emphasized META's commitment to AI innovation. The company continues to invest in emerging technologies despite economic challenges.,Financial Times,https://example.com/news/49450,Emma Wilson,Synthetic,0.213,,
2022-07-16,META Faces Increased Scrutiny Over Data Protection Rules,Meta Platforms is facing regulatory pressure regarding data protection rules. European regulators have raised concerns about the company's data practices. META has committed to cooperating with authorities to address these concerns.,Wall Street Journal,https://example.com/news/94912,Lisa Anderson,Synthetic,-0.416,,
2022-07-17,META Faces Increased Scrutiny Over Antitrust Concerns,Meta Platforms is facing regulatory pressure regarding antitrust concerns. European regulators have raised concerns about the company's data practices. META has committed to cooperating with authorities to address these concerns.,Financial Times,https://example.com/news/62550,Alex Chen,Synthetic,-0.778,,
2022-07-18,META Announces Major Updates to Facebook,"Meta Platforms unveiled significant privacy updates for Facebook, aiming to enhance user experience. The new features include advanced AI capabilities. Industry analysts suggest this could strengthen META's position in the social media market.",CNN Business,https://example.com/news/42363,David Brown,Synthetic,0.695,,
2022-07-18,META Strengthens Competition from TikTok,Meta Platforms is investing heavily to compete with TikTok in the social media space. The company reported strong user growth in recent quarters. Analysts note that META's AI capabilities gives it a competitive advantage.,Wall Street Journal,https://example.com/news/98232,Alex Chen,Synthetic,0.764,,
2022-07-18,META CEO Mark Zuckerberg Addresses Company Future,Meta Platforms CEO Mark Zuckerberg spoke at a conference about the company's direction. Zuckerberg emphasized META's commitment to AI innovation. The company continues to invest in emerging technologies despite economic challenges.,TechCrunch,https://example.com/news/56893,Anna Martinez,Synthetic,-0.152,,
2022-07-19,META CEO Mark Zuckerberg Addresses Company Future,Meta Platforms CEO Mark Zuckerberg spoke at a conference about the company's direction. Zuckerberg emphasized META's commitment to AI innovation. The company continues to invest in emerging technologies despite economic challenges.,CNBC,https://example.com/news/43730,,Synthetic,0.188,,
2022-07-20,META CEO Mark Zuckerberg Addresses Company Future,Meta Platforms CEO Mark Zuckerberg spoke at a conference about the company's direction. Zuckerberg emphasized META's commitment to AI innovation. The company continues to invest in emerging technologies despite economic challenges.,Financial Times,https://example.com/news/33509,Jessica Brown,Synthetic,-0.256,,
2022-07-20,META Strengthens Competition from Twitter/X,Meta Platforms is investing heavily to compete with Twitter/X in the social media space. The company reported strong user growth in recent quarters. Analysts note that META's AI capabilities gives it a competitive advantage.,BBC News,https://example.com/news/78122,David Brown,Synthetic,0.548,,
2022-07-21,META Strengthens Competition from Pinterest,Meta Platforms is investing heavily to compete with Pinterest in the social media space. The company reported strong user growth in recent quarters. Analysts note that META's AI capabilities gives it a competitive advantage.,The Verge,https://example.com/news/44262,Emma Wilson,Synthetic,0.759,,
2022-07-22,META Announces Major Updates to Instagram,"Meta Platforms unveiled significant privacy updates for Instagram, aiming to enhance user experience. The new features include advanced AI capabilities. Industry analysts suggest this could strengthen META's position in the social media market.",CNN Business,https://example.com/news/80684,Mike Davis,Synthetic,0.292,,
2022-07-24,META CEO Mark Zuckerberg Addresses Company Future,Meta Platforms CEO Mark Zuckerberg spoke at a conference about the company's direction. Zuckerberg emphasized META's commitment to AI innovation. The company continues to invest in emerging technologies despite economic challenges.,Business Insider,https://example.com/news/50433,Mark Johnson,Synthetic,0.259,,
2022-07-25,META Faces Increased Scrutiny Over Privacy Regulations,Meta Platforms is facing regulatory pressure regarding privacy regulations. European regulators have raised concerns about the company's data practices. META has committed to cooperating with authorities to address these concerns.,Wall Street Journal,https://example.com/news/14373,Jennifer Lee,Synthetic,-0.547,,
2022-07-26,META CEO Mark Zuckerberg Addresses Company Future,Meta Platforms CEO Mark Zuckerberg spoke at a conference about the company's direction. Zuckerberg emphasized META's commitment to AI innovation. The company continues to invest in emerging technologies despite economic challenges.,CNBC,https://example.com/news/63901,John Smith,Synthetic,-0.133,,
2022-07-28,META Faces Increased Scrutiny Over Data Protection Rules,Meta Platforms is facing regulatory pressure regarding data protection rules. European regulators have raised concerns about the company's data practices. META has committed to cooperating with authorities to address these concerns.,Wall Street Journal,https://example.com/news/16205,Tom Wilson,Synthetic,-0.367,,
2022-07-29,META Announces Major Updates to Instagram,"Meta Platforms unveiled significant privacy updates for Instagram, aiming to enhance user experience. The new features include advanced AI capabilities. Industry analysts suggest this could strengthen META's position in the social media market.",MarketWatch,https://example.com/news/13383,Tom Wilson,Synthetic,0.218,,
2022-07-29,META beats QQ3 2022 Earnings Expectations,"Meta Platforms reported strong QQ3 2022 results, with revenue increases by 5% year-over-year. The company's advertising business showed growth performance amid market volatility. CEO Mark Zuckerberg commented on the company's focus on AI development.",Reuters,https://example.com/news/42413,David Brown,Synthetic,0.319,,
2022-07-31,META Faces Increased Scrutiny Over Content Moderation Policies,Meta Platforms is facing regulatory pressure regarding content moderation policies. European regulators have raised concerns about the company's data practices. META has committed to cooperating with authorities to address these concerns.,CNN Business,https://example.com/news/19324,Tom Wilson,Synthetic,-0.25,,
2022-07-31,META Faces Increased Scrutiny Over Privacy Regulations,Meta Platforms is facing regulatory pressure regarding privacy regulations. European regulators have raised concerns about the company's data practices. META has committed to cooperating with authorities to address these concerns.,MarketWatch,https://example.com/news/92874,Jessica Brown,Synthetic,-0.176,,
2022-08-02,META Strengthens Competition from LinkedIn,Meta Platforms is investing heavily to compete with LinkedIn in the social media space. The company reported strong user growth in recent quarters. Analysts note that META's AI capabilities gives it a competitive advantage.,Reuters,https://example.com/news/94634,Anna Martinez,Synthetic,0.68,,
2022-08-05,META Faces Increased Scrutiny Over Content Moderation Policies,Meta Platforms is facing regulatory pressure regarding content moderation policies. European regulators have raised concerns about the company's data practices. META has committed to cooperating with authorities to address these concerns.,BBC News,https://example.com/news/87986,Jessica Brown,Synthetic,-0.597,,
2022-08-06,META beats QQ3 2022 Earnings Expectations,"Meta Platforms reported strong QQ3 2022 results, with revenue decreases by 2% year-over-year. The company's advertising business showed growth performance amid market volatility. CEO Mark Zuckerberg commented on the company's focus on AI development.",Financial Times,https://example.com/news/98409,Lisa Anderson,Synthetic,0.661,,
2022-08-06,META Faces Increased Scrutiny Over Content Moderation Policies,Meta Platforms is facing regulatory pressure regarding content moderation policies. European regulators have raised concerns about the company's data practices. META has committed to cooperating with authorities to address these concerns.,CNN Business,https://example.com/news/31865,David Brown,Synthetic,-0.751,,
2022-08-07,META Strengthens Competition from LinkedIn,Meta Platforms is investing heavily to compete with LinkedIn in the social media space. The company reported strong user growth in recent quarters. Analysts note that META's AI capabilities gives it a competitive advantage.,BBC News,https://example.com/news/54117,Tom Wilson,Synthetic,0.186,,
2022-08-09,META Strengthens Competition from Pinterest,Meta Platforms is investing heavily to compete with Pinterest in the social media space. The company reported strong user growth in recent quarters. Analysts note that META's AI capabilities gives it a competitive advantage.,Bloomberg,https://example.com/news/94366,David Brown,Synthetic,0.776,,
2022-08-12,META Strengthens Competition from Twitter/X,Meta Platforms is investing heavily to compete with Twitter/X in the social media space. The company reported strong user growth in recent quarters. Analysts note that META's AI capabilities gives it a competitive advantage.,Financial Times,https://example.com/news/60213,Jennifer Lee,Synthetic,0.322,,
2022-08-12,META Strengthens Competition from Pinterest,Meta Platforms is investing heavily to compete with Pinterest in the social media space. The company reported strong user growth in recent quarters. Analysts note that META's AI capabilities gives it a competitive advantage.,CNBC,https://example.com/news/10215,Alex Chen,Synthetic,0.807,,
2022-08-13,META CEO Mark Zuckerberg Addresses Company Future,Meta Platforms CEO Mark Zuckerberg spoke at a conference about the company's direction. Zuckerberg emphasized META's commitment to AI innovation. The company continues to invest in emerging technologies despite economic challenges.,CNN Business,https://example.com/news/13318,Robert Taylor,Synthetic,0.144,,
2022-08-14,META meets QQ3 2022 Earnings Expectations,"Meta Platforms reported strong QQ3 2022 results, with revenue increases by 20% year-over-year. The company's advertising business showed growth performance amid market volatility. CEO Mark Zuckerberg commented on the company's focus on AI development.",Financial Times,https://example.com/news/35657,Emma Wilson,Synthetic,0.664,,
2022-08-14,META misses QQ3 2022 Earnings Expectations,"Meta Platforms reported strong QQ3 2022 results, with revenue increases by 16% year-over-year. The company's advertising business showed growth performance amid market volatility. CEO Mark Zuckerberg commented on the company's focus on AI development.",MarketWatch,https://example.com/news/24361,Chris Lee,Synthetic,0.371,,
2022-08-17,META Strengthens Competition from Snapchat,Meta Platforms is investing heavily to compete with Snapchat in the social media space. The company reported strong user growth in recent quarters. Analysts note that META's AI capabilities gives it a competitive advantage.,TechCrunch,https://example.com/news/73311,Robert Taylor,Synthetic,0.803,,
2022-08-18,META misses QQ3 2022 Earnings Expectations,"Meta Platforms reported strong QQ3 2022 results, with revenue increases by 22% year-over-year. The company's advertising business showed growth performance amid market volatility. CEO Mark Zuckerberg commented on the company's focus on AI development.",Wall Street Journal,https://example.com/news/70793,,Synthetic,0.496,,
2022-08-20,META Faces Increased Scrutiny Over Antitrust Concerns,Meta Platforms is facing regulatory pressure regarding antitrust concerns. European regulators have raised concerns about the company's data practices. META has committed to cooperating with authorities to address these concerns.,TechCrunch,https://example.com/news/19449,Emma Wilson,Synthetic,-0.354,,
2022-08-20,META beats QQ3 2022 Earnings Expectations,"Meta Platforms reported strong QQ3 2022 results, with revenue decreases by 11% year-over-year. The company's advertising business showed growth performance amid market volatility. CEO Mark Zuckerberg commented on the company's focus on AI development.",Financial Times,https://example.com/news/34919,David Brown,Synthetic,0.804,,
2022-08-20,META CEO Mark Zuckerberg Addresses Company Future,Meta Platforms CEO Mark Zuckerberg spoke at a conference about the company's direction. Zuckerberg emphasized META's commitment to AI innovation. The company continues to invest in emerging technologies despite economic challenges.,Financial Times,https://example.com/news/12822,Jessica Brown,Synthetic,0.297,,
2022-08-20,META Strengthens Competition from Twitter/X,Meta Platforms is investing heavily to compete with Twitter/X in the social media space. The company reported strong user growth in recent quarters. Analysts note that META's AI capabilities gives it a competitive advantage.,Bloomberg,https://example.com/news/93315,Chris Lee,Synthetic,0.193,,
2022-08-24,META Strengthens Competition from TikTok,Meta Platforms is investing heavily to compete with TikTok in the social media space. The company reported strong user growth in recent quarters. Analysts note that META's AI capabilities gives it a competitive advantage.,CNBC,https://example.com/news/91271,Maria Garcia,Synthetic,0.137,,
2022-08-27,META beats QQ3 2022 Earnings Expectations,"Meta Platforms reported strong QQ3 2022 results, with revenue increases by 5% year-over-year. The company's advertising business showed growth performance amid market volatility. CEO Mark Zuckerberg commented on the company's focus on AI development.",TechCrunch,https://example.com/news/55729,,Synthetic,0.244,,
2022-08-27,META Announces Major Updates to Instagram,"Meta Platforms unveiled significant privacy updates for Instagram, aiming to enhance user experience. The new features include advanced AI capabilities. Industry analysts suggest this could strengthen META's position in the social media market.",The Verge,https://example.com/news/97410,Mark Johnson,Synthetic,0.697,,
2022-08-27,META Faces Increased Scrutiny Over Privacy Regulations,Meta Platforms is facing regulatory pressure regarding privacy regulations. European regulators have raised concerns about the company's data practices. META has committed to cooperating with authorities to address these concerns.,Reuters,https://example.com/news/46627,Jennifer Lee,Synthetic,-0.376,,
2022-08-28,META Announces Major Updates to Oculus Quest,"Meta Platforms unveiled significant new algorithms for Oculus Quest, aiming to enhance user experience. The new features include advanced AI capabilities. Industry analysts suggest this could strengthen META's position in the social media market.",Financial Times,https://example.com/news/80898,Mark Johnson,Synthetic,0.674,,
2022-09-02,META CEO Mark Zuckerberg Addresses Company Future,Meta Platforms CEO Mark Zuckerberg spoke at a conference about the company's direction. Zuckerberg emphasized META's commitment to AI innovation. The company continues to invest in emerging technologies despite economic challenges.,Bloomberg,https://example.com/news/34716,Anna Martinez,Synthetic,-0.121,,
2022-09-03,META Announces Major Updates to WhatsApp,"Meta Platforms unveiled significant advertising tools for WhatsApp, aiming to enhance user experience. The new features include advanced AI capabilities. Industry analysts suggest this could strengthen META's position in the social media market.",MarketWatch,https://example.com/news/74651,Mark Johnson,Synthetic,0.596,,
2022-09-03,META Strengthens Competition from Snapchat,Meta Platforms is investing heavily to compete with Snapchat in the social media space. The company reported strong user growth in recent quarters. Analysts note that META's AI capabilities gives it a competitive advantage.,CNN Business,https://example.com/news/55114,Lisa Anderson,Synthetic,0.696,,
2022-09-06,META Strengthens Competition from Pinterest,Meta Platforms is investing heavily to compete with Pinterest in the social media space. The company reported strong user growth in recent quarters. Analysts note that META's AI capabilities gives it a competitive advantage.,Wall Street Journal,https://example.com/news/51909,John Smith,Synthetic,0.438,,
2022-09-07,META meets QQ3 2022 Earnings Expectations,"Meta Platforms reported strong QQ3 2022 results, with revenue decreases by 11% year-over-year. The company's advertising business showed growth performance amid market volatility. CEO Mark Zuckerberg commented on the company's focus on AI development.",TechCrunch,https://example.com/news/55442,Maria Garcia,Synthetic,0.346,,
2022-09-08,META beats QQ3 2022 Earnings Expectations,"Meta Platforms reported strong QQ3 2022 results, with revenue increases by 22% year-over-year. The company's advertising business showed growth performance amid market volatility. CEO Mark Zuckerberg commented on the company's focus on AI development.",CNBC,https://example.com/news/31261,Lisa Anderson,Synthetic,0.462,,
2022-09-09,META Strengthens Competition from TikTok,Meta Platforms is investing heavily to compete with TikTok in the social media space. The company reported strong user growth in recent quarters. Analysts note that META's AI capabilities gives it a competitive advantage.,Business Insider,https://example.com/news/48823,Jennifer Lee,Synthetic,0.316,,
2022-09-09,META Announces Major Updates to WhatsApp,"Meta Platforms unveiled significant new algorithms for WhatsApp, aiming to enhance user experience. The new features include advanced AI capabilities. Industry analysts suggest this could strengthen META's position in the social media market.",Reuters,https://example.com/news/96431,Mike Davis,Synthetic,0.222,,
2022-09-12,META CEO Mark Zuckerberg Addresses Company Future,Meta Platforms CEO Mark Zuckerberg spoke at a conference about the company's direction. Zuckerberg emphasized META's commitment to AI innovation. The company continues to invest in emerging technologies despite economic challenges.,Wall Street Journal,https://example.com/news/66653,,Synthetic,-0.197,,
2022-09-13,META Faces Increased Scrutiny Over Privacy Regulations,Meta Platforms is facing regulatory pressure regarding privacy regulations. European regulators have raised concerns about the company's data practices. META has committed to cooperating with authorities to address these concerns.,BBC News,https://example.com/news/46039,John Smith,Synthetic,-0.228,,
2022-09-13,META meets QQ3 2022 Earnings Expectations,"Meta Platforms reported strong QQ3 2022 results, with revenue increases by 2% year-over-year. The company's advertising business showed growth performance amid market volatility. CEO Mark Zuckerberg commented on the company's focus on AI development.",Business Insider,https://example.com/news/82163,Emma Wilson,Synthetic,0.366,,
2022-09-14,META CEO Mark Zuckerberg Addresses Company Future,Meta Platforms CEO Mark Zuckerberg spoke at a conference about the company's direction. Zuckerberg emphasized META's commitment to AI innovation. The company continues to invest in emerging technologies despite economic challenges.,Wall Street Journal,https://example.com/news/12027,John Smith,Synthetic,0.011,,
2022-09-15,META Strengthens Competition from Snapchat,Meta Platforms is investing heavily to compete with Snapchat in the social media space. The company reported strong user growth in recent quarters. Analysts note that META's AI capabilities gives it a competitive advantage.,Wall Street Journal,https://example.com/news/25449,Anna Martinez,Synthetic,0.617,,
2022-09-16,META Faces Increased Scrutiny Over Antitrust Concerns,Meta Platforms is facing regulatory pressure regarding antitrust concerns. European regulators have raised concerns about the company's data practices. META has committed to cooperating with authorities to address these concerns.,CNN Business,https://example.com/news/35674,Emma Wilson,Synthetic,-0.468,,
2022-09-17,META CEO Mark Zuckerberg Addresses Company Future,Meta Platforms CEO Mark Zuckerberg spoke at a conference about the company's direction. Zuckerberg emphasized META's commitment to AI innovation. The company continues to invest in emerging technologies despite economic challenges.,MarketWatch,https://example.com/news/40983,Mike Davis,Synthetic,0.278,,
2022-09-19,META Faces Increased Scrutiny Over Content Moderation Policies,Meta Platforms is facing regulatory pressure regarding content moderation policies. European regulators have raised concerns about the company's data practices. META has committed to cooperating with authorities to address these concerns.,BBC News,https://example.com/news/56036,John Smith,Synthetic,-0.654,,
2022-09-20,META CEO Mark Zuckerberg Addresses Company Future,Meta Platforms CEO Mark Zuckerberg spoke at a conference about the company's direction. Zuckerberg emphasized META's commitment to AI innovation. The company continues to invest in emerging technologies despite economic challenges.,CNBC,https://example.com/news/95400,Robert Taylor,Synthetic,0.191,,
2022-09-22,META Strengthens Competition from LinkedIn,Meta Platforms is investing heavily to compete with LinkedIn in the social media space. The company reported strong user growth in recent quarters. Analysts note that META's AI capabilities gives it a competitive advantage.,Bloomberg,https://example.com/news/76794,Lisa Anderson,Synthetic,0.682,,
2022-09-22,META Announces Major Updates to Threads,"Meta Platforms unveiled significant content moderation for Threads, aiming to enhance user experience. The new features include advanced AI capabilities. Industry analysts suggest this could strengthen META's position in the social media market.",The Verge,https://example.com/news/83338,Alex Chen,Synthetic,0.455,,
2022-09-23,META Strengthens Competition from Twitter/X,Meta Platforms is investing heavily to compete with Twitter/X in the social media space. The company reported strong user growth in recent quarters. Analysts note that META's AI capabilities gives it a competitive advantage.,CNN Business,https://example.com/news/26359,Jennifer Lee,Synthetic,0.134,,
2022-09-24,META Faces Increased Scrutiny Over Content Moderation Policies,Meta Platforms is facing regulatory pressure regarding content moderation policies. European regulators have raised concerns about the company's data practices. META has committed to cooperating with authorities to address these concerns.,CNBC,https://example.com/news/97980,Chris Lee,Synthetic,-0.606,,
2022-09-24,META Faces Increased Scrutiny Over Data Protection Rules,Meta Platforms is facing regulatory pressure regarding data protection rules. European regulators have raised concerns about the company's data practices. META has committed to cooperating with authorities to address these concerns.,CNN Business,https://example.com/news/51681,,Synthetic,-0.546,,
2022-09-24,META beats QQ3 2022 Earnings Expectations,"Meta Platforms reported strong QQ3 2022 results, with revenue decreases by 10% year-over-year. The company's advertising business showed growth performance amid market volatility. CEO Mark Zuckerberg commented on the company's focus on AI development.",CNN Business,https://example.com/news/44631,Tom Wilson,Synthetic,0.512,,
2022-09-25,META Faces Increased Scrutiny Over Data Protection Rules,Meta Platforms is facing regulatory pressure regarding data protection rules. European regulators have raised concerns about the company's data practices. META has committed to cooperating with authorities to address these concerns.,CNN Business,https://example.com/news/59678,David Brown,Synthetic,-0.264,,
2022-09-25,META Faces Increased Scrutiny Over Privacy Regulations,Meta Platforms is facing regulatory pressure regarding privacy regulations. European regulators have raised concerns about the company's data practices. META has committed to cooperating with authorities to address these concerns.,Financial Times,https://example.com/news/72755,Alex Chen,Synthetic,-0.74,,
2022-09-26,META Faces Increased Scrutiny Over Content Moderation Policies,Meta Platforms is facing regulatory pressure regarding content moderation policies. European regulators have raised concerns about the company's data practices. META has committed to cooperating with authorities to address these concerns.,The Verge,https://example.com/news/48139,Chris Lee,Synthetic,-0.186,,
2022-10-02,META CEO Mark Zuckerberg Addresses Company Future,Meta Platforms CEO Mark Zuckerberg spoke at a conference about the company's direction. Zuckerberg emphasized META's commitment to AI innovation. The company continues to invest in emerging technologies despite economic challenges.,Wall Street Journal,https://example.com/news/30042,Chris Lee,Synthetic,0.22,,
2022-10-02,META misses QQ4 2022 Earnings Expectations,"Meta Platforms reported strong QQ4 2022 results, with revenue decreases by 1% year-over-year. The company's advertising business showed growth performance amid market volatility. CEO Mark Zuckerberg commented on the company's focus on AI development.",TechCrunch,https://example.com/news/69452,Mark Johnson,Synthetic,0.675,,
2022-10-04,META Faces Increased Scrutiny Over Content Moderation Policies,Meta Platforms is facing regulatory pressure regarding content moderation policies. European regulators have raised concerns about the company's data practices. META has committed to cooperating with authorities to address these concerns.,CNN Business,https://example.com/news/30740,John Smith,Synthetic,-0.168,,
2022-10-04,META Strengthens Competition from TikTok,Meta Platforms is investing heavily to compete with TikTok in the social media space. The company reported strong user growth in recent quarters. Analysts note that META's AI capabilities gives it a competitive advantage.,Reuters,https://example.com/news/93560,David Brown,Synthetic,0.298,,
2022-10-05,META Faces Increased Scrutiny Over Content Moderation Policies,Meta Platforms is facing regulatory pressure regarding content moderation policies. European regulators have raised concerns about the company's data practices. META has committed to cooperating with authorities to address these concerns.,Financial Times,https://example.com/news/71620,Mark Johnson,Synthetic,-0.301,,
2022-10-06,META meets QQ4 2022 Earnings Expectations,"Meta Platforms reported strong QQ4 2022 results, with revenue increases by 22% year-over-year. The company's advertising business showed growth performance amid market volatility. CEO Mark Zuckerberg commented on the company's focus on AI development.",CNN Business,https://example.com/news/68863,Emma Wilson,Synthetic,0.157,,
2022-10-08,META Faces Increased Scrutiny Over Data Protection Rules,Meta Platforms is facing regulatory pressure regarding data protection rules. European regulators have raised concerns about the company's data practices. META has committed to cooperating with authorities to address these concerns.,Business Insider,https://example.com/news/96319,Robert Taylor,Synthetic,-0.769,,
2022-10-08,META CEO Mark Zuckerberg Addresses Company Future,Meta Platforms CEO Mark Zuckerberg spoke at a conference about the company's direction. Zuckerberg emphasized META's commitment to AI innovation. The company continues to invest in emerging technologies despite economic challenges.,Wall Street Journal,https://example.com/news/50220,Emma Wilson,Synthetic,0.107,,
2022-10-08,META Strengthens Competition from Pinterest,Meta Platforms is investing heavily to compete with Pinterest in the social media space. The company reported strong user growth in recent quarters. Analysts note that META's AI capabilities gives it a competitive advantage.,Wall Street Journal,https://example.com/news/44392,Tom Wilson,Synthetic,0.562,,
2022-10-09,META Strengthens Competition from TikTok,Meta Platforms is investing heavily to compete with TikTok in the social media space. The company reported strong user growth in recent quarters. Analysts note that META's AI capabilities gives it a competitive advantage.,Wall Street Journal,https://example.com/news/20937,David Brown,Synthetic,0.454,,
2022-10-11,META CEO Mark Zuckerberg Addresses Company Future,Meta Platforms CEO Mark Zuckerberg spoke at a conference about the company's direction. Zuckerberg emphasized META's commitment to AI innovation. The company continues to invest in emerging technologies despite economic challenges.,MarketWatch,https://example.com/news/58035,Anna Martinez,Synthetic,-0.24,,
2022-10-12,META CEO Mark Zuckerberg Addresses Company Future,Meta Platforms CEO Mark Zuckerberg spoke at a conference about the company's direction. Zuckerberg emphasized META's commitment to AI innovation. The company continues to invest in emerging technologies despite economic challenges.,Reuters,https://example.com/news/61904,Lisa Anderson,Synthetic,-0.182,,
2022-10-13,META Strengthens Competition from Pinterest,Meta Platforms is investing heavily to compete with Pinterest in the social media space. The company reported strong user growth in recent quarters. Analysts note that META's AI capabilities gives it a competitive advantage.,BBC News,https://example.com/news/68558,David Brown,Synthetic,0.15,,
2022-10-15,META Strengthens Competition from Twitter/X,Meta Platforms is investing heavily to compete with Twitter/X in the social media space. The company reported strong user growth in recent quarters. Analysts note that META's AI capabilities gives it a competitive advantage.,The Verge,https://example.com/news/47650,Lisa Anderson,Synthetic,0.116,,
2022-10-15,META beats QQ4 2022 Earnings Expectations,"Meta Platforms reported strong QQ4 2022 results, with revenue increases by 17% year-over-year. The company's advertising business showed growth performance amid market volatility. CEO Mark Zuckerberg commented on the company's focus on AI development.",Wall Street Journal,https://example.com/news/40344,,Synthetic,0.46,,
2022-10-17,META CEO Mark Zuckerberg Addresses Company Future,Meta Platforms CEO Mark Zuckerberg spoke at a conference about the company's direction. Zuckerberg emphasized META's commitment to AI innovation. The company continues to invest in emerging technologies despite economic challenges.,Business Insider,https://example.com/news/76989,David Brown,Synthetic,0.056,,
2022-10-18,META misses QQ4 2022 Earnings Expectations,"Meta Platforms reported strong QQ4 2022 results, with revenue increases by 22% year-over-year. The company's advertising business showed growth performance amid market volatility. CEO Mark Zuckerberg commented on the company's focus on AI development.",The Verge,https://example.com/news/63524,John Smith,Synthetic,0.824,,
2022-10-19,META beats QQ4 2022 Earnings Expectations,"Meta Platforms reported strong QQ4 2022 results, with revenue increases by 16% year-over-year. The company's advertising business showed growth performance amid market volatility. CEO Mark Zuckerberg commented on the company's focus on AI development.",CNN Business,https://example.com/news/15751,Alex Chen,Synthetic,0.793,,
2022-10-20,META Faces Increased Scrutiny Over Antitrust Concerns,Meta Platforms is facing regulatory pressure regarding antitrust concerns. European regulators have raised concerns about the company's data practices. META has committed to cooperating with authorities to address these concerns.,TechCrunch,https://example.com/news/26021,Alex Chen,Synthetic,-0.365,,
2022-10-21,META Announces Major Updates to Instagram,"Meta Platforms unveiled significant advertising tools for Instagram, aiming to enhance user experience. The new features include advanced AI capabilities. Industry analysts suggest this could strengthen META's position in the social media market.",Reuters,https://example.com/news/43691,Anna Martinez,Synthetic,0.261,,
2022-10-23,META CEO Mark Zuckerberg Addresses Company Future,Meta Platforms CEO Mark Zuckerberg spoke at a conference about the company's direction. Zuckerberg emphasized META's commitment to AI innovation. The company continues to invest in emerging technologies despite economic challenges.,Reuters,https://example.com/news/79227,Alex Chen,Synthetic,-0.125,,
2022-10-24,META misses QQ4 2022 Earnings Expectations,"Meta Platforms reported strong QQ4 2022 results, with revenue increases by 7% year-over-year. The company's advertising business showed growth performance amid market volatility. CEO Mark Zuckerberg commented on the company's focus on AI development.",Wall Street Journal,https://example.com/news/85476,John Smith,Synthetic,0.284,,
2022-10-26,META CEO Mark Zuckerberg Addresses Company Future,Meta Platforms CEO Mark Zuckerberg spoke at a conference about the company's direction. Zuckerberg emphasized META's commitment to AI innovation. The company continues to invest in emerging technologies despite economic challenges.,MarketWatch,https://example.com/news/80751,Jennifer Lee,Synthetic,0.088,,
2022-10-27,META Strengthens Competition from TikTok,Meta Platforms is investing heavily to compete with TikTok in the social media space. The company reported strong user growth in recent quarters. Analysts note that META's AI capabilities gives it a competitive advantage.,CNN Business,https://example.com/news/64790,Lisa Anderson,Synthetic,0.483,,
2022-10-31,META Faces Increased Scrutiny Over Privacy Regulations,Meta Platforms is facing regulatory pressure regarding privacy regulations. European regulators have raised concerns about the company's data practices. META has committed to cooperating with authorities to address these concerns.,CNBC,https://example.com/news/41182,Anna Martinez,Synthetic,-0.364,,
2022-11-01,META Announces Major Updates to Instagram,"Meta Platforms unveiled significant new algorithms for Instagram, aiming to enhance user experience. The new features include advanced AI capabilities. Industry analysts suggest this could strengthen META's position in the social media market.",CNBC,https://example.com/news/60068,Robert Taylor,Synthetic,0.174,,
2022-11-01,META CEO Mark Zuckerberg Addresses Company Future,Meta Platforms CEO Mark Zuckerberg spoke at a conference about the company's direction. Zuckerberg emphasized META's commitment to AI innovation. The company continues to invest in emerging technologies despite economic challenges.,TechCrunch,https://example.com/news/15978,Jennifer Lee,Synthetic,-0.02,,
2022-11-01,META meets QQ4 2022 Earnings Expectations,"Meta Platforms reported strong QQ4 2022 results, with revenue increases by 8% year-over-year. The company's advertising business showed growth performance amid market volatility. CEO Mark Zuckerberg commented on the company's focus on AI development.",Reuters,https://example.com/news/41760,Chris Lee,Synthetic,0.25,,
2022-11-01,META Announces Major Updates to WhatsApp,"Meta Platforms unveiled significant new algorithms for WhatsApp, aiming to enhance user experience. The new features include advanced AI capabilities. Industry analysts suggest this could strengthen META's position in the social media market.",The Verge,https://example.com/news/38267,Chris Lee,Synthetic,0.29,,
2022-11-02,META Faces Increased Scrutiny Over Content Moderation Policies,Meta Platforms is facing regulatory pressure regarding content moderation policies. European regulators have raised concerns about the company's data practices. META has committed to cooperating with authorities to address these concerns.,CNN Business,https://example.com/news/18139,Tom Wilson,Synthetic,-0.799,,
2022-11-02,META CEO Mark Zuckerberg Addresses Company Future,Meta Platforms CEO Mark Zuckerberg spoke at a conference about the company's direction. Zuckerberg emphasized META's commitment to AI innovation. The company continues to invest in emerging technologies despite economic challenges.,Bloomberg,https://example.com/news/50509,Maria Garcia,Synthetic,0.071,,
2022-11-03,META Strengthens Competition from Pinterest,Meta Platforms is investing heavily to compete with Pinterest in the social media space. The company reported strong user growth in recent quarters. Analysts note that META's AI capabilities gives it a competitive advantage.,CNBC,https://example.com/news/52504,Mark Johnson,Synthetic,0.834,,
2022-11-04,META Faces Increased Scrutiny Over Data Protection Rules,Meta Platforms is facing regulatory pressure regarding data protection rules. European regulators have raised concerns about the company's data practices. META has committed to cooperating with authorities to address these concerns.,Bloomberg,https://example.com/news/13447,Chris Lee,Synthetic,-0.355,,
2022-11-05,META Strengthens Competition from TikTok,Meta Platforms is investing heavily to compete with TikTok in the social media space. The company reported strong user growth in recent quarters. Analysts note that META's AI capabilities gives it a competitive advantage.,The Verge,https://example.com/news/27440,Alex Chen,Synthetic,0.796,,
2022-11-05,META Announces Major Updates to Oculus Quest,"Meta Platforms unveiled significant content moderation for Oculus Quest, aiming to enhance user experience. The new features include advanced AI capabilities. Industry analysts suggest this could strengthen META's position in the social media market.",Reuters,https://example.com/news/67014,Chris Lee,Synthetic,0.393,,
2022-11-09,META Announces Major Updates to WhatsApp,"Meta Platforms unveiled significant AI features for WhatsApp, aiming to enhance user experience. The new features include advanced AI capabilities. Industry analysts suggest this could strengthen META's position in the social media market.",Reuters,https://example.com/news/64535,Robert Taylor,Synthetic,0.267,,
2022-11-10,META CEO Mark Zuckerberg Addresses Company Future,Meta Platforms CEO Mark Zuckerberg spoke at a conference about the company's direction. Zuckerberg emphasized META's commitment to AI innovation. The company continues to invest in emerging technologies despite economic challenges.,Business Insider,https://example.com/news/51350,Anna Martinez,Synthetic,-0.162,,
2022-11-11,META misses QQ4 2022 Earnings Expectations,"Meta Platforms reported strong QQ4 2022 results, with revenue increases by 2% year-over-year. The company's advertising business showed growth performance amid market volatility. CEO Mark Zuckerberg commented on the company's focus on AI development.",Bloomberg,https://example.com/news/27448,Lisa Anderson,Synthetic,0.302,,
2022-11-12,META Announces Major Updates to Threads,"Meta Platforms unveiled significant privacy updates for Threads, aiming to enhance user experience. The new features include advanced AI capabilities. Industry analysts suggest this could strengthen META's position in the social media market.",The Verge,https://example.com/news/29417,Mark Johnson,Synthetic,0.387,,
2022-11-15,META CEO Mark Zuckerberg Addresses Company Future,Meta Platforms CEO Mark Zuckerberg spoke at a conference about the company's direction. Zuckerberg emphasized META's commitment to AI innovation. The company continues to invest in emerging technologies despite economic challenges.,MarketWatch,https://example.com/news/70510,Sarah Johnson,Synthetic,-0.294,,
2022-11-17,META Announces Major Updates to Facebook,"Meta Platforms unveiled significant AI features for Facebook, aiming to enhance user experience. The new features include advanced AI capabilities. Industry analysts suggest this could strengthen META's position in the social media market.",Reuters,https://example.com/news/12050,Maria Garcia,Synthetic,0.86,,
2022-11-18,META Faces Increased Scrutiny Over Content Moderation Policies,Meta Platforms is facing regulatory pressure regarding content moderation policies. European regulators have raised concerns about the company's data practices. META has committed to cooperating with authorities to address these concerns.,Reuters,https://example.com/news/88178,Chris Lee,Synthetic,-0.709,,
2022-11-19,META Faces Increased Scrutiny Over Content Moderation Policies,Meta Platforms is facing regulatory pressure regarding content moderation policies. European regulators have raised concerns about the company's data practices. META has committed to cooperating with authorities to address these concerns.,TechCrunch,https://example.com/news/34377,Chris Lee,Synthetic,-0.463,,
2022-11-19,META Announces Major Updates to Facebook,"Meta Platforms unveiled significant content moderation for Facebook, aiming to enhance user experience. The new features include advanced AI capabilities. Industry analysts suggest this could strengthen META's position in the social media market.",MarketWatch,https://example.com/news/38497,Chris Lee,Synthetic,0.853,,
2022-11-20,META Announces Major Updates to Threads,"Meta Platforms unveiled significant AI features for Threads, aiming to enhance user experience. The new features include advanced AI capabilities. Industry analysts suggest this could strengthen META's position in the social media market.",Wall Street Journal,https://example.com/news/98588,Mark Johnson,Synthetic,0.645,,
2022-11-21,META meets QQ4 2022 Earnings Expectations,"Meta Platforms reported strong QQ4 2022 results, with revenue increases by 23% year-over-year. The company's advertising business showed growth performance amid market volatility. CEO Mark Zuckerberg commented on the company's focus on AI development.",Wall Street Journal,https://example.com/news/86353,Sarah Johnson,Synthetic,0.292,,
2022-11-21,META Announces Major Updates to Instagram,"Meta Platforms unveiled significant AI features for Instagram, aiming to enhance user experience. The new features include advanced AI capabilities. Industry analysts suggest this could strengthen META's position in the social media market.",Wall Street Journal,https://example.com/news/73163,Maria Garcia,Synthetic,0.695,,
2022-11-22,META Announces Major Updates to Instagram,"Meta Platforms unveiled significant privacy updates for Instagram, aiming to enhance user experience. The new features include advanced AI capabilities. Industry analysts suggest this could strengthen META's position in the social media market.",CNN Business,https://example.com/news/65523,,Synthetic,0.292,,
2022-11-23,META Announces Major Updates to Threads,"Meta Platforms unveiled significant AI features for Threads, aiming to enhance user experience. The new features include advanced AI capabilities. Industry analysts suggest this could strengthen META's position in the social media market.",CNBC,https://example.com/news/82011,Maria Garcia,Synthetic,0.607,,
2022-11-23,META Strengthens Competition from Snapchat,Meta Platforms is investing heavily to compete with Snapchat in the social media space. The company reported strong user growth in recent quarters. Analysts note that META's AI capabilities gives it a competitive advantage.,CNN Business,https://example.com/news/41050,Jessica Brown,Synthetic,0.442,,
2022-11-24,META Strengthens Competition from Pinterest,Meta Platforms is investing heavily to compete with Pinterest in the social media space. The company reported strong user growth in recent quarters. Analysts note that META's AI capabilities gives it a competitive advantage.,MarketWatch,https://example.com/news/73441,Jennifer Lee,Synthetic,0.563,,
2022-11-24,META Strengthens Competition from TikTok,Meta Platforms is investing heavily to compete with TikTok in the social media space. The company reported strong user growth in recent quarters. Analysts note that META's AI capabilities gives it a competitive advantage.,CNBC,https://example.com/news/49265,Mike Davis,Synthetic,0.712,,
2022-11-25,META Strengthens Competition from Pinterest,Meta Platforms is investing heavily to compete with Pinterest in the social media space. The company reported strong user growth in recent quarters. Analysts note that META's AI capabilities gives it a competitive advantage.,CNBC,https://example.com/news/15816,Alex Chen,Synthetic,0.701,,
2022-11-26,META Announces Major Updates to WhatsApp,"Meta Platforms unveiled significant AI features for WhatsApp, aiming to enhance user experience. The new features include advanced AI capabilities. Industry analysts suggest this could strengthen META's position in the social media market.",Financial Times,https://example.com/news/34741,,Synthetic,0.46,,
2022-11-26,META Strengthens Competition from TikTok,Meta Platforms is investing heavily to compete with TikTok in the social media space. The company reported strong user growth in recent quarters. Analysts note that META's AI capabilities gives it a competitive advantage.,BBC News,https://example.com/news/90615,Anna Martinez,Synthetic,0.643,,
2022-11-28,META Faces Increased Scrutiny Over Antitrust Concerns,Meta Platforms is facing regulatory pressure regarding antitrust concerns. European regulators have raised concerns about the company's data practices. META has committed to cooperating with authorities to address these concerns.,CNN Business,https://example.com/news/63396,Robert Taylor,Synthetic,-0.762,,
2022-11-28,META CEO Mark Zuckerberg Addresses Company Future,Meta Platforms CEO Mark Zuckerberg spoke at a conference about the company's direction. Zuckerberg emphasized META's commitment to AI innovation. The company continues to invest in emerging technologies despite economic challenges.,Business Insider,https://example.com/news/88910,David Brown,Synthetic,0.243,,
2022-11-30,META Strengthens Competition from Snapchat,Meta Platforms is investing heavily to compete with Snapchat in the social media space. The company reported strong user growth in recent quarters. Analysts note that META's AI capabilities gives it a competitive advantage.,CNBC,https://example.com/news/77143,Robert Taylor,Synthetic,0.173,,
2022-12-01,META CEO Mark Zuckerberg Addresses Company Future,Meta Platforms CEO Mark Zuckerberg spoke at a conference about the company's direction. Zuckerberg emphasized META's commitment to AI innovation. The company continues to invest in emerging technologies despite economic challenges.,CNBC,https://example.com/news/47485,Tom Wilson,Synthetic,-0.232,,
2022-12-11,META CEO Mark Zuckerberg Addresses Company Future,Meta Platforms CEO Mark Zuckerberg spoke at a conference about the company's direction. Zuckerberg emphasized META's commitment to AI innovation. The company continues to invest in emerging technologies despite economic challenges.,CNN Business,https://example.com/news/87203,Lisa Anderson,Synthetic,-0.269,,
2022-12-11,META Strengthens Competition from Snapchat,Meta Platforms is investing heavily to compete with Snapchat in the social media space. The company reported strong user growth in recent quarters. Analysts note that META's AI capabilities gives it a competitive advantage.,CNBC,https://example.com/news/44366,David Brown,Synthetic,0.253,,
2022-12-12,META CEO Mark Zuckerberg Addresses Company Future,Meta Platforms CEO Mark Zuckerberg spoke at a conference about the company's direction. Zuckerberg emphasized META's commitment to AI innovation. The company continues to invest in emerging technologies despite economic challenges.,CNBC,https://example.com/news/73853,Anna Martinez,Synthetic,0.171,,
2022-12-12,META Announces Major Updates to Threads,"Meta Platforms unveiled significant new algorithms for Threads, aiming to enhance user experience. The new features include advanced AI capabilities. Industry analysts suggest this could strengthen META's position in the social media market.",The Verge,https://example.com/news/76458,Robert Taylor,Synthetic,0.632,,
2022-12-12,META Faces Increased Scrutiny Over Data Protection Rules,Meta Platforms is facing regulatory pressure regarding data protection rules. European regulators have raised concerns about the company's data practices. META has committed to cooperating with authorities to address these concerns.,Bloomberg,https://example.com/news/30143,Mark Johnson,Synthetic,-0.197,,
2022-12-14,META Strengthens Competition from LinkedIn,Meta Platforms is investing heavily to compete with LinkedIn in the social media space. The company reported strong user growth in recent quarters. Analysts note that META's AI capabilities gives it a competitive advantage.,TechCrunch,https://example.com/news/99464,Robert Taylor,Synthetic,0.519,,
2022-12-16,META Faces Increased Scrutiny Over Antitrust Concerns,Meta Platforms is facing regulatory pressure regarding antitrust concerns. European regulators have raised concerns about the company's data practices. META has committed to cooperating with authorities to address these concerns.,TechCrunch,https://example.com/news/82596,Emma Wilson,Synthetic,-0.333,,
2022-12-16,META misses QQ4 2022 Earnings Expectations,"Meta Platforms reported strong QQ4 2022 results, with revenue decreases by 8% year-over-year. The company's advertising business showed growth performance amid market volatility. CEO Mark Zuckerberg commented on the company's focus on AI development.",Wall Street Journal,https://example.com/news/77638,Lisa Anderson,Synthetic,0.564,,
2022-12-16,META Strengthens Competition from LinkedIn,Meta Platforms is investing heavily to compete with LinkedIn in the social media space. The company reported strong user growth in recent quarters. Analysts note that META's AI capabilities gives it a competitive advantage.,The Verge,https://example.com/news/56906,Maria Garcia,Synthetic,0.75,,
2022-12-17,META CEO Mark Zuckerberg Addresses Company Future,Meta Platforms CEO Mark Zuckerberg spoke at a conference about the company's direction. Zuckerberg emphasized META's commitment to AI innovation. The company continues to invest in emerging technologies despite economic challenges.,Financial Times,https://example.com/news/54552,Chris Lee,Synthetic,-0.001,,
2022-12-17,META Faces Increased Scrutiny Over Content Moderation Policies,Meta Platforms is facing regulatory pressure regarding content moderation policies. European regulators have raised concerns about the company's data practices. META has committed to cooperating with authorities to address these concerns.,Bloomberg,https://example.com/news/17725,Chris Lee,Synthetic,-0.47,,
2022-12-18,META misses QQ4 2022 Earnings Expectations,"Meta Platforms reported strong QQ4 2022 results, with revenue increases by 1% year-over-year. The company's advertising business showed growth performance amid market volatility. CEO Mark Zuckerberg commented on the company's focus on AI development.",The Verge,https://example.com/news/99696,,Synthetic,0.52,,
2022-12-21,META Faces Increased Scrutiny Over Content Moderation Policies,Meta Platforms is facing regulatory pressure regarding content moderation policies. European regulators have raised concerns about the company's data practices. META has committed to cooperating with authorities to address these concerns.,CNN Business,https://example.com/news/50757,Anna Martinez,Synthetic,-0.141,,
2022-12-21,META CEO Mark Zuckerberg Addresses Company Future,Meta Platforms CEO Mark Zuckerberg spoke at a conference about the company's direction. Zuckerberg emphasized META's commitment to AI innovation. The company continues to invest in emerging technologies despite economic challenges.,MarketWatch,https://example.com/news/24693,Tom Wilson,Synthetic,0.284,,
2022-12-24,META Faces Increased Scrutiny Over Antitrust Concerns,Meta Platforms is facing regulatory pressure regarding antitrust concerns. European regulators have raised concerns about the company's data practices. META has committed to cooperating with authorities to address these concerns.,TechCrunch,https://example.com/news/10192,Sarah Johnson,Synthetic,-0.571,,
2022-12-25,META Announces Major Updates to Threads,"Meta Platforms unveiled significant privacy updates for Threads, aiming to enhance user experience. The new features include advanced AI capabilities. Industry analysts suggest this could strengthen META's position in the social media market.",TechCrunch,https://example.com/news/83634,David Brown,Synthetic,0.288,,
2022-12-26,META CEO Mark Zuckerberg Addresses Company Future,Meta Platforms CEO Mark Zuckerberg spoke at a conference about the company's direction. Zuckerberg emphasized META's commitment to AI innovation. The company continues to invest in emerging technologies despite economic challenges.,TechCrunch,https://example.com/news/13708,Lisa Anderson,Synthetic,0.141,,
2022-12-27,META CEO Mark Zuckerberg Addresses Company Future,Meta Platforms CEO Mark Zuckerberg spoke at a conference about the company's direction. Zuckerberg emphasized META's commitment to AI innovation. The company continues to invest in emerging technologies despite economic challenges.,TechCrunch,https://example.com/news/27193,Chris Lee,Synthetic,-0.257,,
2022-12-30,META CEO Mark Zuckerberg Addresses Company Future,Meta Platforms CEO Mark Zuckerberg spoke at a conference about the company's direction. Zuckerberg emphasized META's commitment to AI innovation. The company continues to invest in emerging technologies despite economic challenges.,The Verge,https://example.com/news/87441,Anna Martinez,Synthetic,-0.176,,
2022-12-31,META CEO Mark Zuckerberg Addresses Company Future,Meta Platforms CEO Mark Zuckerberg spoke at a conference about the company's direction. Zuckerberg emphasized META's commitment to AI innovation. The company continues to invest in emerging technologies despite economic challenges.,Wall Street Journal,https://example.com/news/40114,Anna Martinez,Synthetic,-0.128,,
2023-01-02,META Strengthens Competition from Twitter/X,Meta Platforms is investing heavily to compete with Twitter/X in the social media space. The company reported strong user growth in recent quarters. Analysts note that META's AI capabilities gives it a competitive advantage.,TechCrunch,https://example.com/news/27087,Robert Taylor,Synthetic,0.318,,
2023-01-03,META Faces Increased Scrutiny Over Content Moderation Policies,Meta Platforms is facing regulatory pressure regarding content moderation policies. European regulators have raised concerns about the company's data practices. META has committed to cooperating with authorities to address these concerns.,Reuters,https://example.com/news/96618,Emma Wilson,Synthetic,-0.589,,
2023-01-03,META Reports Q4 2023 Earnings: Revenue strong 17%,"Meta Platforms reported strong earnings for Q4 2023, with revenue strong 17% year-over-year. The company's advertising business showed mixed performance amid market volatility.",Wall Street Journal,https://www.wallstreetjournal.com/article/20324,,NewsAPI,,,
2023-01-04,META CEO Mark Zuckerberg Addresses Company Future,Meta Platforms CEO Mark Zuckerberg spoke at a conference about the company's direction. Zuckerberg emphasized META's commitment to AI innovation. The company continues to invest in emerging technologies despite economic challenges.,Wall Street Journal,https://example.com/news/90148,John Smith,Synthetic,-0.053,,
2023-01-05,META Faces Increased Scrutiny Over Antitrust Concerns,Meta Platforms is facing regulatory pressure regarding antitrust concerns. European regulators have raised concerns about the company's data practices. META has committed to cooperating with authorities to address these concerns.,The Verge,https://example.com/news/89958,Jennifer Lee,Synthetic,-0.341,,
2023-01-05,META Stock Update,META shares fell 8% following earnings. Investors reacted positively about the company's current performance.,Bloomberg,https://finance.yahoo.com/news/meta-249011,John Smith,Alpha Vantage,0.2076,0.7207,Somewhat-Bullish
2023-01-07,META Strengthens Competition from TikTok,Meta Platforms is investing heavily to compete with TikTok in the social media space. The company reported strong user growth in recent quarters. Analysts note that META's AI capabilities gives it a competitive advantage.,MarketWatch,https://example.com/news/36600,Alex Chen,Synthetic,0.159,,
2023-01-07,META Announces Major Updates to Threads,"Meta Platforms unveiled significant advertising tools for Threads, aiming to enhance user experience. The new features include advanced AI capabilities. Industry analysts suggest this could strengthen META's position in the social media market.",Reuters,https://example.com/news/51980,Tom Wilson,Synthetic,0.437,,
2023-01-08,META Faces Increased Scrutiny Over Antitrust Concerns,Meta Platforms is facing regulatory pressure regarding antitrust concerns. European regulators have raised concerns about the company's data practices. META has committed to cooperating with authorities to address these concerns.,Business Insider,https://example.com/news/28643,Jennifer Lee,Synthetic,-0.181,,
2023-01-09,META Faces Increased Scrutiny Over Antitrust Concerns,Meta Platforms is facing regulatory pressure regarding antitrust concerns. European regulators have raised concerns about the company's data practices. META has committed to cooperating with authorities to address these concerns.,Reuters,https://example.com/news/51304,Jessica Brown,Synthetic,-0.702,,
2023-01-10,META Strengthens Competition from Snapchat,Meta Platforms is investing heavily to compete with Snapchat in the social media space. The company reported strong user growth in recent quarters. Analysts note that META's AI capabilities gives it a competitive advantage.,MarketWatch,https://example.com/news/39865,,Synthetic,0.687,,
2023-01-11,META Faces Increased Scrutiny Over Data Protection Rules,Meta Platforms is facing regulatory pressure regarding data protection rules. European regulators have raised concerns about the company's data practices. META has committed to cooperating with authorities to address these concerns.,CNN Business,https://example.com/news/13269,Mike Davis,Synthetic,-0.461,,
2023-01-13,META Faces Increased Scrutiny Over Privacy Regulations,Meta Platforms is facing regulatory pressure regarding privacy regulations. European regulators have raised concerns about the company's data practices. META has committed to cooperating with authorities to address these concerns.,MarketWatch,https://example.com/news/37402,David Brown,Synthetic,-0.703,,
2023-01-13,META CEO Mark Zuckerberg Addresses Company Future,Meta Platforms CEO Mark Zuckerberg spoke at a conference about the company's direction. Zuckerberg emphasized META's commitment to AI innovation. The company continues to invest in emerging technologies despite economic challenges.,CNBC,https://example.com/news/50190,David Brown,Synthetic,-0.267,,
2023-01-13,META beats QQ1 2023 Earnings Expectations,"Meta Platforms reported strong QQ1 2023 results, with revenue increases by 3% year-over-year. The company's advertising business showed growth performance amid market volatility. CEO Mark Zuckerberg commented on the company's focus on AI development.",MarketWatch,https://example.com/news/98156,John Smith,Synthetic,0.272,,
2023-01-14,META Strengthens Competition from LinkedIn,Meta Platforms is investing heavily to compete with LinkedIn in the social media space. The company reported strong user growth in recent quarters. Analysts note that META's AI capabilities gives it a competitive advantage.,Business Insider,https://example.com/news/92909,Lisa Anderson,Synthetic,0.222,,
2023-01-14,META CEO Mark Zuckerberg Addresses Company Future,Meta Platforms CEO Mark Zuckerberg spoke at a conference about the company's direction. Zuckerberg emphasized META's commitment to AI innovation. The company continues to invest in emerging technologies despite economic challenges.,The Verge,https://example.com/news/83463,Tom Wilson,Synthetic,-0.1,,
2023-01-15,META CEO Mark Zuckerberg Addresses Company Future,Meta Platforms CEO Mark Zuckerberg spoke at a conference about the company's direction. Zuckerberg emphasized META's commitment to AI innovation. The company continues to invest in emerging technologies despite economic challenges.,Reuters,https://example.com/news/22642,Sarah Johnson,Synthetic,-0.099,,
2023-01-16,META Stock Changes,META shares rose 5% following announcements. Investors reacted positively about the company's strategic direction.,CNBC,https://finance.yahoo.com/news/meta-248672,Alex Chen,Alpha Vantage,0.5436,0.35,Bullish
2023-01-16,META Announces Major Updates to Oculus Quest,"Meta Platforms unveiled significant AI features for Oculus Quest, aiming to enhance user experience. The new features include advanced AI capabilities. Industry analysts suggest this could strengthen META's position in the social media market.",Bloomberg,https://example.com/news/48977,Emma Wilson,Synthetic,0.741,,
2023-01-17,META Stock falls 14% After regulatory news,"Meta Platforms shares falls 14% following regulatory news. Investors reacted to market reactions, with analysts noting potential opportunities.",Financial Times,https://www.reuters.com/article/36019,Tom Wilson,NewsAPI,,,
2023-01-17,META Strengthens Competition from Snapchat,Meta Platforms is investing heavily to compete with Snapchat in the social media space. The company reported strong user growth in recent quarters. Analysts note that META's AI capabilities gives it a competitive advantage.,The Verge,https://example.com/news/38633,Robert Taylor,Synthetic,0.769,,
2023-01-19,META CEO Mark Zuckerberg Addresses Company Future,Meta Platforms CEO Mark Zuckerberg spoke at a conference about the company's direction. Zuckerberg emphasized META's commitment to AI innovation. The company continues to invest in emerging technologies despite economic challenges.,Financial Times,https://example.com/news/91584,Jessica Brown,Synthetic,0.184,,
2023-01-21,META Strengthens Competition from TikTok,Meta Platforms is investing heavily to compete with TikTok in the social media space. The company reported strong user growth in recent quarters. Analysts note that META's AI capabilities gives it a competitive advantage.,TechCrunch,https://example.com/news/99192,David Brown,Synthetic,0.245,,
2023-01-22,META CEO Mark Zuckerberg Addresses Company Future,Meta Platforms CEO Mark Zuckerberg spoke at a conference about the company's direction. Zuckerberg emphasized META's commitment to AI innovation. The company continues to invest in emerging technologies despite economic challenges.,Financial Times,https://example.com/news/96567,Mark Johnson,Synthetic,-0.142,,
2023-01-23,META Stock rises 21% After regulatory news,"Meta Platforms shares rises 21% following regulatory news. Investors reacted to management commentary, with analysts noting strategic shifts.",Business Insider,https://www.businessinsider.com/article/25012,John Smith,NewsAPI,,,
2023-01-24,META CEO Mark Zuckerberg Addresses Company Future,Meta Platforms CEO Mark Zuckerberg spoke at a conference about the company's direction. Zuckerberg emphasized META's commitment to AI innovation. The company continues to invest in emerging technologies despite economic challenges.,TechCrunch,https://example.com/news/61064,Alex Chen,Synthetic,-0.262,,
2023-01-25,META meets QQ1 2023 Earnings Expectations,"Meta Platforms reported strong QQ1 2023 results, with revenue increases by 16% year-over-year. The company's advertising business showed growth performance amid market volatility. CEO Mark Zuckerberg commented on the company's focus on AI development.",The Verge,https://example.com/news/62861,Maria Garcia,Synthetic,0.346,,
2023-01-26,META Announces AI features for WhatsApp,"Meta Platforms unveiled new AI features for WhatsApp, aiming to boost monetization. The update includes enhanced security and is expected to increase revenue.",CNBC,https://www.businessinsider.com/article/11353,Jennifer Lee,NewsAPI,,,
2023-01-26,META beats QQ1 2023 Earnings Expectations,"Meta Platforms reported strong QQ1 2023 results, with revenue increases by 1% year-over-year. The company's advertising business showed growth performance amid market volatility. CEO Mark Zuckerberg commented on the company's focus on AI development.",TechCrunch,https://example.com/news/27054,Mike Davis,Synthetic,0.323,,
2023-01-28,META CEO Mark Zuckerberg Addresses Company Future,Meta Platforms CEO Mark Zuckerberg spoke at a conference about the company's direction. Zuckerberg emphasized META's commitment to AI innovation. The company continues to invest in emerging technologies despite economic challenges.,MarketWatch,https://example.com/news/72396,Anna Martinez,Synthetic,0.229,,
2023-01-29,META CEO Mark Zuckerberg Addresses Company Future,Meta Platforms CEO Mark Zuckerberg spoke at a conference about the company's direction. Zuckerberg emphasized META's commitment to AI innovation. The company continues to invest in emerging technologies despite economic challenges.,Business Insider,https://example.com/news/78610,Mike Davis,Synthetic,-0.012,,
2023-01-30,META CEO Mark Zuckerberg Addresses Company Future,Meta Platforms CEO Mark Zuckerberg spoke at a conference about the company's direction. Zuckerberg emphasized META's commitment to AI innovation. The company continues to invest in emerging technologies despite economic challenges.,MarketWatch,https://example.com/news/50460,,Synthetic,0.259,,
2023-01-31,META Strengthens Competition from Twitter/X,Meta Platforms is investing heavily to compete with Twitter/X in the social media space. The company reported strong user growth in recent quarters. Analysts note that META's AI capabilities gives it a competitive advantage.,The Verge,https://example.com/news/80590,Emma Wilson,Synthetic,0.489,,
2023-01-31,META Faces Increased Scrutiny Over Content Moderation Policies,Meta Platforms is facing regulatory pressure regarding content moderation policies. European regulators have raised concerns about the company's data practices. META has committed to cooperating with authorities to address these concerns.,TechCrunch,https://example.com/news/54267,Robert Taylor,Synthetic,-0.533,,
2023-02-01,META Strengthens Competition from TikTok,Meta Platforms is investing heavily to compete with TikTok in the social media space. The company reported strong user growth in recent quarters. Analysts note that META's AI capabilities gives it a competitive advantage.,TechCrunch,https://example.com/news/91982,Jessica Brown,Synthetic,0.503,,
2023-02-04,META beats QQ1 2023 Earnings Expectations,"Meta Platforms reported strong QQ1 2023 results, with revenue increases by 12% year-over-year. The company's advertising business showed growth performance amid market volatility. CEO Mark Zuckerberg commented on the company's focus on AI development.",BBC News,https://example.com/news/16918,Chris Lee,Synthetic,0.647,,
2023-02-05,META misses QQ1 2023 Earnings Expectations,"Meta Platforms reported strong QQ1 2023 results, with revenue increases by 19% year-over-year. The company's advertising business showed growth performance amid market volatility. CEO Mark Zuckerberg commented on the company's focus on AI development.",Financial Times,https://example.com/news/54880,Sarah Johnson,Synthetic,0.789,,
2023-02-06,META Faces Increased Scrutiny Over Data Protection Rules,Meta Platforms is facing regulatory pressure regarding data protection rules. European regulators have raised concerns about the company's data practices. META has committed to cooperating with authorities to address these concerns.,The Verge,https://example.com/news/43237,Lisa Anderson,Synthetic,-0.142,,
2023-02-08,META CEO Mark Zuckerberg Addresses Company Future,Meta Platforms CEO Mark Zuckerberg spoke at a conference about the company's direction. Zuckerberg emphasized META's commitment to AI innovation. The company continues to invest in emerging technologies despite economic challenges.,Wall Street Journal,https://example.com/news/95747,Tom Wilson,Synthetic,0.064,,
2023-02-09,META Stock falls 18% After regulatory news,"Meta Platforms shares falls 18% following regulatory news. Investors reacted to market reactions, with analysts noting continued challenges.",Business Insider,https://www.wallstreetjournal.com/article/60451,Alex Chen,NewsAPI,,,
2023-02-10,META CEO Mark Zuckerberg Addresses Company Future,Meta Platforms CEO Mark Zuckerberg spoke at a conference about the company's direction. Zuckerberg emphasized META's commitment to AI innovation. The company continues to invest in emerging technologies despite economic challenges.,Business Insider,https://example.com/news/98846,Anna Martinez,Synthetic,-0.128,,
2023-02-13,META Strengthens Competition from LinkedIn,Meta Platforms is investing heavily to compete with LinkedIn in the social media space. The company reported strong user growth in recent quarters. Analysts note that META's AI capabilities gives it a competitive advantage.,Business Insider,https://example.com/news/77661,Sarah Johnson,Synthetic,0.842,,
2023-02-13,META meets QQ1 2023 Earnings Expectations,"Meta Platforms reported strong QQ1 2023 results, with revenue decreases by 3% year-over-year. The company's advertising business showed growth performance amid market volatility. CEO Mark Zuckerberg commented on the company's focus on AI development.",BBC News,https://example.com/news/61860,Jennifer Lee,Synthetic,0.282,,
2023-02-14,META Announces Major Updates to Threads,"Meta Platforms unveiled significant AI features for Threads, aiming to enhance user experience. The new features include advanced AI capabilities. Industry analysts suggest this could strengthen META's position in the social media market.",CNN Business,https://example.com/news/75763,Tom Wilson,Synthetic,0.23,,
2023-02-15,META misses QQ1 2023 Earnings Expectations,"Meta Platforms reported strong QQ1 2023 results, with revenue increases by 15% year-over-year. The company's advertising business showed growth performance amid market volatility. CEO Mark Zuckerberg commented on the company's focus on AI development.",Bloomberg,https://example.com/news/91192,Emma Wilson,Synthetic,0.845,,
2023-02-16,META CEO Mark Zuckerberg Addresses Company Future,Meta Platforms CEO Mark Zuckerberg spoke at a conference about the company's direction. Zuckerberg emphasized META's commitment to AI innovation. The company continues to invest in emerging technologies despite economic challenges.,Reuters,https://example.com/news/43882,Emma Wilson,Synthetic,-0.254,,
2023-02-16,META meets QQ1 2023 Earnings Expectations,"Meta Platforms reported strong QQ1 2023 results, with revenue increases by 23% year-over-year. The company's advertising business showed growth performance amid market volatility. CEO Mark Zuckerberg commented on the company's focus on AI development.",Bloomberg,https://example.com/news/88341,Alex Chen,Synthetic,0.475,,
2023-02-18,META CEO Mark Zuckerberg Addresses Company Future,Meta Platforms CEO Mark Zuckerberg spoke at a conference about the company's direction. Zuckerberg emphasized META's commitment to AI innovation. The company continues to invest in emerging technologies despite economic challenges.,CNN Business,https://example.com/news/23143,Anna Martinez,Synthetic,-0.061,,
2023-02-18,META Strengthens Competition from Snapchat,Meta Platforms is investing heavily to compete with Snapchat in the social media space. The company reported strong user growth in recent quarters. Analysts note that META's AI capabilities gives it a competitive advantage.,The Verge,https://example.com/news/71947,John Smith,Synthetic,0.17,,
2023-02-20,META Strengthens Competition from LinkedIn,Meta Platforms is investing heavily to compete with LinkedIn in the social media space. The company reported strong user growth in recent quarters. Analysts note that META's AI capabilities gives it a competitive advantage.,MarketWatch,https://example.com/news/23349,Alex Chen,Synthetic,0.241,,
2023-02-20,META Strengthens Competition from TikTok,Meta Platforms is investing heavily to compete with TikTok in the social media space. The company reported strong user growth in recent quarters. Analysts note that META's AI capabilities gives it a competitive advantage.,Financial Times,https://example.com/news/69950,Robert Taylor,Synthetic,0.186,,
2023-02-20,META meets QQ1 2023 Earnings Expectations,"Meta Platforms reported strong QQ1 2023 results, with revenue increases by 17% year-over-year. The company's advertising business showed growth performance amid market volatility. CEO Mark Zuckerberg commented on the company's focus on AI development.",Wall Street Journal,https://example.com/news/36592,Jennifer Lee,Synthetic,0.545,,
2023-02-21,META Faces Increased Scrutiny Over Content Moderation Policies,Meta Platforms is facing regulatory pressure regarding content moderation policies. European regulators have raised concerns about the company's data practices. META has committed to cooperating with authorities to address these concerns.,BBC News,https://example.com/news/36654,Robert Taylor,Synthetic,-0.445,,
2023-02-21,META Announces Major Updates to Instagram,"Meta Platforms unveiled significant privacy updates for Instagram, aiming to enhance user experience. The new features include advanced AI capabilities. Industry analysts suggest this could strengthen META's position in the social media market.",Reuters,https://example.com/news/45845,Maria Garcia,Synthetic,0.683,,
2023-02-22,META CEO Mark Zuckerberg Addresses Company Future,Meta Platforms CEO Mark Zuckerberg spoke at a conference about the company's direction. Zuckerberg emphasized META's commitment to AI innovation. The company continues to invest in emerging technologies despite economic challenges.,Business Insider,https://example.com/news/13491,Maria Garcia,Synthetic,-0.238,,
2023-02-23,META Announces Major Updates to Threads,"Meta Platforms unveiled significant AI features for Threads, aiming to enhance user experience. The new features include advanced AI capabilities. Industry analysts suggest this could strengthen META's position in the social media market.",Wall Street Journal,https://example.com/news/25803,Robert Taylor,Synthetic,0.109,,
2023-02-25,META beats QQ1 2023 Earnings Expectations,"Meta Platforms reported strong QQ1 2023 results, with revenue increases by 22% year-over-year. The company's advertising business showed growth performance amid market volatility. CEO Mark Zuckerberg commented on the company's focus on AI development.",Business Insider,https://example.com/news/53144,Emma Wilson,Synthetic,0.851,,
2023-02-26,META CEO Mark Zuckerberg Addresses Company Future,Meta Platforms CEO Mark Zuckerberg spoke at a conference about the company's direction. Zuckerberg emphasized META's commitment to AI innovation. The company continues to invest in emerging technologies despite economic challenges.,Bloomberg,https://example.com/news/16815,Tom Wilson,Synthetic,0.123,,
2023-02-28,META Faces Increased Scrutiny Over Antitrust Concerns,Meta Platforms is facing regulatory pressure regarding antitrust concerns. European regulators have raised concerns about the company's data practices. META has committed to cooperating with authorities to address these concerns.,BBC News,https://example.com/news/96582,Sarah Johnson,Synthetic,-0.105,,
2023-03-01,META Strengthens Competition from TikTok,Meta Platforms is investing heavily to compete with TikTok in the social media space. The company reported strong user growth in recent quarters. Analysts note that META's AI capabilities gives it a competitive advantage.,MarketWatch,https://example.com/news/37044,Tom Wilson,Synthetic,0.844,,
2023-03-03,META CEO Mark Zuckerberg Addresses Company Future,Meta Platforms CEO Mark Zuckerberg spoke at a conference about the company's direction. Zuckerberg emphasized META's commitment to AI innovation. The company continues to invest in emerging technologies despite economic challenges.,Business Insider,https://example.com/news/11022,Mike Davis,Synthetic,-0.271,,
2023-03-05,META Faces Increased Scrutiny Over Content Moderation Policies,Meta Platforms is facing regulatory pressure regarding content moderation policies. European regulators have raised concerns about the company's data practices. META has committed to cooperating with authorities to address these concerns.,BBC News,https://example.com/news/35981,Jessica Brown,Synthetic,-0.108,,
2023-03-06,META misses QQ1 2023 Earnings Expectations,"Meta Platforms reported strong QQ1 2023 results, with revenue increases by 7% year-over-year. The company's advertising business showed growth performance amid market volatility. CEO Mark Zuckerberg commented on the company's focus on AI development.",Financial Times,https://example.com/news/91771,David Brown,Synthetic,0.271,,
2023-03-08,META beats QQ1 2023 Earnings Expectations,"Meta Platforms reported strong QQ1 2023 results, with revenue decreases by 8% year-over-year. The company's advertising business showed growth performance amid market volatility. CEO Mark Zuckerberg commented on the company's focus on AI development.",Bloomberg,https://example.com/news/26494,Emma Wilson,Synthetic,0.738,,
2023-03-09,META Strengthens Competition from TikTok,Meta Platforms is investing heavily to compete with TikTok in the social media space. The company reported strong user growth in recent quarters. Analysts note that META's AI capabilities gives it a competitive advantage.,Financial Times,https://example.com/news/36052,Mike Davis,Synthetic,0.262,,
2023-03-10,META CEO Mark Zuckerberg Addresses Company Future,Meta Platforms CEO Mark Zuckerberg spoke at a conference about the company's direction. Zuckerberg emphasized META's commitment to AI innovation. The company continues to invest in emerging technologies despite economic challenges.,Wall Street Journal,https://example.com/news/99359,Sarah Johnson,Synthetic,0.087,,
2023-03-14,META Faces Increased Scrutiny Over Antitrust Concerns,Meta Platforms is facing regulatory pressure regarding antitrust concerns. European regulators have raised concerns about the company's data practices. META has committed to cooperating with authorities to address these concerns.,Financial Times,https://example.com/news/41432,John Smith,Synthetic,-0.556,,
2023-03-15,META meets QQ1 2023 Earnings Expectations,"Meta Platforms reported strong QQ1 2023 results, with revenue increases by 7% year-over-year. The company's advertising business showed growth performance amid market volatility. CEO Mark Zuckerberg commented on the company's focus on AI development.",TechCrunch,https://example.com/news/67275,Mike Davis,Synthetic,0.489,,
2023-03-17,META Faces Increased Scrutiny Over Privacy Regulations,Meta Platforms is facing regulatory pressure regarding privacy regulations. European regulators have raised concerns about the company's data practices. META has committed to cooperating with authorities to address these concerns.,The Verge,https://example.com/news/98012,Jennifer Lee,Synthetic,-0.409,,
2023-03-17,META Announces Major Updates to Facebook,"Meta Platforms unveiled significant content moderation for Facebook, aiming to enhance user experience. The new features include advanced AI capabilities. Industry analysts suggest this could strengthen META's position in the social media market.",MarketWatch,https://example.com/news/43382,Jennifer Lee,Synthetic,0.676,,
2023-03-17,META CEO Mark Zuckerberg Addresses Company Future,Meta Platforms CEO Mark Zuckerberg spoke at a conference about the company's direction. Zuckerberg emphasized META's commitment to AI innovation. The company continues to invest in emerging technologies despite economic challenges.,Financial Times,https://example.com/news/43255,Tom Wilson,Synthetic,-0.098,,
2023-03-17,META Reports Q1 2023 Earnings: Revenue strong 8%,"Meta Platforms reported strong earnings for Q1 2023, with revenue strong 8% year-over-year. The company's advertising business showed strong performance amid market volatility.",Financial Times,https://www.wallstreetjournal.com/article/88852,John Smith,NewsAPI,,,
2023-03-21,META Stock falls 8% After regulatory news,"Meta Platforms shares falls 8% following regulatory news. Investors reacted to management commentary, with analysts noting strategic shifts.",Wall Street Journal,https://www.businessinsider.com/article/24450,Jennifer Lee,NewsAPI,,,
2023-03-21,META Strengthens Competition from Snapchat,Meta Platforms is investing heavily to compete with Snapchat in the social media space. The company reported strong user growth in recent quarters. Analysts note that META's AI capabilities gives it a competitive advantage.,Bloomberg,https://example.com/news/29078,Robert Taylor,Synthetic,0.529,,
2023-03-22,META Faces Increased Scrutiny Over Antitrust Concerns,Meta Platforms is facing regulatory pressure regarding antitrust concerns. European regulators have raised concerns about the company's data practices. META has committed to cooperating with authorities to address these concerns.,MarketWatch,https://example.com/news/70829,Robert Taylor,Synthetic,-0.622,,
2023-03-26,META meets QQ1 2023 Earnings Expectations,"Meta Platforms reported strong QQ1 2023 results, with revenue increases by 25% year-over-year. The company's advertising business showed growth performance amid market volatility. CEO Mark Zuckerberg commented on the company's focus on AI development.",Financial Times,https://example.com/news/26217,David Brown,Synthetic,0.626,,
2023-03-26,META CEO Mark Zuckerberg Addresses Company Future,Meta Platforms CEO Mark Zuckerberg spoke at a conference about the company's direction. Zuckerberg emphasized META's commitment to AI innovation. The company continues to invest in emerging technologies despite economic challenges.,MarketWatch,https://example.com/news/25734,Sarah Johnson,Synthetic,-0.089,,
2023-03-27,META Strengthens Competition from Snapchat,Meta Platforms is investing heavily to compete with Snapchat in the social media space. The company reported strong user growth in recent quarters. Analysts note that META's AI capabilities gives it a competitive advantage.,CNBC,https://example.com/news/54338,David Brown,Synthetic,0.759,,
2023-03-27,META CEO Mark Zuckerberg Addresses Company Future,Meta Platforms CEO Mark Zuckerberg spoke at a conference about the company's direction. Zuckerberg emphasized META's commitment to AI innovation. The company continues to invest in emerging technologies despite economic challenges.,Business Insider,https://example.com/news/26321,John Smith,Synthetic,0.298,,
2023-03-30,META Strengthens Competition from TikTok,Meta Platforms is investing heavily to compete with TikTok in the social media space. The company reported strong user growth in recent quarters. Analysts note that META's AI capabilities gives it a competitive advantage.,CNBC,https://example.com/news/82982,Chris Lee,Synthetic,0.775,,
2023-04-02,META Announces Changes,Meta Platforms announced strategic changes aimed at boosting growth. The company expects this to drive revenue.,Financial Times,https://finance.yahoo.com/news/meta-759070,John Smith,Alpha Vantage,-0.5977,0.4276,Bearish
2023-04-03,META Strengthens Competition from TikTok,Meta Platforms is investing heavily to compete with TikTok in the social media space. The company reported strong user growth in recent quarters. Analysts note that META's AI capabilities gives it a competitive advantage.,Financial Times,https://example.com/news/54505,Mike Davis,Synthetic,0.448,,
2023-04-04,META Strengthens Competition from LinkedIn,Meta Platforms is investing heavily to compete with LinkedIn in the social media space. The company reported strong user growth in recent quarters. Analysts note that META's AI capabilities gives it a competitive advantage.,Business Insider,https://example.com/news/95301,Anna Martinez,Synthetic,0.374,,
2023-04-08,META misses QQ2 2023 Earnings Expectations,"Meta Platforms reported strong QQ2 2023 results, with revenue increases by 11% year-over-year. The company's advertising business showed growth performance amid market volatility. CEO Mark Zuckerberg commented on the company's focus on AI development.",Reuters,https://example.com/news/84376,Jennifer Lee,Synthetic,0.181,,
2023-04-08,META Faces Increased Scrutiny Over Privacy Regulations,Meta Platforms is facing regulatory pressure regarding privacy regulations. European regulators have raised concerns about the company's data practices. META has committed to cooperating with authorities to address these concerns.,TechCrunch,https://example.com/news/23511,David Brown,Synthetic,-0.805,,
2023-04-10,META Announces Major Updates to Oculus Quest,"Meta Platforms unveiled significant new algorithms for Oculus Quest, aiming to enhance user experience. The new features include advanced AI capabilities. Industry analysts suggest this could strengthen META's position in the social media market.",TechCrunch,https://example.com/news/53879,Mark Johnson,Synthetic,0.469,,
2023-04-11,META Announces Major Updates to Facebook,"Meta Platforms unveiled significant advertising tools for Facebook, aiming to enhance user experience. The new features include advanced AI capabilities. Industry analysts suggest this could strengthen META's position in the social media market.",Wall Street Journal,https://example.com/news/18759,Robert Taylor,Synthetic,0.616,,
2023-04-12,META CEO Mark Zuckerberg Addresses Company Future,Meta Platforms CEO Mark Zuckerberg spoke at a conference about the company's direction. Zuckerberg emphasized META's commitment to AI innovation. The company continues to invest in emerging technologies despite economic challenges.,Bloomberg,https://example.com/news/14124,Lisa Anderson,Synthetic,-0.257,,
2023-04-12,META Announces Major Updates to Oculus Quest,"Meta Platforms unveiled significant new algorithms for Oculus Quest, aiming to enhance user experience. The new features include advanced AI capabilities. Industry analysts suggest this could strengthen META's position in the social media market.",Business Insider,https://example.com/news/58047,Emma Wilson,Synthetic,0.682,,
2023-04-14,META Announces Major Updates to WhatsApp,"Meta Platforms unveiled significant advertising tools for WhatsApp, aiming to enhance user experience. The new features include advanced AI capabilities. Industry analysts suggest this could strengthen META's position in the social media market.",TechCrunch,https://example.com/news/65603,Mike Davis,Synthetic,0.306,,
2023-04-15,META Strengthens Competition from TikTok,Meta Platforms is investing heavily to compete with TikTok in the social media space. The company reported strong user growth in recent quarters. Analysts note that META's AI capabilities gives it a competitive advantage.,Wall Street Journal,https://example.com/news/71025,Jennifer Lee,Synthetic,0.372,,
2023-04-15,META beats QQ2 2023 Earnings Expectations,"Meta Platforms reported strong QQ2 2023 results, with revenue increases by 21% year-over-year. The company's advertising business showed growth performance amid market volatility. CEO Mark Zuckerberg commented on the company's focus on AI development.",CNN Business,https://example.com/news/61029,Mike Davis,Synthetic,0.388,,
2023-04-16,META meets QQ2 2023 Earnings Expectations,"Meta Platforms reported strong QQ2 2023 results, with revenue increases by 2% year-over-year. The company's advertising business showed growth performance amid market volatility. CEO Mark Zuckerberg commented on the company's focus on AI development.",Bloomberg,https://example.com/news/92764,Anna Martinez,Synthetic,0.743,,
2023-04-17,META Q2 Changes,Meta Platforms announced organizational updates aimed at enhancing user experience. The company expects this to drive revenue.,MarketWatch,https://finance.yahoo.com/news/meta-712479,"Sarah Johnson, Mike Davis",Alpha Vantage,-0.4382,0.1234,Bearish
2023-04-18,META CEO Mark Zuckerberg Addresses Company Future,Meta Platforms CEO Mark Zuckerberg spoke at a conference about the company's direction. Zuckerberg emphasized META's commitment to AI innovation. The company continues to invest in emerging technologies despite economic challenges.,Financial Times,https://example.com/news/45809,Jennifer Lee,Synthetic,0.146,,
2023-04-21,META Reports Q1 2023 Earnings: Revenue strong 20%,"Meta Platforms reported strong earnings for Q1 2023, with revenue strong 20% year-over-year. The company's advertising business showed challenging performance amid market volatility.",Reuters,https://www.businessinsider.com/article/25862,Jennifer Lee,NewsAPI,,,
2023-04-21,META Strengthens Competition from LinkedIn,Meta Platforms is investing heavily to compete with LinkedIn in the social media space. The company reported strong user growth in recent quarters. Analysts note that META's AI capabilities gives it a competitive advantage.,TechCrunch,https://example.com/news/39987,Maria Garcia,Synthetic,0.309,,
2023-04-22,META Strengthens Competition from TikTok,Meta Platforms is investing heavily to compete with TikTok in the social media space. The company reported strong user growth in recent quarters. Analysts note that META's AI capabilities gives it a competitive advantage.,Financial Times,https://example.com/news/54205,Lisa Anderson,Synthetic,0.365,,
2023-04-23,META Q2 Results,Meta Platforms announced strategic changes aimed at boosting growth. The company expects this to increase adoption.,Wall Street Journal,https://finance.yahoo.com/news/meta-506388,John Smith,Alpha Vantage,-0.2232,0.5715,Somewhat-Bearish
2023-04-23,META CEO Mark Zuckerberg Addresses Company Future,Meta Platforms CEO Mark Zuckerberg spoke at a conference about the company's direction. Zuckerberg emphasized META's commitment to AI innovation. The company continues to invest in emerging technologies despite economic challenges.,Bloomberg,https://example.com/news/34325,Jessica Brown,Synthetic,0.059,,
2023-04-24,META Faces Increased Scrutiny Over Privacy Regulations,Meta Platforms is facing regulatory pressure regarding privacy regulations. European regulators have raised concerns about the company's data practices. META has committed to cooperating with authorities to address these concerns.,CNN Business,https://example.com/news/17907,Mike Davis,Synthetic,-0.344,,
2023-04-25,META CEO Mark Zuckerberg Addresses Company Future,Meta Platforms CEO Mark Zuckerberg spoke at a conference about the company's direction. Zuckerberg emphasized META's commitment to AI innovation. The company continues to invest in emerging technologies despite economic challenges.,Wall Street Journal,https://example.com/news/12433,Anna Martinez,Synthetic,0.145,,
2023-04-27,META Announces Results,Meta Platforms announced strategic changes aimed at boosting growth. The company expects this to strengthen position.,MarketWatch,https://finance.yahoo.com/news/meta-693560,Maria Garcia,Alpha Vantage,0.1651,0.2425,Somewhat-Bullish
2023-04-28,META Stock rises 17% After product launch,"Meta Platforms shares rises 17% following product launch. Investors reacted to management commentary, with analysts noting strategic shifts.",Business Insider,https://www.cnbc.com/article/62638,,NewsAPI,,,
2023-04-28,META Strengthens Competition from TikTok,Meta Platforms is investing heavily to compete with TikTok in the social media space. The company reported strong user growth in recent quarters. Analysts note that META's AI capabilities gives it a competitive advantage.,Wall Street Journal,https://example.com/news/40008,Lisa Anderson,Synthetic,0.767,,
2023-04-29,META Strengthens Competition from Twitter/X,Meta Platforms is investing heavily to compete with Twitter/X in the social media space. The company reported strong user growth in recent quarters. Analysts note that META's AI capabilities gives it a competitive advantage.,Bloomberg,https://example.com/news/86442,Maria Garcia,Synthetic,0.695,,
2023-05-02,META misses QQ2 2023 Earnings Expectations,"Meta Platforms reported strong QQ2 2023 results, with revenue decreases by 15% year-over-year. The company's advertising business showed growth performance amid market volatility. CEO Mark Zuckerberg commented on the company's focus on AI development.",Wall Street Journal,https://example.com/news/91477,Jessica Brown,Synthetic,0.693,,
2023-05-02,META Strengthens Competition from Pinterest,Meta Platforms is investing heavily to compete with Pinterest in the social media space. The company reported strong user growth in recent quarters. Analysts note that META's AI capabilities gives it a competitive advantage.,Wall Street Journal,https://example.com/news/40714,Jennifer Lee,Synthetic,0.671,,
2023-05-02,META Announces Changes,Meta Platforms announced organizational updates aimed at enhancing user experience. The company expects this to increase adoption.,Financial Times,https://finance.yahoo.com/news/meta-912161,Lisa Anderson,Alpha Vantage,0.167,0.799,Somewhat-Bullish
2023-05-02,META meets QQ2 2023 Earnings Expectations,"Meta Platforms reported strong QQ2 2023 results, with revenue increases by 2% year-over-year. The company's advertising business showed growth performance amid market volatility. CEO Mark Zuckerberg commented on the company's focus on AI development.",Business Insider,https://example.com/news/96931,Jessica Brown,Synthetic,0.314,,
2023-05-03,META Announces Major Updates to Oculus Quest,"Meta Platforms unveiled significant content moderation for Oculus Quest, aiming to enhance user experience. The new features include advanced AI capabilities. Industry analysts suggest this could strengthen META's position in the social media market.",CNN Business,https://example.com/news/10524,,Synthetic,0.131,,
2023-05-04,META meets QQ2 2023 Earnings Expectations,"Meta Platforms reported strong QQ2 2023 results, with revenue increases by 1% year-over-year. The company's advertising business showed growth performance amid market volatility. CEO Mark Zuckerberg commented on the company's focus on AI development.",Bloomberg,https://example.com/news/68613,John Smith,Synthetic,0.519,,
2023-05-05,META Faces Increased Scrutiny Over Antitrust Concerns,Meta Platforms is facing regulatory pressure regarding antitrust concerns. European regulators have raised concerns about the company's data practices. META has committed to cooperating with authorities to address these concerns.,Business Insider,https://example.com/news/50295,Mark Johnson,Synthetic,-0.433,,
2023-05-05,META beats QQ2 2023 Earnings Expectations,"Meta Platforms reported strong QQ2 2023 results, with revenue decreases by 2% year-over-year. The company's advertising business showed growth performance amid market volatility. CEO Mark Zuckerberg commented on the company's focus on AI development.",TechCrunch,https://example.com/news/71012,Mike Davis,Synthetic,0.7,,
2023-05-05,META Strengthens Competition from LinkedIn,Meta Platforms is investing heavily to compete with LinkedIn in the social media space. The company reported strong user growth in recent quarters. Analysts note that META's AI capabilities gives it a competitive advantage.,MarketWatch,https://example.com/news/68066,Jessica Brown,Synthetic,0.318,,
2023-05-07,META Q3 Update,Meta Platforms announced strategic changes aimed at improving engagement. The company expects this to drive revenue.,Wall Street Journal,https://finance.yahoo.com/news/meta-232667,David Brown,Alpha Vantage,0.2958,0.5633,Somewhat-Bullish
2023-05-08,META Faces Increased Scrutiny Over Content Moderation Policies,Meta Platforms is facing regulatory pressure regarding content moderation policies. European regulators have raised concerns about the company's data practices. META has committed to cooperating with authorities to address these concerns.,BBC News,https://example.com/news/20720,Maria Garcia,Synthetic,-0.676,,
2023-05-09,META Announces Major Updates to Facebook,"Meta Platforms unveiled significant AI features for Facebook, aiming to enhance user experience. The new features include advanced AI capabilities. Industry analysts suggest this could strengthen META's position in the social media market.",Bloomberg,https://example.com/news/13274,Robert Taylor,Synthetic,0.161,,
2023-05-11,META Announces Major Updates to WhatsApp,"Meta Platforms unveiled significant advertising tools for WhatsApp, aiming to enhance user experience. The new features include advanced AI capabilities. Industry analysts suggest this could strengthen META's position in the social media market.",Business Insider,https://example.com/news/66990,John Smith,Synthetic,0.665,,
2023-05-12,META Strengthens Competition from Snapchat,Meta Platforms is investing heavily to compete with Snapchat in the social media space. The company reported strong user growth in recent quarters. Analysts note that META's AI capabilities gives it a competitive advantage.,CNN Business,https://example.com/news/24193,Tom Wilson,Synthetic,0.399,,
2023-05-13,META beats QQ2 2023 Earnings Expectations,"Meta Platforms reported strong QQ2 2023 results, with revenue decreases by 9% year-over-year. The company's advertising business showed growth performance amid market volatility. CEO Mark Zuckerberg commented on the company's focus on AI development.",TechCrunch,https://example.com/news/22891,Anna Martinez,Synthetic,0.788,,
2023-05-14,META Faces Increased Scrutiny Over Privacy Regulations,Meta Platforms is facing regulatory pressure regarding privacy regulations. European regulators have raised concerns about the company's data practices. META has committed to cooperating with authorities to address these concerns.,The Verge,https://example.com/news/24190,Mark Johnson,Synthetic,-0.613,,
2023-05-14,META Announces Major Updates to Instagram,"Meta Platforms unveiled significant new algorithms for Instagram, aiming to enhance user experience. The new features include advanced AI capabilities. Industry analysts suggest this could strengthen META's position in the social media market.",TechCrunch,https://example.com/news/84019,Mark Johnson,Synthetic,0.486,,
2023-05-15,META Strengthens Competition from Pinterest,Meta Platforms is investing heavily to compete with Pinterest in the social media space. The company reported strong user growth in recent quarters. Analysts note that META's AI capabilities gives it a competitive advantage.,CNN Business,https://example.com/news/29349,Sarah Johnson,Synthetic,0.706,,
2023-05-15,META Faces Increased Scrutiny Over Antitrust Concerns,Meta Platforms is facing regulatory pressure regarding antitrust concerns. European regulators have raised concerns about the company's data practices. META has committed to cooperating with authorities to address these concerns.,Wall Street Journal,https://example.com/news/60968,David Brown,Synthetic,-0.62,,
2023-05-17,META Strengthens Competition from TikTok,Meta Platforms is investing heavily to compete with TikTok in the social media space. The company reported strong user growth in recent quarters. Analysts note that META's AI capabilities gives it a competitive advantage.,BBC News,https://example.com/news/73340,Jessica Brown,Synthetic,0.612,,
2023-05-18,META Faces Increased Scrutiny Over Content Moderation Policies,Meta Platforms is facing regulatory pressure regarding content moderation policies. European regulators have raised concerns about the company's data practices. META has committed to cooperating with authorities to address these concerns.,Reuters,https://example.com/news/59385,David Brown,Synthetic,-0.121,,
2023-05-18,META CEO Mark Zuckerberg Addresses Company Future,Meta Platforms CEO Mark Zuckerberg spoke at a conference about the company's direction. Zuckerberg emphasized META's commitment to AI innovation. The company continues to invest in emerging technologies despite economic challenges.,MarketWatch,https://example.com/news/10686,Jessica Brown,Synthetic,0.125,,
2023-05-20,META meets QQ2 2023 Earnings Expectations,"Meta Platforms reported strong QQ2 2023 results, with revenue increases by 11% year-over-year. The company's advertising business showed growth performance amid market volatility. CEO Mark Zuckerberg commented on the company's focus on AI development.",CNN Business,https://example.com/news/93317,Jessica Brown,Synthetic,0.173,,
2023-05-21,META Faces Increased Scrutiny Over Content Moderation Policies,Meta Platforms is facing regulatory pressure regarding content moderation policies. European regulators have raised concerns about the company's data practices. META has committed to cooperating with authorities to address these concerns.,Business Insider,https://example.com/news/14570,Mike Davis,Synthetic,-0.249,,
2023-05-21,META Announces Major Updates to Facebook,"Meta Platforms unveiled significant content moderation for Facebook, aiming to enhance user experience. The new features include advanced AI capabilities. Industry analysts suggest this could strengthen META's position in the social media market.",CNN Business,https://example.com/news/34331,Tom Wilson,Synthetic,0.408,,
2023-05-24,META Strengthens Competition from LinkedIn,Meta Platforms is investing heavily to compete with LinkedIn in the social media space. The company reported strong user growth in recent quarters. Analysts note that META's AI capabilities gives it a competitive advantage.,Business Insider,https://example.com/news/72217,Maria Garcia,Synthetic,0.514,,
2023-05-24,META CEO Mark Zuckerberg Addresses Company Future,Meta Platforms CEO Mark Zuckerberg spoke at a conference about the company's direction. Zuckerberg emphasized META's commitment to AI innovation. The company continues to invest in emerging technologies despite economic challenges.,The Verge,https://example.com/news/90677,Sarah Johnson,Synthetic,-0.179,,
2023-05-25,META Announces Major Updates to Facebook,"Meta Platforms unveiled significant advertising tools for Facebook, aiming to enhance user experience. The new features include advanced AI capabilities. Industry analysts suggest this could strengthen META's position in the social media market.",Business Insider,https://example.com/news/94534,Lisa Anderson,Synthetic,0.509,,
2023-05-28,META Announces Major Updates to Facebook,"Meta Platforms unveiled significant advertising tools for Facebook, aiming to enhance user experience. The new features include advanced AI capabilities. Industry analysts suggest this could strengthen META's position in the social media market.",MarketWatch,https://example.com/news/10400,Tom Wilson,Synthetic,0.693,,
2023-05-29,META Strengthens Competition from Pinterest,Meta Platforms is investing heavily to compete with Pinterest in the social media space. The company reported strong user growth in recent quarters. Analysts note that META's AI capabilities gives it a competitive advantage.,Business Insider,https://example.com/news/75491,Anna Martinez,Synthetic,0.642,,
2023-05-29,META Faces Increased Scrutiny Over Content Moderation Policies,Meta Platforms is facing regulatory pressure regarding content moderation policies. European regulators have raised concerns about the company's data practices. META has committed to cooperating with authorities to address these concerns.,CNN Business,https://example.com/news/79105,Sarah Johnson,Synthetic,-0.518,,
2023-05-31,META meets QQ2 2023 Earnings Expectations,"Meta Platforms reported strong QQ2 2023 results, with revenue decreases by 0% year-over-year. The company's advertising business showed growth performance amid market volatility. CEO Mark Zuckerberg commented on the company's focus on AI development.",Wall Street Journal,https://example.com/news/65157,John Smith,Synthetic,0.616,,
2023-06-01,META Reports Q3 2024 Earnings: Revenue mixed 7%,"Meta Platforms reported mixed earnings for Q3 2024, with revenue mixed 7% year-over-year. The company's advertising business showed challenging performance amid economic uncertainty.",Bloomberg,https://www.marketwatch.com/article/98501,Lisa Anderson,NewsAPI,,,
2023-06-01,META CEO Mark Zuckerberg Addresses Company Future,Meta Platforms CEO Mark Zuckerberg spoke at a conference about the company's direction. Zuckerberg emphasized META's commitment to AI innovation. The company continues to invest in emerging technologies despite economic challenges.,BBC News,https://example.com/news/16453,David Brown,Synthetic,0.036,,
2023-06-01,META Announces Major Updates to Facebook,"Meta Platforms unveiled significant new algorithms for Facebook, aiming to enhance user experience. The new features include advanced AI capabilities. Industry analysts suggest this could strengthen META's position in the social media market.",The Verge,https://example.com/news/15370,Maria Garcia,Synthetic,0.708,,
2023-06-02,META beats QQ2 2023 Earnings Expectations,"Meta Platforms reported strong QQ2 2023 results, with revenue decreases by 12% year-over-year. The company's advertising business showed growth performance amid market volatility. CEO Mark Zuckerberg commented on the company's focus on AI development.",BBC News,https://example.com/news/72241,Chris Lee,Synthetic,0.455,,
2023-06-03,META misses QQ2 2023 Earnings Expectations,"Meta Platforms reported strong QQ2 2023 results, with revenue decreases by 14% year-over-year. The company's advertising business showed growth performance amid market volatility. CEO Mark Zuckerberg commented on the company's focus on AI development.",Financial Times,https://example.com/news/67089,Tom Wilson,Synthetic,0.592,,
2023-06-03,META Stock Results,META shares rose 6% following announcements. Investors reacted positively about the company's current performance.,CNBC,https://finance.yahoo.com/news/meta-990890,"Sarah Johnson, Mike Davis",Alpha Vantage,-0.7235,0.6097,Bearish
2023-06-04,META Announces privacy updates for Instagram,"Meta Platforms unveiled new privacy updates for Instagram, aiming to boost monetization. The update includes enhanced security and is expected to drive user growth.",Reuters,https://www.cnbc.com/article/36312,Jennifer Lee,NewsAPI,,,
2023-06-04,META Announces Major Updates to WhatsApp,"Meta Platforms unveiled significant advertising tools for WhatsApp, aiming to enhance user experience. The new features include advanced AI capabilities. Industry analysts suggest this could strengthen META's position in the social media market.",BBC News,https://example.com/news/75334,Tom Wilson,Synthetic,0.749,,
2023-06-05,META CEO Mark Zuckerberg Addresses Company Future,Meta Platforms CEO Mark Zuckerberg spoke at a conference about the company's direction. Zuckerberg emphasized META's commitment to AI innovation. The company continues to invest in emerging technologies despite economic challenges.,BBC News,https://example.com/news/71849,Mike Davis,Synthetic,0.189,,
2023-06-05,META Faces Increased Scrutiny Over Antitrust Concerns,Meta Platforms is facing regulatory pressure regarding antitrust concerns. European regulators have raised concerns about the company's data practices. META has committed to cooperating with authorities to address these concerns.,Business Insider,https://example.com/news/16596,Maria Garcia,Synthetic,-0.656,,
2023-06-06,META misses QQ2 2023 Earnings Expectations,"Meta Platforms reported strong QQ2 2023 results, with revenue decreases by 8% year-over-year. The company's advertising business showed growth performance amid market volatility. CEO Mark Zuckerberg commented on the company's focus on AI development.",The Verge,https://example.com/news/33577,Jennifer Lee,Synthetic,0.365,,
2023-06-08,META CEO Mark Zuckerberg Addresses Company Future,Meta Platforms CEO Mark Zuckerberg spoke at a conference about the company's direction. Zuckerberg emphasized META's commitment to AI innovation. The company continues to invest in emerging technologies despite economic challenges.,Wall Street Journal,https://example.com/news/57377,Chris Lee,Synthetic,-0.026,,
2023-06-09,META Q2 Changes,Meta Platforms announced strategic changes aimed at boosting growth. The company expects this to strengthen position.,CNBC,https://finance.yahoo.com/news/meta-960632,Alex Chen,Alpha Vantage,-0.6374,0.1771,Bearish
2023-06-09,META meets QQ2 2023 Earnings Expectations,"Meta Platforms reported strong QQ2 2023 results, with revenue decreases by 4% year-over-year. The company's advertising business showed growth performance amid market volatility. CEO Mark Zuckerberg commented on the company's focus on AI development.",CNBC,https://example.com/news/65812,David Brown,Synthetic,0.882,,
2023-06-10,META Strengthens Competition from TikTok,Meta Platforms is investing heavily to compete with TikTok in the social media space. The company reported strong user growth in recent quarters. Analysts note that META's AI capabilities gives it a competitive advantage.,Financial Times,https://example.com/news/13778,Sarah Johnson,Synthetic,0.282,,
2023-06-10,META Announces Major Updates to Threads,"Meta Platforms unveiled significant advertising tools for Threads, aiming to enhance user experience. The new features include advanced AI capabilities. Industry analysts suggest this could strengthen META's position in the social media market.",The Verge,https://example.com/news/50085,David Brown,Synthetic,0.286,,
2023-06-10,META CEO Mark Zuckerberg Addresses Company Future,Meta Platforms CEO Mark Zuckerberg spoke at a conference about the company's direction. Zuckerberg emphasized META's commitment to AI innovation. The company continues to invest in emerging technologies despite economic challenges.,Bloomberg,https://example.com/news/44993,Tom Wilson,Synthetic,0.214,,
2023-06-12,META Strengthens Competition from Twitter/X,Meta Platforms is investing heavily to compete with Twitter/X in the social media space. The company reported strong user growth in recent quarters. Analysts note that META's AI capabilities gives it a competitive advantage.,BBC News,https://example.com/news/63426,Maria Garcia,Synthetic,0.429,,
2023-06-12,META Announces Major Updates to Instagram,"Meta Platforms unveiled significant advertising tools for Instagram, aiming to enhance user experience. The new features include advanced AI capabilities. Industry analysts suggest this could strengthen META's position in the social media market.",Wall Street Journal,https://example.com/news/57556,Jessica Brown,Synthetic,0.891,,
2023-06-13,META beats QQ2 2023 Earnings Expectations,"Meta Platforms reported strong QQ2 2023 results, with revenue decreases by 3% year-over-year. The company's advertising business showed growth performance amid market volatility. CEO Mark Zuckerberg commented on the company's focus on AI development.",The Verge,https://example.com/news/58005,Jennifer Lee,Synthetic,0.797,,
2023-06-13,META Faces economic headwinds in social media,Meta Platforms is navigating economic headwinds in the social media sector. The company has outlined plans to address user privacy.,Reuters,https://www.financialtimes.com/article/50101,Emma Wilson,NewsAPI,,,
2023-06-15,META misses QQ2 2023 Earnings Expectations,"Meta Platforms reported strong QQ2 2023 results, with revenue increases by 20% year-over-year. The company's advertising business showed growth performance amid market volatility. CEO Mark Zuckerberg commented on the company's focus on AI development.",CNN Business,https://example.com/news/92894,Chris Lee,Synthetic,0.812,,
2023-06-15,META CEO Mark Zuckerberg Addresses Company Future,Meta Platforms CEO Mark Zuckerberg spoke at a conference about the company's direction. Zuckerberg emphasized META's commitment to AI innovation. The company continues to invest in emerging technologies despite economic challenges.,CNN Business,https://example.com/news/17257,Mike Davis,Synthetic,-0.214,,
2023-06-15,META Strengthens Competition from Twitter/X,Meta Platforms is investing heavily to compete with Twitter/X in the social media space. The company reported strong user growth in recent quarters. Analysts note that META's AI capabilities gives it a competitive advantage.,CNBC,https://example.com/news/16529,Jessica Brown,Synthetic,0.355,,
2023-06-16,META Faces Increased Scrutiny Over Privacy Regulations,Meta Platforms is facing regulatory pressure regarding privacy regulations. European regulators have raised concerns about the company's data practices. META has committed to cooperating with authorities to address these concerns.,BBC News,https://example.com/news/13087,John Smith,Synthetic,-0.421,,
2023-06-16,META Strengthens Competition from LinkedIn,Meta Platforms is investing heavily to compete with LinkedIn in the social media space. The company reported strong user growth in recent quarters. Analysts note that META's AI capabilities gives it a competitive advantage.,Reuters,https://example.com/news/19629,Anna Martinez,Synthetic,0.713,,
2023-06-18,META CEO Mark Zuckerberg Addresses Company Future,Meta Platforms CEO Mark Zuckerberg spoke at a conference about the company's direction. Zuckerberg emphasized META's commitment to AI innovation. The company continues to invest in emerging technologies despite economic challenges.,Business Insider,https://example.com/news/73159,Sarah Johnson,Synthetic,-0.128,,
2023-06-19,META Announces Major Updates to WhatsApp,"Meta Platforms unveiled significant privacy updates for WhatsApp, aiming to enhance user experience. The new features include advanced AI capabilities. Industry analysts suggest this could strengthen META's position in the social media market.",MarketWatch,https://example.com/news/58873,Jennifer Lee,Synthetic,0.224,,
2023-06-24,META Announces Major Updates to Instagram,"Meta Platforms unveiled significant privacy updates for Instagram, aiming to enhance user experience. The new features include advanced AI capabilities. Industry analysts suggest this could strengthen META's position in the social media market.",CNBC,https://example.com/news/45215,Alex Chen,Synthetic,0.41,,
2023-06-27,META Faces Increased Scrutiny Over Data Protection Rules,Meta Platforms is facing regulatory pressure regarding data protection rules. European regulators have raised concerns about the company's data practices. META has committed to cooperating with authorities to address these concerns.,Bloomberg,https://example.com/news/46668,Robert Taylor,Synthetic,-0.264,,
2023-06-28,META meets QQ2 2023 Earnings Expectations,"Meta Platforms reported strong QQ2 2023 results, with revenue increases by 16% year-over-year. The company's advertising business showed growth performance amid market volatility. CEO Mark Zuckerberg commented on the company's focus on AI development.",BBC News,https://example.com/news/33215,Chris Lee,Synthetic,0.827,,
2023-06-29,META CEO Mark Zuckerberg Addresses Company Future,Meta Platforms CEO Mark Zuckerberg spoke at a conference about the company's direction. Zuckerberg emphasized META's commitment to AI innovation. The company continues to invest in emerging technologies despite economic challenges.,CNN Business,https://example.com/news/36342,John Smith,Synthetic,0.226,,
2023-07-04,META Faces Increased Scrutiny Over Antitrust Concerns,Meta Platforms is facing regulatory pressure regarding antitrust concerns. European regulators have raised concerns about the company's data practices. META has committed to cooperating with authorities to address these concerns.,Reuters,https://example.com/news/29691,Jessica Brown,Synthetic,-0.176,,
2023-07-07,META Faces Increased Scrutiny Over Antitrust Concerns,Meta Platforms is facing regulatory pressure regarding antitrust concerns. European regulators have raised concerns about the company's data practices. META has committed to cooperating with authorities to address these concerns.,Reuters,https://example.com/news/26010,Anna Martinez,Synthetic,-0.596,,
2023-07-07,META CEO Mark Zuckerberg Addresses Company Future,Meta Platforms CEO Mark Zuckerberg spoke at a conference about the company's direction. Zuckerberg emphasized META's commitment to AI innovation. The company continues to invest in emerging technologies despite economic challenges.,CNBC,https://example.com/news/97411,Sarah Johnson,Synthetic,0.209,,
2023-07-08,META Announces Major Updates to Instagram,"Meta Platforms unveiled significant AI features for Instagram, aiming to enhance user experience. The new features include advanced AI capabilities. Industry analysts suggest this could strengthen META's position in the social media market.",TechCrunch,https://example.com/news/19635,Jessica Brown,Synthetic,0.408,,
2023-07-09,META Strengthens Competition from Pinterest,Meta Platforms is investing heavily to compete with Pinterest in the social media space. The company reported strong user growth in recent quarters. Analysts note that META's AI capabilities gives it a competitive advantage.,Bloomberg,https://example.com/news/41418,Jennifer Lee,Synthetic,0.406,,
2023-07-10,META misses QQ3 2023 Earnings Expectations,"Meta Platforms reported strong QQ3 2023 results, with revenue decreases by 8% year-over-year. The company's advertising business showed growth performance amid market volatility. CEO Mark Zuckerberg commented on the company's focus on AI development.",MarketWatch,https://example.com/news/17875,Jennifer Lee,Synthetic,0.439,,
2023-07-11,META Faces economic headwinds in social media,Meta Platforms is navigating economic headwinds in the social media sector. The company has outlined plans to address market competition.,Reuters,https://www.cnbc.com/article/57911,Maria Garcia,NewsAPI,,,
2023-07-12,META CEO Mark Zuckerberg Addresses Company Future,Meta Platforms CEO Mark Zuckerberg spoke at a conference about the company's direction. Zuckerberg emphasized META's commitment to AI innovation. The company continues to invest in emerging technologies despite economic challenges.,Bloomberg,https://example.com/news/93136,Emma Wilson,Synthetic,-0.032,,
2023-07-12,META Faces Increased Scrutiny Over Privacy Regulations,Meta Platforms is facing regulatory pressure regarding privacy regulations. European regulators have raised concerns about the company's data practices. META has committed to cooperating with authorities to address these concerns.,The Verge,https://example.com/news/95802,Mike Davis,Synthetic,-0.641,,
2023-07-13,META Faces economic headwinds in social media,Meta Platforms is navigating economic headwinds in the social media sector. The company has committed resources to address content moderation.,Wall Street Journal,https://www.bloomberg.com/article/95098,John Smith,NewsAPI,,,
2023-07-14,META Stock drops 15% After regulatory news,"Meta Platforms shares drops 15% following regulatory news. Investors reacted to the quarterly results, with analysts noting strategic shifts.",Wall Street Journal,https://www.marketwatch.com/article/70948,Mike Davis,NewsAPI,,,
2023-07-15,META Strengthens Competition from Twitter/X,Meta Platforms is investing heavily to compete with Twitter/X in the social media space. The company reported strong user growth in recent quarters. Analysts note that META's AI capabilities gives it a competitive advantage.,CNN Business,https://example.com/news/46046,Chris Lee,Synthetic,0.679,,
2023-07-15,META CEO Mark Zuckerberg Addresses Company Future,Meta Platforms CEO Mark Zuckerberg spoke at a conference about the company's direction. Zuckerberg emphasized META's commitment to AI innovation. The company continues to invest in emerging technologies despite economic challenges.,TechCrunch,https://example.com/news/47665,Alex Chen,Synthetic,0.199,,
2023-07-16,META Announces Major Updates to Oculus Quest,"Meta Platforms unveiled significant content moderation for Oculus Quest, aiming to enhance user experience. The new features include advanced AI capabilities. Industry analysts suggest this could strengthen META's position in the social media market.",BBC News,https://example.com/news/19297,Mike Davis,Synthetic,0.166,,
2023-07-16,META Strengthens Competition from LinkedIn,Meta Platforms is investing heavily to compete with LinkedIn in the social media space. The company reported strong user growth in recent quarters. Analysts note that META's AI capabilities gives it a competitive advantage.,Wall Street Journal,https://example.com/news/54171,Chris Lee,Synthetic,0.849,,
2023-07-20,META CEO Mark Zuckerberg Addresses Company Future,Meta Platforms CEO Mark Zuckerberg spoke at a conference about the company's direction. Zuckerberg emphasized META's commitment to AI innovation. The company continues to invest in emerging technologies despite economic challenges.,Wall Street Journal,https://example.com/news/47207,Mark Johnson,Synthetic,-0.093,,
2023-07-20,META Faces Increased Scrutiny Over Data Protection Rules,Meta Platforms is facing regulatory pressure regarding data protection rules. European regulators have raised concerns about the company's data practices. META has committed to cooperating with authorities to address these concerns.,Wall Street Journal,https://example.com/news/93079,Jennifer Lee,Synthetic,-0.153,,
2023-07-20,META Announces Major Updates to Oculus Quest,"Meta Platforms unveiled significant AI features for Oculus Quest, aiming to enhance user experience. The new features include advanced AI capabilities. Industry analysts suggest this could strengthen META's position in the social media market.",Bloomberg,https://example.com/news/22598,Sarah Johnson,Synthetic,0.572,,
2023-07-21,META Announces Major Updates to WhatsApp,"Meta Platforms unveiled significant content moderation for WhatsApp, aiming to enhance user experience. The new features include advanced AI capabilities. Industry analysts suggest this could strengthen META's position in the social media market.",MarketWatch,https://example.com/news/23239,Robert Taylor,Synthetic,0.116,,
2023-07-21,META Faces Increased Scrutiny Over Content Moderation Policies,Meta Platforms is facing regulatory pressure regarding content moderation policies. European regulators have raised concerns about the company's data practices. META has committed to cooperating with authorities to address these concerns.,Financial Times,https://example.com/news/98273,Tom Wilson,Synthetic,-0.811,,
2023-07-21,META Faces Increased Scrutiny Over Data Protection Rules,Meta Platforms is facing regulatory pressure regarding data protection rules. European regulators have raised concerns about the company's data practices. META has committed to cooperating with authorities to address these concerns.,The Verge,https://example.com/news/78432,Chris Lee,Synthetic,-0.644,,
2023-07-23,META Strengthens Competition from Snapchat,Meta Platforms is investing heavily to compete with Snapchat in the social media space. The company reported strong user growth in recent quarters. Analysts note that META's AI capabilities gives it a competitive advantage.,CNN Business,https://example.com/news/62948,David Brown,Synthetic,0.15,,
2023-07-23,META Strengthens Competition from TikTok,Meta Platforms is investing heavily to compete with TikTok in the social media space. The company reported strong user growth in recent quarters. Analysts note that META's AI capabilities gives it a competitive advantage.,Financial Times,https://example.com/news/49349,Mark Johnson,Synthetic,0.24,,
2023-07-23,META Announces Major Updates to Threads,"Meta Platforms unveiled significant content moderation for Threads, aiming to enhance user experience. The new features include advanced AI capabilities. Industry analysts suggest this could strengthen META's position in the social media market.",CNN Business,https://example.com/news/11171,Sarah Johnson,Synthetic,0.531,,
2023-07-25,META Strengthens Competition from Twitter/X,Meta Platforms is investing heavily to compete with Twitter/X in the social media space. The company reported strong user growth in recent quarters. Analysts note that META's AI capabilities gives it a competitive advantage.,Business Insider,https://example.com/news/11152,Jessica Brown,Synthetic,0.407,,
2023-07-25,META Announces Major Updates to Threads,"Meta Platforms unveiled significant content moderation for Threads, aiming to enhance user experience. The new features include advanced AI capabilities. Industry analysts suggest this could strengthen META's position in the social media market.",Reuters,https://example.com/news/78890,,Synthetic,0.223,,
2023-07-27,META Strengthens Competition from TikTok,Meta Platforms is investing heavily to compete with TikTok in the social media space. The company reported strong user growth in recent quarters. Analysts note that META's AI capabilities gives it a competitive advantage.,BBC News,https://example.com/news/32003,Emma Wilson,Synthetic,0.365,,
2023-07-28,META misses QQ3 2023 Earnings Expectations,"Meta Platforms reported strong QQ3 2023 results, with revenue decreases by 9% year-over-year. The company's advertising business showed growth performance amid market volatility. CEO Mark Zuckerberg commented on the company's focus on AI development.",BBC News,https://example.com/news/87919,Anna Martinez,Synthetic,0.524,,
2023-07-28,META Strengthens Competition from Snapchat,Meta Platforms is investing heavily to compete with Snapchat in the social media space. The company reported strong user growth in recent quarters. Analysts note that META's AI capabilities gives it a competitive advantage.,BBC News,https://example.com/news/40423,Emma Wilson,Synthetic,0.866,,
2023-07-30,META Announces Major Updates to Instagram,"Meta Platforms unveiled significant advertising tools for Instagram, aiming to enhance user experience. The new features include advanced AI capabilities. Industry analysts suggest this could strengthen META's position in the social media market.",Reuters,https://example.com/news/78061,Alex Chen,Synthetic,0.329,,
2023-07-30,META CEO Mark Zuckerberg Addresses Company Future,Meta Platforms CEO Mark Zuckerberg spoke at a conference about the company's direction. Zuckerberg emphasized META's commitment to AI innovation. The company continues to invest in emerging technologies despite economic challenges.,Business Insider,https://example.com/news/70676,Mike Davis,Synthetic,0.089,,
2023-07-30,META Faces Increased Scrutiny Over Data Protection Rules,Meta Platforms is facing regulatory pressure regarding data protection rules. European regulators have raised concerns about the company's data practices. META has committed to cooperating with authorities to address these concerns.,Business Insider,https://example.com/news/12600,John Smith,Synthetic,-0.516,,
2023-08-03,META meets QQ3 2023 Earnings Expectations,"Meta Platforms reported strong QQ3 2023 results, with revenue increases by 25% year-over-year. The company's advertising business showed growth performance amid market volatility. CEO Mark Zuckerberg commented on the company's focus on AI development.",CNBC,https://example.com/news/62152,Emma Wilson,Synthetic,0.543,,
2023-08-04,META CEO Mark Zuckerberg Addresses Company Future,Meta Platforms CEO Mark Zuckerberg spoke at a conference about the company's direction. Zuckerberg emphasized META's commitment to AI innovation. The company continues to invest in emerging technologies despite economic challenges.,CNN Business,https://example.com/news/68143,Chris Lee,Synthetic,-0.18,,
2023-08-04,META Stock drops 23% After earnings report,"Meta Platforms shares drops 23% following earnings report. Investors reacted to market reactions, with analysts noting potential opportunities.",MarketWatch,https://www.bloomberg.com/article/29914,Lisa Anderson,NewsAPI,,,
2023-08-05,META Faces Increased Scrutiny Over Privacy Regulations,Meta Platforms is facing regulatory pressure regarding privacy regulations. European regulators have raised concerns about the company's data practices. META has committed to cooperating with authorities to address these concerns.,Business Insider,https://example.com/news/21060,Maria Garcia,Synthetic,-0.83,,
2023-08-06,META Announces Major Updates to WhatsApp,"Meta Platforms unveiled significant new algorithms for WhatsApp, aiming to enhance user experience. The new features include advanced AI capabilities. Industry analysts suggest this could strengthen META's position in the social media market.",MarketWatch,https://example.com/news/86723,Lisa Anderson,Synthetic,0.794,,
2023-08-07,META Reports Q3 2023 Earnings: Revenue strong 23%,"Meta Platforms reported strong earnings for Q3 2023, with revenue strong 23% year-over-year. The company's advertising business showed mixed performance amid market volatility.",MarketWatch,https://www.businessinsider.com/article/22916,,NewsAPI,,,
2023-08-07,META misses QQ3 2023 Earnings Expectations,"Meta Platforms reported strong QQ3 2023 results, with revenue increases by 21% year-over-year. The company's advertising business showed growth performance amid market volatility. CEO Mark Zuckerberg commented on the company's focus on AI development.",Business Insider,https://example.com/news/81841,John Smith,Synthetic,0.188,,
2023-08-07,META CEO Mark Zuckerberg Addresses Company Future,Meta Platforms CEO Mark Zuckerberg spoke at a conference about the company's direction. Zuckerberg emphasized META's commitment to AI innovation. The company continues to invest in emerging technologies despite economic challenges.,Financial Times,https://example.com/news/46994,,Synthetic,0.278,,
2023-08-08,META Faces Increased Scrutiny Over Antitrust Concerns,Meta Platforms is facing regulatory pressure regarding antitrust concerns. European regulators have raised concerns about the company's data practices. META has committed to cooperating with authorities to address these concerns.,CNBC,https://example.com/news/51646,Robert Taylor,Synthetic,-0.358,,
2023-08-08,META CEO Mark Zuckerberg Addresses Company Future,Meta Platforms CEO Mark Zuckerberg spoke at a conference about the company's direction. Zuckerberg emphasized META's commitment to AI innovation. The company continues to invest in emerging technologies despite economic challenges.,The Verge,https://example.com/news/53023,John Smith,Synthetic,0.124,,
2023-08-09,META Strengthens Competition from LinkedIn,Meta Platforms is investing heavily to compete with LinkedIn in the social media space. The company reported strong user growth in recent quarters. Analysts note that META's AI capabilities gives it a competitive advantage.,CNBC,https://example.com/news/71021,Mike Davis,Synthetic,0.608,,
2023-08-09,META Announces Major Updates to WhatsApp,"Meta Platforms unveiled significant new algorithms for WhatsApp, aiming to enhance user experience. The new features include advanced AI capabilities. Industry analysts suggest this could strengthen META's position in the social media market.",CNBC,https://example.com/news/72766,Lisa Anderson,Synthetic,0.739,,
2023-08-09,META Strengthens Competition from Twitter/X,Meta Platforms is investing heavily to compete with Twitter/X in the social media space. The company reported strong user growth in recent quarters. Analysts note that META's AI capabilities gives it a competitive advantage.,TechCrunch,https://example.com/news/20730,Anna Martinez,Synthetic,0.655,,
2023-08-09,META beats QQ3 2023 Earnings Expectations,"Meta Platforms reported strong QQ3 2023 results, with revenue decreases by 15% year-over-year. The company's advertising business showed growth performance amid market volatility. CEO Mark Zuckerberg commented on the company's focus on AI development.",Business Insider,https://example.com/news/80394,,Synthetic,0.333,,
2023-08-09,META Faces Increased Scrutiny Over Content Moderation Policies,Meta Platforms is facing regulatory pressure regarding content moderation policies. European regulators have raised concerns about the company's data practices. META has committed to cooperating with authorities to address these concerns.,Financial Times,https://example.com/news/52159,Anna Martinez,Synthetic,-0.494,,
2023-08-12,META Strengthens Competition from TikTok,Meta Platforms is investing heavily to compete with TikTok in the social media space. The company reported strong user growth in recent quarters. Analysts note that META's AI capabilities gives it a competitive advantage.,TechCrunch,https://example.com/news/50834,Mike Davis,Synthetic,0.798,,
2023-08-12,META Strengthens Competition from Pinterest,Meta Platforms is investing heavily to compete with Pinterest in the social media space. The company reported strong user growth in recent quarters. Analysts note that META's AI capabilities gives it a competitive advantage.,TechCrunch,https://example.com/news/52672,Jessica Brown,Synthetic,0.772,,
2023-08-13,META Strengthens Competition from LinkedIn,Meta Platforms is investing heavily to compete with LinkedIn in the social media space. The company reported strong user growth in recent quarters. Analysts note that META's AI capabilities gives it a competitive advantage.,CNBC,https://example.com/news/45753,Mark Johnson,Synthetic,0.505,,
2023-08-13,META Faces Increased Scrutiny Over Antitrust Concerns,Meta Platforms is facing regulatory pressure regarding antitrust concerns. European regulators have raised concerns about the company's data practices. META has committed to cooperating with authorities to address these concerns.,Bloomberg,https://example.com/news/23364,Jessica Brown,Synthetic,-0.438,,
2023-08-13,META CEO Mark Zuckerberg Addresses Company Future,Meta Platforms CEO Mark Zuckerberg spoke at a conference about the company's direction. Zuckerberg emphasized META's commitment to AI innovation. The company continues to invest in emerging technologies despite economic challenges.,Bloomberg,https://example.com/news/49361,Alex Chen,Synthetic,0.081,,
2023-08-15,META Strengthens Competition from TikTok,Meta Platforms is investing heavily to compete with TikTok in the social media space. The company reported strong user growth in recent quarters. Analysts note that META's AI capabilities gives it a competitive advantage.,The Verge,https://example.com/news/19260,Mike Davis,Synthetic,0.272,,
2023-08-16,META Strengthens Competition from Twitter/X,Meta Platforms is investing heavily to compete with Twitter/X in the social media space. The company reported strong user growth in recent quarters. Analysts note that META's AI capabilities gives it a competitive advantage.,Business Insider,https://example.com/news/32136,Lisa Anderson,Synthetic,0.863,,
2023-08-17,META CEO Mark Zuckerberg Addresses Company Future,Meta Platforms CEO Mark Zuckerberg spoke at a conference about the company's direction. Zuckerberg emphasized META's commitment to AI innovation. The company continues to invest in emerging technologies despite economic challenges.,Reuters,https://example.com/news/93211,Emma Wilson,Synthetic,0.046,,
2023-08-18,META Announces Major Updates to WhatsApp,"Meta Platforms unveiled significant content moderation for WhatsApp, aiming to enhance user experience. The new features include advanced AI capabilities. Industry analysts suggest this could strengthen META's position in the social media market.",CNN Business,https://example.com/news/55611,Emma Wilson,Synthetic,0.841,,
2023-08-19,META Faces Increased Scrutiny Over Data Protection Rules,Meta Platforms is facing regulatory pressure regarding data protection rules. European regulators have raised concerns about the company's data practices. META has committed to cooperating with authorities to address these concerns.,Bloomberg,https://example.com/news/65972,Jessica Brown,Synthetic,-0.798,,
2023-08-21,META CEO Mark Zuckerberg Addresses Company Future,Meta Platforms CEO Mark Zuckerberg spoke at a conference about the company's direction. Zuckerberg emphasized META's commitment to AI innovation. The company continues to invest in emerging technologies despite economic challenges.,Financial Times,https://example.com/news/99674,Chris Lee,Synthetic,-0.114,,
2023-08-21,META Reports Q3 2024 Earnings: Revenue mixed 12%,"Meta Platforms reported mixed earnings for Q3 2024, with revenue mixed 12% year-over-year. The company's advertising business showed challenging performance amid industry changes.",Wall Street Journal,https://www.marketwatch.com/article/87877,Jennifer Lee,NewsAPI,,,
2023-08-22,META Faces Increased Scrutiny Over Data Protection Rules,Meta Platforms is facing regulatory pressure regarding data protection rules. European regulators have raised concerns about the company's data practices. META has committed to cooperating with authorities to address these concerns.,Business Insider,https://example.com/news/93204,,Synthetic,-0.313,,
2023-08-22,META meets QQ3 2023 Earnings Expectations,"Meta Platforms reported strong QQ3 2023 results, with revenue increases by 18% year-over-year. The company's advertising business showed growth performance amid market volatility. CEO Mark Zuckerberg commented on the company's focus on AI development.",Wall Street Journal,https://example.com/news/94548,Alex Chen,Synthetic,0.585,,
2023-08-22,META Announces Major Updates to WhatsApp,"Meta Platforms unveiled significant AI features for WhatsApp, aiming to enhance user experience. The new features include advanced AI capabilities. Industry analysts suggest this could strengthen META's position in the social media market.",Business Insider,https://example.com/news/33009,David Brown,Synthetic,0.381,,
2023-08-24,META CEO Mark Zuckerberg Addresses Company Future,Meta Platforms CEO Mark Zuckerberg spoke at a conference about the company's direction. Zuckerberg emphasized META's commitment to AI innovation. The company continues to invest in emerging technologies despite economic challenges.,Financial Times,https://example.com/news/56989,John Smith,Synthetic,-0.255,,
2023-08-24,META Faces Increased Scrutiny Over Content Moderation Policies,Meta Platforms is facing regulatory pressure regarding content moderation policies. European regulators have raised concerns about the company's data practices. META has committed to cooperating with authorities to address these concerns.,BBC News,https://example.com/news/89672,Anna Martinez,Synthetic,-0.589,,
2023-08-24,META Strengthens Competition from LinkedIn,Meta Platforms is investing heavily to compete with LinkedIn in the social media space. The company reported strong user growth in recent quarters. Analysts note that META's AI capabilities gives it a competitive advantage.,The Verge,https://example.com/news/85271,Jessica Brown,Synthetic,0.283,,
2023-08-26,META Strengthens Competition from Twitter/X,Meta Platforms is investing heavily to compete with Twitter/X in the social media space. The company reported strong user growth in recent quarters. Analysts note that META's AI capabilities gives it a competitive advantage.,Financial Times,https://example.com/news/79039,Alex Chen,Synthetic,0.761,,
2023-08-26,META CEO Mark Zuckerberg Addresses Company Future,Meta Platforms CEO Mark Zuckerberg spoke at a conference about the company's direction. Zuckerberg emphasized META's commitment to AI innovation. The company continues to invest in emerging technologies despite economic challenges.,CNN Business,https://example.com/news/68629,Jessica Brown,Synthetic,-0.117,,
2023-08-27,META Announces Major Updates to Oculus Quest,"Meta Platforms unveiled significant privacy updates for Oculus Quest, aiming to enhance user experience. The new features include advanced AI capabilities. Industry analysts suggest this could strengthen META's position in the social media market.",MarketWatch,https://example.com/news/34722,Mark Johnson,Synthetic,0.412,,
2023-08-27,META meets QQ3 2023 Earnings Expectations,"Meta Platforms reported strong QQ3 2023 results, with revenue increases by 3% year-over-year. The company's advertising business showed growth performance amid market volatility. CEO Mark Zuckerberg commented on the company's focus on AI development.",Bloomberg,https://example.com/news/58311,David Brown,Synthetic,0.294,,
2023-08-27,META Announces Major Updates to Threads,"Meta Platforms unveiled significant new algorithms for Threads, aiming to enhance user experience. The new features include advanced AI capabilities. Industry analysts suggest this could strengthen META's position in the social media market.",TechCrunch,https://example.com/news/21163,Sarah Johnson,Synthetic,0.535,,
2023-09-03,META misses QQ3 2023 Earnings Expectations,"Meta Platforms reported strong QQ3 2023 results, with revenue decreases by 15% year-over-year. The company's advertising business showed growth performance amid market volatility. CEO Mark Zuckerberg commented on the company's focus on AI development.",BBC News,https://example.com/news/73526,John Smith,Synthetic,0.362,,
2023-09-03,META Faces Increased Scrutiny Over Privacy Regulations,Meta Platforms is facing regulatory pressure regarding privacy regulations. European regulators have raised concerns about the company's data practices. META has committed to cooperating with authorities to address these concerns.,The Verge,https://example.com/news/53409,Sarah Johnson,Synthetic,-0.628,,
2023-09-04,META CEO Mark Zuckerberg Addresses Company Future,Meta Platforms CEO Mark Zuckerberg spoke at a conference about the company's direction. Zuckerberg emphasized META's commitment to AI innovation. The company continues to invest in emerging technologies despite economic challenges.,CNBC,https://example.com/news/63114,Tom Wilson,Synthetic,0.136,,
2023-09-04,META Announces Major Updates to Threads,"Meta Platforms unveiled significant advertising tools for Threads, aiming to enhance user experience. The new features include advanced AI capabilities. Industry analysts suggest this could strengthen META's position in the social media market.",BBC News,https://example.com/news/50404,Robert Taylor,Synthetic,0.34,,
2023-09-04,META Faces Increased Scrutiny Over Antitrust Concerns,Meta Platforms is facing regulatory pressure regarding antitrust concerns. European regulators have raised concerns about the company's data practices. META has committed to cooperating with authorities to address these concerns.,The Verge,https://example.com/news/19357,David Brown,Synthetic,-0.641,,
2023-09-06,META CEO Mark Zuckerberg Addresses Company Future,Meta Platforms CEO Mark Zuckerberg spoke at a conference about the company's direction. Zuckerberg emphasized META's commitment to AI innovation. The company continues to invest in emerging technologies despite economic challenges.,CNN Business,https://example.com/news/96196,Emma Wilson,Synthetic,0.158,,
2023-09-07,META misses QQ3 2023 Earnings Expectations,"Meta Platforms reported strong QQ3 2023 results, with revenue increases by 4% year-over-year. The company's advertising business showed growth performance amid market volatility. CEO Mark Zuckerberg commented on the company's focus on AI development.",The Verge,https://example.com/news/41519,Alex Chen,Synthetic,0.419,,
2023-09-08,META Announces Changes,Meta Platforms announced strategic changes aimed at boosting growth. The company expects this to drive revenue.,Yahoo Finance,https://finance.yahoo.com/news/meta-235696,Emma Wilson,Alpha Vantage,-0.6756,0.4614,Bearish
2023-09-09,META Stock rises 25% After product launch,"Meta Platforms shares rises 25% following product launch. Investors reacted to market reactions, with analysts noting potential opportunities.",CNBC,https://www.cnbc.com/article/89131,Lisa Anderson,NewsAPI,,,
2023-09-09,META Announces Major Updates to Threads,"Meta Platforms unveiled significant advertising tools for Threads, aiming to enhance user experience. The new features include advanced AI capabilities. Industry analysts suggest this could strengthen META's position in the social media market.",Bloomberg,https://example.com/news/59669,Emma Wilson,Synthetic,0.214,,
2023-09-11,META CEO Mark Zuckerberg Addresses Company Future,Meta Platforms CEO Mark Zuckerberg spoke at a conference about the company's direction. Zuckerberg emphasized META's commitment to AI innovation. The company continues to invest in emerging technologies despite economic challenges.,MarketWatch,https://example.com/news/44672,Chris Lee,Synthetic,-0.101,,
2023-09-15,META Announces Major Updates to Threads,"Meta Platforms unveiled significant privacy updates for Threads, aiming to enhance user experience. The new features include advanced AI capabilities. Industry analysts suggest this could strengthen META's position in the social media market.",Bloomberg,https://example.com/news/36938,Maria Garcia,Synthetic,0.575,,
2023-09-15,META CEO Mark Zuckerberg Addresses Company Future,Meta Platforms CEO Mark Zuckerberg spoke at a conference about the company's direction. Zuckerberg emphasized META's commitment to AI innovation. The company continues to invest in emerging technologies despite economic challenges.,Wall Street Journal,https://example.com/news/63333,Maria Garcia,Synthetic,-0.178,,
2023-09-16,META Faces Increased Scrutiny Over Data Protection Rules,Meta Platforms is facing regulatory pressure regarding data protection rules. European regulators have raised concerns about the company's data practices. META has committed to cooperating with authorities to address these concerns.,Bloomberg,https://example.com/news/95536,,Synthetic,-0.247,,
2023-09-17,META CEO Mark Zuckerberg Addresses Company Future,Meta Platforms CEO Mark Zuckerberg spoke at a conference about the company's direction. Zuckerberg emphasized META's commitment to AI innovation. The company continues to invest in emerging technologies despite economic challenges.,CNN Business,https://example.com/news/56804,Emma Wilson,Synthetic,0.015,,
2023-09-20,META CEO Mark Zuckerberg Addresses Company Future,Meta Platforms CEO Mark Zuckerberg spoke at a conference about the company's direction. Zuckerberg emphasized META's commitment to AI innovation. The company continues to invest in emerging technologies despite economic challenges.,CNN Business,https://example.com/news/91029,Anna Martinez,Synthetic,-0.234,,
2023-09-22,META CEO Mark Zuckerberg Addresses Company Future,Meta Platforms CEO Mark Zuckerberg spoke at a conference about the company's direction. Zuckerberg emphasized META's commitment to AI innovation. The company continues to invest in emerging technologies despite economic challenges.,Wall Street Journal,https://example.com/news/37336,,Synthetic,0.088,,
2023-09-23,META Strengthens Competition from TikTok,Meta Platforms is investing heavily to compete with TikTok in the social media space. The company reported strong user growth in recent quarters. Analysts note that META's AI capabilities gives it a competitive advantage.,CNN Business,https://example.com/news/25348,Jessica Brown,Synthetic,0.889,,
2023-09-25,META Announces AI features for Facebook,"Meta Platforms unveiled new AI features for Facebook, aiming to improve engagement. The update includes enhanced security and is expected to increase revenue.",CNBC,https://www.bloomberg.com/article/59158,Jennifer Lee,NewsAPI,,,
2023-09-26,META meets QQ3 2023 Earnings Expectations,"Meta Platforms reported strong QQ3 2023 results, with revenue increases by 24% year-over-year. The company's advertising business showed growth performance amid market volatility. CEO Mark Zuckerberg commented on the company's focus on AI development.",Business Insider,https://example.com/news/19031,Sarah Johnson,Synthetic,0.387,,
2023-09-27,META beats QQ3 2023 Earnings Expectations,"Meta Platforms reported strong QQ3 2023 results, with revenue increases by 11% year-over-year. The company's advertising business showed growth performance amid market volatility. CEO Mark Zuckerberg commented on the company's focus on AI development.",Bloomberg,https://example.com/news/69283,Robert Taylor,Synthetic,0.634,,
2023-09-27,META Strengthens Competition from Snapchat,Meta Platforms is investing heavily to compete with Snapchat in the social media space. The company reported strong user growth in recent quarters. Analysts note that META's AI capabilities gives it a competitive advantage.,CNN Business,https://example.com/news/27992,David Brown,Synthetic,0.293,,
2023-09-28,META Announces Major Updates to Oculus Quest,"Meta Platforms unveiled significant new algorithms for Oculus Quest, aiming to enhance user experience. The new features include advanced AI capabilities. Industry analysts suggest this could strengthen META's position in the social media market.",TechCrunch,https://example.com/news/27060,Emma Wilson,Synthetic,0.627,,
2023-09-29,META Announces Major Updates to WhatsApp,"Meta Platforms unveiled significant advertising tools for WhatsApp, aiming to enhance user experience. The new features include advanced AI capabilities. Industry analysts suggest this could strengthen META's position in the social media market.",Wall Street Journal,https://example.com/news/84703,Mark Johnson,Synthetic,0.798,,
2023-09-30,META Faces Increased Scrutiny Over Antitrust Concerns,Meta Platforms is facing regulatory pressure regarding antitrust concerns. European regulators have raised concerns about the company's data practices. META has committed to cooperating with authorities to address these concerns.,The Verge,https://example.com/news/47389,Mike Davis,Synthetic,-0.433,,
2023-10-02,META Strengthens Competition from Snapchat,Meta Platforms is investing heavily to compete with Snapchat in the social media space. The company reported strong user growth in recent quarters. Analysts note that META's AI capabilities gives it a competitive advantage.,CNBC,https://example.com/news/29453,Emma Wilson,Synthetic,0.44,,
2023-10-02,META Stock climbs 18% After regulatory news,"Meta Platforms shares climbs 18% following regulatory news. Investors reacted to the quarterly results, with analysts noting potential opportunities.",CNBC,https://www.bloomberg.com/article/51890,Alex Chen,NewsAPI,,,
2023-10-03,META Faces Increased Scrutiny Over Privacy Regulations,Meta Platforms is facing regulatory pressure regarding privacy regulations. European regulators have raised concerns about the company's data practices. META has committed to cooperating with authorities to address these concerns.,CNN Business,https://example.com/news/17270,Anna Martinez,Synthetic,-0.792,,
2023-10-03,META beats QQ4 2023 Earnings Expectations,"Meta Platforms reported strong QQ4 2023 results, with revenue increases by 18% year-over-year. The company's advertising business showed growth performance amid market volatility. CEO Mark Zuckerberg commented on the company's focus on AI development.",Business Insider,https://example.com/news/28687,Lisa Anderson,Synthetic,0.347,,
2023-10-04,META Strengthens Competition from Pinterest,Meta Platforms is investing heavily to compete with Pinterest in the social media space. The company reported strong user growth in recent quarters. Analysts note that META's AI capabilities gives it a competitive advantage.,TechCrunch,https://example.com/news/38155,Tom Wilson,Synthetic,0.109,,
2023-10-06,META CEO Mark Zuckerberg Addresses Company Future,Meta Platforms CEO Mark Zuckerberg spoke at a conference about the company's direction. Zuckerberg emphasized META's commitment to AI innovation. The company continues to invest in emerging technologies despite economic challenges.,Wall Street Journal,https://example.com/news/20353,John Smith,Synthetic,-0.167,,
2023-10-06,META Strengthens Competition from LinkedIn,Meta Platforms is investing heavily to compete with LinkedIn in the social media space. The company reported strong user growth in recent quarters. Analysts note that META's AI capabilities gives it a competitive advantage.,TechCrunch,https://example.com/news/76682,Anna Martinez,Synthetic,0.51,,
2023-10-06,META misses QQ4 2023 Earnings Expectations,"Meta Platforms reported strong QQ4 2023 results, with revenue increases by 24% year-over-year. The company's advertising business showed growth performance amid market volatility. CEO Mark Zuckerberg commented on the company's focus on AI development.",CNBC,https://example.com/news/33242,John Smith,Synthetic,0.814,,
2023-10-07,META Faces Increased Scrutiny Over Content Moderation Policies,Meta Platforms is facing regulatory pressure regarding content moderation policies. European regulators have raised concerns about the company's data practices. META has committed to cooperating with authorities to address these concerns.,Business Insider,https://example.com/news/77706,Anna Martinez,Synthetic,-0.186,,
2023-10-07,META Announces Major Updates to WhatsApp,"Meta Platforms unveiled significant advertising tools for WhatsApp, aiming to enhance user experience. The new features include advanced AI capabilities. Industry analysts suggest this could strengthen META's position in the social media market.",TechCrunch,https://example.com/news/57898,Alex Chen,Synthetic,0.745,,
2023-10-07,META CEO Mark Zuckerberg Addresses Company Future,Meta Platforms CEO Mark Zuckerberg spoke at a conference about the company's direction. Zuckerberg emphasized META's commitment to AI innovation. The company continues to invest in emerging technologies despite economic challenges.,MarketWatch,https://example.com/news/78050,Maria Garcia,Synthetic,0.228,,
2023-10-10,META Strengthens Competition from Pinterest,Meta Platforms is investing heavily to compete with Pinterest in the social media space. The company reported strong user growth in recent quarters. Analysts note that META's AI capabilities gives it a competitive advantage.,Bloomberg,https://example.com/news/82304,Tom Wilson,Synthetic,0.648,,
2023-10-11,META CEO Mark Zuckerberg Addresses Company Future,Meta Platforms CEO Mark Zuckerberg spoke at a conference about the company's direction. Zuckerberg emphasized META's commitment to AI innovation. The company continues to invest in emerging technologies despite economic challenges.,CNN Business,https://example.com/news/13028,John Smith,Synthetic,-0.124,,
2023-10-15,META Announces Major Updates to WhatsApp,"Meta Platforms unveiled significant advertising tools for WhatsApp, aiming to enhance user experience. The new features include advanced AI capabilities. Industry analysts suggest this could strengthen META's position in the social media market.",Business Insider,https://example.com/news/25475,,Synthetic,0.587,,
2023-10-16,META Strengthens Competition from Twitter/X,Meta Platforms is investing heavily to compete with Twitter/X in the social media space. The company reported strong user growth in recent quarters. Analysts note that META's AI capabilities gives it a competitive advantage.,The Verge,https://example.com/news/14349,Robert Taylor,Synthetic,0.818,,
2023-10-16,META Reports Q1 2023 Earnings: Revenue mixed 11%,"Meta Platforms reported mixed earnings for Q1 2023, with revenue mixed 11% year-over-year. The company's advertising business showed mixed performance amid economic uncertainty.",CNBC,https://www.marketwatch.com/article/80208,Emma Wilson,NewsAPI,,,
2023-10-20,META CEO Mark Zuckerberg Addresses Company Future,Meta Platforms CEO Mark Zuckerberg spoke at a conference about the company's direction. Zuckerberg emphasized META's commitment to AI innovation. The company continues to invest in emerging technologies despite economic challenges.,CNN Business,https://example.com/news/41395,Robert Taylor,Synthetic,-0.035,,
2023-10-21,META Announces content tools for Instagram,"Meta Platforms unveiled new content tools for Instagram, aiming to boost monetization. The update includes enhanced security and is expected to drive user growth.",CNBC,https://www.bloomberg.com/article/63152,John Smith,NewsAPI,,,
2023-10-22,META Announces Major Updates to WhatsApp,"Meta Platforms unveiled significant AI features for WhatsApp, aiming to enhance user experience. The new features include advanced AI capabilities. Industry analysts suggest this could strengthen META's position in the social media market.",CNN Business,https://example.com/news/24513,Jennifer Lee,Synthetic,0.157,,
2023-10-23,META meets QQ4 2023 Earnings Expectations,"Meta Platforms reported strong QQ4 2023 results, with revenue increases by 18% year-over-year. The company's advertising business showed growth performance amid market volatility. CEO Mark Zuckerberg commented on the company's focus on AI development.",MarketWatch,https://example.com/news/89984,Alex Chen,Synthetic,0.232,,
2023-10-23,META Strengthens Competition from Twitter/X,Meta Platforms is investing heavily to compete with Twitter/X in the social media space. The company reported strong user growth in recent quarters. Analysts note that META's AI capabilities gives it a competitive advantage.,TechCrunch,https://example.com/news/63979,Maria Garcia,Synthetic,0.378,,
2023-10-23,META Announces Major Updates to Threads,"Meta Platforms unveiled significant privacy updates for Threads, aiming to enhance user experience. The new features include advanced AI capabilities. Industry analysts suggest this could strengthen META's position in the social media market.",CNN Business,https://example.com/news/56582,Lisa Anderson,Synthetic,0.678,,
2023-10-24,META Stock Earnings,Meta Platforms reported weak Q3 results with revenue up 25%. The company's metaverse segment showed growth.,Business Insider,https://finance.yahoo.com/news/meta-418113,David Brown,Alpha Vantage,-0.1718,0.2541,Somewhat-Bearish
2023-10-25,META Announces Major Updates to Oculus Quest,"Meta Platforms unveiled significant content moderation for Oculus Quest, aiming to enhance user experience. The new features include advanced AI capabilities. Industry analysts suggest this could strengthen META's position in the social media market.",BBC News,https://example.com/news/64175,Tom Wilson,Synthetic,0.835,,
2023-10-25,META Stock Results,META shares rose 8% following news. Investors expressed concerns about the company's current performance.,Yahoo Finance,https://finance.yahoo.com/news/meta-796354,David Brown,Alpha Vantage,-0.3104,0.7006,Somewhat-Bearish
2023-10-25,META Faces Increased Scrutiny Over Privacy Regulations,Meta Platforms is facing regulatory pressure regarding privacy regulations. European regulators have raised concerns about the company's data practices. META has committed to cooperating with authorities to address these concerns.,TechCrunch,https://example.com/news/63132,Mark Johnson,Synthetic,-0.416,,
2023-10-25,META CEO Mark Zuckerberg Addresses Company Future,Meta Platforms CEO Mark Zuckerberg spoke at a conference about the company's direction. Zuckerberg emphasized META's commitment to AI innovation. The company continues to invest in emerging technologies despite economic challenges.,CNBC,https://example.com/news/88262,Alex Chen,Synthetic,-0.118,,
2023-10-26,META Faces Increased Scrutiny Over Privacy Regulations,Meta Platforms is facing regulatory pressure regarding privacy regulations. European regulators have raised concerns about the company's data practices. META has committed to cooperating with authorities to address these concerns.,Business Insider,https://example.com/news/39980,,Synthetic,-0.132,,
2023-10-26,META Strengthens Competition from LinkedIn,Meta Platforms is investing heavily to compete with LinkedIn in the social media space. The company reported strong user growth in recent quarters. Analysts note that META's AI capabilities gives it a competitive advantage.,BBC News,https://example.com/news/51219,Jennifer Lee,Synthetic,0.466,,
2023-10-26,META Announces Major Updates to WhatsApp,"Meta Platforms unveiled significant new algorithms for WhatsApp, aiming to enhance user experience. The new features include advanced AI capabilities. Industry analysts suggest this could strengthen META's position in the social media market.",Wall Street Journal,https://example.com/news/12826,,Synthetic,0.23,,
2023-10-27,META misses QQ4 2023 Earnings Expectations,"Meta Platforms reported strong QQ4 2023 results, with revenue increases by 15% year-over-year. The company's advertising business showed growth performance amid market volatility. CEO Mark Zuckerberg commented on the company's focus on AI development.",CNN Business,https://example.com/news/88230,Chris Lee,Synthetic,0.132,,
2023-10-27,META CEO Mark Zuckerberg Addresses Company Future,Meta Platforms CEO Mark Zuckerberg spoke at a conference about the company's direction. Zuckerberg emphasized META's commitment to AI innovation. The company continues to invest in emerging technologies despite economic challenges.,Financial Times,https://example.com/news/89687,Mark Johnson,Synthetic,0.247,,
2023-10-29,META Announces Major Updates to Oculus Quest,"Meta Platforms unveiled significant advertising tools for Oculus Quest, aiming to enhance user experience. The new features include advanced AI capabilities. Industry analysts suggest this could strengthen META's position in the social media market.",TechCrunch,https://example.com/news/74938,Robert Taylor,Synthetic,0.347,,
2023-10-29,META Announces Major Updates to WhatsApp,"Meta Platforms unveiled significant content moderation for WhatsApp, aiming to enhance user experience. The new features include advanced AI capabilities. Industry analysts suggest this could strengthen META's position in the social media market.",Financial Times,https://example.com/news/52433,Tom Wilson,Synthetic,0.356,,
2023-10-30,META Announces content tools for Facebook,"Meta Platforms unveiled new content tools for Facebook, aiming to boost monetization. The update includes enhanced security and is expected to increase revenue.",MarketWatch,https://www.cnbc.com/article/88040,Maria Garcia,NewsAPI,,,
2023-10-30,META misses QQ4 2023 Earnings Expectations,"Meta Platforms reported strong QQ4 2023 results, with revenue decreases by 1% year-over-year. The company's advertising business showed growth performance amid market volatility. CEO Mark Zuckerberg commented on the company's focus on AI development.",Reuters,https://example.com/news/57416,,Synthetic,0.326,,
2023-10-31,META Announces Major Updates to Oculus Quest,"Meta Platforms unveiled significant content moderation for Oculus Quest, aiming to enhance user experience. The new features include advanced AI capabilities. Industry analysts suggest this could strengthen META's position in the social media market.",Financial Times,https://example.com/news/56967,Maria Garcia,Synthetic,0.745,,
2023-11-02,META Strengthens Competition from Twitter/X,Meta Platforms is investing heavily to compete with Twitter/X in the social media space. The company reported strong user growth in recent quarters. Analysts note that META's AI capabilities gives it a competitive advantage.,BBC News,https://example.com/news/53247,Tom Wilson,Synthetic,0.829,,
2023-11-04,META beats QQ4 2023 Earnings Expectations,"Meta Platforms reported strong QQ4 2023 results, with revenue decreases by 14% year-over-year. The company's advertising business showed growth performance amid market volatility. CEO Mark Zuckerberg commented on the company's focus on AI development.",MarketWatch,https://example.com/news/98732,Robert Taylor,Synthetic,0.346,,
2023-11-05,META Strengthens Competition from LinkedIn,Meta Platforms is investing heavily to compete with LinkedIn in the social media space. The company reported strong user growth in recent quarters. Analysts note that META's AI capabilities gives it a competitive advantage.,Reuters,https://example.com/news/33483,Jennifer Lee,Synthetic,0.842,,
2023-11-05,META beats QQ4 2023 Earnings Expectations,"Meta Platforms reported strong QQ4 2023 results, with revenue increases by 17% year-over-year. The company's advertising business showed growth performance amid market volatility. CEO Mark Zuckerberg commented on the company's focus on AI development.",Reuters,https://example.com/news/91693,John Smith,Synthetic,0.109,,
2023-11-06,META meets QQ4 2023 Earnings Expectations,"Meta Platforms reported strong QQ4 2023 results, with revenue decreases by 10% year-over-year. The company's advertising business showed growth performance amid market volatility. CEO Mark Zuckerberg commented on the company's focus on AI development.",Bloomberg,https://example.com/news/80475,Jennifer Lee,Synthetic,0.517,,
2023-11-07,META Faces Increased Scrutiny Over Data Protection Rules,Meta Platforms is facing regulatory pressure regarding data protection rules. European regulators have raised concerns about the company's data practices. META has committed to cooperating with authorities to address these concerns.,Wall Street Journal,https://example.com/news/94795,Lisa Anderson,Synthetic,-0.745,,
2023-11-07,META Announces Major Updates to Oculus Quest,"Meta Platforms unveiled significant content moderation for Oculus Quest, aiming to enhance user experience. The new features include advanced AI capabilities. Industry analysts suggest this could strengthen META's position in the social media market.",Reuters,https://example.com/news/41572,,Synthetic,0.765,,
2023-11-07,META Q2 Update,Meta Platforms announced strategic changes aimed at improving engagement. The company expects this to increase adoption.,Reuters,https://finance.yahoo.com/news/meta-153218,John Smith,Alpha Vantage,0.3901,0.1726,Bullish
2023-11-10,META Announces Major Updates to Threads,"Meta Platforms unveiled significant new algorithms for Threads, aiming to enhance user experience. The new features include advanced AI capabilities. Industry analysts suggest this could strengthen META's position in the social media market.",Wall Street Journal,https://example.com/news/25118,John Smith,Synthetic,0.105,,
2023-11-10,META CEO Mark Zuckerberg Addresses Company Future,Meta Platforms CEO Mark Zuckerberg spoke at a conference about the company's direction. Zuckerberg emphasized META's commitment to AI innovation. The company continues to invest in emerging technologies despite economic challenges.,CNN Business,https://example.com/news/78614,Tom Wilson,Synthetic,-0.07,,
2023-11-11,META Faces economic headwinds in technology,Meta Platforms is navigating economic headwinds in the technology sector. The company has outlined plans to address user privacy.,Financial Times,https://www.financialtimes.com/article/50902,Jennifer Lee,NewsAPI,,,
2023-11-11,META beats QQ4 2023 Earnings Expectations,"Meta Platforms reported strong QQ4 2023 results, with revenue decreases by 14% year-over-year. The company's advertising business showed growth performance amid market volatility. CEO Mark Zuckerberg commented on the company's focus on AI development.",The Verge,https://example.com/news/97277,Lisa Anderson,Synthetic,0.492,,
2023-11-11,META Faces Increased Scrutiny Over Antitrust Concerns,Meta Platforms is facing regulatory pressure regarding antitrust concerns. European regulators have raised concerns about the company's data practices. META has committed to cooperating with authorities to address these concerns.,The Verge,https://example.com/news/89624,Chris Lee,Synthetic,-0.775,,
2023-11-12,META CEO Mark Zuckerberg Addresses Company Future,Meta Platforms CEO Mark Zuckerberg spoke at a conference about the company's direction. Zuckerberg emphasized META's commitment to AI innovation. The company continues to invest in emerging technologies despite economic challenges.,Business Insider,https://example.com/news/66589,Maria Garcia,Synthetic,-0.143,,
2023-11-13,META Announces Major Updates to Threads,"Meta Platforms unveiled significant new algorithms for Threads, aiming to enhance user experience. The new features include advanced AI capabilities. Industry analysts suggest this could strengthen META's position in the social media market.",Wall Street Journal,https://example.com/news/74596,Mike Davis,Synthetic,0.446,,
2023-11-13,META misses QQ4 2023 Earnings Expectations,"Meta Platforms reported strong QQ4 2023 results, with revenue increases by 12% year-over-year. The company's advertising business showed growth performance amid market volatility. CEO Mark Zuckerberg commented on the company's focus on AI development.",The Verge,https://example.com/news/80320,John Smith,Synthetic,0.4,,
2023-11-14,META misses QQ4 2023 Earnings Expectations,"Meta Platforms reported strong QQ4 2023 results, with revenue increases by 13% year-over-year. The company's advertising business showed growth performance amid market volatility. CEO Mark Zuckerberg commented on the company's focus on AI development.",MarketWatch,https://example.com/news/48171,Anna Martinez,Synthetic,0.187,,
2023-11-17,META CEO Mark Zuckerberg Addresses Company Future,Meta Platforms CEO Mark Zuckerberg spoke at a conference about the company's direction. Zuckerberg emphasized META's commitment to AI innovation. The company continues to invest in emerging technologies despite economic challenges.,Reuters,https://example.com/news/34298,David Brown,Synthetic,-0.183,,
2023-11-17,META Strengthens Competition from Snapchat,Meta Platforms is investing heavily to compete with Snapchat in the social media space. The company reported strong user growth in recent quarters. Analysts note that META's AI capabilities gives it a competitive advantage.,Business Insider,https://example.com/news/15703,Jessica Brown,Synthetic,0.115,,
2023-11-18,META misses QQ4 2023 Earnings Expectations,"Meta Platforms reported strong QQ4 2023 results, with revenue decreases by 0% year-over-year. The company's advertising business showed growth performance amid market volatility. CEO Mark Zuckerberg commented on the company's focus on AI development.",Financial Times,https://example.com/news/27205,Emma Wilson,Synthetic,0.319,,
2023-11-18,META Announces Major Updates to WhatsApp,"Meta Platforms unveiled significant new algorithms for WhatsApp, aiming to enhance user experience. The new features include advanced AI capabilities. Industry analysts suggest this could strengthen META's position in the social media market.",Business Insider,https://example.com/news/92595,Tom Wilson,Synthetic,0.296,,
2023-11-21,META Strengthens Competition from LinkedIn,Meta Platforms is investing heavily to compete with LinkedIn in the social media space. The company reported strong user growth in recent quarters. Analysts note that META's AI capabilities gives it a competitive advantage.,Financial Times,https://example.com/news/16790,Lisa Anderson,Synthetic,0.831,,
2023-11-21,META Faces Increased Scrutiny Over Data Protection Rules,Meta Platforms is facing regulatory pressure regarding data protection rules. European regulators have raised concerns about the company's data practices. META has committed to cooperating with authorities to address these concerns.,The Verge,https://example.com/news/55425,John Smith,Synthetic,-0.606,,
2023-11-23,META Q2 Changes,Meta Platforms announced strategic changes aimed at enhancing user experience. The company expects this to strengthen position.,Bloomberg,https://finance.yahoo.com/news/meta-425667,"Sarah Johnson, Mike Davis",Alpha Vantage,-0.486,0.318,Bearish
2023-11-23,META meets QQ4 2023 Earnings Expectations,"Meta Platforms reported strong QQ4 2023 results, with revenue decreases by 13% year-over-year. The company's advertising business showed growth performance amid market volatility. CEO Mark Zuckerberg commented on the company's focus on AI development.",Financial Times,https://example.com/news/66260,Robert Taylor,Synthetic,0.174,,
2023-11-25,META Announces Major Updates to Threads,"Meta Platforms unveiled significant AI features for Threads, aiming to enhance user experience. The new features include advanced AI capabilities. Industry analysts suggest this could strengthen META's position in the social media market.",BBC News,https://example.com/news/41539,,Synthetic,0.807,,
2023-11-26,META Strengthens Competition from Pinterest,Meta Platforms is investing heavily to compete with Pinterest in the social media space. The company reported strong user growth in recent quarters. Analysts note that META's AI capabilities gives it a competitive advantage.,CNN Business,https://example.com/news/55959,Anna Martinez,Synthetic,0.887,,
2023-11-26,META Q1 Update,Meta Platforms announced organizational updates aimed at enhancing user experience. The company expects this to drive revenue.,MarketWatch,https://finance.yahoo.com/news/meta-184733,John Smith,Alpha Vantage,-0.2168,0.2575,Somewhat-Bearish
2023-11-27,META Announces Major Updates to Threads,"Meta Platforms unveiled significant content moderation for Threads, aiming to enhance user experience. The new features include advanced AI capabilities. Industry analysts suggest this could strengthen META's position in the social media market.",TechCrunch,https://example.com/news/93354,David Brown,Synthetic,0.106,,
2023-11-28,META Faces Increased Scrutiny Over Data Protection Rules,Meta Platforms is facing regulatory pressure regarding data protection rules. European regulators have raised concerns about the company's data practices. META has committed to cooperating with authorities to address these concerns.,The Verge,https://example.com/news/51162,Chris Lee,Synthetic,-0.251,,
2023-11-28,META meets QQ4 2023 Earnings Expectations,"Meta Platforms reported strong QQ4 2023 results, with revenue decreases by 1% year-over-year. The company's advertising business showed growth performance amid market volatility. CEO Mark Zuckerberg commented on the company's focus on AI development.",Bloomberg,https://example.com/news/18081,Emma Wilson,Synthetic,0.335,,
2023-11-29,META misses QQ4 2023 Earnings Expectations,"Meta Platforms reported strong QQ4 2023 results, with revenue decreases by 11% year-over-year. The company's advertising business showed growth performance amid market volatility. CEO Mark Zuckerberg commented on the company's focus on AI development.",CNN Business,https://example.com/news/41653,Emma Wilson,Synthetic,0.184,,
2023-11-30,META Faces Increased Scrutiny Over Antitrust Concerns,Meta Platforms is facing regulatory pressure regarding antitrust concerns. European regulators have raised concerns about the company's data practices. META has committed to cooperating with authorities to address these concerns.,Reuters,https://example.com/news/96273,Robert Taylor,Synthetic,-0.413,,
2023-11-30,META Strengthens Competition from Pinterest,Meta Platforms is investing heavily to compete with Pinterest in the social media space. The company reported strong user growth in recent quarters. Analysts note that META's AI capabilities gives it a competitive advantage.,CNN Business,https://example.com/news/78537,Chris Lee,Synthetic,0.811,,
2023-11-30,META Strengthens Competition from TikTok,Meta Platforms is investing heavily to compete with TikTok in the social media space. The company reported strong user growth in recent quarters. Analysts note that META's AI capabilities gives it a competitive advantage.,Reuters,https://example.com/news/56056,John Smith,Synthetic,0.466,,
2023-11-30,META Announces Major Updates to Oculus Quest,"Meta Platforms unveiled significant advertising tools for Oculus Quest, aiming to enhance user experience. The new features include advanced AI capabilities. Industry analysts suggest this could strengthen META's position in the social media market.",TechCrunch,https://example.com/news/20850,Alex Chen,Synthetic,0.466,,
2023-12-02,META Strengthens Competition from LinkedIn,Meta Platforms is investing heavily to compete with LinkedIn in the social media space. The company reported strong user growth in recent quarters. Analysts note that META's AI capabilities gives it a competitive advantage.,Bloomberg,https://example.com/news/48461,Lisa Anderson,Synthetic,0.421,,
2023-12-06,META Announces Major Updates to Facebook,"Meta Platforms unveiled significant advertising tools for Facebook, aiming to enhance user experience. The new features include advanced AI capabilities. Industry analysts suggest this could strengthen META's position in the social media market.",Bloomberg,https://example.com/news/44923,Chris Lee,Synthetic,0.797,,
2023-12-06,META CEO Mark Zuckerberg Addresses Company Future,Meta Platforms CEO Mark Zuckerberg spoke at a conference about the company's direction. Zuckerberg emphasized META's commitment to AI innovation. The company continues to invest in emerging technologies despite economic challenges.,TechCrunch,https://example.com/news/40743,Chris Lee,Synthetic,-0.001,,
2023-12-07,META Faces Increased Scrutiny Over Antitrust Concerns,Meta Platforms is facing regulatory pressure regarding antitrust concerns. European regulators have raised concerns about the company's data practices. META has committed to cooperating with authorities to address these concerns.,CNBC,https://example.com/news/78259,Jessica Brown,Synthetic,-0.182,,
2023-12-09,META CEO Mark Zuckerberg Addresses Company Future,Meta Platforms CEO Mark Zuckerberg spoke at a conference about the company's direction. Zuckerberg emphasized META's commitment to AI innovation. The company continues to invest in emerging technologies despite economic challenges.,Reuters,https://example.com/news/33237,Maria Garcia,Synthetic,-0.179,,
2023-12-12,META CEO Mark Zuckerberg Addresses Company Future,Meta Platforms CEO Mark Zuckerberg spoke at a conference about the company's direction. Zuckerberg emphasized META's commitment to AI innovation. The company continues to invest in emerging technologies despite economic challenges.,Financial Times,https://example.com/news/63922,Jennifer Lee,Synthetic,-0.09,,
2023-12-12,META meets QQ4 2023 Earnings Expectations,"Meta Platforms reported strong QQ4 2023 results, with revenue increases by 3% year-over-year. The company's advertising business showed growth performance amid market volatility. CEO Mark Zuckerberg commented on the company's focus on AI development.",Wall Street Journal,https://example.com/news/44789,Lisa Anderson,Synthetic,0.844,,
2023-12-16,META Announces Major Updates to WhatsApp,"Meta Platforms unveiled significant advertising tools for WhatsApp, aiming to enhance user experience. The new features include advanced AI capabilities. Industry analysts suggest this could strengthen META's position in the social media market.",MarketWatch,https://example.com/news/92503,Emma Wilson,Synthetic,0.501,,
2023-12-17,META Faces Increased Scrutiny Over Antitrust Concerns,Meta Platforms is facing regulatory pressure regarding antitrust concerns. European regulators have raised concerns about the company's data practices. META has committed to cooperating with authorities to address these concerns.,CNBC,https://example.com/news/46747,David Brown,Synthetic,-0.885,,
2023-12-19,META Strengthens Competition from Twitter/X,Meta Platforms is investing heavily to compete with Twitter/X in the social media space. The company reported strong user growth in recent quarters. Analysts note that META's AI capabilities gives it a competitive advantage.,The Verge,https://example.com/news/44894,Anna Martinez,Synthetic,0.168,,
2023-12-20,META misses QQ4 2023 Earnings Expectations,"Meta Platforms reported strong QQ4 2023 results, with revenue increases by 21% year-over-year. The company's advertising business showed growth performance amid market volatility. CEO Mark Zuckerberg commented on the company's focus on AI development.",Wall Street Journal,https://example.com/news/73904,Chris Lee,Synthetic,0.503,,
2023-12-21,META misses QQ4 2023 Earnings Expectations,"Meta Platforms reported strong QQ4 2023 results, with revenue decreases by 12% year-over-year. The company's advertising business showed growth performance amid market volatility. CEO Mark Zuckerberg commented on the company's focus on AI development.",The Verge,https://example.com/news/33171,Mark Johnson,Synthetic,0.578,,
2023-12-22,META Faces Increased Scrutiny Over Content Moderation Policies,Meta Platforms is facing regulatory pressure regarding content moderation policies. European regulators have raised concerns about the company's data practices. META has committed to cooperating with authorities to address these concerns.,CNBC,https://example.com/news/61511,Emma Wilson,Synthetic,-0.494,,
2023-12-24,META CEO Mark Zuckerberg Addresses Company Future,Meta Platforms CEO Mark Zuckerberg spoke at a conference about the company's direction. Zuckerberg emphasized META's commitment to AI innovation. The company continues to invest in emerging technologies despite economic challenges.,TechCrunch,https://example.com/news/72632,Tom Wilson,Synthetic,-0.108,,
2023-12-25,META CEO Mark Zuckerberg Addresses Company Future,Meta Platforms CEO Mark Zuckerberg spoke at a conference about the company's direction. Zuckerberg emphasized META's commitment to AI innovation. The company continues to invest in emerging technologies despite economic challenges.,The Verge,https://example.com/news/59675,Emma Wilson,Synthetic,0.226,,
2023-12-25,META Announces Major Updates to Oculus Quest,"Meta Platforms unveiled significant privacy updates for Oculus Quest, aiming to enhance user experience. The new features include advanced AI capabilities. Industry analysts suggest this could strengthen META's position in the social media market.",BBC News,https://example.com/news/48143,Sarah Johnson,Synthetic,0.566,,
2023-12-26,META Strengthens Competition from Twitter/X,Meta Platforms is investing heavily to compete with Twitter/X in the social media space. The company reported strong user growth in recent quarters. Analysts note that META's AI capabilities gives it a competitive advantage.,Wall Street Journal,https://example.com/news/77412,Mike Davis,Synthetic,0.421,,
2023-12-27,META meets QQ4 2023 Earnings Expectations,"Meta Platforms reported strong QQ4 2023 results, with revenue decreases by 1% year-over-year. The company's advertising business showed growth performance amid market volatility. CEO Mark Zuckerberg commented on the company's focus on AI development.",MarketWatch,https://example.com/news/45085,Emma Wilson,Synthetic,0.519,,
2023-12-29,META Faces Increased Scrutiny Over Content Moderation Policies,Meta Platforms is facing regulatory pressure regarding content moderation policies. European regulators have raised concerns about the company's data practices. META has committed to cooperating with authorities to address these concerns.,Financial Times,https://example.com/news/44486,Tom Wilson,Synthetic,-0.823,,
2023-12-29,META Faces regulatory scrutiny in technology,Meta Platforms is navigating regulatory scrutiny in the technology sector. The company has committed resources to address market competition.,Reuters,https://www.marketwatch.com/article/61852,Alex Chen,NewsAPI,,,
2023-12-30,META Faces Increased Scrutiny Over Privacy Regulations,Meta Platforms is facing regulatory pressure regarding privacy regulations. European regulators have raised concerns about the company's data practices. META has committed to cooperating with authorities to address these concerns.,Wall Street Journal,https://example.com/news/11496,Lisa Anderson,Synthetic,-0.217,,
2023-12-31,META Faces Increased Scrutiny Over Content Moderation Policies,Meta Platforms is facing regulatory pressure regarding content moderation policies. European regulators have raised concerns about the company's data practices. META has committed to cooperating with authorities to address these concerns.,TechCrunch,https://example.com/news/95167,Emma Wilson,Synthetic,-0.579,,
2023-12-31,META Announces Changes,Meta Platforms announced new features aimed at enhancing user experience. The company expects this to strengthen position.,Yahoo Finance,https://finance.yahoo.com/news/meta-893985,Maria Garcia,Alpha Vantage,-0.0703,0.7959,Neutral
2024-01-01,META CEO Mark Zuckerberg Addresses Company Future,Meta Platforms CEO Mark Zuckerberg spoke at a conference about the company's direction. Zuckerberg emphasized META's commitment to AI innovation. The company continues to invest in emerging technologies despite economic challenges.,Wall Street Journal,https://example.com/news/88117,Anna Martinez,Synthetic,-0.174,,
2024-01-01,META Faces Increased Scrutiny Over Antitrust Concerns,Meta Platforms is facing regulatory pressure regarding antitrust concerns. European regulators have raised concerns about the company's data practices. META has committed to cooperating with authorities to address these concerns.,CNBC,https://example.com/news/26914,,Synthetic,-0.54,,
2024-01-02,META CEO Mark Zuckerberg Addresses Company Future,Meta Platforms CEO Mark Zuckerberg spoke at a conference about the company's direction. Zuckerberg emphasized META's commitment to AI innovation. The company continues to invest in emerging technologies despite economic challenges.,CNN Business,https://example.com/news/33700,Maria Garcia,Synthetic,0.147,,
2024-01-02,META Announces Major Updates to Instagram,"Meta Platforms unveiled significant AI features for Instagram, aiming to enhance user experience. The new features include advanced AI capabilities. Industry analysts suggest this could strengthen META's position in the social media market.",BBC News,https://example.com/news/82144,Sarah Johnson,Synthetic,0.542,,
2024-01-04,META Strengthens Competition from TikTok,Meta Platforms is investing heavily to compete with TikTok in the social media space. The company reported strong user growth in recent quarters. Analysts note that META's AI capabilities gives it a competitive advantage.,Business Insider,https://example.com/news/83169,Emma Wilson,Synthetic,0.84,,
2024-01-05,META Strengthens Competition from TikTok,Meta Platforms is investing heavily to compete with TikTok in the social media space. The company reported strong user growth in recent quarters. Analysts note that META's AI capabilities gives it a competitive advantage.,MarketWatch,https://example.com/news/40039,Robert Taylor,Synthetic,0.18,,
2024-01-05,META Strengthens Competition from LinkedIn,Meta Platforms is investing heavily to compete with LinkedIn in the social media space. The company reported strong user growth in recent quarters. Analysts note that META's AI capabilities gives it a competitive advantage.,The Verge,https://example.com/news/16252,Alex Chen,Synthetic,0.668,,
2024-01-08,META Announces Major Updates to Facebook,"Meta Platforms unveiled significant privacy updates for Facebook, aiming to enhance user experience. The new features include advanced AI capabilities. Industry analysts suggest this could strengthen META's position in the social media market.",Wall Street Journal,https://example.com/news/40716,Jessica Brown,Synthetic,0.467,,
2024-01-08,META misses QQ1 2024 Earnings Expectations,"Meta Platforms reported strong QQ1 2024 results, with revenue decreases by 4% year-over-year. The company's advertising business showed growth performance amid market volatility. CEO Mark Zuckerberg commented on the company's focus on AI development.",MarketWatch,https://example.com/news/11646,Tom Wilson,Synthetic,0.674,,
2024-01-08,META Reports Q2 2023 Earnings: Revenue weak 11%,"Meta Platforms reported weak earnings for Q2 2023, with revenue weak 11% year-over-year. The company's advertising business showed challenging performance amid market volatility.",Reuters,https://www.reuters.com/article/11246,,NewsAPI,,,
2024-01-09,META Strengthens Competition from Pinterest,Meta Platforms is investing heavily to compete with Pinterest in the social media space. The company reported strong user growth in recent quarters. Analysts note that META's AI capabilities gives it a competitive advantage.,Financial Times,https://example.com/news/25983,Lisa Anderson,Synthetic,0.848,,
2024-01-10,META Announces Results,Meta Platforms announced strategic changes aimed at enhancing user experience. The company expects this to increase adoption.,Business Insider,https://finance.yahoo.com/news/meta-569224,John Smith,Alpha Vantage,-0.5645,0.7788,Bearish
2024-01-11,META Announces Major Updates to Facebook,"Meta Platforms unveiled significant privacy updates for Facebook, aiming to enhance user experience. The new features include advanced AI capabilities. Industry analysts suggest this could strengthen META's position in the social media market.",Wall Street Journal,https://example.com/news/89702,Jennifer Lee,Synthetic,0.39,,
2024-01-13,META Strengthens Competition from LinkedIn,Meta Platforms is investing heavily to compete with LinkedIn in the social media space. The company reported strong user growth in recent quarters. Analysts note that META's AI capabilities gives it a competitive advantage.,Bloomberg,https://example.com/news/10793,Mark Johnson,Synthetic,0.339,,
2024-01-13,META Stock climbs 19% After earnings report,"Meta Platforms shares climbs 19% following earnings report. Investors reacted to management commentary, with analysts noting potential opportunities.",Wall Street Journal,https://www.bloomberg.com/article/21471,John Smith,NewsAPI,,,
2024-01-14,META CEO Mark Zuckerberg Addresses Company Future,Meta Platforms CEO Mark Zuckerberg spoke at a conference about the company's direction. Zuckerberg emphasized META's commitment to AI innovation. The company continues to invest in emerging technologies despite economic challenges.,The Verge,https://example.com/news/87962,Sarah Johnson,Synthetic,0.215,,
2024-01-17,META Q2 Earnings,Meta Platforms reported weak Q1 results with revenue down 21%. The company's advertising segment showed decline.,CNBC,https://finance.yahoo.com/news/meta-619290,Lisa Anderson,Alpha Vantage,0.6048,0.1294,Bullish
2024-01-18,META meets QQ1 2024 Earnings Expectations,"Meta Platforms reported strong QQ1 2024 results, with revenue increases by 8% year-over-year. The company's advertising business showed growth performance amid market volatility. CEO Mark Zuckerberg commented on the company's focus on AI development.",Wall Street Journal,https://example.com/news/64030,Mike Davis,Synthetic,0.644,,
2024-01-19,META Faces Increased Scrutiny Over Content Moderation Policies,Meta Platforms is facing regulatory pressure regarding content moderation policies. European regulators have raised concerns about the company's data practices. META has committed to cooperating with authorities to address these concerns.,TechCrunch,https://example.com/news/21619,Chris Lee,Synthetic,-0.532,,
2024-01-20,META Announces Major Updates to Oculus Quest,"Meta Platforms unveiled significant AI features for Oculus Quest, aiming to enhance user experience. The new features include advanced AI capabilities. Industry analysts suggest this could strengthen META's position in the social media market.",Reuters,https://example.com/news/88229,Maria Garcia,Synthetic,0.391,,
2024-01-21,META Strengthens Competition from Twitter/X,Meta Platforms is investing heavily to compete with Twitter/X in the social media space. The company reported strong user growth in recent quarters. Analysts note that META's AI capabilities gives it a competitive advantage.,Reuters,https://example.com/news/87343,Alex Chen,Synthetic,0.369,,
2024-01-22,META CEO Mark Zuckerberg Addresses Company Future,Meta Platforms CEO Mark Zuckerberg spoke at a conference about the company's direction. Zuckerberg emphasized META's commitment to AI innovation. The company continues to invest in emerging technologies despite economic challenges.,The Verge,https://example.com/news/25760,Tom Wilson,Synthetic,-0.094,,
2024-01-22,META Announces Major Updates to Facebook,"Meta Platforms unveiled significant advertising tools for Facebook, aiming to enhance user experience. The new features include advanced AI capabilities. Industry analysts suggest this could strengthen META's position in the social media market.",Financial Times,https://example.com/news/53691,Robert Taylor,Synthetic,0.369,,
2024-01-22,META Faces Increased Scrutiny Over Privacy Regulations,Meta Platforms is facing regulatory pressure regarding privacy regulations. European regulators have raised concerns about the company's data practices. META has committed to cooperating with authorities to address these concerns.,Business Insider,https://example.com/news/27812,John Smith,Synthetic,-0.468,,
2024-01-23,META Announces content tools for Facebook,"Meta Platforms unveiled new content tools for Facebook, aiming to boost monetization. The update includes enhanced security and is expected to strengthen market position.",Bloomberg,https://www.bloomberg.com/article/10823,Emma Wilson,NewsAPI,,,
2024-01-23,META Faces competitive pressure in advertising,Meta Platforms is navigating competitive pressure in the advertising sector. The company has committed resources to address user privacy.,Wall Street Journal,https://www.businessinsider.com/article/29427,Sarah Johnson,NewsAPI,,,
2024-01-25,META Strengthens Competition from Twitter/X,Meta Platforms is investing heavily to compete with Twitter/X in the social media space. The company reported strong user growth in recent quarters. Analysts note that META's AI capabilities gives it a competitive advantage.,Reuters,https://example.com/news/65043,Anna Martinez,Synthetic,0.319,,
2024-01-25,META Faces Increased Scrutiny Over Antitrust Concerns,Meta Platforms is facing regulatory pressure regarding antitrust concerns. European regulators have raised concerns about the company's data practices. META has committed to cooperating with authorities to address these concerns.,MarketWatch,https://example.com/news/85008,Mark Johnson,Synthetic,-0.506,,
2024-01-27,META Strengthens Competition from Twitter/X,Meta Platforms is investing heavily to compete with Twitter/X in the social media space. The company reported strong user growth in recent quarters. Analysts note that META's AI capabilities gives it a competitive advantage.,Business Insider,https://example.com/news/75855,Mark Johnson,Synthetic,0.663,,
2024-01-27,META CEO Mark Zuckerberg Addresses Company Future,Meta Platforms CEO Mark Zuckerberg spoke at a conference about the company's direction. Zuckerberg emphasized META's commitment to AI innovation. The company continues to invest in emerging technologies despite economic challenges.,Business Insider,https://example.com/news/58084,Jessica Brown,Synthetic,0.183,,
2024-01-27,META Strengthens Competition from TikTok,Meta Platforms is investing heavily to compete with TikTok in the social media space. The company reported strong user growth in recent quarters. Analysts note that META's AI capabilities gives it a competitive advantage.,CNBC,https://example.com/news/11142,,Synthetic,0.429,,
2024-01-28,META Faces Increased Scrutiny Over Privacy Regulations,Meta Platforms is facing regulatory pressure regarding privacy regulations. European regulators have raised concerns about the company's data practices. META has committed to cooperating with authorities to address these concerns.,TechCrunch,https://example.com/news/87270,John Smith,Synthetic,-0.828,,
2024-01-28,META CEO Mark Zuckerberg Addresses Company Future,Meta Platforms CEO Mark Zuckerberg spoke at a conference about the company's direction. Zuckerberg emphasized META's commitment to AI innovation. The company continues to invest in emerging technologies despite economic challenges.,MarketWatch,https://example.com/news/77449,Tom Wilson,Synthetic,0.056,,
2024-01-29,META CEO Mark Zuckerberg Addresses Company Future,Meta Platforms CEO Mark Zuckerberg spoke at a conference about the company's direction. Zuckerberg emphasized META's commitment to AI innovation. The company continues to invest in emerging technologies despite economic challenges.,Wall Street Journal,https://example.com/news/53328,Tom Wilson,Synthetic,0.248,,
2024-01-29,META Strengthens Competition from LinkedIn,Meta Platforms is investing heavily to compete with LinkedIn in the social media space. The company reported strong user growth in recent quarters. Analysts note that META's AI capabilities gives it a competitive advantage.,MarketWatch,https://example.com/news/98657,Emma Wilson,Synthetic,0.867,,
2024-01-31,META Q2 Update,Meta Platforms announced organizational updates aimed at boosting growth. The company expects this to increase adoption.,CNBC,https://finance.yahoo.com/news/meta-927903,Maria Garcia,Alpha Vantage,-0.6556,0.2759,Bearish
2024-02-01,META misses QQ1 2024 Earnings Expectations,"Meta Platforms reported strong QQ1 2024 results, with revenue decreases by 2% year-over-year. The company's advertising business showed growth performance amid market volatility. CEO Mark Zuckerberg commented on the company's focus on AI development.",Financial Times,https://example.com/news/20265,Tom Wilson,Synthetic,0.344,,
2024-02-04,META CEO Mark Zuckerberg Addresses Company Future,Meta Platforms CEO Mark Zuckerberg spoke at a conference about the company's direction. Zuckerberg emphasized META's commitment to AI innovation. The company continues to invest in emerging technologies despite economic challenges.,Financial Times,https://example.com/news/44980,,Synthetic,-0.088,,
2024-02-05,META Faces Increased Scrutiny Over Data Protection Rules,Meta Platforms is facing regulatory pressure regarding data protection rules. European regulators have raised concerns about the company's data practices. META has committed to cooperating with authorities to address these concerns.,CNN Business,https://example.com/news/42538,Chris Lee,Synthetic,-0.428,,
2024-02-06,META Faces Increased Scrutiny Over Privacy Regulations,Meta Platforms is facing regulatory pressure regarding privacy regulations. European regulators have raised concerns about the company's data practices. META has committed to cooperating with authorities to address these concerns.,CNBC,https://example.com/news/90906,Anna Martinez,Synthetic,-0.397,,
2024-02-07,META Announces AI features for WhatsApp,"Meta Platforms unveiled new AI features for WhatsApp, aiming to improve engagement. The update includes enhanced security and is expected to strengthen market position.",Reuters,https://www.businessinsider.com/article/42562,Jennifer Lee,NewsAPI,,,
2024-02-07,META Stock Earnings,Meta Platforms reported weak Q3 results with revenue up 18%. The company's metaverse segment showed decline.,Wall Street Journal,https://finance.yahoo.com/news/meta-884365,Alex Chen,Alpha Vantage,-0.0305,0.2571,Neutral
2024-02-08,META Announces Major Updates to Threads,"Meta Platforms unveiled significant privacy updates for Threads, aiming to enhance user experience. The new features include advanced AI capabilities. Industry analysts suggest this could strengthen META's position in the social media market.",BBC News,https://example.com/news/58526,Sarah Johnson,Synthetic,0.365,,
2024-02-09,META Announces Major Updates to Threads,"Meta Platforms unveiled significant new algorithms for Threads, aiming to enhance user experience. The new features include advanced AI capabilities. Industry analysts suggest this could strengthen META's position in the social media market.",Reuters,https://example.com/news/17742,John Smith,Synthetic,0.33,,
2024-02-10,META Strengthens Competition from Twitter/X,Meta Platforms is investing heavily to compete with Twitter/X in the social media space. The company reported strong user growth in recent quarters. Analysts note that META's AI capabilities gives it a competitive advantage.,The Verge,https://example.com/news/71286,Chris Lee,Synthetic,0.762,,
2024-02-11,META CEO Mark Zuckerberg Addresses Company Future,Meta Platforms CEO Mark Zuckerberg spoke at a conference about the company's direction. Zuckerberg emphasized META's commitment to AI innovation. The company continues to invest in emerging technologies despite economic challenges.,Bloomberg,https://example.com/news/18021,Chris Lee,Synthetic,0.265,,
2024-02-11,META Strengthens Competition from Twitter/X,Meta Platforms is investing heavily to compete with Twitter/X in the social media space. The company reported strong user growth in recent quarters. Analysts note that META's AI capabilities gives it a competitive advantage.,MarketWatch,https://example.com/news/77902,Robert Taylor,Synthetic,0.647,,
2024-02-12,META meets QQ1 2024 Earnings Expectations,"Meta Platforms reported strong QQ1 2024 results, with revenue decreases by 14% year-over-year. The company's advertising business showed growth performance amid market volatility. CEO Mark Zuckerberg commented on the company's focus on AI development.",Financial Times,https://example.com/news/29934,,Synthetic,0.128,,
2024-02-12,META beats QQ1 2024 Earnings Expectations,"Meta Platforms reported strong QQ1 2024 results, with revenue increases by 9% year-over-year. The company's advertising business showed growth performance amid market volatility. CEO Mark Zuckerberg commented on the company's focus on AI development.",MarketWatch,https://example.com/news/50702,Mark Johnson,Synthetic,0.243,,
2024-02-14,META CEO Mark Zuckerberg Addresses Company Future,Meta Platforms CEO Mark Zuckerberg spoke at a conference about the company's direction. Zuckerberg emphasized META's commitment to AI innovation. The company continues to invest in emerging technologies despite economic challenges.,Reuters,https://example.com/news/76647,Lisa Anderson,Synthetic,0.19,,
2024-02-14,META Strengthens Competition from Twitter/X,Meta Platforms is investing heavily to compete with Twitter/X in the social media space. The company reported strong user growth in recent quarters. Analysts note that META's AI capabilities gives it a competitive advantage.,CNBC,https://example.com/news/88615,Alex Chen,Synthetic,0.308,,
2024-02-15,META beats QQ1 2024 Earnings Expectations,"Meta Platforms reported strong QQ1 2024 results, with revenue increases by 19% year-over-year. The company's advertising business showed growth performance amid market volatility. CEO Mark Zuckerberg commented on the company's focus on AI development.",Financial Times,https://example.com/news/58255,Mike Davis,Synthetic,0.491,,
2024-02-16,META Faces Increased Scrutiny Over Data Protection Rules,Meta Platforms is facing regulatory pressure regarding data protection rules. European regulators have raised concerns about the company's data practices. META has committed to cooperating with authorities to address these concerns.,BBC News,https://example.com/news/37579,Maria Garcia,Synthetic,-0.402,,
2024-02-16,META meets QQ1 2024 Earnings Expectations,"Meta Platforms reported strong QQ1 2024 results, with revenue decreases by 10% year-over-year. The company's advertising business showed growth performance amid market volatility. CEO Mark Zuckerberg commented on the company's focus on AI development.",CNN Business,https://example.com/news/94428,Chris Lee,Synthetic,0.114,,
2024-02-21,META Faces Increased Scrutiny Over Antitrust Concerns,Meta Platforms is facing regulatory pressure regarding antitrust concerns. European regulators have raised concerns about the company's data practices. META has committed to cooperating with authorities to address these concerns.,Bloomberg,https://example.com/news/24924,Emma Wilson,Synthetic,-0.533,,
2024-02-21,META Strengthens Competition from LinkedIn,Meta Platforms is investing heavily to compete with LinkedIn in the social media space. The company reported strong user growth in recent quarters. Analysts note that META's AI capabilities gives it a competitive advantage.,Wall Street Journal,https://example.com/news/52637,David Brown,Synthetic,0.513,,
2024-02-22,META Announces Major Updates to Threads,"Meta Platforms unveiled significant privacy updates for Threads, aiming to enhance user experience. The new features include advanced AI capabilities. Industry analysts suggest this could strengthen META's position in the social media market.",CNBC,https://example.com/news/76747,Chris Lee,Synthetic,0.814,,
2024-02-23,META Strengthens Competition from LinkedIn,Meta Platforms is investing heavily to compete with LinkedIn in the social media space. The company reported strong user growth in recent quarters. Analysts note that META's AI capabilities gives it a competitive advantage.,TechCrunch,https://example.com/news/44948,Jennifer Lee,Synthetic,0.329,,
2024-02-23,META Announces Major Updates to Instagram,"Meta Platforms unveiled significant advertising tools for Instagram, aiming to enhance user experience. The new features include advanced AI capabilities. Industry analysts suggest this could strengthen META's position in the social media market.",Reuters,https://example.com/news/10348,Robert Taylor,Synthetic,0.476,,
2024-02-23,META CEO Mark Zuckerberg Addresses Company Future,Meta Platforms CEO Mark Zuckerberg spoke at a conference about the company's direction. Zuckerberg emphasized META's commitment to AI innovation. The company continues to invest in emerging technologies despite economic challenges.,CNBC,https://example.com/news/88375,Jessica Brown,Synthetic,-0.034,,
2024-02-24,META misses QQ1 2024 Earnings Expectations,"Meta Platforms reported strong QQ1 2024 results, with revenue increases by 8% year-over-year. The company's advertising business showed growth performance amid market volatility. CEO Mark Zuckerberg commented on the company's focus on AI development.",BBC News,https://example.com/news/30859,Mike Davis,Synthetic,0.193,,
2024-02-26,META Strengthens Competition from TikTok,Meta Platforms is investing heavily to compete with TikTok in the social media space. The company reported strong user growth in recent quarters. Analysts note that META's AI capabilities gives it a competitive advantage.,CNBC,https://example.com/news/71223,Tom Wilson,Synthetic,0.396,,
2024-02-27,META Announces Major Updates to Facebook,"Meta Platforms unveiled significant new algorithms for Facebook, aiming to enhance user experience. The new features include advanced AI capabilities. Industry analysts suggest this could strengthen META's position in the social media market.",The Verge,https://example.com/news/16423,Jessica Brown,Synthetic,0.409,,
2024-02-27,META Faces Increased Scrutiny Over Antitrust Concerns,Meta Platforms is facing regulatory pressure regarding antitrust concerns. European regulators have raised concerns about the company's data practices. META has committed to cooperating with authorities to address these concerns.,TechCrunch,https://example.com/news/47850,Maria Garcia,Synthetic,-0.376,,
2024-02-28,META Faces Increased Scrutiny Over Privacy Regulations,Meta Platforms is facing regulatory pressure regarding privacy regulations. European regulators have raised concerns about the company's data practices. META has committed to cooperating with authorities to address these concerns.,Reuters,https://example.com/news/88732,Lisa Anderson,Synthetic,-0.3,,
2024-02-28,META Strengthens Competition from TikTok,Meta Platforms is investing heavily to compete with TikTok in the social media space. The company reported strong user growth in recent quarters. Analysts note that META's AI capabilities gives it a competitive advantage.,Bloomberg,https://example.com/news/79727,David Brown,Synthetic,0.704,,
2024-02-29,META Announces Major Updates to Oculus Quest,"Meta Platforms unveiled significant new algorithms for Oculus Quest, aiming to enhance user experience. The new features include advanced AI capabilities. Industry analysts suggest this could strengthen META's position in the social media market.",CNN Business,https://example.com/news/23046,Jessica Brown,Synthetic,0.87,,
2024-03-01,META Strengthens Competition from LinkedIn,Meta Platforms is investing heavily to compete with LinkedIn in the social media space. The company reported strong user growth in recent quarters. Analysts note that META's AI capabilities gives it a competitive advantage.,Business Insider,https://example.com/news/18231,Maria Garcia,Synthetic,0.552,,
2024-03-04,META Strengthens Competition from LinkedIn,Meta Platforms is investing heavily to compete with LinkedIn in the social media space. The company reported strong user growth in recent quarters. Analysts note that META's AI capabilities gives it a competitive advantage.,CNBC,https://example.com/news/79756,Alex Chen,Synthetic,0.664,,
2024-03-05,META Faces Increased Scrutiny Over Content Moderation Policies,Meta Platforms is facing regulatory pressure regarding content moderation policies. European regulators have raised concerns about the company's data practices. META has committed to cooperating with authorities to address these concerns.,Bloomberg,https://example.com/news/86368,Anna Martinez,Synthetic,-0.485,,
2024-03-06,META Faces Increased Scrutiny Over Antitrust Concerns,Meta Platforms is facing regulatory pressure regarding antitrust concerns. European regulators have raised concerns about the company's data practices. META has committed to cooperating with authorities to address these concerns.,MarketWatch,https://example.com/news/56091,Lisa Anderson,Synthetic,-0.346,,
2024-03-06,META beats QQ1 2024 Earnings Expectations,"Meta Platforms reported strong QQ1 2024 results, with revenue decreases by 0% year-over-year. The company's advertising business showed growth performance amid market volatility. CEO Mark Zuckerberg commented on the company's focus on AI development.",Financial Times,https://example.com/news/95464,David Brown,Synthetic,0.575,,
2024-03-06,META Faces Increased Scrutiny Over Content Moderation Policies,Meta Platforms is facing regulatory pressure regarding content moderation policies. European regulators have raised concerns about the company's data practices. META has committed to cooperating with authorities to address these concerns.,MarketWatch,https://example.com/news/45765,Lisa Anderson,Synthetic,-0.331,,
2024-03-08,META Stock Changes,META shares fell 2% following news. Investors expressed concerns about the company's future prospects.,CNBC,https://finance.yahoo.com/news/meta-284131,Alex Chen,Alpha Vantage,0.3014,0.4956,Somewhat-Bullish
2024-03-11,META Faces economic headwinds in advertising,Meta Platforms is navigating economic headwinds in the advertising sector. The company has committed resources to address market competition.,Wall Street Journal,https://www.financialtimes.com/article/37921,Sarah Johnson,NewsAPI,,,
2024-03-12,META Stock drops 25% After product launch,"Meta Platforms shares drops 25% following product launch. Investors reacted to the quarterly results, with analysts noting continued challenges.",MarketWatch,https://www.marketwatch.com/article/15858,Lisa Anderson,NewsAPI,,,
2024-03-12,META CEO Mark Zuckerberg Addresses Company Future,Meta Platforms CEO Mark Zuckerberg spoke at a conference about the company's direction. Zuckerberg emphasized META's commitment to AI innovation. The company continues to invest in emerging technologies despite economic challenges.,BBC News,https://example.com/news/69513,Mike Davis,Synthetic,0.131,,
2024-03-14,META Strengthens Competition from Pinterest,Meta Platforms is investing heavily to compete with Pinterest in the social media space. The company reported strong user growth in recent quarters. Analysts note that META's AI capabilities gives it a competitive advantage.,TechCrunch,https://example.com/news/99474,Mike Davis,Synthetic,0.111,,
2024-03-15,META Q4 Update,Meta Platforms announced new features aimed at enhancing user experience. The company expects this to strengthen position.,Yahoo Finance,https://finance.yahoo.com/news/meta-584304,"Sarah Johnson, Mike Davis",Alpha Vantage,-0.0303,0.6095,Neutral
2024-03-15,META Faces Increased Scrutiny Over Data Protection Rules,Meta Platforms is facing regulatory pressure regarding data protection rules. European regulators have raised concerns about the company's data practices. META has committed to cooperating with authorities to address these concerns.,MarketWatch,https://example.com/news/21640,Jessica Brown,Synthetic,-0.717,,
2024-03-15,META beats QQ1 2024 Earnings Expectations,"Meta Platforms reported strong QQ1 2024 results, with revenue decreases by 9% year-over-year. The company's advertising business showed growth performance amid market volatility. CEO Mark Zuckerberg commented on the company's focus on AI development.",Bloomberg,https://example.com/news/21239,Sarah Johnson,Synthetic,0.305,,
2024-03-16,META Faces Increased Scrutiny Over Content Moderation Policies,Meta Platforms is facing regulatory pressure regarding content moderation policies. European regulators have raised concerns about the company's data practices. META has committed to cooperating with authorities to address these concerns.,Financial Times,https://example.com/news/51432,John Smith,Synthetic,-0.196,,
2024-03-17,META CEO Mark Zuckerberg Addresses Company Future,Meta Platforms CEO Mark Zuckerberg spoke at a conference about the company's direction. Zuckerberg emphasized META's commitment to AI innovation. The company continues to invest in emerging technologies despite economic challenges.,BBC News,https://example.com/news/66437,John Smith,Synthetic,0.219,,
2024-03-18,META beats QQ1 2024 Earnings Expectations,"Meta Platforms reported strong QQ1 2024 results, with revenue increases by 20% year-over-year. The company's advertising business showed growth performance amid market volatility. CEO Mark Zuckerberg commented on the company's focus on AI development.",Reuters,https://example.com/news/35826,,Synthetic,0.589,,
2024-03-18,META Stock Results,META shares rose 2% following announcements. Investors reacted positively about the company's future prospects.,MarketWatch,https://finance.yahoo.com/news/meta-422970,Lisa Anderson,Alpha Vantage,0.7229,0.8904,Bullish
2024-03-19,META Faces economic headwinds in social media,Meta Platforms is navigating economic headwinds in the social media sector. The company has outlined plans to address user privacy.,Bloomberg,https://www.marketwatch.com/article/23280,Lisa Anderson,NewsAPI,,,
2024-03-20,META Strengthens Competition from Snapchat,Meta Platforms is investing heavily to compete with Snapchat in the social media space. The company reported strong user growth in recent quarters. Analysts note that META's AI capabilities gives it a competitive advantage.,Reuters,https://example.com/news/40457,Maria Garcia,Synthetic,0.896,,
2024-03-21,META Faces Increased Scrutiny Over Privacy Regulations,Meta Platforms is facing regulatory pressure regarding privacy regulations. European regulators have raised concerns about the company's data practices. META has committed to cooperating with authorities to address these concerns.,Wall Street Journal,https://example.com/news/63200,Anna Martinez,Synthetic,-0.457,,
2024-03-25,META Strengthens Competition from Pinterest,Meta Platforms is investing heavily to compete with Pinterest in the social media space. The company reported strong user growth in recent quarters. Analysts note that META's AI capabilities gives it a competitive advantage.,MarketWatch,https://example.com/news/85576,John Smith,Synthetic,0.425,,
2024-03-26,META meets QQ1 2024 Earnings Expectations,"Meta Platforms reported strong QQ1 2024 results, with revenue decreases by 9% year-over-year. The company's advertising business showed growth performance amid market volatility. CEO Mark Zuckerberg commented on the company's focus on AI development.",Reuters,https://example.com/news/22816,Alex Chen,Synthetic,0.121,,
2024-03-26,META Strengthens Competition from TikTok,Meta Platforms is investing heavily to compete with TikTok in the social media space. The company reported strong user growth in recent quarters. Analysts note that META's AI capabilities gives it a competitive advantage.,Wall Street Journal,https://example.com/news/64730,Maria Garcia,Synthetic,0.134,,
2024-03-27,META Announces Major Updates to Oculus Quest,"Meta Platforms unveiled significant content moderation for Oculus Quest, aiming to enhance user experience. The new features include advanced AI capabilities. Industry analysts suggest this could strengthen META's position in the social media market.",Reuters,https://example.com/news/89875,Chris Lee,Synthetic,0.294,,
2024-03-27,META Faces Increased Scrutiny Over Antitrust Concerns,Meta Platforms is facing regulatory pressure regarding antitrust concerns. European regulators have raised concerns about the company's data practices. META has committed to cooperating with authorities to address these concerns.,MarketWatch,https://example.com/news/24611,Maria Garcia,Synthetic,-0.541,,
2024-03-28,META CEO Mark Zuckerberg Addresses Company Future,Meta Platforms CEO Mark Zuckerberg spoke at a conference about the company's direction. Zuckerberg emphasized META's commitment to AI innovation. The company continues to invest in emerging technologies despite economic challenges.,Business Insider,https://example.com/news/85013,Jessica Brown,Synthetic,0.272,,
2024-03-30,META Strengthens Competition from LinkedIn,Meta Platforms is investing heavily to compete with LinkedIn in the social media space. The company reported strong user growth in recent quarters. Analysts note that META's AI capabilities gives it a competitive advantage.,Bloomberg,https://example.com/news/75114,Robert Taylor,Synthetic,0.563,,
2024-04-01,META Strengthens Competition from Pinterest,Meta Platforms is investing heavily to compete with Pinterest in the social media space. The company reported strong user growth in recent quarters. Analysts note that META's AI capabilities gives it a competitive advantage.,Financial Times,https://example.com/news/35219,Robert Taylor,Synthetic,0.191,,
2024-04-04,META misses QQ2 2024 Earnings Expectations,"Meta Platforms reported strong QQ2 2024 results, with revenue increases by 14% year-over-year. The company's advertising business showed growth performance amid market volatility. CEO Mark Zuckerberg commented on the company's focus on AI development.",TechCrunch,https://example.com/news/44435,Sarah Johnson,Synthetic,0.697,,
2024-04-05,META Announces Major Updates to WhatsApp,"Meta Platforms unveiled significant AI features for WhatsApp, aiming to enhance user experience. The new features include advanced AI capabilities. Industry analysts suggest this could strengthen META's position in the social media market.",CNBC,https://example.com/news/49959,Mark Johnson,Synthetic,0.81,,
2024-04-05,META Announces Major Updates to Facebook,"Meta Platforms unveiled significant privacy updates for Facebook, aiming to enhance user experience. The new features include advanced AI capabilities. Industry analysts suggest this could strengthen META's position in the social media market.",Bloomberg,https://example.com/news/91857,Tom Wilson,Synthetic,0.871,,
2024-04-05,META CEO Mark Zuckerberg Addresses Company Future,Meta Platforms CEO Mark Zuckerberg spoke at a conference about the company's direction. Zuckerberg emphasized META's commitment to AI innovation. The company continues to invest in emerging technologies despite economic challenges.,Bloomberg,https://example.com/news/68138,Maria Garcia,Synthetic,-0.065,,
2024-04-06,META misses QQ2 2024 Earnings Expectations,"Meta Platforms reported strong QQ2 2024 results, with revenue increases by 11% year-over-year. The company's advertising business showed growth performance amid market volatility. CEO Mark Zuckerberg commented on the company's focus on AI development.",Wall Street Journal,https://example.com/news/41413,Sarah Johnson,Synthetic,0.673,,
2024-04-07,META Announces Major Updates to Threads,"Meta Platforms unveiled significant advertising tools for Threads, aiming to enhance user experience. The new features include advanced AI capabilities. Industry analysts suggest this could strengthen META's position in the social media market.",Business Insider,https://example.com/news/97911,,Synthetic,0.164,,
2024-04-08,META CEO Mark Zuckerberg Addresses Company Future,Meta Platforms CEO Mark Zuckerberg spoke at a conference about the company's direction. Zuckerberg emphasized META's commitment to AI innovation. The company continues to invest in emerging technologies despite economic challenges.,Financial Times,https://example.com/news/37528,Emma Wilson,Synthetic,-0.204,,
2024-04-08,META Announces Major Updates to Facebook,"Meta Platforms unveiled significant new algorithms for Facebook, aiming to enhance user experience. The new features include advanced AI capabilities. Industry analysts suggest this could strengthen META's position in the social media market.",CNN Business,https://example.com/news/33335,Jennifer Lee,Synthetic,0.586,,
2024-04-08,META misses QQ2 2024 Earnings Expectations,"Meta Platforms reported strong QQ2 2024 results, with revenue decreases by 3% year-over-year. The company's advertising business showed growth performance amid market volatility. CEO Mark Zuckerberg commented on the company's focus on AI development.",Financial Times,https://example.com/news/64365,David Brown,Synthetic,0.755,,
2024-04-12,META Announces Major Updates to WhatsApp,"Meta Platforms unveiled significant content moderation for WhatsApp, aiming to enhance user experience. The new features include advanced AI capabilities. Industry analysts suggest this could strengthen META's position in the social media market.",Business Insider,https://example.com/news/51475,Anna Martinez,Synthetic,0.831,,
2024-04-14,META CEO Mark Zuckerberg Addresses Company Future,Meta Platforms CEO Mark Zuckerberg spoke at a conference about the company's direction. Zuckerberg emphasized META's commitment to AI innovation. The company continues to invest in emerging technologies despite economic challenges.,TechCrunch,https://example.com/news/77092,Sarah Johnson,Synthetic,0.131,,
2024-04-15,META CEO Mark Zuckerberg Addresses Company Future,Meta Platforms CEO Mark Zuckerberg spoke at a conference about the company's direction. Zuckerberg emphasized META's commitment to AI innovation. The company continues to invest in emerging technologies despite economic challenges.,Bloomberg,https://example.com/news/16974,Jennifer Lee,Synthetic,0.019,,
2024-04-17,META misses QQ2 2024 Earnings Expectations,"Meta Platforms reported strong QQ2 2024 results, with revenue increases by 19% year-over-year. The company's advertising business showed growth performance amid market volatility. CEO Mark Zuckerberg commented on the company's focus on AI development.",CNBC,https://example.com/news/43474,Sarah Johnson,Synthetic,0.626,,
2024-04-17,META Faces Increased Scrutiny Over Privacy Regulations,Meta Platforms is facing regulatory pressure regarding privacy regulations. European regulators have raised concerns about the company's data practices. META has committed to cooperating with authorities to address these concerns.,The Verge,https://example.com/news/14555,Emma Wilson,Synthetic,-0.784,,
2024-04-19,META Announces privacy updates for WhatsApp,"Meta Platforms unveiled new privacy updates for WhatsApp, aiming to boost monetization. The update includes new user interfaces and is expected to strengthen market position.",Wall Street Journal,https://www.wallstreetjournal.com/article/71702,Sarah Johnson,NewsAPI,,,
2024-04-19,META beats QQ2 2024 Earnings Expectations,"Meta Platforms reported strong QQ2 2024 results, with revenue increases by 10% year-over-year. The company's advertising business showed growth performance amid market volatility. CEO Mark Zuckerberg commented on the company's focus on AI development.",The Verge,https://example.com/news/65200,Alex Chen,Synthetic,0.649,,
2024-04-21,META Faces Increased Scrutiny Over Privacy Regulations,Meta Platforms is facing regulatory pressure regarding privacy regulations. European regulators have raised concerns about the company's data practices. META has committed to cooperating with authorities to address these concerns.,Wall Street Journal,https://example.com/news/56244,David Brown,Synthetic,-0.378,,
2024-04-22,META CEO Mark Zuckerberg Addresses Company Future,Meta Platforms CEO Mark Zuckerberg spoke at a conference about the company's direction. Zuckerberg emphasized META's commitment to AI innovation. The company continues to invest in emerging technologies despite economic challenges.,TechCrunch,https://example.com/news/55772,,Synthetic,0.252,,
2024-04-23,META beats QQ2 2024 Earnings Expectations,"Meta Platforms reported strong QQ2 2024 results, with revenue increases by 21% year-over-year. The company's advertising business showed growth performance amid market volatility. CEO Mark Zuckerberg commented on the company's focus on AI development.",CNBC,https://example.com/news/88525,Sarah Johnson,Synthetic,0.384,,
2024-04-24,META CEO Mark Zuckerberg Addresses Company Future,Meta Platforms CEO Mark Zuckerberg spoke at a conference about the company's direction. Zuckerberg emphasized META's commitment to AI innovation. The company continues to invest in emerging technologies despite economic challenges.,Bloomberg,https://example.com/news/68057,Robert Taylor,Synthetic,0.137,,
2024-04-24,META Strengthens Competition from LinkedIn,Meta Platforms is investing heavily to compete with LinkedIn in the social media space. The company reported strong user growth in recent quarters. Analysts note that META's AI capabilities gives it a competitive advantage.,BBC News,https://example.com/news/90718,Anna Martinez,Synthetic,0.12,,
2024-04-26,META Announces Major Updates to Oculus Quest,"Meta Platforms unveiled significant new algorithms for Oculus Quest, aiming to enhance user experience. The new features include advanced AI capabilities. Industry analysts suggest this could strengthen META's position in the social media market.",Financial Times,https://example.com/news/73850,Alex Chen,Synthetic,0.216,,
2024-04-27,META Announces Major Updates to Oculus Quest,"Meta Platforms unveiled significant privacy updates for Oculus Quest, aiming to enhance user experience. The new features include advanced AI capabilities. Industry analysts suggest this could strengthen META's position in the social media market.",Business Insider,https://example.com/news/98113,Tom Wilson,Synthetic,0.193,,
2024-04-28,META Announces Major Updates to Oculus Quest,"Meta Platforms unveiled significant privacy updates for Oculus Quest, aiming to enhance user experience. The new features include advanced AI capabilities. Industry analysts suggest this could strengthen META's position in the social media market.",TechCrunch,https://example.com/news/10406,Jennifer Lee,Synthetic,0.484,,
2024-04-29,META Strengthens Competition from TikTok,Meta Platforms is investing heavily to compete with TikTok in the social media space. The company reported strong user growth in recent quarters. Analysts note that META's AI capabilities gives it a competitive advantage.,Financial Times,https://example.com/news/87266,Jessica Brown,Synthetic,0.426,,
2024-04-29,META meets QQ2 2024 Earnings Expectations,"Meta Platforms reported strong QQ2 2024 results, with revenue decreases by 9% year-over-year. The company's advertising business showed growth performance amid market volatility. CEO Mark Zuckerberg commented on the company's focus on AI development.",MarketWatch,https://example.com/news/70832,David Brown,Synthetic,0.621,,
2024-04-30,META Announces Major Updates to Threads,"Meta Platforms unveiled significant AI features for Threads, aiming to enhance user experience. The new features include advanced AI capabilities. Industry analysts suggest this could strengthen META's position in the social media market.",Bloomberg,https://example.com/news/68657,Jessica Brown,Synthetic,0.51,,
2024-05-01,META meets QQ2 2024 Earnings Expectations,"Meta Platforms reported strong QQ2 2024 results, with revenue decreases by 7% year-over-year. The company's advertising business showed growth performance amid market volatility. CEO Mark Zuckerberg commented on the company's focus on AI development.",Bloomberg,https://example.com/news/30399,Sarah Johnson,Synthetic,0.107,,
2024-05-02,META Strengthens Competition from TikTok,Meta Platforms is investing heavily to compete with TikTok in the social media space. The company reported strong user growth in recent quarters. Analysts note that META's AI capabilities gives it a competitive advantage.,Financial Times,https://example.com/news/25594,Emma Wilson,Synthetic,0.101,,
2024-05-03,META Announces Major Updates to WhatsApp,"Meta Platforms unveiled significant privacy updates for WhatsApp, aiming to enhance user experience. The new features include advanced AI capabilities. Industry analysts suggest this could strengthen META's position in the social media market.",The Verge,https://example.com/news/43425,Jessica Brown,Synthetic,0.861,,
2024-05-03,META Stock Earnings,Meta Platforms reported weak Q2 results with revenue up 23%. The company's metaverse segment showed stability.,Financial Times,https://finance.yahoo.com/news/meta-452411,David Brown,Alpha Vantage,-0.5342,0.3278,Bearish
2024-05-03,META Faces Increased Scrutiny Over Content Moderation Policies,Meta Platforms is facing regulatory pressure regarding content moderation policies. European regulators have raised concerns about the company's data practices. META has committed to cooperating with authorities to address these concerns.,Business Insider,https://example.com/news/91379,Sarah Johnson,Synthetic,-0.716,,
2024-05-05,META beats QQ2 2024 Earnings Expectations,"Meta Platforms reported strong QQ2 2024 results, with revenue increases by 13% year-over-year. The company's advertising business showed growth performance amid market volatility. CEO Mark Zuckerberg commented on the company's focus on AI development.",Financial Times,https://example.com/news/55952,Tom Wilson,Synthetic,0.748,,
2024-05-05,META Faces Increased Scrutiny Over Content Moderation Policies,Meta Platforms is facing regulatory pressure regarding content moderation policies. European regulators have raised concerns about the company's data practices. META has committed to cooperating with authorities to address these concerns.,Financial Times,https://example.com/news/66417,David Brown,Synthetic,-0.487,,
2024-05-06,META Faces Increased Scrutiny Over Privacy Regulations,Meta Platforms is facing regulatory pressure regarding privacy regulations. European regulators have raised concerns about the company's data practices. META has committed to cooperating with authorities to address these concerns.,Business Insider,https://example.com/news/84904,Robert Taylor,Synthetic,-0.674,,
2024-05-07,META Strengthens Competition from Pinterest,Meta Platforms is investing heavily to compete with Pinterest in the social media space. The company reported strong user growth in recent quarters. Analysts note that META's AI capabilities gives it a competitive advantage.,Reuters,https://example.com/news/78766,Lisa Anderson,Synthetic,0.9,,
2024-05-09,META meets QQ2 2024 Earnings Expectations,"Meta Platforms reported strong QQ2 2024 results, with revenue increases by 1% year-over-year. The company's advertising business showed growth performance amid market volatility. CEO Mark Zuckerberg commented on the company's focus on AI development.",Bloomberg,https://example.com/news/12880,Mike Davis,Synthetic,0.631,,
2024-05-10,META CEO Mark Zuckerberg Addresses Company Future,Meta Platforms CEO Mark Zuckerberg spoke at a conference about the company's direction. Zuckerberg emphasized META's commitment to AI innovation. The company continues to invest in emerging technologies despite economic challenges.,Financial Times,https://example.com/news/78088,Jessica Brown,Synthetic,0.045,,
2024-05-11,META Strengthens Competition from Pinterest,Meta Platforms is investing heavily to compete with Pinterest in the social media space. The company reported strong user growth in recent quarters. Analysts note that META's AI capabilities gives it a competitive advantage.,Reuters,https://example.com/news/49406,Lisa Anderson,Synthetic,0.886,,
2024-05-13,META Strengthens Competition from Pinterest,Meta Platforms is investing heavily to compete with Pinterest in the social media space. The company reported strong user growth in recent quarters. Analysts note that META's AI capabilities gives it a competitive advantage.,Financial Times,https://example.com/news/25084,Mike Davis,Synthetic,0.895,,
2024-05-15,META meets QQ2 2024 Earnings Expectations,"Meta Platforms reported strong QQ2 2024 results, with revenue increases by 9% year-over-year. The company's advertising business showed growth performance amid market volatility. CEO Mark Zuckerberg commented on the company's focus on AI development.",The Verge,https://example.com/news/97472,,Synthetic,0.316,,
2024-05-17,META Announces Major Updates to Oculus Quest,"Meta Platforms unveiled significant new algorithms for Oculus Quest, aiming to enhance user experience. The new features include advanced AI capabilities. Industry analysts suggest this could strengthen META's position in the social media market.",The Verge,https://example.com/news/57734,Emma Wilson,Synthetic,0.285,,
2024-05-19,META beats QQ2 2024 Earnings Expectations,"Meta Platforms reported strong QQ2 2024 results, with revenue decreases by 7% year-over-year. The company's advertising business showed growth performance amid market volatility. CEO Mark Zuckerberg commented on the company's focus on AI development.",MarketWatch,https://example.com/news/44475,Jessica Brown,Synthetic,0.416,,
2024-05-20,META Announces Major Updates to Instagram,"Meta Platforms unveiled significant new algorithms for Instagram, aiming to enhance user experience. The new features include advanced AI capabilities. Industry analysts suggest this could strengthen META's position in the social media market.",Wall Street Journal,https://example.com/news/88882,Emma Wilson,Synthetic,0.438,,
2024-05-20,META Announces Major Updates to Oculus Quest,"Meta Platforms unveiled significant content moderation for Oculus Quest, aiming to enhance user experience. The new features include advanced AI capabilities. Industry analysts suggest this could strengthen META's position in the social media market.",Reuters,https://example.com/news/82152,Jessica Brown,Synthetic,0.219,,
2024-05-21,META CEO Mark Zuckerberg Addresses Company Future,Meta Platforms CEO Mark Zuckerberg spoke at a conference about the company's direction. Zuckerberg emphasized META's commitment to AI innovation. The company continues to invest in emerging technologies despite economic challenges.,The Verge,https://example.com/news/21759,Mike Davis,Synthetic,-0.087,,
2024-05-24,META Faces Increased Scrutiny Over Privacy Regulations,Meta Platforms is facing regulatory pressure regarding privacy regulations. European regulators have raised concerns about the company's data practices. META has committed to cooperating with authorities to address these concerns.,CNBC,https://example.com/news/33635,Maria Garcia,Synthetic,-0.887,,
2024-05-24,META CEO Mark Zuckerberg Addresses Company Future,Meta Platforms CEO Mark Zuckerberg spoke at a conference about the company's direction. Zuckerberg emphasized META's commitment to AI innovation. The company continues to invest in emerging technologies despite economic challenges.,Wall Street Journal,https://example.com/news/70838,Robert Taylor,Synthetic,-0.205,,
2024-05-26,META CEO Mark Zuckerberg Addresses Company Future,Meta Platforms CEO Mark Zuckerberg spoke at a conference about the company's direction. Zuckerberg emphasized META's commitment to AI innovation. The company continues to invest in emerging technologies despite economic challenges.,The Verge,https://example.com/news/44056,Alex Chen,Synthetic,-0.031,,
2024-05-27,META Announces Major Updates to Facebook,"Meta Platforms unveiled significant content moderation for Facebook, aiming to enhance user experience. The new features include advanced AI capabilities. Industry analysts suggest this could strengthen META's position in the social media market.",Wall Street Journal,https://example.com/news/60292,Jessica Brown,Synthetic,0.751,,
2024-05-28,META CEO Mark Zuckerberg Addresses Company Future,Meta Platforms CEO Mark Zuckerberg spoke at a conference about the company's direction. Zuckerberg emphasized META's commitment to AI innovation. The company continues to invest in emerging technologies despite economic challenges.,CNBC,https://example.com/news/84881,David Brown,Synthetic,-0.206,,
2024-05-29,META Strengthens Competition from LinkedIn,Meta Platforms is investing heavily to compete with LinkedIn in the social media space. The company reported strong user growth in recent quarters. Analysts note that META's AI capabilities gives it a competitive advantage.,BBC News,https://example.com/news/21824,David Brown,Synthetic,0.534,,
2024-06-02,META Strengthens Competition from Twitter/X,Meta Platforms is investing heavily to compete with Twitter/X in the social media space. The company reported strong user growth in recent quarters. Analysts note that META's AI capabilities gives it a competitive advantage.,TechCrunch,https://example.com/news/79810,Mike Davis,Synthetic,0.754,,
2024-06-04,META CEO Mark Zuckerberg Addresses Company Future,Meta Platforms CEO Mark Zuckerberg spoke at a conference about the company's direction. Zuckerberg emphasized META's commitment to AI innovation. The company continues to invest in emerging technologies despite economic challenges.,BBC News,https://example.com/news/28054,Alex Chen,Synthetic,0.112,,
2024-06-04,META misses QQ2 2024 Earnings Expectations,"Meta Platforms reported strong QQ2 2024 results, with revenue increases by 5% year-over-year. The company's advertising business showed growth performance amid market volatility. CEO Mark Zuckerberg commented on the company's focus on AI development.",BBC News,https://example.com/news/36207,John Smith,Synthetic,0.289,,
2024-06-04,META Announces Major Updates to Oculus Quest,"Meta Platforms unveiled significant content moderation for Oculus Quest, aiming to enhance user experience. The new features include advanced AI capabilities. Industry analysts suggest this could strengthen META's position in the social media market.",Wall Street Journal,https://example.com/news/97899,Jennifer Lee,Synthetic,0.651,,
2024-06-06,META Strengthens Competition from TikTok,Meta Platforms is investing heavily to compete with TikTok in the social media space. The company reported strong user growth in recent quarters. Analysts note that META's AI capabilities gives it a competitive advantage.,The Verge,https://example.com/news/47854,Mark Johnson,Synthetic,0.629,,
2024-06-07,META Faces Increased Scrutiny Over Privacy Regulations,Meta Platforms is facing regulatory pressure regarding privacy regulations. European regulators have raised concerns about the company's data practices. META has committed to cooperating with authorities to address these concerns.,CNBC,https://example.com/news/44939,Mike Davis,Synthetic,-0.609,,
2024-06-09,META meets QQ2 2024 Earnings Expectations,"Meta Platforms reported strong QQ2 2024 results, with revenue increases by 13% year-over-year. The company's advertising business showed growth performance amid market volatility. CEO Mark Zuckerberg commented on the company's focus on AI development.",Reuters,https://example.com/news/25088,Alex Chen,Synthetic,0.495,,
2024-06-10,META CEO Mark Zuckerberg Addresses Company Future,Meta Platforms CEO Mark Zuckerberg spoke at a conference about the company's direction. Zuckerberg emphasized META's commitment to AI innovation. The company continues to invest in emerging technologies despite economic challenges.,Business Insider,https://example.com/news/65126,Chris Lee,Synthetic,-0.116,,
2024-06-13,META CEO Mark Zuckerberg Addresses Company Future,Meta Platforms CEO Mark Zuckerberg spoke at a conference about the company's direction. Zuckerberg emphasized META's commitment to AI innovation. The company continues to invest in emerging technologies despite economic challenges.,Reuters,https://example.com/news/65803,Tom Wilson,Synthetic,-0.148,,
2024-06-13,META Strengthens Competition from Twitter/X,Meta Platforms is investing heavily to compete with Twitter/X in the social media space. The company reported strong user growth in recent quarters. Analysts note that META's AI capabilities gives it a competitive advantage.,MarketWatch,https://example.com/news/12695,Jessica Brown,Synthetic,0.549,,
2024-06-13,META Announces Major Updates to Threads,"Meta Platforms unveiled significant new algorithms for Threads, aiming to enhance user experience. The new features include advanced AI capabilities. Industry analysts suggest this could strengthen META's position in the social media market.",CNBC,https://example.com/news/56620,,Synthetic,0.448,,
2024-06-14,META Announces Major Updates to WhatsApp,"Meta Platforms unveiled significant content moderation for WhatsApp, aiming to enhance user experience. The new features include advanced AI capabilities. Industry analysts suggest this could strengthen META's position in the social media market.",Reuters,https://example.com/news/99977,David Brown,Synthetic,0.742,,
2024-06-15,META CEO Mark Zuckerberg Addresses Company Future,Meta Platforms CEO Mark Zuckerberg spoke at a conference about the company's direction. Zuckerberg emphasized META's commitment to AI innovation. The company continues to invest in emerging technologies despite economic challenges.,Business Insider,https://example.com/news/60019,Jennifer Lee,Synthetic,-0.077,,
2024-06-15,META Announces Major Updates to Threads,"Meta Platforms unveiled significant content moderation for Threads, aiming to enhance user experience. The new features include advanced AI capabilities. Industry analysts suggest this could strengthen META's position in the social media market.",Bloomberg,https://example.com/news/68201,,Synthetic,0.42,,
2024-06-16,META Announces Major Updates to Oculus Quest,"Meta Platforms unveiled significant advertising tools for Oculus Quest, aiming to enhance user experience. The new features include advanced AI capabilities. Industry analysts suggest this could strengthen META's position in the social media market.",Reuters,https://example.com/news/41835,,Synthetic,0.218,,
2024-06-17,META CEO Mark Zuckerberg Addresses Company Future,Meta Platforms CEO Mark Zuckerberg spoke at a conference about the company's direction. Zuckerberg emphasized META's commitment to AI innovation. The company continues to invest in emerging technologies despite economic challenges.,Business Insider,https://example.com/news/63611,Anna Martinez,Synthetic,0.067,,
2024-06-18,META Announces Major Updates to Facebook,"Meta Platforms unveiled significant new algorithms for Facebook, aiming to enhance user experience. The new features include advanced AI capabilities. Industry analysts suggest this could strengthen META's position in the social media market.",MarketWatch,https://example.com/news/28775,Anna Martinez,Synthetic,0.897,,
2024-06-20,META Announces Major Updates to Instagram,"Meta Platforms unveiled significant content moderation for Instagram, aiming to enhance user experience. The new features include advanced AI capabilities. Industry analysts suggest this could strengthen META's position in the social media market.",Business Insider,https://example.com/news/22016,Robert Taylor,Synthetic,0.579,,
2024-06-22,META CEO Mark Zuckerberg Addresses Company Future,Meta Platforms CEO Mark Zuckerberg spoke at a conference about the company's direction. Zuckerberg emphasized META's commitment to AI innovation. The company continues to invest in emerging technologies despite economic challenges.,The Verge,https://example.com/news/39419,Mark Johnson,Synthetic,-0.011,,
2024-06-23,META Faces Increased Scrutiny Over Content Moderation Policies,Meta Platforms is facing regulatory pressure regarding content moderation policies. European regulators have raised concerns about the company's data practices. META has committed to cooperating with authorities to address these concerns.,BBC News,https://example.com/news/96852,Anna Martinez,Synthetic,-0.606,,
2024-06-23,META Faces Increased Scrutiny Over Antitrust Concerns,Meta Platforms is facing regulatory pressure regarding antitrust concerns. European regulators have raised concerns about the company's data practices. META has committed to cooperating with authorities to address these concerns.,BBC News,https://example.com/news/57197,Alex Chen,Synthetic,-0.316,,
2024-06-23,META Announces Major Updates to Facebook,"Meta Platforms unveiled significant AI features for Facebook, aiming to enhance user experience. The new features include advanced AI capabilities. Industry analysts suggest this could strengthen META's position in the social media market.",TechCrunch,https://example.com/news/70898,John Smith,Synthetic,0.217,,
2024-06-23,META Strengthens Competition from Snapchat,Meta Platforms is investing heavily to compete with Snapchat in the social media space. The company reported strong user growth in recent quarters. Analysts note that META's AI capabilities gives it a competitive advantage.,CNN Business,https://example.com/news/61721,Tom Wilson,Synthetic,0.395,,
2024-06-24,META misses QQ2 2024 Earnings Expectations,"Meta Platforms reported strong QQ2 2024 results, with revenue increases by 24% year-over-year. The company's advertising business showed growth performance amid market volatility. CEO Mark Zuckerberg commented on the company's focus on AI development.",Business Insider,https://example.com/news/99554,Alex Chen,Synthetic,0.587,,
2024-06-27,META Strengthens Competition from LinkedIn,Meta Platforms is investing heavily to compete with LinkedIn in the social media space. The company reported strong user growth in recent quarters. Analysts note that META's AI capabilities gives it a competitive advantage.,CNBC,https://example.com/news/26654,Maria Garcia,Synthetic,0.607,,
2024-06-27,META Faces Increased Scrutiny Over Antitrust Concerns,Meta Platforms is facing regulatory pressure regarding antitrust concerns. European regulators have raised concerns about the company's data practices. META has committed to cooperating with authorities to address these concerns.,The Verge,https://example.com/news/66213,Lisa Anderson,Synthetic,-0.445,,
2024-06-28,META meets QQ2 2024 Earnings Expectations,"Meta Platforms reported strong QQ2 2024 results, with revenue increases by 24% year-over-year. The company's advertising business showed growth performance amid market volatility. CEO Mark Zuckerberg commented on the company's focus on AI development.",Reuters,https://example.com/news/75440,Chris Lee,Synthetic,0.467,,
2024-06-29,META CEO Mark Zuckerberg Addresses Company Future,Meta Platforms CEO Mark Zuckerberg spoke at a conference about the company's direction. Zuckerberg emphasized META's commitment to AI innovation. The company continues to invest in emerging technologies despite economic challenges.,Bloomberg,https://example.com/news/16835,Sarah Johnson,Synthetic,-0.157,,
2024-06-29,META Announces Major Updates to Instagram,"Meta Platforms unveiled significant advertising tools for Instagram, aiming to enhance user experience. The new features include advanced AI capabilities. Industry analysts suggest this could strengthen META's position in the social media market.",BBC News,https://example.com/news/45195,Maria Garcia,Synthetic,0.223,,
2024-06-29,META Faces Increased Scrutiny Over Content Moderation Policies,Meta Platforms is facing regulatory pressure regarding content moderation policies. European regulators have raised concerns about the company's data practices. META has committed to cooperating with authorities to address these concerns.,MarketWatch,https://example.com/news/59365,Alex Chen,Synthetic,-0.287,,
2024-07-01,META Announces Major Updates to WhatsApp,"Meta Platforms unveiled significant advertising tools for WhatsApp, aiming to enhance user experience. The new features include advanced AI capabilities. Industry analysts suggest this could strengthen META's position in the social media market.",BBC News,https://example.com/news/60982,Sarah Johnson,Synthetic,0.468,,
2024-07-01,META Strengthens Competition from LinkedIn,Meta Platforms is investing heavily to compete with LinkedIn in the social media space. The company reported strong user growth in recent quarters. Analysts note that META's AI capabilities gives it a competitive advantage.,CNN Business,https://example.com/news/17693,David Brown,Synthetic,0.282,,
2024-07-01,META Announces Major Updates to Facebook,"Meta Platforms unveiled significant new algorithms for Facebook, aiming to enhance user experience. The new features include advanced AI capabilities. Industry analysts suggest this could strengthen META's position in the social media market.",MarketWatch,https://example.com/news/80444,Maria Garcia,Synthetic,0.691,,
2024-07-02,META CEO Mark Zuckerberg Addresses Company Future,Meta Platforms CEO Mark Zuckerberg spoke at a conference about the company's direction. Zuckerberg emphasized META's commitment to AI innovation. The company continues to invest in emerging technologies despite economic challenges.,Wall Street Journal,https://example.com/news/87024,Mike Davis,Synthetic,-0.156,,
