momentum_10,momentum_10_scaled,macd_divergence,macd_hist,macd_divergence_scaled,macd_hist_scaled,macd_crossover,macd_crossover_scaled,pos_neg_ratio,total_positive_words,total_positive_words_scaled,sentiment_momentum_scaled,sentiment_momentum,volatility_5_scaled,volatility_5,sentiment_intensity_lag_1_scaled,sentiment_intensity_lag_1,low_volatility_sentiment,low_volatility_sentiment_scaled,total_negative_words_scaled,total_negative_words,trend_strength,std_textblob_polarity_lag_2,sentiment_volatility_lag_2,std_textblob_polarity_lag_2_scaled,sentiment_volatility_lag_2_scaled,pos_neg_ratio_lag_1,high_volatility_sentiment_scaled,high_volatility_sentiment,total_positive_words_lag_1,total_positive_words_lag_1_scaled,sentiment_weighted_volume_scaled,sentiment_weighted_volume,std_textblob_polarity,std_textblob_polarity_lag_1,sentiment_volatility_lag_1,std_textblob_polarity_lag_1_scaled,sentiment_volatility_lag_1_scaled,avg_textblob_polarity_lag_1_scaled,avg_textblob_polarity_lag_1,sentiment_consistency,sentiment_consistency_scaled,std_textblob_polarity_scaled,sentiment_volatility_scaled,sentiment_volatility,momentum_5,momentum_5_scaled,news_intensity,total_words,article_count_scaled,target_direction,Date
-3.025276160212882,-3.0252761602128815,-1.8485252474026064,-1.8485252474026044,-1.8485252474026062,-1.8485252474026044,-1.0772191060811471,-1.0772191060811471,2.549006955826346,2.549006955826346,2.5490069558263464,,,4.256830663070116,4.256830663070115,-0.7137712880536509,-0.7137712880536509,-0.26100353245516306,-0.26100353245516306,-0.2533723166886974,-0.2533723166886973,-3.3058937512237194,3.491296675733207,3.491296675733207,3.491296675733207,3.491296675733207,-0.5966537398390945,1.359606943095824,1.3596069430958238,-0.5966537398390945,-0.5966537398390946,1.9186129776847458,1.9186129776847463,2.7435277574311416,-0.39911683470196285,-0.39911683470196285,-0.3991168347019628,-0.3991168347019628,-0.7137712880536509,-0.7137712880536509,-2.7435277574311407,-2.7435277574311416,2.743527757431142,2.743527757431142,2.7435277574311416,-2.185472362174003,-2.185472362174003,1.9186129776847463,3.4168946878257307,3.4169172509933183,1,2020-03-16
-2.3391430653766045,-2.3391430653766045,-1.8780686103296,-1.8780686103296003,-1.8780686103295998,-1.8780686103296003,-1.0772191060811471,-1.0772191060811471,-0.5966537398390945,-0.5966537398390945,-0.5966537398390946,-0.6993891889909375,-0.6993891889909374,3.996822173411816,3.9968221734118163,0.2615214726299757,0.26152147262997566,-0.26100353245516306,-0.26100353245516306,-0.2533723166886974,-0.2533723166886973,-2.8374330382410693,-0.40083351710296133,-0.40083351710296133,-0.4008335171029614,-0.4008335171029614,2.549006955826346,-0.31977063540430195,-0.3197706354043019,2.549006955826346,2.549006955826346,-0.694548652506796,-0.694548652506796,-0.3991168347019628,2.7435277574311416,2.7435277574311416,2.7435277574311416,2.7435277574311416,0.2615214726299756,0.26152147262997566,0.39911683470196363,0.3991168347019628,-0.39911683470196285,-0.39911683470196285,-0.3991168347019628,-2.5324996015494943,-2.5324996015494943,-0.694548652506796,-0.9640490264526441,-0.9660926751320393,0,2020-03-17
-2.763486285473798,-2.7634862854737974,-1.8309767778703896,-1.8309767778703896,-1.8309767778703894,-1.8309767778703898,-1.0772191060811471,-1.0772191060811471,0.9761766079936257,0.9761766079936257,0.9761766079936258,0.3724332142735836,0.3724332142735836,3.98637441608331,3.9863744160833097,-0.7137712880536509,-0.7137712880536509,-0.26100353245516306,-0.26100353245516306,-0.2533723166886974,-0.2533723166886973,-2.8066972387356985,2.719775303146323,2.719775303146323,2.719775303146323,2.719775303146323,-0.5966537398390945,0.5763452404833651,0.5763452404833651,-0.5966537398390945,-0.5966537398390946,-0.3459528910392444,-0.3459528910392443,-0.3991168347019628,-0.39911683470196285,-0.39911683470196285,-0.3991168347019628,-0.3991168347019628,-0.7137712880536509,-0.7137712880536509,0.39911683470196363,0.3991168347019628,-0.39911683470196285,-0.39911683470196285,-0.3991168347019628,-2.157619349664344,-2.157619349664344,-0.3459528910392443,0.13118690211694967,0.1296598063993,1,2020-03-18
-2.0765950678825793,-2.0765950678825797,-1.4554390794496845,-1.4554390794496845,-1.455439079449684,-1.4554390794496845,-1.0772191060811471,-1.0772191060811471,-0.5966537398390945,-0.5966537398390945,-0.5966537398390946,0.16835643952577442,0.16835643952577448,3.7115771225914354,3.711577122591436,-0.19335507095286766,-0.19335507095286777,-0.26100353245516306,-0.26100353245516306,-0.2533723166886974,-0.2533723166886973,-2.1126130455949075,-0.40083351710296133,-0.40083351710296133,-0.4008335171029614,-0.4008335171029614,0.9761766079936257,0.9820828634489953,0.9820828634489955,0.9761766079936257,0.9761766079936257,0.8247435192865668,0.8247435192865666,1.0414508883874305,-0.39911683470196285,-0.39911683470196285,-0.3991168347019628,-0.3991168347019628,-0.19335507095286772,-0.19335507095286777,-1.0414508883874305,-1.0414508883874296,1.0414508883874307,1.0414508883874307,1.0414508883874305,-0.21449269185232567,-0.21449269185232567,0.8247435192865666,2.321658759256137,2.321164769461979,0,2020-03-19
-2.0782188638930257,-2.0782188638930257,-1.1999548311589112,-1.1999548311589112,-1.1999548311589112,-1.1999548311589117,-1.0772191060811471,-1.0772191060811471,2.549006955826346,2.549006955826346,2.5490069558263464,-0.16934868909799744,-0.16934868909799744,2.6211492142076405,2.6211492142076405,0.042275660028296434,0.04227566002829641,-0.26100353245516306,-0.26100353245516306,-0.2533723166886974,-0.2533723166886973,-2.1781574311860123,-0.40083351710296133,-0.40083351710296133,-0.4008335171029614,-0.4008335171029614,-0.5966537398390945,0.5763452404833651,0.5763452404833651,-0.5966537398390945,-0.5966537398390946,0.002642870428307339,0.002642870428307394,-0.3991168347019628,1.0414508883874305,1.0414508883874305,1.0414508883874307,1.0414508883874307,0.04227566002829642,0.04227566002829641,0.39911683470196363,0.3991168347019628,-0.39911683470196285,-0.39911683470196285,-0.3991168347019628,-1.9138869868928419,-1.9138869868928419,0.002642870428307394,1.2264228306865435,1.2254122879306393,0,2020-03-20
-1.5463478693764439,-1.5463478693764439,-0.9732320197528561,-0.9732320197528562,-0.9732320197528563,-0.9732320197528562,-1.0772191060811471,-1.0772191060811471,-0.5966537398390945,-0.5966537398390945,-0.5966537398390946,-0.3734254638458066,-0.3734254638458066,0.1492480144371124,0.14924801443711253,-0.19335507095286766,-0.19335507095286777,-0.26100353245516306,-0.26100353245516306,-0.2533723166886974,-0.2533723166886973,-2.1270232142645114,1.0296331523042384,1.0296331523042384,1.0296331523042384,1.0296331523042384,2.549006955826346,-0.31977063540430195,-0.3197706354043019,2.549006955826346,2.549006955826346,-0.694548652506796,-0.694548652506796,-0.3991168347019628,-0.39911683470196285,-0.39911683470196285,-0.3991168347019628,-0.3991168347019628,-0.19335507095286772,-0.19335507095286777,0.39911683470196363,0.3991168347019628,-0.39911683470196285,-0.39911683470196285,-0.3991168347019628,0.13429489009948298,0.134294890099483,-0.694548652506796,-0.9640490264526441,-0.9660926751320393,1,2020-03-23
-1.2100010317583783,-1.2100010317583783,-0.3038716804220573,-0.3038716804220573,-0.3038716804220572,-0.3038716804220573,-1.0772191060811471,-1.0772191060811471,-0.5966537398390945,-0.5966537398390945,-0.5966537398390946,0.5586183265777493,0.5586183265777493,1.2340858026207917,1.2340858026207917,-0.7137712880536509,-0.7137712880536509,-0.26100353245516306,-0.26100353245516306,-0.2533723166886974,-0.2533723166886973,-0.9213022760287668,-0.40083351710296133,-0.40083351710296133,-0.4008335171029614,-0.4008335171029614,-0.5966537398390945,1.0237314273957987,1.0237314273957987,-0.5966537398390945,-0.5966537398390946,-0.17191632646848753,-0.17191632646848753,-0.3991168347019628,-0.39911683470196285,-0.39911683470196285,-0.3991168347019628,-0.3991168347019628,-0.7137712880536509,-0.7137712880536509,0.39911683470196363,0.3991168347019628,-0.39911683470196285,-0.39911683470196285,-0.3991168347019628,1.0909159413146032,1.0909159413146032,-0.17191632646848753,0.13118690211694967,0.1296598063993,0,2020-03-24
-1.0493815757088034,-1.0493815757088034,0.03596172136355391,0.03596172136355389,0.03596172136355403,0.03596172136355401,0.928316249085049,0.928316249085049,-0.5966537398390945,-0.5966537398390945,-0.5966537398390946,-0.5596105761499722,-0.5596105761499723,1.3775474272872579,1.3775474272872579,0.06646292049325045,0.0664629204932504,-0.26100353245516306,-0.26100353245516306,-0.2533723166886974,-0.2533723166886973,-1.1616265477286232,-0.40083351710296133,-0.40083351710296133,-0.4008335171029614,-0.4008335171029614,-0.5966537398390945,-0.31977063540430195,-0.3197706354043019,-0.5966537398390945,-0.5966537398390946,-0.694548652506796,-0.694548652506796,-0.3991168347019628,-0.39911683470196285,-0.39911683470196285,-0.3991168347019628,-0.3991168347019628,0.0664629204932504,0.0664629204932504,0.39911683470196363,0.3991168347019628,-0.39911683470196285,-0.39911683470196285,-0.3991168347019628,0.872084331235115,0.872084331235115,-0.694548652506796,-0.9640490264526441,-0.9660926751320393,1,2020-03-25
0.5357542427923627,0.5357542427923626,0.5377080493146457,0.5377080493146447,0.5377080493146457,0.5377080493146448,0.928316249085049,0.928316249085049,-0.5966537398390945,-0.5966537398390945,-0.5966537398390946,-0.00049612478611147,-0.000496124786111486,1.4085739707887668,1.4085739707887668,-0.7137712880536509,-0.7137712880536509,-0.26100353245516306,-0.26100353245516306,-0.2533723166886974,-0.2533723166886973,-0.44898256861883223,-0.40083351710296133,-0.40083351710296133,-0.4008335171029614,-0.4008335171029614,-0.5966537398390945,-0.31977063540430195,-0.3197706354043019,-0.5966537398390945,-0.5966537398390946,-0.694548652506796,-0.694548652506796,-0.3991168347019628,-0.39911683470196285,-0.39911683470196285,-0.3991168347019628,-0.3991168347019628,-0.7137712880536509,-0.7137712880536509,0.39911683470196363,0.3991168347019628,-0.39911683470196285,-0.39911683470196285,-0.3991168347019628,0.9287220725061667,0.9287220725061668,-0.694548652506796,-0.9640490264526441,-0.9660926751320393,0,2020-03-26
-1.013215048415852,-1.013215048415852,0.6687852914189892,0.6687852914189882,0.6687852914189892,0.6687852914189885,0.928316249085049,0.928316249085049,-0.5966537398390945,-0.5966537398390945,-0.5966537398390946,-0.00049612478611147,-0.000496124786111486,1.6174472527838786,1.6174472527838788,-0.7137712880536509,-0.7137712880536509,-0.26100353245516306,-0.26100353245516306,-0.2533723166886974,-0.2533723166886973,-0.863816591638591,-0.40083351710296133,-0.40083351710296133,-0.4008335171029614,-0.4008335171029614,-0.5966537398390945,-0.31977063540430195,-0.3197706354043019,-0.5966537398390945,-0.5966537398390946,-0.694548652506796,-0.694548652506796,-0.3991168347019628,-0.39911683470196285,-0.39911683470196285,-0.3991168347019628,-0.3991168347019628,-0.7137712880536509,-0.7137712880536509,0.39911683470196363,0.3991168347019628,-0.39911683470196285,-0.39911683470196285,-0.3991168347019628,0.6325034268751714,0.6325034268751714,-0.694548652506796,-0.9640490264526441,-0.9660926751320393,1,2020-03-27
1.4329072965458263,1.432907296545826,1.0700158782651177,1.0700158782651177,1.0700158782651177,1.070015878265118,0.928316249085049,0.928316249085049,0.9761766079936257,0.9761766079936257,0.9761766079936258,0.8717224193415114,0.8717224193415114,1.7313558948145589,1.7313558948145586,-0.7137712880536509,-0.7137712880536509,-0.26100353245516306,-0.26100353245516306,3.946761086881632,3.9467610868816316,0.05909178353577819,-0.40083351710296133,-0.40083351710296133,-0.4008335171029614,-0.4008335171029614,-0.5966537398390945,1.7760925825638547,1.776092582563855,-0.5966537398390945,-0.5966537398390946,2.5666770619722485,2.5666770619722485,2.7087606455412616,-0.39911683470196285,-0.39911683470196285,-0.3991168347019628,-0.3991168347019628,-0.7137712880536509,-0.7137712880536509,-2.7087606455412607,-2.7087606455412616,2.708760645541261,2.708760645541261,2.7087606455412616,1.7457518902606306,1.7457518902606306,2.5666770619722485,3.362132891397251,3.4169172509933183,1,2020-03-30
1.2033643483033958,1.2033643483033958,1.3466767736920913,1.3466767736920913,1.3466767736920915,1.3466767736920917,0.928316249085049,0.928316249085049,-0.5966537398390945,-0.5966537398390945,-0.5966537398390946,-0.3136002175498736,-0.31360021754987294,1.041088860318701,1.041088860318701,0.5033940772795151,0.503394077279515,-0.26100353245516306,-0.26100353245516306,-0.2533723166886974,-0.2533723166886973,0.217994509710327,-0.40083351710296133,-0.40083351710296133,-0.4008335171029614,-0.4008335171029614,0.9761766079936257,1.0237314273957987,1.0237314273957987,0.9761766079936257,0.9761766079936257,-0.17191632646848753,-0.17191632646848753,-0.3991168347019628,2.7087606455412616,2.7087606455412616,2.708760645541261,2.708760645541261,0.503394077279515,0.503394077279515,0.39911683470196363,0.3991168347019628,-0.39911683470196285,-0.39911683470196285,-0.3991168347019628,0.46564411939870265,0.4656441193987026,-0.17191632646848753,0.13118690211694967,0.1296598063993,0,2020-03-31
0.8598182321122045,0.8598182321122044,1.265410612043905,1.2654106120439046,1.2654106120439053,1.2654106120439046,0.928316249085049,0.928316249085049,4.121837303659066,4.121837303659066,4.121837303659066,0.49655662247636073,0.4965566224763608,1.2209313466136615,1.2209313466136622,0.06646292049325045,0.0664629204932504,-0.26100353245516306,-0.26100353245516306,-0.2533723166886974,-0.2533723166886973,-0.2733474309688797,2.6852519732445757,2.6852519732445757,2.6852519732445757,2.6852519732445757,-0.5966537398390945,2.2181047612250877,2.2181047612250886,-0.5966537398390945,-0.5966537398390946,2.2672087391522977,2.2672087391522977,2.800969072727466,-0.39911683470196285,-0.39911683470196285,-0.3991168347019628,-0.3991168347019628,0.0664629204932504,0.0664629204932504,-2.800969072727465,-2.800969072727466,2.800969072727466,2.800969072727466,2.800969072727466,0.24637919808436481,0.24637919808436484,2.2672087391522977,2.3764205556846165,2.321164769461979,0,2020-04-01
0.2594085279544158,0.2594085279544158,1.1497170133838814,1.149717013383881,1.1497170133838814,1.1497170133838812,0.928316249085049,0.928316249085049,0.9761766079936257,0.9761766079936257,0.9761766079936258,-0.6837339843527495,-0.6837339843527493,0.8970786554831403,0.8970786554831403,0.7600911318914456,0.7600911318914456,-0.26100353245516306,-0.26100353245516306,-0.2533723166886974,-0.2533723166886973,-0.2802746074528809,-0.40083351710296133,-0.40083351710296133,-0.4008335171029614,-0.4008335171029614,4.121837303659066,0.5763452404833651,0.5763452404833651,4.121837303659066,4.121837303659066,-0.3459528910392444,-0.3459528910392443,-0.3991168347019628,2.800969072727466,2.800969072727466,2.8009690727274656,2.8009690727274656,0.7600911318914457,0.7600911318914456,0.39911683470196363,0.3991168347019628,-0.39911683470196285,-0.39911683470196285,-0.3991168347019628,-0.5612399112046638,-0.5612399112046637,-0.3459528910392443,0.13118690211694967,0.1296598063993,0,2020-04-02
0.22173219341458578,0.22173219341458567,0.9310107947178223,0.9310107947178222,0.931010794717822,0.9310107947178223,0.928316249085049,0.928316249085049,-0.5966537398390945,-0.5966537398390945,-0.5966537398390946,-0.3734254638458066,-0.3734254638458066,0.7492344059575659,0.749234405957566,-0.19335507095286766,-0.19335507095286777,-0.26100353245516306,-0.26100353245516306,-0.2533723166886974,-0.2533723166886973,-0.5214328696847292,2.7768138482013844,2.7768138482013844,2.776813848201385,2.776813848201385,0.9761766079936257,-0.31977063540430195,-0.3197706354043019,0.9761766079936257,0.9761766079936257,-0.694548652506796,-0.694548652506796,-0.3991168347019628,-0.39911683470196285,-0.39911683470196285,-0.3991168347019628,-0.3991168347019628,-0.19335507095286772,-0.19335507095286777,0.39911683470196363,0.3991168347019628,-0.39911683470196285,-0.39911683470196285,-0.3991168347019628,-0.3354346424497381,-0.3354346424497381,-0.694548652506796,-0.9640490264526441,-0.9660926751320393,1,2020-04-03
1.2204771871946798,1.2204771871946796,1.1587778799357804,1.1587778799357806,1.1587778799357802,1.1587778799357806,0.928316249085049,0.928316249085049,-0.5966537398390945,-0.5966537398390945,-0.5966537398390946,-0.00049612478611147,-0.000496124786111486,1.096687797148151,1.096687797148151,-0.7137712880536509,-0.7137712880536509,-0.26100353245516306,-0.26100353245516306,-0.2533723166886974,-0.2533723166886973,0.5195380202418508,-0.40083351710296133,-0.40083351710296133,-0.4008335171029614,-0.4008335171029614,-0.5966537398390945,-0.31977063540430195,-0.3197706354043019,-0.5966537398390945,-0.5966537398390946,-0.694548652506796,-0.694548652506796,-0.3991168347019628,-0.39911683470196285,-0.39911683470196285,-0.3991168347019628,-0.3991168347019628,-0.7137712880536509,-0.7137712880536509,0.39911683470196363,0.3991168347019628,-0.39911683470196285,-0.39911683470196285,-0.3991168347019628,-0.11944365451976748,-0.11944365451976743,-0.694548652506796,-0.9640490264526441,-0.9660926751320393,1,2020-04-06
0.4376067112736924,0.43760671127369233,1.3877965105608345,1.387796510560835,1.3877965105608345,1.3877965105608354,0.928316249085049,0.928316249085049,-0.5966537398390945,-0.5966537398390945,-0.5966537398390946,-0.00049612478611147,-0.000496124786111486,1.145499603877312,1.1454996038773115,-0.7137712880536509,-0.7137712880536509,-0.26100353245516306,-0.26100353245516306,-0.2533723166886974,-0.2533723166886973,0.8598138385111955,-0.40083351710296133,-0.40083351710296133,-0.4008335171029614,-0.4008335171029614,-0.5966537398390945,-0.31977063540430195,-0.3197706354043019,-0.5966537398390945,-0.5966537398390946,-0.694548652506796,-0.694548652506796,-0.3991168347019628,-0.39911683470196285,-0.39911683470196285,-0.3991168347019628,-0.3991168347019628,-0.7137712880536509,-0.7137712880536509,0.39911683470196363,0.3991168347019628,-0.39911683470196285,-0.39911683470196285,-0.3991168347019628,0.10177138704505616,0.1017713870450561,-0.694548652506796,-0.9640490264526441,-0.9660926751320393,1,2020-04-07
1.196122954140044,1.1961229541400435,1.673272324983471,1.6732723249834707,1.6732723249834707,1.6732723249834711,0.928316249085049,0.928316249085049,0.9761766079936257,0.9761766079936257,0.9761766079936258,2.4221467929734977,2.422146792973497,0.7361536947632968,0.7361536947632972,-0.7137712880536509,-0.7137712880536509,-0.26100353245516306,-0.26100353245516306,3.946761086881632,3.9467610868816316,1.3318975848435843,-0.40083351710296133,-0.40083351710296133,-0.4008335171029614,-0.4008335171029614,-0.5966537398390945,5.501623802708534,5.501623802708535,-0.5966537398390945,-0.5966537398390946,1.5700172162171944,1.5700172162171946,-0.3991168347019628,-0.39911683470196285,-0.39911683470196285,-0.3991168347019628,-0.3991168347019628,-0.7137712880536509,-0.7137712880536509,0.39911683470196363,0.3991168347019628,-0.39911683470196285,-0.39911683470196285,-0.3991168347019628,1.3126406537660278,1.312640653766028,1.5700172162171946,0.18594869854542936,0.1296598063993,1,2020-04-08
0.7072181035772369,0.7072181035772368,1.8270304100650712,1.8270304100650712,1.8270304100650714,1.8270304100650716,0.928316249085049,0.928316249085049,0.9761766079936257,0.9761766079936257,0.9761766079936258,-1.673366563266783,-1.673366563266783,0.6223471326489451,0.6223471326489453,2.666983537580072,2.666983537580072,-0.26100353245516306,-0.26100353245516306,-0.2533723166886974,-0.2533723166886973,1.3113283023223432,-0.40083351710296133,-0.40083351710296133,-0.4008335171029614,-0.4008335171029614,0.9761766079936257,1.481865630810633,1.481865630810633,0.9761766079936257,0.9761766079936257,0.7071512459279472,0.7071512459279472,1.0414508883874305,-0.39911683470196285,-0.39911683470196285,-0.3991168347019628,-0.3991168347019628,2.6669835375800726,2.666983537580072,-1.0414508883874305,-1.0414508883874296,1.0414508883874307,1.0414508883874307,1.0414508883874305,1.5475920845513638,1.547592084551364,0.7071512459279472,1.2264228306865435,1.2254122879306393,0,2020-04-09
1.1862131231100421,1.1862131231100417,1.8431393091928405,1.8431393091928405,1.8431393091928403,1.8431393091928412,0.928316249085049,0.928316249085049,-0.5966537398390945,-0.5966537398390945,-0.5966537398390946,-0.7502686040650488,-0.7502686040650487,0.2579519903470481,0.25795199034704813,0.3325227856077437,0.3325227856077436,-0.26100353245516306,-0.26100353245516306,-0.2533723166886974,-0.2533723166886973,1.2533725724328584,-0.40083351710296133,-0.40083351710296133,-0.4008335171029614,-0.4008335171029614,0.9761766079936257,-0.31977063540430195,-0.3197706354043019,0.9761766079936257,0.9761766079936257,-0.694548652506796,-0.694548652506796,-0.3991168347019628,1.0414508883874305,1.0414508883874305,1.0414508883874307,1.0414508883874307,0.3325227856077436,0.3325227856077436,0.39911683470196363,0.3991168347019628,-0.39911683470196285,-0.39911683470196285,-0.3991168347019628,1.9452364934400466,1.9452364934400463,-0.694548652506796,-0.9640490264526441,-0.9660926751320393,1,2020-04-13
0.7195590421127116,0.7195590421127116,1.8914441857826523,1.8914441857826523,1.891444185782652,1.8914441857826527,0.928316249085049,0.928316249085049,-0.5966537398390945,-0.5966537398390945,-0.5966537398390946,0.5586183265777493,0.5586183265777493,-0.6650084079545722,-0.6650084079545721,-0.7137712880536509,-0.7137712880536509,-0.26100353245516306,-0.26100353245516306,-0.2533723166886974,-0.2533723166886973,1.3968858372282968,1.0296331523042384,1.0296331523042384,1.0296331523042384,1.0296331523042384,-0.5966537398390945,1.0237314273957987,1.0237314273957987,-0.5966537398390945,-0.5966537398390946,-0.17191632646848753,-0.17191632646848753,-0.3991168347019628,-0.39911683470196285,-0.39911683470196285,-0.3991168347019628,-0.3991168347019628,-0.7137712880536509,-0.7137712880536509,0.39911683470196363,0.3991168347019628,-0.39911683470196285,-0.39911683470196285,-0.3991168347019628,1.073693088504022,1.0736930885040217,-0.17191632646848753,0.13118690211694967,0.1296598063993,0,2020-04-14
0.5759878569975885,0.5759878569975884,1.8032694387088792,1.8032694387088792,1.8032694387088788,1.8032694387088797,0.928316249085049,0.928316249085049,-0.5966537398390945,-0.5966537398390945,-0.5966537398390946,-0.5596105761499722,-0.5596105761499723,-0.5218895020752145,-0.5218895020752142,0.06646292049325045,0.0664629204932504,-0.26100353245516306,-0.26100353245516306,-0.2533723166886974,-0.2533723166886973,1.157850655754428,-0.40083351710296133,-0.40083351710296133,-0.4008335171029614,-0.4008335171029614,-0.5966537398390945,-0.31977063540430195,-0.3197706354043019,-0.5966537398390945,-0.5966537398390946,-0.694548652506796,-0.694548652506796,-0.3991168347019628,-0.39911683470196285,-0.39911683470196285,-0.3991168347019628,-0.3991168347019628,0.0664629204932504,0.0664629204932504,0.39911683470196363,0.3991168347019628,-0.39911683470196285,-0.39911683470196285,-0.3991168347019628,0.6486292707184959,0.6486292707184959,-0.694548652506796,-0.9640490264526441,-0.9660926751320393,0,2020-04-15
1.0674149045769146,1.0674149045769143,1.6456945890337757,1.6456945890337757,1.6456945890337757,1.645694589033776,0.928316249085049,0.928316249085049,-0.5966537398390945,-0.5966537398390945,-0.5966537398390946,0.5625321277372963,0.5625321277372963,-0.8362226664766946,-0.8362226664766945,-0.7137712880536509,-0.7137712880536509,-0.26100353245516306,-0.26100353245516306,-0.2533723166886974,-0.2533723166886973,0.9564973634600143,-0.40083351710296133,-0.40083351710296133,-0.4008335171029614,-0.4008335171029614,-0.5966537398390945,1.0331359418353991,1.0331359418353994,-0.5966537398390945,-0.5966537398390946,0.3580328521343571,0.35803285213435715,1.7534208753497644,-0.39911683470196285,-0.39911683470196285,-0.3991168347019628,-0.3991168347019628,-0.7137712880536509,-0.7137712880536509,-1.753420875349763,-1.753420875349764,1.7534208753497644,1.7534208753497644,1.7534208753497644,0.0886240181642182,0.08862401816421817,0.35803285213435715,1.2264228306865435,1.2254122879306393,1,2020-04-16
1.3932555511275935,1.393255551127593,1.570462968878063,1.570462968878063,1.570462968878063,1.5704629688780631,0.928316249085049,0.928316249085049,-0.5966537398390945,-0.5966537398390945,-0.5966537398390946,-0.5635243773095192,-0.5635243773095193,-0.7265487145455236,-0.7265487145455234,0.0719245599530787,0.07192455995307864,-0.26100353245516306,-0.26100353245516306,-0.2533723166886974,-0.2533723166886973,1.0936651328105755,-0.40083351710296133,-0.40083351710296133,-0.4008335171029614,-0.4008335171029614,-0.5966537398390945,-0.31977063540430195,-0.3197706354043019,-0.5966537398390945,-0.5966537398390946,-0.694548652506796,-0.694548652506796,-0.3991168347019628,1.7534208753497644,1.7534208753497644,1.7534208753497642,1.7534208753497642,0.07192455995307864,0.07192455995307864,0.39911683470196363,0.3991168347019628,-0.39911683470196285,-0.39911683470196285,-0.3991168347019628,0.2678661259427678,0.2678661259427677,-0.694548652506796,0.13118690211694967,0.1296598063993,0,2020-04-17
1.6537921511882714,1.6537921511882707,1.4165711514361148,1.4165711514361148,1.4165711514361148,1.416571151436115,0.928316249085049,0.928316249085049,-0.5966537398390945,-0.5966537398390945,-0.5966537398390946,-0.00049612478611147,-0.000496124786111486,-0.696509878522692,-0.6965098785226917,-0.7137712880536509,-0.7137712880536509,-0.26100353245516306,-0.26100353245516306,-0.2533723166886974,-0.2533723166886973,0.8758152957128297,1.7366109081182899,1.7366109081182899,1.7366109081182899,1.7366109081182899,-0.5966537398390945,-0.31977063540430195,-0.3197706354043019,-0.5966537398390945,-0.5966537398390946,-0.694548652506796,-0.694548652506796,-0.3991168347019628,-0.39911683470196285,-0.39911683470196285,-0.3991168347019628,-0.3991168347019628,-0.7137712880536509,-0.7137712880536509,0.39911683470196363,0.3991168347019628,-0.39911683470196285,-0.39911683470196285,-0.3991168347019628,0.21659076806400118,0.21659076806400118,-0.694548652506796,0.13118690211694967,0.1296598063993,0,2020-04-20
0.24431570405998915,0.24431570405998912,1.007311936786772,1.0073119367867718,1.007311936786772,1.007311936786772,0.928316249085049,0.928316249085049,-0.5966537398390945,-0.5966537398390945,-0.5966537398390946,-0.00049612478611147,-0.000496124786111486,-0.23913551025050409,-0.23913551025050386,-0.7137712880536509,-0.7137712880536509,-0.26100353245516306,-0.26100353245516306,-0.2533723166886974,-0.2533723166886973,0.13996936087080308,-0.40083351710296133,-0.40083351710296133,-0.4008335171029614,-0.4008335171029614,-0.5966537398390945,-0.31977063540430195,-0.3197706354043019,-0.5966537398390945,-0.5966537398390946,-0.694548652506796,-0.694548652506796,-0.3991168347019628,-0.39911683470196285,-0.39911683470196285,-0.3991168347019628,-0.3991168347019628,-0.7137712880536509,-0.7137712880536509,0.39911683470196363,0.3991168347019628,-0.39911683470196285,-0.39911683470196285,-0.3991168347019628,-0.7104651077374902,-0.71046510773749,-0.694548652506796,-0.9640490264526441,-0.9660926751320393,1,2020-04-21
0.7879050773486881,0.787905077348688,1.0765838257026978,1.0765838257026978,1.0765838257026976,1.076583825702698,0.928316249085049,0.928316249085049,-0.5966537398390945,-0.5966537398390945,-0.5966537398390946,-0.00049612478611147,-0.000496124786111486,0.8199715057417999,0.8199715057418,-0.7137712880536509,-0.7137712880536509,-0.26100353245516306,-0.26100353245516306,-0.2533723166886974,-0.2533723166886973,1.01866101329478,-0.40083351710296133,-0.40083351710296133,-0.4008335171029614,-0.4008335171029614,-0.5966537398390945,-0.31977063540430195,-0.3197706354043019,-0.5966537398390945,-0.5966537398390946,-0.694548652506796,-0.694548652506796,-0.3991168347019628,-0.39911683470196285,-0.39911683470196285,-0.3991168347019628,-0.3991168347019628,-0.7137712880536509,-0.7137712880536509,0.39911683470196363,0.3991168347019628,-0.39911683470196285,-0.39911683470196285,-0.3991168347019628,0.3723595095198232,0.3723595095198231,-0.694548652506796,-0.9640490264526441,-0.9660926751320393,1,2020-04-22
0.5905529940429285,0.5905529940429284,1.1570567306840416,1.1570567306840416,1.1570567306840416,1.1570567306840418,0.928316249085049,0.928316249085049,-0.5966537398390945,-0.5966537398390945,-0.5966537398390946,-0.00049612478611147,-0.000496124786111486,0.8008370035881747,0.8008370035881748,-0.7137712880536509,-0.7137712880536509,-0.26100353245516306,-0.26100353245516306,-0.2533723166886974,-0.2533723166886973,1.1268502484632954,-0.40083351710296133,-0.40083351710296133,-0.4008335171029614,-0.4008335171029614,-0.5966537398390945,-0.31977063540430195,-0.3197706354043019,-0.5966537398390945,-0.5966537398390946,-0.694548652506796,-0.694548652506796,-0.3991168347019628,-0.39911683470196285,-0.39911683470196285,-0.3991168347019628,-0.3991168347019628,-0.7137712880536509,-0.7137712880536509,0.39911683470196363,0.3991168347019628,-0.39911683470196285,-0.39911683470196285,-0.3991168347019628,0.6815328706961155,0.6815328706961155,-0.694548652506796,-0.9640490264526441,-0.9660926751320393,1,2020-04-23
0.8476501227821459,0.8476501227821457,1.306111108405939,1.306111108405939,1.306111108405939,1.3061111084059391,0.928316249085049,0.928316249085049,-0.5966537398390945,-0.5966537398390945,-0.5966537398390946,-0.00049612478611147,-0.000496124786111486,0.8363126909373014,0.8363126909373013,-0.7137712880536509,-0.7137712880536509,-0.26100353245516306,-0.26100353245516306,-0.2533723166886974,-0.2533723166886973,1.4169414091160841,-0.40083351710296133,-0.40083351710296133,-0.4008335171029614,-0.4008335171029614,-0.5966537398390945,-0.31977063540430195,-0.3197706354043019,-0.5966537398390945,-0.5966537398390946,-0.694548652506796,-0.694548652506796,-0.3991168347019628,-0.39911683470196285,-0.39911683470196285,-0.3991168347019628,-0.3991168347019628,-0.7137712880536509,-0.7137712880536509,0.39911683470196363,0.3991168347019628,-0.39911683470196285,-0.39911683470196285,-0.3991168347019628,0.8338429759114864,0.8338429759114864,-0.694548652506796,-0.9640490264526441,-0.9660926751320393,0,2020-04-24
0.7091225507328262,0.709122550732826,1.2412691235042272,1.2412691235042272,1.2412691235042272,1.2412691235042277,0.928316249085049,0.928316249085049,-0.5966537398390945,-0.5966537398390945,-0.5966537398390946,-0.00049612478611147,-0.000496124786111486,0.8944528284190899,0.89445282841909,-0.7137712880536509,-0.7137712880536509,-0.26100353245516306,-0.26100353245516306,-0.2533723166886974,-0.2533723166886973,1.0652183512628228,-0.40083351710296133,-0.40083351710296133,-0.4008335171029614,-0.4008335171029614,-0.5966537398390945,-0.31977063540430195,-0.3197706354043019,-0.5966537398390945,-0.5966537398390946,-0.694548652506796,-0.694548652506796,-0.3991168347019628,-0.39911683470196285,-0.39911683470196285,-0.3991168347019628,-0.3991168347019628,-0.7137712880536509,-0.7137712880536509,0.39911683470196363,0.3991168347019628,-0.39911683470196285,-0.39911683470196285,-0.3991168347019628,0.7053446859598422,0.7053446859598422,-0.694548652506796,0.13118690211694967,0.1296598063993,0,2020-04-27
0.18640621004943528,0.18640621004943525,0.976664886411028,0.9766648864110279,0.9766648864110278,0.9766648864110281,0.928316249085049,0.928316249085049,0.9761766079936257,0.9761766079936257,0.9761766079936258,2.4221467929734977,2.422146792973497,0.6078179908561199,0.60781799085612,-0.7137712880536509,-0.7137712880536509,-0.26100353245516306,-0.26100353245516306,3.946761086881632,3.9467610868816316,0.6136164468734183,-0.40083351710296133,-0.40083351710296133,-0.4008335171029614,-0.4008335171029614,-0.5966537398390945,-0.31977063540430195,-0.3197706354043019,-0.5966537398390945,-0.5966537398390946,1.5700172162171944,1.5700172162171946,-0.3991168347019628,-0.39911683470196285,-0.39911683470196285,-0.3991168347019628,-0.3991168347019628,-0.7137712880536509,-0.7137712880536509,0.39911683470196363,0.3991168347019628,-0.39911683470196285,-0.39911683470196285,-0.3991168347019628,0.9928414215394945,0.9928414215394943,1.5700172162171946,0.18594869854542936,0.1296598063993,1,2020-04-28
0.9878521281110682,0.9878521281110679,1.118530452841301,1.118530452841301,1.1185304528413007,1.1185304528413011,0.928316249085049,0.928316249085049,0.9761766079936257,0.9761766079936257,0.9761766079936258,-2.050209703486025,-2.0502097034860247,0.4954033107726323,0.4954033107726324,2.666983537580072,2.666983537580072,-0.26100353245516306,-0.26100353245516306,-0.2533723166886974,-0.2533723166886973,1.414455960806408,-0.40083351710296133,-0.40083351710296133,-0.4008335171029614,-0.4008335171029614,0.9761766079936257,0.5763452404833651,0.5763452404833651,0.9761766079936257,0.9761766079936257,-0.3459528910392444,-0.3459528910392443,-0.3991168347019628,-0.39911683470196285,-0.39911683470196285,-0.3991168347019628,-0.3991168347019628,2.6669835375800726,2.666983537580072,0.39911683470196363,0.3991168347019628,-0.39911683470196285,-0.39911683470196285,-0.3991168347019628,0.9084466417714488,0.908446641771449,-0.3459528910392443,0.13118690211694967,0.1296598063993,1,2020-04-29
1.7152738555229587,1.7152738555229583,1.4802453734495709,1.4802453734495709,1.4802453734495709,1.4802453734495713,0.928316249085049,0.928316249085049,-0.5966537398390945,-0.5966537398390945,-0.5966537398390946,-0.3734254638458066,-0.3734254638458066,0.760443130420815,0.760443130420815,-0.19335507095286766,-0.19335507095286777,-0.26100353245516306,-0.26100353245516306,-0.2533723166886974,-0.2533723166886973,2.0592169243361425,-0.40083351710296133,-0.40083351710296133,-0.4008335171029614,-0.4008335171029614,0.9761766079936257,-0.31977063540430195,-0.3197706354043019,0.9761766079936257,0.9761766079936257,-0.694548652506796,-0.694548652506796,-0.3991168347019628,-0.39911683470196285,-0.39911683470196285,-0.3991168347019628,-0.3991168347019628,-0.19335507095286772,-0.19335507095286777,0.39911683470196363,0.3991168347019628,-0.39911683470196285,-0.39911683470196285,-0.3991168347019628,1.5217673401561014,1.5217673401561014,-0.694548652506796,-0.9640490264526441,-0.9660926751320393,0,2020-04-30
1.3413284477595222,1.341328447759522,1.5325443535003067,1.5325443535003067,1.532544353500307,1.5325443535003072,0.928316249085049,0.928316249085049,-0.5966537398390945,-0.5966537398390945,-0.5966537398390946,-0.00049612478611147,-0.000496124786111486,0.891503763262806,0.8915037632628062,-0.7137712880536509,-0.7137712880536509,-0.26100353245516306,-0.26100353245516306,-0.2533723166886974,-0.2533723166886973,1.6643246422709361,-0.40083351710296133,-0.40083351710296133,-0.4008335171029614,-0.4008335171029614,-0.5966537398390945,-0.31977063540430195,-0.3197706354043019,-0.5966537398390945,-0.5966537398390946,-0.694548652506796,-0.694548652506796,-0.3991168347019628,-0.39911683470196285,-0.39911683470196285,-0.3991168347019628,-0.3991168347019628,-0.7137712880536509,-0.7137712880536509,0.39911683470196363,0.3991168347019628,-0.39911683470196285,-0.39911683470196285,-0.3991168347019628,0.890966383594948,0.890966383594948,-0.694548652506796,-0.9640490264526441,-0.9660926751320393,1,2020-05-01
1.603253877716891,1.6032538777168905,1.562628718633442,1.562628718633442,1.5626287186334422,1.5626287186334424,0.928316249085049,0.928316249085049,-0.5966537398390945,-0.5966537398390945,-0.5966537398390946,-0.00049612478611147,-0.000496124786111486,0.7377333699012807,0.7377333699012809,-0.7137712880536509,-0.7137712880536509,-0.26100353245516306,-0.26100353245516306,-0.2533723166886974,-0.2533723166886973,1.673809567829542,-0.40083351710296133,-0.40083351710296133,-0.4008335171029614,-0.4008335171029614,-0.5966537398390945,-0.31977063540430195,-0.3197706354043019,-0.5966537398390945,-0.5966537398390946,-0.694548652506796,-0.694548652506796,-0.3991168347019628,-0.39911683470196285,-0.39911683470196285,-0.3991168347019628,-0.3991168347019628,-0.7137712880536509,-0.7137712880536509,0.39911683470196363,0.3991168347019628,-0.39911683470196285,-0.39911683470196285,-0.3991168347019628,1.3542121767116093,1.354212176711609,-0.694548652506796,0.07642510568846998,0.1296598063993,1,2020-05-04
2.292019594379727,2.292019594379726,1.5349083857803258,1.5349083857803258,1.5349083857803258,1.5349083857803265,0.928316249085049,0.928316249085049,-0.5966537398390945,-0.5966537398390945,-0.5966537398390946,-0.00049612478611147,-0.000496124786111486,0.33489621635807687,0.334896216358077,-0.7137712880536509,-0.7137712880536509,-0.26100353245516306,-0.26100353245516306,-0.2533723166886974,-0.2533723166886973,1.6333345642156132,-0.40083351710296133,-0.40083351710296133,-0.4008335171029614,-0.4008335171029614,-0.5966537398390945,-0.31977063540430195,-0.3197706354043019,-0.5966537398390945,-0.5966537398390946,-0.694548652506796,-0.694548652506796,-0.3991168347019628,-0.39911683470196285,-0.39911683470196285,-0.3991168347019628,-0.3991168347019628,-0.7137712880536509,-0.7137712880536509,0.39911683470196363,0.3991168347019628,-0.39911683470196285,-0.39911683470196285,-0.3991168347019628,1.9211453980077022,1.9211453980077025,-0.694548652506796,-0.9640490264526441,-0.9660926751320393,1,2020-05-05
1.513551863710529,1.5135518637105285,1.455408209545361,1.4554082095453602,1.4554082095453613,1.4554082095453607,0.928316249085049,0.928316249085049,0.9761766079936257,0.9761766079936257,0.9761766079936258,2.4221467929734977,2.422146792973497,-0.059548421089509716,-0.0595484210895096,-0.7137712880536509,-0.7137712880536509,-0.26100353245516306,-0.26100353245516306,3.946761086881632,3.9467610868816316,1.570419094257022,-0.40083351710296133,-0.40083351710296133,-0.4008335171029614,-0.4008335171029614,-0.5966537398390945,-0.31977063540430195,-0.3197706354043019,-0.5966537398390945,-0.5966537398390946,1.5700172162171944,1.5700172162171946,-0.3991168347019628,-0.39911683470196285,-0.39911683470196285,-0.3991168347019628,-0.3991168347019628,-0.7137712880536509,-0.7137712880536509,0.39911683470196363,0.3991168347019628,-0.39911683470196285,-0.39911683470196285,-0.3991168347019628,1.0328133242986872,1.0328133242986872,1.5700172162171946,0.18594869854542936,0.1296598063993,1,2020-05-06
1.48480430696664,1.4848043069666395,1.3898314536792773,1.3898314536792773,1.3898314536792775,1.3898314536792775,0.928316249085049,0.928316249085049,-0.5966537398390945,-0.5966537398390945,-0.5966537398390946,-2.4231390425457207,-2.42313904254572,-0.823915143567072,-0.823915143567072,2.666983537580072,2.666983537580072,-0.26100353245516306,-0.26100353245516306,-0.2533723166886974,-0.2533723166886973,1.6253873848929925,-0.40083351710296133,-0.40083351710296133,-0.4008335171029614,-0.4008335171029614,0.9761766079936257,-0.31977063540430195,-0.3197706354043019,0.9761766079936257,0.9761766079936257,-0.694548652506796,-0.694548652506796,-0.3991168347019628,-0.39911683470196285,-0.39911683470196285,-0.3991168347019628,-0.3991168347019628,2.6669835375800726,2.666983537580072,0.39911683470196363,0.3991168347019628,-0.39911683470196285,-0.39911683470196285,-0.3991168347019628,0.40257166362313884,0.40257166362313873,-0.694548652506796,-0.9640490264526441,-0.9660926751320393,1,2020-05-07
1.213608587559176,1.213608587559176,1.2774406334491586,1.277440633449158,1.277440633449159,1.2774406334491581,0.928316249085049,0.928316249085049,0.9761766079936257,0.9761766079936257,0.9761766079936258,0.18568898751805404,0.18568898751805418,-1.1934424710340452,-1.1934424710340448,-0.7137712880536509,-0.7137712880536509,-0.26100353245516306,-0.26100353245516306,-0.2533723166886974,-0.2533723166886973,1.5509465560316635,-0.40083351710296133,-0.40083351710296133,-0.4008335171029614,-0.4008335171029614,-0.5966537398390945,-0.31977063540430195,-0.3197706354043019,-0.5966537398390945,-0.5966537398390946,-0.3464755233652827,-0.34647552336528253,0.3128531522603712,-0.39911683470196285,-0.39911683470196285,-0.3991168347019628,-0.3991168347019628,-0.7137712880536509,-0.7137712880536509,-0.3128531522603708,-0.3128531522603716,0.31285315226037114,0.31285315226037114,0.3128531522603712,0.6732106075878768,0.6732106075878768,-0.34647552336528253,1.2264228306865435,1.2254122879306393,1,2020-05-08
1.4373740583300636,1.4373740583300632,1.1300974113810205,1.1300974113810205,1.1300974113810205,1.1300974113810207,0.928316249085049,0.928316249085049,0.9761766079936257,0.9761766079936257,0.9761766079936258,0.1862481019694179,0.1862481019694175,-1.2187534699034308,-1.2187534699034306,-0.45395329660753264,-0.45395329660753275,-0.26100353245516306,-0.26100353245516306,-0.2533723166886974,-0.2533723166886973,1.4535479704855438,-0.40083351710296133,-0.40083351710296133,-0.4008335171029614,-0.4008335171029614,0.9761766079936257,-0.31977063540430195,-0.3197706354043019,0.9761766079936257,0.9761766079936257,-0.3459528910392444,-0.3459528910392443,-0.3991168347019628,0.31285315226037114,0.31285315226037114,0.3128531522603711,0.3128531522603711,-0.4539532966075327,-0.45395329660753275,0.39911683470196363,0.3991168347019628,-0.39911683470196285,-0.39911683470196285,-0.3991168347019628,0.5025376125910861,0.5025376125910861,-0.3459528910392443,0.13118690211694967,0.1296598063993,0,2020-05-11
1.5699180490189364,1.569918049018936,0.8376754855964547,0.8376754855964545,0.8376754855964545,0.8376754855964547,0.928316249085049,0.928316249085049,-0.5966537398390945,-0.5966537398390945,-0.5966537398390946,-0.3734254638458066,-0.3734254638458066,-0.8430573890705184,-0.8430573890705183,-0.19335507095286766,-0.19335507095286777,-0.26100353245516306,-0.26100353245516306,-0.2533723166886974,-0.2533723166886973,1.0961769875276823,0.3061442387110902,0.3061442387110902,0.3061442387110902,0.3061442387110902,0.9761766079936257,-0.31977063540430195,-0.3197706354043019,0.9761766079936257,0.9761766079936257,-0.694548652506796,-0.694548652506796,-0.3991168347019628,-0.39911683470196285,-0.39911683470196285,-0.3991168347019628,-0.3991168347019628,-0.19335507095286772,-0.19335507095286777,0.39911683470196363,0.3991168347019628,-0.39911683470196285,-0.39911683470196285,-0.3991168347019628,0.13913011186418045,0.1391301118641805,-0.694548652506796,-0.9640490264526441,-0.9660926751320393,0,2020-05-12
0.5216982592869305,0.5216982592869305,0.40468552446984596,0.404685524469845,0.40468552446984596,0.4046855244698451,0.928316249085049,0.928316249085049,-0.5966537398390945,-0.5966537398390945,-0.5966537398390946,1.0651760195134072,1.0651760195134072,-0.5622305442934569,-0.5622305442934568,-0.7137712880536509,-0.7137712880536509,-0.26100353245516306,-0.26100353245516306,-0.2533723166886974,-0.2533723166886973,0.6188943102513448,-0.40083351710296133,-0.40083351710296133,-0.4008335171029614,-0.4008335171029614,-0.5966537398390945,-0.31977063540430195,-0.3197706354043019,-0.5966537398390945,-0.5966537398390946,0.30158856092221975,0.3015885609222198,-0.3991168347019628,-0.39911683470196285,-0.39911683470196285,-0.3991168347019628,-0.3991168347019628,-0.7137712880536509,-0.7137712880536509,0.39911683470196363,0.3991168347019628,-0.39911683470196285,-0.39911683470196285,-0.3991168347019628,-0.3281368233880178,-0.32813682338801786,0.3015885609222198,0.13118690211694967,0.1296598063993,1,2020-05-13
0.001118962850342348,0.0011189628503423435,0.12543239996510708,0.12543239996510705,0.12543239996510702,0.12543239996510702,0.928316249085049,0.928316249085049,-0.5966537398390945,-0.5966537398390945,-0.5966537398390946,-1.0661682690856302,-1.06616826908563,-0.6320928507804517,-0.6320928507804516,0.7733551134367428,0.7733551134367428,-0.26100353245516306,-0.26100353245516306,-0.2533723166886974,-0.2533723166886973,0.6265512415113909,-0.40083351710296133,-0.40083351710296133,-0.4008335171029614,-0.4008335171029614,-0.5966537398390945,-0.31977063540430195,-0.3197706354043019,-0.5966537398390945,-0.5966537398390946,-0.694548652506796,-0.694548652506796,-0.3991168347019628,-0.39911683470196285,-0.39911683470196285,-0.3991168347019628,-0.3991168347019628,0.7733551134367428,0.7733551134367428,0.39911683470196363,0.3991168347019628,-0.39911683470196285,-0.39911683470196285,-0.3991168347019628,-0.4024590942949317,-0.40245909429493165,-0.694548652506796,-0.9640490264526441,-0.9660926751320393,1,2020-05-14
0.36735895414118536,0.3673589541411853,0.03426118351625994,0.03426118351625991,0.03426118351625998,0.034261183516259966,0.928316249085049,0.928316249085049,0.9761766079936257,0.9761766079936257,0.9761766079936258,1.7741331438427828,1.7741331438427828,-0.4372377422443504,-0.43723774224435036,-0.7137712880536509,-0.7137712880536509,-0.26100353245516306,-0.26100353245516306,-0.2533723166886974,-0.2533723166886973,0.7999517369673491,-0.40083351710296133,-0.40083351710296133,-0.4008335171029614,-0.4008335171029614,-0.5966537398390945,-0.31977063540430195,-0.3197706354043019,-0.5966537398390945,-0.5966537398390946,2.623121353184386,2.6231213531843864,2.0799294044025545,-0.39911683470196285,-0.39911683470196285,-0.3991168347019628,-0.3991168347019628,-0.7137712880536509,-0.7137712880536509,-2.079929404402554,-2.079929404402555,2.079929404402555,2.079929404402555,2.0799294044025545,-0.1879063630685823,-0.18790636306858224,2.6231213531843864,1.2811846271150231,1.2254122879306393,1,2020-05-15
0.32277648760787764,0.3227764876078775,0.007872047401553992,0.007872047401553965,0.007872047401554089,0.007872047401554071,0.928316249085049,0.928316249085049,-0.5966537398390945,-0.5966537398390945,-0.5966537398390946,-0.6490688883681901,-0.64906888836819,-0.3932100663051554,-0.3932100663051553,1.7626920898742136,1.7626920898742138,-0.26100353245516306,-0.26100353245516306,-0.2533723166886974,-0.2533723166886973,0.8322765508750792,-0.40083351710296133,-0.40083351710296133,-0.4008335171029614,-0.4008335171029614,0.9761766079936257,-0.31977063540430195,-0.3197706354043019,0.9761766079936257,0.9761766079936257,0.3580328521343571,0.35803285213435715,-0.3991168347019628,2.0799294044025545,2.0799294044025545,2.0799294044025545,2.0799294044025545,1.762692089874214,1.7626920898742138,0.39911683470196363,0.3991168347019628,-0.39911683470196285,-0.39911683470196285,-0.3991168347019628,-0.08216499884289388,-0.08216499884289379,0.35803285213435715,0.13118690211694967,0.1296598063993,1,2020-05-18
0.42186501518718916,0.4218650151871891,0.06867502906356708,0.06867502906356704,0.06867502906356704,0.06867502906356703,0.928316249085049,0.928316249085049,0.9761766079936257,0.9761766079936257,0.9761766079936258,0.36460561195448954,0.36460561195448954,-0.44022436999147213,-0.4402243699914721,0.8576204079598082,0.8576204079598081,-0.26100353245516306,-0.26100353245516306,-0.2533723166886974,-0.2533723166886973,0.9195188626081049,2.060830006326008,2.060830006326008,2.060830006326008,2.060830006326008,-0.5966537398390945,-0.31977063540430195,-0.3197706354043019,-0.5966537398390945,-0.5966537398390946,2.0931721745815417,2.0931721745815413,3.163756327230566,-0.39911683470196285,-0.39911683470196285,-0.3991168347019628,-0.3991168347019628,0.8576204079598081,0.8576204079598081,-3.1637563272305655,-3.163756327230567,3.163756327230566,3.163756327230566,3.163756327230566,0.40672784208919827,0.4067278420891982,2.0931721745815413,1.2811846271150231,1.2254122879306393,1,2020-05-19
1.0539158207302592,1.053915820730259,0.48918064000489553,0.4891806400048945,0.4891806400048954,0.48918064000489464,0.928316249085049,0.928316249085049,-0.5966537398390945,-0.5966537398390945,-0.5966537398390946,-1.4916543665735282,-1.491654366573528,-0.23445175542521068,-0.23445175542521055,1.3671133461409346,1.3671133461409346,-0.26100353245516306,-0.26100353245516306,-0.2533723166886974,-0.2533723166886973,1.6544014472479762,-0.40083351710296133,-0.40083351710296133,-0.4008335171029614,-0.4008335171029614,0.9761766079936257,-0.31977063540430195,-0.3197706354043019,0.9761766079936257,0.9761766079936257,-0.694548652506796,-0.694548652506796,-0.3991168347019628,3.163756327230566,3.163756327230566,3.1637563272305655,3.1637563272305655,1.3671133461409348,1.3671133461409346,0.39911683470196363,0.3991168347019628,-0.39911683470196285,-0.39911683470196285,-0.3991168347019628,1.7568483870014275,1.7568483870014275,-0.694548652506796,-0.9640490264526441,-0.9660926751320393,1,2020-05-20
0.9649647471023834,0.9649647471023833,0.7289743503508826,0.7289743503508834,0.7289743503508824,0.7289743503508835,0.928316249085049,0.928316249085049,-0.5966537398390945,-0.5966537398390945,-0.5966537398390946,0.5586183265777493,0.5586183265777493,-0.21191041398068827,-0.21191041398068816,-0.7137712880536509,-0.7137712880536509,-0.26100353245516306,-0.26100353245516306,-0.2533723166886974,-0.2533723166886973,1.5732590546768943,3.1370572906544045,3.1370572906544045,3.1370572906544045,3.1370572906544045,-0.5966537398390945,-0.31977063540430195,-0.3197706354043019,-0.5966537398390945,-0.5966537398390946,-0.17191632646848753,-0.17191632646848753,-0.3991168347019628,-0.39911683470196285,-0.39911683470196285,-0.3991168347019628,-0.3991168347019628,-0.7137712880536509,-0.7137712880536509,0.39911683470196363,0.3991168347019628,-0.39911683470196285,-0.39911683470196285,-0.3991168347019628,1.7203603140327974,1.7203603140327972,-0.17191632646848753,0.13118690211694967,0.1296598063993,1,2020-05-21
1.0891372572631848,1.0891372572631846,0.9101245076485805,0.9101245076485804,0.9101245076485804,0.9101245076485805,0.928316249085049,0.928316249085049,-0.5966537398390945,-0.5966537398390945,-0.5966537398390946,-0.5596105761499722,-0.5596105761499723,-0.1974436822332739,-0.19744368223327374,0.06646292049325045,0.0664629204932504,-0.26100353245516306,-0.26100353245516306,-0.2533723166886974,-0.2533723166886973,1.6425828127635012,-0.40083351710296133,-0.40083351710296133,-0.4008335171029614,-0.4008335171029614,-0.5966537398390945,-0.31977063540430195,-0.3197706354043019,-0.5966537398390945,-0.5966537398390946,-0.694548652506796,-0.694548652506796,-0.3991168347019628,-0.39911683470196285,-0.39911683470196285,-0.3991168347019628,-0.3991168347019628,0.0664629204932504,0.0664629204932504,0.39911683470196363,0.3991168347019628,-0.39911683470196285,-0.39911683470196285,-0.3991168347019628,1.645987511512165,1.645987511512165,-0.694548652506796,-0.9640490264526441,-0.9660926751320393,0,2020-05-22
0.8962120090114007,0.8962120090114005,0.8384307043918267,0.8384307043918255,0.8384307043918264,0.8384307043918258,0.928316249085049,0.928316249085049,-0.5966537398390945,-0.5966537398390945,-0.5966537398390946,0.5625321277372963,0.5625321277372963,0.06475023165636348,0.06475023165636364,-0.7137712880536509,-0.7137712880536509,-0.26100353245516306,-0.26100353245516306,-0.2533723166886974,-0.2533723166886973,1.290367598247278,-0.40083351710296133,-0.40083351710296133,-0.4008335171029614,-0.4008335171029614,-0.5966537398390945,-0.31977063540430195,-0.3197706354043019,-0.5966537398390945,-0.5966537398390946,0.3580328521343571,0.35803285213435715,1.7534208753497644,-0.39911683470196285,-0.39911683470196285,-0.3991168347019628,-0.3991168347019628,-0.7137712880536509,-0.7137712880536509,-1.753420875349763,-1.753420875349764,1.7534208753497644,1.7534208753497644,1.7534208753497644,1.269999374874019,1.2699993748740188,0.35803285213435715,1.1716610342580638,1.2254122879306393,0,2020-05-26
0.9121178466916625,0.9121178466916623,0.5985555321647387,0.5985555321647386,0.5985555321647386,0.5985555321647387,0.928316249085049,0.928316249085049,-0.5966537398390945,-0.5966537398390945,-0.5966537398390946,0.5625321277372963,0.5625321277372963,0.25324319110403065,0.25324319110403076,0.0719245599530787,0.07192455995307864,-0.26100353245516306,-0.26100353245516306,-0.2533723166886974,-0.2533723166886973,0.9166599287568913,-0.40083351710296133,-0.40083351710296133,-0.4008335171029614,-0.4008335171029614,-0.5966537398390945,-0.31977063540430195,-0.3197706354043019,-0.5966537398390945,-0.5966537398390946,0.3580328521343571,0.35803285213435715,-0.3991168347019628,1.7534208753497644,1.7534208753497644,1.7534208753497642,1.7534208753497642,0.07192455995307864,0.07192455995307864,0.39911683470196363,0.3991168347019628,-0.39911683470196285,-0.39911683470196285,-0.3991168347019628,0.7747818147990466,0.7747818147990466,0.35803285213435715,0.13118690211694967,0.1296598063993,0,2020-05-27
1.01011650020837,1.0101165002083698,0.24406236292796768,0.24406236292796765,0.2440623629279676,0.2440623629279677,0.928316249085049,0.928316249085049,-0.5966537398390945,-0.5966537398390945,-0.5966537398390946,-1.126552629832927,-1.126552629832927,-0.6525540014004486,-0.6525540014004485,0.8576204079598082,0.8576204079598081,-0.26100353245516306,-0.26100353245516306,-0.2533723166886974,-0.2533723166886973,0.5616717657117183,1.7366109081182899,1.7366109081182899,1.7366109081182899,1.7366109081182899,-0.5966537398390945,-0.31977063540430195,-0.3197706354043019,-0.5966537398390945,-0.5966537398390946,-0.694548652506796,-0.694548652506796,-0.3991168347019628,-0.39911683470196285,-0.39911683470196285,-0.3991168347019628,-0.3991168347019628,0.8576204079598081,0.8576204079598081,0.39911683470196363,0.3991168347019628,-0.39911683470196285,-0.39911683470196285,-0.3991168347019628,-0.3804190853328177,-0.38041908533281776,-0.694548652506796,-0.9640490264526441,-0.9660926751320393,0,2020-05-28
0.8868016573646494,0.8868016573646492,-0.055672494091442176,-0.0556724940914422,-0.05567249409144209,-0.05567249409144211,-1.0772191060811471,-1.0772191060811471,-0.5966537398390945,-0.5966537398390945,-0.5966537398390946,-0.00049612478611147,-0.000496124786111486,-0.7099704644841438,-0.7099704644841437,-0.7137712880536509,-0.7137712880536509,-0.26100353245516306,-0.26100353245516306,-0.2533723166886974,-0.2533723166886973,0.46691741254721064,-0.40083351710296133,-0.40083351710296133,-0.4008335171029614,-0.4008335171029614,-0.5966537398390945,-0.31977063540430195,-0.3197706354043019,-0.5966537398390945,-0.5966537398390946,-0.694548652506796,-0.694548652506796,-0.3991168347019628,-0.39911683470196285,-0.39911683470196285,-0.3991168347019628,-0.3991168347019628,-0.7137712880536509,-0.7137712880536509,0.39911683470196363,0.3991168347019628,-0.39911683470196285,-0.39911683470196285,-0.3991168347019628,-0.4959611637653028,-0.4959611637653029,-0.694548652506796,1.2264228306865435,1.2254122879306393,1,2020-05-29
1.0152895410634266,1.0152895410634264,-0.06931788195903267,-0.0693178819590327,-0.0693178819590327,-0.0693178819590326,-1.0772191060811471,-1.0772191060811471,-0.5966537398390945,-0.5966537398390945,-0.5966537398390946,-0.00049612478611147,-0.000496124786111486,-0.35405281078209366,-0.3540528107820936,-0.7137712880536509,-0.7137712880536509,-0.26100353245516306,-0.26100353245516306,-0.2533723166886974,-0.2533723166886973,0.8129301396264829,-0.40083351710296133,-0.40083351710296133,-0.4008335171029614,-0.4008335171029614,-0.5966537398390945,-0.31977063540430195,-0.3197706354043019,-0.5966537398390945,-0.5966537398390946,-0.694548652506796,-0.694548652506796,-0.3991168347019628,-0.39911683470196285,-0.39911683470196285,-0.3991168347019628,-0.3991168347019628,-0.7137712880536509,-0.7137712880536509,0.39911683470196363,0.3991168347019628,-0.39911683470196285,-0.39911683470196285,-0.3991168347019628,-0.27663493839562536,-0.27663493839562536,-0.694548652506796,-0.9640490264526441,-0.9660926751320393,1,2020-06-01
0.9232823003599209,0.9232823003599206,-0.10010070537572321,-0.10010070537572417,-0.10010070537572316,-0.10010070537572414,-1.0772191060811471,-1.0772191060811471,-0.5966537398390945,-0.5966537398390945,-0.5966537398390946,-0.00049612478611147,-0.000496124786111486,-0.38899650863262214,-0.38899650863262203,-0.7137712880536509,-0.7137712880536509,-0.26100353245516306,-0.26100353245516306,-0.2533723166886974,-0.2533723166886973,0.7705693583345785,-0.40083351710296133,-0.40083351710296133,-0.4008335171029614,-0.4008335171029614,-0.5966537398390945,-0.31977063540430195,-0.3197706354043019,-0.5966537398390945,-0.5966537398390946,-0.694548652506796,-0.694548652506796,-0.3991168347019628,-0.39911683470196285,-0.39911683470196285,-0.3991168347019628,-0.3991168347019628,-0.7137712880536509,-0.7137712880536509,0.39911683470196363,0.3991168347019628,-0.39911683470196285,-0.39911683470196285,-0.3991168347019628,-0.048899803944938765,-0.04889980394493866,-0.694548652506796,-0.9640490264526441,-0.9660926751320393,0,2020-06-02
0.5789438698618927,0.5789438698618927,-0.25046024447038623,-0.25046024447038534,-0.2504602444703862,-0.2504602444703853,-1.0772191060811471,-1.0772191060811471,-0.5966537398390945,-0.5966537398390945,-0.5966537398390946,-0.00049612478611147,-0.000496124786111486,-0.4106209058571247,-0.4106209058571246,-0.7137712880536509,-0.7137712880536509,-0.26100353245516306,-0.26100353245516306,-0.2533723166886974,-0.2533723166886973,0.5253799783601991,-0.40083351710296133,-0.40083351710296133,-0.4008335171029614,-0.4008335171029614,-0.5966537398390945,-0.31977063540430195,-0.3197706354043019,-0.5966537398390945,-0.5966537398390946,-0.694548652506796,-0.694548652506796,-0.3991168347019628,-0.39911683470196285,-0.39911683470196285,-0.3991168347019628,-0.3991168347019628,-0.7137712880536509,-0.7137712880536509,0.39911683470196363,0.3991168347019628,-0.39911683470196285,-0.39911683470196285,-0.3991168347019628,-0.015339897210026453,-0.015339897210026394,-0.694548652506796,-0.9640490264526441,-0.9660926751320393,0,2020-06-03
-0.2965655312686328,-0.2965655312686327,-0.5103823013452398,-0.510382301345238,-0.5103823013452397,-0.5103823013452381,-1.0772191060811471,-1.0772191060811471,-0.5966537398390945,-0.5966537398390945,-0.5966537398390946,-0.00049612478611147,-0.000496124786111486,-0.40046337710821434,-0.40046337710821417,-0.7137712880536509,-0.7137712880536509,-0.26100353245516306,-0.26100353245516306,-0.2533723166886974,-0.2533723166886973,0.2156644861933667,-0.40083351710296133,-0.40083351710296133,-0.4008335171029614,-0.4008335171029614,-0.5966537398390945,-0.31977063540430195,-0.3197706354043019,-0.5966537398390945,-0.5966537398390946,-0.694548652506796,-0.694548652506796,-0.3991168347019628,-0.39911683470196285,-0.39911683470196285,-0.3991168347019628,-0.3991168347019628,-0.7137712880536509,-0.7137712880536509,0.39911683470196363,0.3991168347019628,-0.39911683470196285,-0.39911683470196285,-0.3991168347019628,-0.027025478267907098,-0.027025478267907087,-0.694548652506796,-0.9640490264526441,-0.9660926751320393,1,2020-06-04
-0.14554130348046854,-0.14554130348046854,-0.5501615719772823,-0.5501615719772824,-0.5501615719772823,-0.5501615719772824,-1.0772191060811471,-1.0772191060811471,2.549006955826346,2.549006955826346,2.5490069558263464,0.3724332142735836,0.3724332142735836,-0.3046679022692862,-0.30466790226928603,-0.7137712880536509,-0.7137712880536509,-0.26100353245516306,-0.26100353245516306,-0.2533723166886974,-0.2533723166886973,0.4394372099696513,-0.40083351710296133,-0.40083351710296133,-0.4008335171029614,-0.4008335171029614,-0.5966537398390945,-0.31977063540430195,-0.3197706354043019,-0.5966537398390945,-0.5966537398390946,0.002642870428307339,0.002642870428307394,-0.3991168347019628,-0.39911683470196285,-0.39911683470196285,-0.3991168347019628,-0.3991168347019628,-0.7137712880536509,-0.7137712880536509,0.39911683470196363,0.3991168347019628,-0.39911683470196285,-0.39911683470196285,-0.3991168347019628,0.29997911034890823,0.2999791103489082,0.002642870428307394,1.2811846271150231,1.2254122879306393,1,2020-06-05
-0.28454543603052124,-0.28454543603052124,-0.5750615396743769,-0.575061539674377,-0.5750615396743769,-0.575061539674377,-1.0772191060811471,-1.0772191060811471,-0.5966537398390945,-0.5966537398390945,-0.5966537398390946,-0.3734254638458066,-0.3734254638458066,-0.6246377614534502,-0.6246377614534501,-0.19335507095286766,-0.19335507095286777,-0.26100353245516306,-0.26100353245516306,-0.2533723166886974,-0.2533723166886973,0.41652068301175477,-0.40083351710296133,-0.40083351710296133,-0.4008335171029614,-0.4008335171029614,2.549006955826346,-0.31977063540430195,-0.3197706354043019,2.549006955826346,2.549006955826346,-0.694548652506796,-0.694548652506796,-0.3991168347019628,-0.39911683470196285,-0.39911683470196285,-0.3991168347019628,-0.3991168347019628,-0.19335507095286772,-0.19335507095286777,0.39911683470196363,0.3991168347019628,-0.39911683470196285,-0.39911683470196285,-0.3991168347019628,-0.1162431147803785,-0.1162431147803785,-0.694548652506796,-0.9640490264526441,-0.9660926751320393,1,2020-06-08
0.20069063373168902,0.20069063373168894,-0.37011659872652675,-0.37011659872652675,-0.3701165987265266,-0.3701165987265267,-1.0772191060811471,-1.0772191060811471,-0.5966537398390945,-0.5966537398390945,-0.5966537398390946,-0.00049612478611147,-0.000496124786111486,-0.28350953324869865,-0.28350953324869854,-0.7137712880536509,-0.7137712880536509,-0.26100353245516306,-0.26100353245516306,-0.2533723166886974,-0.2533723166886973,0.7949621359891987,-0.40083351710296133,-0.40083351710296133,-0.4008335171029614,-0.4008335171029614,-0.5966537398390945,-0.31977063540430195,-0.3197706354043019,-0.5966537398390945,-0.5966537398390946,-0.694548652506796,-0.694548652506796,-0.3991168347019628,-0.39911683470196285,-0.39911683470196285,-0.3991168347019628,-0.3991168347019628,-0.7137712880536509,-0.7137712880536509,0.39911683470196363,0.3991168347019628,-0.39911683470196285,-0.39911683470196285,-0.3991168347019628,0.3050289947144472,0.3050289947144472,-0.694548652506796,-0.9640490264526441,-0.9660926751320393,0,2020-06-09
0.26031460059167827,0.2603146005916782,-0.3334037115470569,-0.333403711547056,-0.3334037115470569,-0.333403711547056,-1.0772191060811471,-1.0772191060811471,-0.5966537398390945,-0.5966537398390945,-0.5966537398390946,-0.00049612478611147,-0.000496124786111486,-0.3138774579092219,-0.3138774579092217,-0.7137712880536509,-0.7137712880536509,-0.26100353245516306,-0.26100353245516306,-0.2533723166886974,-0.2533723166886973,0.5828459693746535,-0.40083351710296133,-0.40083351710296133,-0.4008335171029614,-0.4008335171029614,-0.5966537398390945,-0.31977063540430195,-0.3197706354043019,-0.5966537398390945,-0.5966537398390946,-0.694548652506796,-0.694548652506796,-0.3991168347019628,-0.39911683470196285,-0.39911683470196285,-0.3991168347019628,-0.3991168347019628,-0.7137712880536509,-0.7137712880536509,0.39911683470196363,0.3991168347019628,-0.39911683470196285,-0.39911683470196285,-0.3991168347019628,0.3502118568849113,0.35021185688491124,-0.694548652506796,-0.9640490264526441,-0.9660926751320393,0,2020-06-10
-0.16695647273207873,-0.16695647273207867,-0.7434549487992129,-0.743454948799213,-0.7434549487992129,-0.7434549487992131,-1.0772191060811471,-1.0772191060811471,0.9761766079936257,0.9761766079936257,0.9761766079936258,0.12362728341666548,0.12362728341666561,0.3838219253062161,0.3838219253062162,-0.7137712880536509,-0.7137712880536509,-0.26100353245516306,-0.26100353245516306,-0.2533723166886974,-0.2533723166886973,-0.2553411625694674,-0.40083351710296133,-0.40083351710296133,-0.4008335171029614,-0.4008335171029614,-0.5966537398390945,-0.31977063540430195,-0.3197706354043019,-0.5966537398390945,-0.5966537398390946,-0.3464755233652827,-0.34647552336528253,0.18285438606342694,-0.39911683470196285,-0.39911683470196285,-0.3991168347019628,-0.3991168347019628,-0.7137712880536509,-0.7137712880536509,-0.1828543860634258,-0.1828543860634265,0.18285438606342685,0.18285438606342685,0.18285438606342694,-0.2075839272402924,-0.20758392724029232,-0.34647552336528253,2.2121351663991775,2.321164769461979,1,2020-06-11
0.060591106308031675,0.0605911063080317,-0.8703918094344157,-0.8703918094344159,-0.8703918094344159,-0.870391809434416,-1.0772191060811471,-1.0772191060811471,-0.5966537398390945,-0.5966537398390945,-0.5966537398390946,1.001436972057927,1.001436972057927,0.37207546551075255,0.3720754655107527,-0.5405592937562388,-0.5405592937562388,-0.26100353245516306,-0.26100353245516306,-0.2533723166886974,-0.2533723166886973,-0.06274361162876967,-0.40083351710296133,-0.40083351710296133,-0.4008335171029614,-0.4008335171029614,0.9761766079936257,-0.31977063540430195,-0.3197706354043019,0.9761766079936257,0.9761766079936257,0.3580328521343571,0.35803285213435715,-0.3991168347019628,0.1828543860634269,0.1828543860634269,0.18285438606342685,0.18285438606342685,-0.5405592937562388,-0.5405592937562388,0.39911683470196363,0.3991168347019628,-0.39911683470196285,-0.39911683470196285,-0.3991168347019628,-0.22685995457613328,-0.22685995457613325,0.35803285213435715,0.18594869854542936,0.1296598063993,1,2020-06-12
-0.08632988634002123,-0.08632988634002121,-0.8188527613201125,-0.8188527613201126,-0.8188527613201125,-0.8188527613201128,-1.0772191060811471,-1.0772191060811471,-0.5966537398390945,-0.5966537398390945,-0.5966537398390946,-1.126552629832927,-1.126552629832927,0.4343581748745929,0.4343581748745929,0.8576204079598082,0.8576204079598081,-0.26100353245516306,-0.26100353245516306,-0.2533723166886974,-0.2533723166886973,0.11415486523302806,0.1770570051654247,0.1770570051654247,0.17705700516542466,0.17705700516542466,-0.5966537398390945,-0.31977063540430195,-0.3197706354043019,-0.5966537398390945,-0.5966537398390946,-0.694548652506796,-0.694548652506796,-0.3991168347019628,-0.39911683470196285,-0.39911683470196285,-0.3991168347019628,-0.3991168347019628,0.8576204079598081,0.8576204079598081,0.39911683470196363,0.3991168347019628,-0.39911683470196285,-0.39911683470196285,-0.3991168347019628,-0.01075448877271871,-0.010754488772718626,-0.694548652506796,-0.9640490264526441,-0.9660926751320393,1,2020-06-15
0.02755182589167411,0.027551825891674108,-0.6816245505129845,-0.6816245505129847,-0.6816245505129845,-0.6816245505129847,-1.0772191060811471,-1.0772191060811471,-0.5966537398390945,-0.5966537398390945,-0.5966537398390946,-0.00049612478611147,-0.000496124786111486,0.2515577892671695,0.2515577892671696,-0.7137712880536509,-0.7137712880536509,-0.26100353245516306,-0.26100353245516306,-0.2533723166886974,-0.2533723166886973,0.23892643080307255,-0.40083351710296133,-0.40083351710296133,-0.4008335171029614,-0.4008335171029614,-0.5966537398390945,-0.31977063540430195,-0.3197706354043019,-0.5966537398390945,-0.5966537398390946,-0.694548652506796,-0.694548652506796,-0.3991168347019628,-0.39911683470196285,-0.39911683470196285,-0.3991168347019628,-0.3991168347019628,-0.7137712880536509,-0.7137712880536509,0.39911683470196363,0.3991168347019628,-0.39911683470196285,-0.39911683470196285,-0.3991168347019628,-0.27485525389973925,-0.27485525389973925,-0.694548652506796,0.13118690211694967,0.1296598063993,0,2020-06-16
0.14931286435874858,0.14931286435874846,-0.6037403144653328,-0.6037403144653329,-0.603740314465333,-0.603740314465333,-1.0772191060811471,-1.0772191060811471,0.9761766079936257,0.9761766079936257,0.9761766079936258,1.211104891319375,1.211104891319375,0.24110176522855659,0.24110176522855664,-0.7137712880536509,-0.7137712880536509,-0.26100353245516306,-0.26100353245516306,-0.2533723166886974,-0.2533723166886973,0.17251706761291388,-0.40083351710296133,-0.40083351710296133,-0.4008335171029614,-0.4008335171029614,-0.5966537398390945,-0.31977063540430195,-0.3197706354043019,-0.5966537398390945,-0.5966537398390946,1.5705398485432327,1.5705398485432327,4.232467114454282,-0.39911683470196285,-0.39911683470196285,-0.3991168347019628,-0.3991168347019628,-0.7137712880536509,-0.7137712880536509,-4.232467114454281,-4.232467114454281,4.232467114454281,4.232467114454281,4.232467114454282,-0.15978369297549208,-0.159783692975492,1.5705398485432327,1.2264228306865435,1.2254122879306393,1,2020-06-17
0.3682397526563564,0.3682397526563563,-0.5484235803363838,-0.5484235803363839,-0.5484235803363838,-0.548423580336384,-1.0772191060811471,-1.0772191060811471,-0.5966537398390945,-0.5966537398390945,-0.5966537398390946,-0.08604063584478223,-0.08604063584478218,-0.928860038883873,-0.9288600388838729,0.976996241867484,0.9769962418674841,-0.26100353245516306,-0.26100353245516306,-0.2533723166886974,-0.2533723166886973,0.17905291828800265,-0.40083351710296133,-0.40083351710296133,-0.4008335171029614,-0.4008335171029614,0.9761766079936257,-0.31977063540430195,-0.3197706354043019,0.9761766079936257,0.9761766079936257,0.3580328521343571,0.35803285213435715,-0.3991168347019628,4.232467114454282,4.232467114454282,4.232467114454281,4.232467114454281,0.9769962418674841,0.9769962418674841,0.39911683470196363,0.3991168347019628,-0.39911683470196285,-0.39911683470196285,-0.3991168347019628,0.6952286486672157,0.6952286486672157,0.35803285213435715,0.13118690211694967,0.1296598063993,1,2020-06-18
0.278785640220971,0.27878564022097096,-0.42886158031375066,-0.42886158031375066,-0.4288615803137505,-0.4288615803137507,-1.0772191060811471,-1.0772191060811471,0.9761766079936257,0.9761766079936257,0.9761766079936258,-0.660810291846831,-0.660810291846831,-0.9923506257424609,-0.9923506257424608,0.8576204079598082,0.8576204079598081,-0.26100353245516306,-0.26100353245516306,-0.2533723166886974,-0.2533723166886973,0.3314635995110993,4.19827443154726,4.19827443154726,4.198274431547259,4.198274431547259,-0.5966537398390945,-0.31977063540430195,-0.3197706354043019,-0.5966537398390945,-0.5966537398390946,0.1761568026730258,0.17615680267302583,-0.04237603444058102,-0.39911683470196285,-0.39911683470196285,-0.3991168347019628,-0.3991168347019628,0.8576204079598081,0.8576204079598081,0.04237603444058254,0.04237603444058178,-0.042376034440580974,-0.042376034440580974,-0.04237603444058102,0.5948131057788806,0.5948131057788806,0.17615680267302583,1.2811846271150231,1.2254122879306393,1,2020-06-19
0.26791531682754804,0.26791531682754793,-0.35383301446227333,-0.35383301446227333,-0.3538330144622733,-0.3538330144622734,-1.0772191060811471,-1.0772191060811471,-0.5966537398390945,-0.5966537398390945,-0.5966537398390946,-0.4662384627722075,-0.46623846277220754,-1.0590941980240454,-1.0590941980240451,-0.0638361923340821,-0.06383619233408216,-0.26100353245516306,-0.26100353245516306,-0.2533723166886974,-0.2533723166886973,0.34427345170783713,-0.40083351710296133,-0.40083351710296133,-0.4008335171029614,-0.4008335171029614,0.9761766079936257,-0.31977063540430195,-0.3197706354043019,0.9761766079936257,0.9761766079936257,-0.694548652506796,-0.694548652506796,-0.3991168347019628,-0.04237603444058108,-0.04237603444058108,-0.042376034440580974,-0.042376034440580974,-0.06383619233408212,-0.06383619233408216,0.39911683470196363,0.3991168347019628,-0.39911683470196285,-0.39911683470196285,-0.3991168347019628,0.35564269371708795,0.3556426937170879,-0.694548652506796,-0.9640490264526441,-0.9660926751320393,1,2020-06-22
0.05439081385695864,0.05439081385695867,-0.22487743792026985,-0.22487743792026987,-0.22487743792026985,-0.22487743792026987,-1.0772191060811471,-1.0772191060811471,-0.5966537398390945,-0.5966537398390945,-0.5966537398390946,0.5586183265777493,0.5586183265777493,-1.0741793197972729,-1.0741793197972729,-0.7137712880536509,-0.7137712880536509,-0.26100353245516306,-0.26100353245516306,-0.2533723166886974,-0.2533723166886973,0.4980362525742241,-0.04659413202415848,-0.04659413202415848,-0.046594132024158456,-0.046594132024158456,-0.5966537398390945,-0.31977063540430195,-0.3197706354043019,-0.5966537398390945,-0.5966537398390946,-0.17191632646848753,-0.17191632646848753,-0.3991168347019628,-0.39911683470196285,-0.39911683470196285,-0.3991168347019628,-0.3991168347019628,-0.7137712880536509,-0.7137712880536509,0.39911683470196363,0.3991168347019628,-0.39911683470196285,-0.39911683470196285,-0.3991168347019628,0.34141120353157106,0.34141120353157106,-0.17191632646848753,0.13118690211694967,0.1296598063993,0,2020-06-23
-0.2449352838628325,-0.24493528386283248,-0.437442928797743,-0.437442928797743,-0.4374429287977428,-0.43744292879774305,-1.0772191060811471,-1.0772191060811471,3.3354221297427062,3.3354221297427062,3.3354221297427067,1.0556710738402215,1.055671073840221,-0.3538648958432257,-0.35386489584322567,0.06646292049325045,0.0664629204932504,-0.26100353245516306,-0.26100353245516306,3.946761086881632,3.9467610868816316,-0.022098346313658,-0.40083351710296133,-0.40083351710296133,-0.4008335171029614,-0.4008335171029614,-0.5966537398390945,-0.31977063540430195,-0.3197706354043019,-0.5966537398390945,-0.5966537398390946,3.8351057172672234,3.835105717267224,3.3829402934928554,-0.39911683470196285,-0.39911683470196285,-0.3991168347019628,-0.3991168347019628,0.0664629204932504,0.0664629204932504,-3.3829402934928545,-3.3829402934928554,3.3829402934928554,3.3829402934928554,3.3829402934928554,-0.18014627225254345,-0.1801462722525434,3.835105717267224,2.3764205556846165,2.321164769461979,1,2020-06-24
0.4530602095942227,0.45306020959422266,-0.5276285534812659,-0.527628553481266,-0.5276285534812659,-0.5276285534812659,-1.0772191060811471,-1.0772191060811471,-0.5966537398390945,-0.5966537398390945,-0.5966537398390946,-1.6157777747763051,-1.6157777747763051,-0.33423358511592766,-0.33423358511592766,1.5403253404383466,1.5403253404383466,-0.26100353245516306,-0.26100353245516306,-0.2533723166886974,-0.2533723166886973,0.04810819226518832,-0.40083351710296133,-0.40083351710296133,-0.4008335171029614,-0.4008335171029614,3.3354221297427062,-0.31977063540430195,-0.3197706354043019,3.3354221297427062,3.335422129742706,-0.694548652506796,-0.694548652506796,-0.3991168347019628,3.3829402934928554,3.3829402934928554,3.382940293492855,3.382940293492855,1.5403253404383468,1.5403253404383466,0.39911683470196363,0.3991168347019628,-0.39911683470196285,-0.39911683470196285,-0.3991168347019628,-0.09959669546709271,-0.09959669546709268,-0.694548652506796,-0.9640490264526441,-0.9660926751320393,0,2020-06-25
-0.7350676260230997,-0.7350676260230996,-1.2332203272880375,-1.2332203272880375,-1.2332203272880375,-1.2332203272880375,-1.0772191060811471,-1.0772191060811471,0.9761766079936257,0.9761766079936257,0.9761766079936258,0.7492763544928258,0.7492763544928258,0.8328169959702293,0.8328169959702294,-0.7137712880536509,-0.7137712880536509,-0.26100353245516306,-0.26100353245516306,-0.2533723166886974,-0.2533723166886973,-1.1266836000174814,3.3547043704697703,3.3547043704697703,3.3547043704697703,3.3547043704697703,-0.5966537398390945,-0.31977063540430195,-0.3197706354043019,-0.5966537398390945,-0.5966537398390946,0.7071512459279472,0.7071512459279472,1.0414508883874305,-0.39911683470196285,-0.39911683470196285,-0.3991168347019628,-0.3991168347019628,-0.7137712880536509,-0.7137712880536509,-1.0414508883874305,-1.0414508883874296,1.0414508883874307,1.0414508883874307,1.0414508883874305,-1.5258017601738623,-1.5258017601738625,0.7071512459279472,1.2264228306865435,1.2254122879306393,1,2020-06-26
-0.6934123260828023,-0.6934123260828022,-1.4916127478210328,-1.4916127478210324,-1.4916127478210326,-1.4916127478210326,-1.0772191060811471,-1.0772191060811471,-0.5966537398390945,-0.5966537398390945,-0.5966537398390946,-0.47071137838311844,-0.4707113783831184,1.0188045510116448,1.018804551011645,0.3325227856077437,0.3325227856077436,-0.26100353245516306,-0.26100353245516306,-0.2533723166886974,-0.2533723166886973,-0.8140254622794206,-0.40083351710296133,-0.40083351710296133,-0.4008335171029614,-0.4008335171029614,0.9761766079936257,-0.31977063540430195,-0.3197706354043019,0.9761766079936257,0.9761766079936257,-0.17191632646848753,-0.17191632646848753,0.6695939525217529,1.0414508883874305,1.0414508883874305,1.0414508883874307,1.0414508883874307,0.3325227856077436,0.3325227856077436,-0.6695939525217518,-0.6695939525217527,0.669593952521753,0.669593952521753,0.6695939525217529,-1.2612710153023405,-1.2612710153023405,-0.17191632646848753,1.2264228306865435,1.2254122879306393,1,2020-06-29
-0.5279012566254473,-0.5279012566254472,-1.3914338195530747,-1.3914338195530747,-1.3914338195530747,-1.3914338195530749,-1.0772191060811471,-1.0772191060811471,-0.5966537398390945,-0.5966537398390945,-0.5966537398390946,-0.280053350468042,-0.28005335046804186,1.1967175062947621,1.1967175062947621,-0.32365418378020017,-0.3236541837802002,-0.26100353245516306,-0.26100353245516306,-0.2533723166886974,-0.2533723166886973,-0.4014977467697793,1.0296331523042384,1.0296331523042384,1.0296331523042384,1.0296331523042384,-0.5966537398390945,-0.31977063540430195,-0.3197706354043019,-0.5966537398390945,-0.5966537398390946,-0.694548652506796,-0.694548652506796,-0.3991168347019628,0.6695939525217529,0.6695939525217529,0.6695939525217529,0.6695939525217529,-0.3236541837802003,-0.3236541837802002,0.39911683470196363,0.3991168347019628,-0.39911683470196285,-0.39911683470196285,-0.3991168347019628,-1.0330049945552924,-1.0330049945552924,-0.694548652506796,-0.9640490264526441,-0.9660926751320393,1,2020-06-30
-0.017949217713540237,-0.017949217713540168,-0.9356866967198781,-0.9356866967198783,-0.9356866967198784,-0.9356866967198784,-1.0772191060811471,-1.0772191060811471,-0.5966537398390945,-0.5966537398390945,-0.5966537398390946,-0.00049612478611147,-0.000496124786111486,1.4293312055335146,1.4293312055335146,-0.7137712880536509,-0.7137712880536509,-0.26100353245516306,-0.26100353245516306,-0.2533723166886974,-0.2533723166886973,0.22066952279360164,0.6603836237898931,0.6603836237898931,0.6603836237898931,0.6603836237898931,-0.5966537398390945,-0.31977063540430195,-0.3197706354043019,-0.5966537398390945,-0.5966537398390946,-0.694548652506796,-0.694548652506796,-0.3991168347019628,-0.39911683470196285,-0.39911683470196285,-0.3991168347019628,-0.3991168347019628,-0.7137712880536509,-0.7137712880536509,0.39911683470196363,0.3991168347019628,-0.39911683470196285,-0.39911683470196285,-0.3991168347019628,0.14597935908005782,0.14597935908005774,-0.694548652506796,-0.9640490264526441,-0.9660926751320393,0,2020-07-01
-0.23624188202735388,-0.23624188202735377,-0.7585611049127519,-0.758561104912752,-0.7585611049127519,-0.7585611049127521,-1.0772191060811471,-1.0772191060811471,-0.5966537398390945,-0.5966537398390945,-0.5966537398390946,-0.00049612478611147,-0.000496124786111486,1.4748607941225935,1.4748607941225935,-0.7137712880536509,-0.7137712880536509,-0.26100353245516306,-0.26100353245516306,-0.2533723166886974,-0.2533723166886973,-0.055263128223798835,-0.40083351710296133,-0.40083351710296133,-0.4008335171029614,-0.4008335171029614,-0.5966537398390945,-0.31977063540430195,-0.3197706354043019,-0.5966537398390945,-0.5966537398390946,-0.694548652506796,-0.694548652506796,-0.3991168347019628,-0.39911683470196285,-0.39911683470196285,-0.3991168347019628,-0.3991168347019628,-0.7137712880536509,-0.7137712880536509,0.39911683470196363,0.3991168347019628,-0.39911683470196285,-0.39911683470196285,-0.3991168347019628,-0.2283651161932978,-0.2283651161932977,-0.694548652506796,-0.9640490264526441,-0.9660926751320393,1,2020-07-02
-0.04443600813361703,-0.04443600813361702,-0.4028743922164703,-0.4028743922164703,-0.4028743922164702,-0.40287439221647037,-1.0772191060811471,-1.0772191060811471,-0.5966537398390945,-0.5966537398390945,-0.5966537398390946,0.5586183265777493,0.5586183265777493,-0.09583157243196197,-0.09583157243196179,-0.7137712880536509,-0.7137712880536509,-0.26100353245516306,-0.26100353245516306,-0.2533723166886974,-0.2533723166886973,0.33582684042102606,-0.40083351710296133,-0.40083351710296133,-0.4008335171029614,-0.4008335171029614,-0.5966537398390945,-0.31977063540430195,-0.3197706354043019,-0.5966537398390945,-0.5966537398390946,-0.17191632646848753,-0.17191632646848753,-0.3991168347019628,-0.39911683470196285,-0.39911683470196285,-0.3991168347019628,-0.3991168347019628,-0.7137712880536509,-0.7137712880536509,0.39911683470196363,0.3991168347019628,-0.39911683470196285,-0.39911683470196285,-0.3991168347019628,1.6163182333699062,1.6163182333699062,-0.17191632646848753,0.13118690211694967,0.1296598063993,1,2020-07-06
-0.037454303955675824,-0.03745430395567579,-0.159240781580865,-0.15924078158086502,-0.159240781580865,-0.159240781580865,-1.0772191060811471,-1.0772191060811471,-0.5966537398390945,-0.5966537398390945,-0.5966537398390946,-0.00049612478611147,-0.000496124786111486,-0.009173033142569903,-0.00917303314256975,0.06646292049325045,0.0664629204932504,-0.26100353245516306,-0.26100353245516306,-0.2533723166886974,-0.2533723166886973,0.34149449920986075,-0.40083351710296133,-0.40083351710296133,-0.4008335171029614,-0.4008335171029614,-0.5966537398390945,-0.31977063540430195,-0.3197706354043019,-0.5966537398390945,-0.5966537398390946,-0.17191632646848753,-0.17191632646848753,-0.3991168347019628,-0.39911683470196285,-0.39911683470196285,-0.3991168347019628,-0.3991168347019628,0.0664629204932504,0.0664629204932504,0.39911683470196363,0.3991168347019628,-0.39911683470196285,-0.39911683470196285,-0.3991168347019628,1.30752177648967,1.3075217764896698,-0.17191632646848753,0.13118690211694967,0.1296598063993,1,2020-07-07
-0.05246287590583602,-0.052462875905835975,0.07194652245109508,0.07194652245109487,0.07194652245109512,0.07194652245109485,0.928316249085049,0.928316249085049,-0.5966537398390945,-0.5966537398390945,-0.5966537398390946,-0.5596105761499722,-0.5596105761499723,-0.05022024375815335,-0.0502202437581532,0.06646292049325045,0.0664629204932504,-0.26100353245516306,-0.26100353245516306,-0.2533723166886974,-0.2533723166886973,0.49217929612255207,-0.40083351710296133,-0.40083351710296133,-0.4008335171029614,-0.4008335171029614,-0.5966537398390945,-0.31977063540430195,-0.3197706354043019,-0.5966537398390945,-0.5966537398390946,-0.694548652506796,-0.694548652506796,-0.3991168347019628,-0.39911683470196285,-0.39911683470196285,-0.3991168347019628,-0.3991168347019628,0.0664629204932504,0.0664629204932504,0.39911683470196363,0.3991168347019628,-0.39911683470196285,-0.39911683470196285,-0.3991168347019628,1.0202596803338932,1.0202596803338932,-0.694548652506796,0.13118690211694967,0.1296598063993,1,2020-07-08
0.39247507954109817,0.3924750795410981,0.22389044840773023,0.2238904484077302,0.22389044840773026,0.22389044840773023,0.928316249085049,0.928316249085049,-0.5966537398390945,-0.5966537398390945,-0.5966537398390946,0.5586183265777493,0.5586183265777493,-0.477835078604758,-0.4778350786047578,-0.7137712880536509,-0.7137712880536509,-0.26100353245516306,-0.26100353245516306,-0.2533723166886974,-0.2533723166886973,0.5236156285775583,-0.40083351710296133,-0.40083351710296133,-0.4008335171029614,-0.4008335171029614,-0.5966537398390945,-0.31977063540430195,-0.3197706354043019,-0.5966537398390945,-0.5966537398390946,-0.17191632646848753,-0.17191632646848753,-0.3991168347019628,-0.39911683470196285,-0.39911683470196285,-0.3991168347019628,-0.3991168347019628,-0.7137712880536509,-0.7137712880536509,0.39911683470196363,0.3991168347019628,-0.39911683470196285,-0.39911683470196285,-0.3991168347019628,0.3610110769140937,0.3610110769140936,-0.17191632646848753,0.13118690211694967,0.1296598063993,1,2020-07-09
0.33647227291015014,0.3364722729101501,0.3061346173907653,0.3061346173907653,0.30613461739076525,0.3061346173907654,0.928316249085049,0.928316249085049,-0.5966537398390945,-0.5966537398390945,-0.5966537398390946,-0.5596105761499722,-0.5596105761499723,-0.7784422263715665,-0.7784422263715662,0.06646292049325045,0.0664629204932504,-0.26100353245516306,-0.26100353245516306,-0.2533723166886974,-0.2533723166886973,0.49284581499361463,-0.40083351710296133,-0.40083351710296133,-0.4008335171029614,-0.4008335171029614,-0.5966537398390945,-0.31977063540430195,-0.3197706354043019,-0.5966537398390945,-0.5966537398390946,-0.694548652506796,-0.694548652506796,-0.3991168347019628,-0.39911683470196285,-0.39911683470196285,-0.3991168347019628,-0.3991168347019628,0.0664629204932504,0.0664629204932504,0.39911683470196363,0.3991168347019628,-0.39911683470196285,-0.39911683470196285,-0.3991168347019628,0.6743572312660638,0.6743572312660638,-0.694548652506796,-0.9640490264526441,-0.9660926751320393,0,2020-07-10
1.0872349695266503,1.08723496952665,0.12161565535029772,0.12161565535029768,0.12161565535029763,0.12161565535029763,0.928316249085049,0.928316249085049,-0.5966537398390945,-0.5966537398390945,-0.5966537398390946,0.5586183265777493,0.5586183265777493,-0.6512388048203763,-0.6512388048203762,-0.7137712880536509,-0.7137712880536509,-0.26100353245516306,-0.26100353245516306,-0.2533723166886974,-0.2533723166886973,0.09227017481740084,-0.40083351710296133,-0.40083351710296133,-0.4008335171029614,-0.4008335171029614,-0.5966537398390945,-0.31977063540430195,-0.3197706354043019,-0.5966537398390945,-0.5966537398390946,-0.17191632646848753,-0.17191632646848753,-0.3991168347019628,-0.39911683470196285,-0.39911683470196285,-0.3991168347019628,-0.3991168347019628,-0.7137712880536509,-0.7137712880536509,0.39911683470196363,0.3991168347019628,-0.39911683470196285,-0.39911683470196285,-0.3991168347019628,-0.16369958368701204,-0.163699583687012,-0.17191632646848753,0.13118690211694967,0.1296598063993,1,2020-07-13
0.8656115651375988,0.8656115651375985,0.0024839321638517897,0.0024839321638517645,0.0024839321638519376,0.0024839321638517957,0.928316249085049,0.928316249085049,-0.5966537398390945,-0.5966537398390945,-0.5966537398390946,-0.5596105761499722,-0.5596105761499723,-0.6488516016795072,-0.6488516016795072,0.06646292049325045,0.0664629204932504,-0.26100353245516306,-0.26100353245516306,-0.2533723166886974,-0.2533723166886973,0.11426987330757059,-0.40083351710296133,-0.40083351710296133,-0.4008335171029614,-0.4008335171029614,-0.5966537398390945,-0.31977063540430195,-0.3197706354043019,-0.5966537398390945,-0.5966537398390946,-0.694548652506796,-0.694548652506796,-0.3991168347019628,-0.39911683470196285,-0.39911683470196285,-0.3991168347019628,-0.3991168347019628,0.0664629204932504,0.0664629204932504,0.39911683470196363,0.3991168347019628,-0.39911683470196285,-0.39911683470196285,-0.3991168347019628,-0.15405705514728493,-0.15405705514728485,-0.694548652506796,-0.9640490264526441,-0.9660926751320393,1,2020-07-14
0.544298392918077,0.544298392918077,-0.07539835137689907,-0.0753983513768991,-0.07539835137689908,-0.07539835137689897,-1.0772191060811471,-1.0772191060811471,-0.5966537398390945,-0.5966537398390945,-0.5966537398390946,0.5586183265777493,0.5586183265777493,-0.731502915808714,-0.7315029158087137,-0.7137712880536509,-0.7137712880536509,-0.26100353245516306,-0.26100353245516306,-0.2533723166886974,-0.2533723166886973,0.1333091469778877,-0.40083351710296133,-0.40083351710296133,-0.4008335171029614,-0.4008335171029614,-0.5966537398390945,-0.31977063540430195,-0.3197706354043019,-0.5966537398390945,-0.5966537398390946,-0.17191632646848753,-0.17191632646848753,-0.3991168347019628,-0.39911683470196285,-0.39911683470196285,-0.3991168347019628,-0.3991168347019628,-0.7137712880536509,-0.7137712880536509,0.39911683470196363,0.3991168347019628,-0.39911683470196285,-0.39911683470196285,-0.3991168347019628,-0.28842502813802434,-0.28842502813802434,-0.17191632646848753,0.13118690211694967,0.1296598063993,1,2020-07-15
0.04612348874582949,0.04612348874582952,-0.1199521450141725,-0.11995214501417252,-0.11995214501417246,-0.11995214501417248,-1.0772191060811471,-1.0772191060811471,0.9761766079936257,0.9761766079936257,0.9761766079936258,0.9315476656374442,0.9315476656374444,-0.7388690024608703,-0.7388690024608702,0.06646292049325045,0.0664629204932504,-0.26100353245516306,-0.26100353245516306,-0.2533723166886974,-0.2533723166886973,0.15598290296584752,-0.40083351710296133,-0.40083351710296133,-0.4008335171029614,-0.4008335171029614,-0.5966537398390945,-0.31977063540430195,-0.3197706354043019,-0.5966537398390945,-0.5966537398390946,2.0931721745815417,2.0931721745815413,3.163756327230566,-0.39911683470196285,-0.39911683470196285,-0.3991168347019628,-0.3991168347019628,0.0664629204932504,0.0664629204932504,-3.1637563272305655,-3.163756327230567,3.163756327230566,3.163756327230566,3.163756327230566,-0.30440766068330244,-0.30440766068330244,2.0931721745815413,1.2811846271150231,1.2254122879306393,1,2020-07-16
0.3029647673736137,0.30296476737361366,-0.1262966539054629,-0.12629665390546294,-0.1262966539054629,-0.12629665390546294,-1.0772191060811471,-1.0772191060811471,-0.5966537398390945,-0.5966537398390945,-0.5966537398390946,-0.9325399152096675,-0.9325399152096673,-0.7233731667910844,-0.7233731667910843,1.3671133461409346,1.3671133461409346,-0.26100353245516306,-0.26100353245516306,-0.2533723166886974,-0.2533723166886973,0.2036111121065843,-0.40083351710296133,-0.40083351710296133,-0.4008335171029614,-0.4008335171029614,0.9761766079936257,-0.31977063540430195,-0.3197706354043019,0.9761766079936257,0.9761766079936257,-0.17191632646848753,-0.17191632646848753,-0.3991168347019628,3.163756327230566,3.163756327230566,3.1637563272305655,3.1637563272305655,1.3671133461409348,1.3671133461409346,0.39911683470196363,0.3991168347019628,-0.39911683470196285,-0.39911683470196285,-0.3991168347019628,-0.27108032801508214,-0.2710803280150822,-0.17191632646848753,0.13118690211694967,0.1296598063993,1,2020-07-17
0.12732286839537352,0.12732286839537343,-0.03294931648928535,-0.03294931648928537,-0.03294931648928528,-0.03294931648928529,-1.0772191060811471,-1.0772191060811471,0.9761766079936257,0.9761766079936257,0.9761766079936258,1.8630323416096366,1.8630323416096364,-1.1504892518967906,-1.1504892518967904,0.06646292049325045,0.0664629204932504,-0.26100353245516306,-0.26100353245516306,3.946761086881632,3.9467610868816316,0.3873015857174567,3.1370572906544045,3.1370572906544045,3.1370572906544045,3.1370572906544045,-0.5966537398390945,-0.31977063540430195,-0.3197706354043019,-0.5966537398390945,-0.5966537398390946,1.5700172162171944,1.5700172162171946,-0.3991168347019628,-0.39911683470196285,-0.39911683470196285,-0.3991168347019628,-0.3991168347019628,0.0664629204932504,0.0664629204932504,0.39911683470196363,0.3991168347019628,-0.39911683470196285,-0.39911683470196285,-0.3991168347019628,0.32467161426575963,0.32467161426575963,1.5700172162171946,0.18594869854542936,0.1296598063993,0,2020-07-20
-0.07328203673628544,-0.07328203673628537,-0.11379587614287046,-0.11379587614287047,-0.11379587614287044,-0.11379587614287046,-1.0772191060811471,-1.0772191060811471,-0.5966537398390945,-0.5966537398390945,-0.5966537398390946,-2.4231390425457207,-2.42313904254572,-0.8386590215796145,-0.8386590215796143,2.666983537580072,2.666983537580072,-0.26100353245516306,-0.26100353245516306,-0.2533723166886974,-0.2533723166886973,0.1586310477858,-0.40083351710296133,-0.40083351710296133,-0.4008335171029614,-0.4008335171029614,0.9761766079936257,-0.31977063540430195,-0.3197706354043019,0.9761766079936257,0.9761766079936257,-0.694548652506796,-0.694548652506796,-0.3991168347019628,-0.39911683470196285,-0.39911683470196285,-0.3991168347019628,-0.3991168347019628,2.6669835375800726,2.666983537580072,0.39911683470196363,0.3991168347019628,-0.39911683470196285,-0.39911683470196285,-0.3991168347019628,0.04496411997140826,0.04496411997140825,-0.694548652506796,-0.9640490264526441,-0.9660926751320393,0,2020-07-21
-0.2878230354535314,-0.2878230354535314,-0.24061934268657026,-0.24061934268657076,-0.24061934268657026,-0.24061934268657076,-1.0772191060811471,-1.0772191060811471,0.9761766079936257,0.9761766079936257,0.9761766079936258,2.4221467929734977,2.422146792973497,-0.7935825931295675,-0.7935825931295674,-0.7137712880536509,-0.7137712880536509,-0.26100353245516306,-0.26100353245516306,-0.2533723166886974,-0.2533723166886973,0.05272799536279603,-0.40083351710296133,-0.40083351710296133,-0.4008335171029614,-0.4008335171029614,-0.5966537398390945,-0.31977063540430195,-0.3197706354043019,-0.5966537398390945,-0.5966537398390946,1.5700172162171944,1.5700172162171946,-0.3991168347019628,-0.39911683470196285,-0.39911683470196285,-0.3991168347019628,-0.3991168347019628,-0.7137712880536509,-0.7137712880536509,0.39911683470196363,0.3991168347019628,-0.39911683470196285,-0.39911683470196285,-0.3991168347019628,-0.10876443948417402,-0.1087644394841739,1.5700172162171946,0.18594869854542936,0.1296598063993,0,2020-07-22
-0.6668880549115501,-0.66688805491155,-0.5660957326575876,-0.5660957326575875,-0.5660957326575875,-0.5660957326575876,-1.0772191060811471,-1.0772191060811471,-0.5966537398390945,-0.5966537398390945,-0.5966537398390946,-2.4231390425457207,-2.42313904254572,-0.4603176929453401,-0.46031769294534,2.666983537580072,2.666983537580072,-0.26100353245516306,-0.26100353245516306,-0.2533723166886974,-0.2533723166886973,-0.38069453341773624,-0.40083351710296133,-0.40083351710296133,-0.4008335171029614,-0.4008335171029614,0.9761766079936257,-0.31977063540430195,-0.3197706354043019,0.9761766079936257,0.9761766079936257,-0.694548652506796,-0.694548652506796,-0.3991168347019628,-0.39911683470196285,-0.39911683470196285,-0.3991168347019628,-0.3991168347019628,2.6669835375800726,2.666983537580072,0.39911683470196363,0.3991168347019628,-0.39911683470196285,-0.39911683470196285,-0.3991168347019628,-0.6074387036287937,-0.6074387036287937,-0.694548652506796,-0.9640490264526441,-0.9660926751320393,0,2020-07-23
-0.7793904331013113,-0.7793904331013111,-0.8211550462510286,-0.8211550462510286,-0.8211550462510285,-0.8211550462510288,-1.0772191060811471,-1.0772191060811471,0.9761766079936257,0.9761766079936257,0.9761766079936258,2.4221467929734977,2.422146792973497,-0.5290570153538673,-0.5290570153538672,-0.7137712880536509,-0.7137712880536509,-0.26100353245516306,-0.26100353245516306,3.946761086881632,3.9467610868816316,-0.47993193949467144,-0.40083351710296133,-0.40083351710296133,-0.4008335171029614,-0.4008335171029614,-0.5966537398390945,-0.31977063540430195,-0.3197706354043019,-0.5966537398390945,-0.5966537398390946,1.5700172162171944,1.5700172162171946,-0.3991168347019628,-0.39911683470196285,-0.39911683470196285,-0.3991168347019628,-0.3991168347019628,-0.7137712880536509,-0.7137712880536509,0.39911683470196363,0.3991168347019628,-0.39911683470196285,-0.39911683470196285,-0.3991168347019628,-0.7924846703597901,-0.7924846703597901,1.5700172162171946,0.18594869854542936,0.1296598063993,1,2020-07-24
-0.37603162833262266,-0.3760316283326226,-0.8632449107470114,-0.8632449107470115,-0.8632449107470115,-0.8632449107470116,-1.0772191060811471,-1.0772191060811471,-0.5966537398390945,-0.5966537398390945,-0.5966537398390946,-2.4231390425457207,-2.42313904254572,-0.5681309199719855,-0.5681309199719855,2.666983537580072,2.666983537580072,-0.26100353245516306,-0.26100353245516306,-0.2533723166886974,-0.2533723166886973,-0.36328516127980226,-0.40083351710296133,-0.40083351710296133,-0.4008335171029614,-0.4008335171029614,0.9761766079936257,-0.31977063540430195,-0.3197706354043019,0.9761766079936257,0.9761766079936257,-0.694548652506796,-0.694548652506796,-0.3991168347019628,-0.39911683470196285,-0.39911683470196285,-0.3991168347019628,-0.3991168347019628,2.6669835375800726,2.666983537580072,0.39911683470196363,0.3991168347019628,-0.39911683470196285,-0.39911683470196285,-0.3991168347019628,-0.8197760333951906,-0.8197760333951906,-0.694548652506796,-0.9640490264526441,-0.9660926751320393,0,2020-07-27
-0.5695818228500875,-0.5695818228500873,-0.9703173355667742,-0.9703173355667744,-0.9703173355667745,-0.9703173355667745,-1.0772191060811471,-1.0772191060811471,-0.5966537398390945,-0.5966537398390945,-0.5966537398390946,-0.00049612478611147,-0.000496124786111486,-0.5703145845924816,-0.5703145845924816,-0.7137712880536509,-0.7137712880536509,-0.26100353245516306,-0.26100353245516306,-0.2533723166886974,-0.2533723166886973,-0.5937467355840476,-0.40083351710296133,-0.40083351710296133,-0.4008335171029614,-0.4008335171029614,-0.5966537398390945,-0.31977063540430195,-0.3197706354043019,-0.5966537398390945,-0.5966537398390946,-0.694548652506796,-0.694548652506796,-0.3991168347019628,-0.39911683470196285,-0.39911683470196285,-0.3991168347019628,-0.3991168347019628,-0.7137712880536509,-0.7137712880536509,0.39911683470196363,0.3991168347019628,-0.39911683470196285,-0.39911683470196285,-0.3991168347019628,-0.8127644447032317,-0.8127644447032317,-0.694548652506796,-0.9640490264526441,-0.9660926751320393,1,2020-07-28
-0.44493691021151316,-0.44493691021151316,-0.8953038025764013,-0.8953038025764013,-0.8953038025764013,-0.8953038025764014,-1.0772191060811471,-1.0772191060811471,-0.5966537398390945,-0.5966537398390945,-0.5966537398390946,-0.00049612478611147,-0.000496124786111486,-0.3809879872793414,-0.38098798727934136,-0.7137712880536509,-0.7137712880536509,-0.26100353245516306,-0.26100353245516306,-0.2533723166886974,-0.2533723166886973,-0.4219675144718471,-0.40083351710296133,-0.40083351710296133,-0.4008335171029614,-0.4008335171029614,-0.5966537398390945,-0.31977063540430195,-0.3197706354043019,-0.5966537398390945,-0.5966537398390946,-0.694548652506796,-0.694548652506796,-0.3991168347019628,-0.39911683470196285,-0.39911683470196285,-0.3991168347019628,-0.3991168347019628,-0.7137712880536509,-0.7137712880536509,0.39911683470196363,0.3991168347019628,-0.39911683470196285,-0.39911683470196285,-0.3991168347019628,-0.4990688513676914,-0.4990688513676914,-0.694548652506796,-0.9640490264526441,-0.9660926751320393,1,2020-07-29
-0.4176984706120173,-0.4176984706120173,-0.7724695074017812,-0.7724695074017814,-0.7724695074017813,-0.7724695074017814,-1.0772191060811471,-1.0772191060811471,0.9761766079936257,0.9761766079936257,0.9761766079936258,0.8745179915983307,0.8745179915983307,-0.724800615615475,-0.7248006156154749,-0.7137712880536509,-0.7137712880536509,1.8958341534601477,1.8958341534601475,-0.2533723166886974,-0.2533723166886973,-0.34056714575707736,-0.40083351710296133,-0.40083351710296133,-0.4008335171029614,-0.4008335171029614,-0.5966537398390945,-0.31977063540430195,-0.3197706354043019,-0.5966537398390945,-0.5966537398390946,1.7592101182430622,1.759210118243062,0.7769185153122533,-0.39911683470196285,-0.39911683470196285,-0.3991168347019628,-0.3991168347019628,-0.7137712880536509,-0.7137712880536509,-0.7769185153122522,-0.7769185153122531,0.7769185153122533,0.7769185153122533,0.7769185153122533,0.041056962758292556,0.04105696275829251,1.759210118243062,2.3764205556846165,2.321164769461979,1,2020-07-30
0.4300045619293087,0.4300045619293086,-0.034729614299797595,-0.03472961429979773,-0.03472961429979747,-0.03472961429979762,-1.0772191060811471,-1.0772191060811471,-0.5966537398390945,-0.5966537398390945,-0.5966537398390946,-0.8755102411705535,-0.8755102411705535,0.6249969263782362,0.6249969263782363,0.5072952483222496,0.5072952483222495,-0.26100353245516306,-0.26100353245516306,-0.2533723166886974,-0.2533723166886973,0.7434151039010217,-0.40083351710296133,-0.40083351710296133,-0.4008335171029614,-0.4008335171029614,0.9761766079936257,-0.31977063540430195,-0.3197706354043019,0.9761766079936257,0.9761766079936257,-0.694548652506796,-0.694548652506796,-0.3991168347019628,0.7769185153122533,0.7769185153122533,0.7769185153122532,0.7769185153122532,0.5072952483222496,0.5072952483222495,0.39911683470196363,0.3991168347019628,-0.39911683470196285,-0.39911683470196285,-0.3991168347019628,1.427020219881962,1.427020219881962,-0.694548652506796,-0.9640490264526441,-0.9660926751320393,0,2020-07-31
0.18690992150703947,0.18690992150703933,0.36421651977728964,0.36421651977728975,0.3642165197772896,0.36421651977728964,0.928316249085049,0.928316249085049,-0.5966537398390945,-0.5966537398390945,-0.5966537398390946,-0.00049612478611147,-0.000496124786111486,0.7319635514695083,0.7319635514695085,-0.7137712880536509,-0.7137712880536509,-0.26100353245516306,-0.26100353245516306,-0.2533723166886974,-0.2533723166886973,0.6048868283656597,0.7669556421822448,0.7669556421822448,0.7669556421822448,0.7669556421822448,-0.5966537398390945,-0.31977063540430195,-0.3197706354043019,-0.5966537398390945,-0.5966537398390946,-0.694548652506796,-0.694548652506796,-0.3991168347019628,-0.39911683470196285,-0.39911683470196285,-0.3991168347019628,-0.3991168347019628,-0.7137712880536509,-0.7137712880536509,0.39911683470196363,0.3991168347019628,-0.39911683470196285,-0.39911683470196285,-0.3991168347019628,1.1165871309494113,1.1165871309494113,-0.694548652506796,-0.9640490264526441,-0.9660926751320393,0,2020-08-03
0.2637071071287352,0.2637071071287351,0.5152156408653826,0.5152156408653826,0.5152156408653826,0.5152156408653827,0.928316249085049,0.928316249085049,-0.5966537398390945,-0.5966537398390945,-0.5966537398390946,0.8420893534192267,0.8420893534192267,0.6693086005136796,0.6693086005136798,-0.7137712880536509,-0.7137712880536509,-0.26100353245516306,-0.26100353245516306,-0.2533723166886974,-0.2533723166886973,0.45045172762577085,-0.40083351710296133,-0.40083351710296133,-0.4008335171029614,-0.4008335171029614,-0.5966537398390945,-0.31977063540430195,-0.3197706354043019,-0.5966537398390945,-0.5966537398390946,0.8806651781726657,0.8806651781726657,0.6847100881260487,-0.39911683470196285,-0.39911683470196285,-0.3991168347019628,-0.3991168347019628,-0.7137712880536509,-0.7137712880536509,-0.6847100881260477,-0.6847100881260485,0.6847100881260487,0.6847100881260487,0.6847100881260487,1.2166204979745658,1.2166204979745658,0.8806651781726657,1.2264228306865435,1.2254122879306393,0,2020-08-04
0.32196625732262263,0.3219662573226226,0.5482745893160604,0.5482745893160603,0.5482745893160604,0.5482745893160604,0.928316249085049,0.928316249085049,-0.5966537398390945,-0.5966537398390945,-0.5966537398390946,-0.8430816029914496,-0.8430816029914496,0.7309922423183286,0.7309922423183288,0.46204166422652937,0.46204166422652926,-0.26100353245516306,-0.26100353245516306,-0.2533723166886974,-0.2533723166886973,0.39127454644994314,-0.40083351710296133,-0.40083351710296133,-0.4008335171029614,-0.4008335171029614,-0.5966537398390945,-0.31977063540430195,-0.3197706354043019,-0.5966537398390945,-0.5966537398390946,-0.694548652506796,-0.694548652506796,-0.3991168347019628,0.6847100881260487,0.6847100881260487,0.6847100881260487,0.6847100881260487,0.46204166422652926,0.46204166422652926,0.39911683470196363,0.3991168347019628,-0.39911683470196285,-0.39911683470196285,-0.3991168347019628,0.946625386887393,0.946625386887393,-0.694548652506796,0.07642510568846998,0.1296598063993,1,2020-08-05
1.477489236454781,1.4774892364547805,1.0582551466106211,1.0582551466106211,1.0582551466106211,1.0582551466106214,0.928316249085049,0.928316249085049,-0.5966537398390945,-0.5966537398390945,-0.5966537398390946,-0.00049612478611147,-0.000496124786111486,1.0429631297149489,1.042963129714949,-0.7137712880536509,-0.7137712880536509,-0.26100353245516306,-0.26100353245516306,-0.2533723166886974,-0.2533723166886973,1.2822736310762513,0.6753937672254355,0.6753937672254355,0.6753937672254355,0.6753937672254355,-0.5966537398390945,-0.31977063540430195,-0.3197706354043019,-0.5966537398390945,-0.5966537398390946,-0.694548652506796,-0.694548652506796,-0.3991168347019628,-0.39911683470196285,-0.39911683470196285,-0.3991168347019628,-0.3991168347019628,-0.7137712880536509,-0.7137712880536509,0.39911683470196363,0.3991168347019628,-0.39911683470196285,-0.39911683470196285,-0.3991168347019628,1.9085668720094413,1.9085668720094415,-0.694548652506796,-0.9640490264526441,-0.9660926751320393,1,2020-08-06
1.7386622789245152,1.7386622789245147,1.4111244167715908,1.4111244167715908,1.411124416771591,1.411124416771591,0.928316249085049,0.928316249085049,0.9761766079936257,0.9761766079936257,0.9761766079936258,0.3724332142735836,0.3724332142735836,0.30335251048291306,0.3033525104829132,-0.7137712880536509,-0.7137712880536509,-0.26100353245516306,-0.26100353245516306,-0.2533723166886974,-0.2533723166886973,1.3927047448950822,-0.40083351710296133,-0.40083351710296133,-0.4008335171029614,-0.4008335171029614,-0.5966537398390945,-0.31977063540430195,-0.3197706354043019,-0.5966537398390945,-0.5966537398390946,-0.3459528910392444,-0.3459528910392443,-0.3991168347019628,-0.39911683470196285,-0.39911683470196285,-0.3991168347019628,-0.3991168347019628,-0.7137712880536509,-0.7137712880536509,0.39911683470196363,0.3991168347019628,-0.39911683470196285,-0.39911683470196285,-0.3991168347019628,0.8005161154856844,0.8005161154856844,-0.3459528910392443,0.13118690211694967,0.1296598063993,0,2020-08-07
1.3169686526328057,1.3169686526328053,1.3613778085614008,1.3613778085614008,1.3613778085614008,1.3613778085614014,0.928316249085049,0.928316249085049,-0.5966537398390945,-0.5966537398390945,-0.5966537398390946,-0.3734254638458066,-0.3734254638458066,0.4453803422883123,0.44538034228831225,-0.19335507095286766,-0.19335507095286777,-0.26100353245516306,-0.26100353245516306,-0.2533723166886974,-0.2533723166886973,0.997010285722232,-0.40083351710296133,-0.40083351710296133,-0.4008335171029614,-0.4008335171029614,0.9761766079936257,-0.31977063540430195,-0.3197706354043019,0.9761766079936257,0.9761766079936257,-0.694548652506796,-0.694548652506796,-0.3991168347019628,-0.39911683470196285,-0.39911683470196285,-0.3991168347019628,-0.3991168347019628,-0.19335507095286772,-0.19335507095286777,0.39911683470196363,0.3991168347019628,-0.39911683470196285,-0.39911683470196285,-0.3991168347019628,0.5819039015855818,0.5819039015855818,-0.694548652506796,-0.9640490264526441,-0.9660926751320393,0,2020-08-10
1.1660903855269908,1.1660903855269906,1.0117719989830711,1.0117719989830711,1.0117719989830711,1.0117719989830714,0.928316249085049,0.928316249085049,0.9761766079936257,0.9761766079936257,0.9761766079936258,0.6855373070373457,0.6855373070373457,0.6206555073127931,0.6206555073127932,-0.7137712880536509,-0.7137712880536509,-0.26100353245516306,-0.26100353245516306,-0.2533723166886974,-0.2533723166886973,0.5450668896785699,-0.40083351710296133,-0.40083351710296133,-0.4008335171029614,-0.4008335171029614,-0.5966537398390945,-0.31977063540430195,-0.3197706354043019,-0.5966537398390945,-0.5966537398390946,1.2292609396402174,1.2292609396402172,0.662035884719605,-0.39911683470196285,-0.39911683470196285,-0.3991168347019628,-0.3991168347019628,-0.7137712880536509,-0.7137712880536509,-0.6620358847196047,-0.6620358847196055,0.6620358847196051,0.6620358847196051,0.662035884719605,0.29971838354671276,0.29971838354671276,1.2292609396402172,2.3764205556846165,2.321164769461979,1,2020-08-11
1.1773479342718682,1.1773479342718678,0.8391889293134374,0.8391889293134368,0.8391889293134372,0.839188929313437,0.928316249085049,0.928316249085049,-0.5966537398390945,-0.5966537398390945,-0.5966537398390946,-0.6865295566095686,-0.6865295566095687,0.6115347218640781,0.6115347218640783,0.243576085833397,0.24357608583339696,-0.26100353245516306,-0.26100353245516306,-0.2533723166886974,-0.2533723166886973,0.7038944889092663,-0.40083351710296133,-0.40083351710296133,-0.4008335171029614,-0.4008335171029614,0.9761766079936257,-0.31977063540430195,-0.3197706354043019,0.9761766079936257,0.9761766079936257,-0.694548652506796,-0.694548652506796,-0.3991168347019628,0.662035884719605,0.662035884719605,0.662035884719605,0.662035884719605,0.243576085833397,0.24357608583339696,0.39911683470196363,0.3991168347019628,-0.39911683470196285,-0.39911683470196285,-0.3991168347019628,0.5730428032348853,0.5730428032348853,-0.694548652506796,-0.9640490264526441,-0.9660926751320393,1,2020-08-12
1.1803445925713827,1.1803445925713825,0.7074732082501102,0.70747320825011,0.7074732082501101,0.7074732082501102,0.928316249085049,0.928316249085049,0.9761766079936257,0.9761766079936257,0.9761766079936258,1.490662117001305,1.4906621170013052,-0.36052337651981325,-0.3605233765198132,-0.7137712880536509,-0.7137712880536509,-0.26100353245516306,-0.26100353245516306,-0.2533723166886974,-0.2533723166886973,0.7232314411725279,0.6528785520721219,0.6528785520721219,0.6528785520721218,0.6528785520721218,-0.5966537398390945,-0.31977063540430195,-0.3197706354043019,-0.5966537398390945,-0.5966537398390946,2.0931721745815417,2.0931721745815413,3.163756327230566,-0.39911683470196285,-0.39911683470196285,-0.3991168347019628,-0.3991168347019628,-0.7137712880536509,-0.7137712880536509,-3.1637563272305655,-3.163756327230567,3.163756327230566,3.163756327230566,3.163756327230566,-0.31050253106209363,-0.31050253106209363,2.0931721745815413,1.2811846271150231,1.2254122879306393,0,2020-08-13
0.22311263468944736,0.22311263468944725,0.5583375859599351,0.558337585959935,0.558337585959935,0.5583375859599351,0.928316249085049,0.928316249085049,1.7625917819099859,1.7625917819099859,1.7625917819099859,0.9309885511860807,0.9309885511860806,-0.4540702216776795,-0.4540702216776795,1.3671133461409346,1.3671133461409346,-0.26100353245516306,-0.26100353245516306,-0.2533723166886974,-0.2533723166886973,0.6612773131531076,-0.40083351710296133,-0.40083351710296133,-0.4008335171029614,-0.4008335171029614,0.9761766079936257,-0.31977063540430195,-0.3197706354043019,0.9761766079936257,0.9761766079936257,1.5700172162171944,1.5700172162171946,-0.3991168347019628,3.163756327230566,3.163756327230566,3.1637563272305655,3.1637563272305655,1.3671133461409348,1.3671133461409346,0.39911683470196363,0.3991168347019628,-0.39911683470196285,-0.39911683470196285,-0.3991168347019628,-0.4898141469963807,-0.4898141469963807,1.5700172162171946,0.18594869854542936,0.1296598063993,0,2020-08-14
0.29874201475948486,0.2987420147594848,0.4041082345966789,0.4041082345966789,0.40410823459667883,0.4041082345966789,0.928316249085049,0.928316249085049,-0.5966537398390945,-0.5966537398390945,-0.5966537398390946,-2.4231390425457207,-2.42313904254572,-0.5748460112596007,-0.5748460112596007,2.666983537580072,2.666983537580072,-0.26100353245516306,-0.26100353245516306,-0.2533723166886974,-0.2533723166886973,0.6090998020281052,3.1370572906544045,3.1370572906544045,3.1370572906544045,3.1370572906544045,1.7625917819099859,-0.31977063540430195,-0.3197706354043019,1.7625917819099859,1.762591781909986,-0.694548652506796,-0.694548652506796,-0.3991168347019628,-0.39911683470196285,-0.39911683470196285,-0.3991168347019628,-0.3991168347019628,2.6669835375800726,2.666983537580072,0.39911683470196363,0.3991168347019628,-0.39911683470196285,-0.39911683470196285,-0.3991168347019628,-0.18902119604538745,-0.18902119604538736,-0.694548652506796,-0.9640490264526441,-0.9660926751320393,1,2020-08-17
0.4524593408519107,0.4524593408519106,0.2951565340641012,0.2951565340641012,0.2951565340641011,0.29515653406410125,0.928316249085049,0.928316249085049,-0.5966537398390945,-0.5966537398390945,-0.5966537398390946,-0.00049612478611147,-0.000496124786111486,-1.083834229880286,-1.083834229880286,-0.7137712880536509,-0.7137712880536509,-0.26100353245516306,-0.26100353245516306,-0.2533723166886974,-0.2533723166886973,0.6147991205407848,-0.40083351710296133,-0.40083351710296133,-0.4008335171029614,-0.4008335171029614,-0.5966537398390945,-0.31977063540430195,-0.3197706354043019,-0.5966537398390945,-0.5966537398390946,-0.694548652506796,-0.694548652506796,-0.3991168347019628,-0.39911683470196285,-0.39911683470196285,-0.3991168347019628,-0.3991168347019628,-0.7137712880536509,-0.7137712880536509,0.39911683470196363,0.3991168347019628,-0.39911683470196285,-0.39911683470196285,-0.3991168347019628,0.284975657648987,0.28497565764898697,-0.694548652506796,-0.9640490264526441,-0.9660926751320393,1,2020-08-18
0.4977592840071475,0.49775928400714736,0.18902220511157886,0.18902220511157883,0.18902220511157883,0.18902220511157883,0.928316249085049,0.928316249085049,-0.5966537398390945,-0.5966537398390945,-0.5966537398390946,-0.00049612478611147,-0.000496124786111486,-1.2751844403336967,-1.2751844403336965,-0.7137712880536509,-0.7137712880536509,-0.26100353245516306,-0.26100353245516306,-0.2533723166886974,-0.2533723166886973,0.5611443696693384,-0.40083351710296133,-0.40083351710296133,-0.4008335171029614,-0.4008335171029614,-0.5966537398390945,-0.31977063540430195,-0.3197706354043019,-0.5966537398390945,-0.5966537398390946,-0.694548652506796,-0.694548652506796,-0.3991168347019628,-0.39911683470196285,-0.39911683470196285,-0.3991168347019628,-0.3991168347019628,-0.7137712880536509,-0.7137712880536509,0.39911683470196363,0.3991168347019628,-0.39911683470196285,-0.39911683470196285,-0.3991168347019628,0.07474352827957187,0.0747435282795718,-0.694548652506796,-0.9640490264526441,-0.9660926751320393,1,2020-08-19
0.044221128119957216,0.044221128119957216,0.29230513117470314,0.29230513117470314,0.29230513117470314,0.29230513117470314,0.928316249085049,0.928316249085049,-0.5966537398390945,-0.5966537398390945,-0.5966537398390946,-0.00049612478611147,-0.000496124786111486,-0.8332047907221581,-0.8332047907221579,-0.7137712880536509,-0.7137712880536509,-0.26100353245516306,-0.26100353245516306,-0.2533723166886974,-0.2533723166886973,0.8163382574616757,-0.40083351710296133,-0.40083351710296133,-0.4008335171029614,-0.4008335171029614,-0.5966537398390945,-0.31977063540430195,-0.3197706354043019,-0.5966537398390945,-0.5966537398390946,-0.694548652506796,-0.694548652506796,-0.3991168347019628,-0.39911683470196285,-0.39911683470196285,-0.3991168347019628,-0.3991168347019628,-0.7137712880536509,-0.7137712880536509,0.39911683470196363,0.3991168347019628,-0.39911683470196285,-0.39911683470196285,-0.3991168347019628,0.36479487545277955,0.36479487545277944,-0.694548652506796,-0.9640490264526441,-0.9660926751320393,0,2020-08-20
-0.175552444492353,-0.175552444492353,0.2442476993275473,0.24424769932754775,0.24424769932754728,0.24424769932754775,0.928316249085049,0.928316249085049,0.9761766079936257,0.9761766079936257,0.9761766079936258,1.490662117001305,1.4906621170013052,-0.7524436967152068,-0.7524436967152067,-0.7137712880536509,-0.7137712880536509,-0.26100353245516306,-0.26100353245516306,3.946761086881632,3.9467610868816316,0.5957744392418914,-0.40083351710296133,-0.40083351710296133,-0.4008335171029614,-0.4008335171029614,-0.5966537398390945,-0.31977063540430195,-0.3197706354043019,-0.5966537398390945,-0.5966537398390946,2.0931721745815417,2.0931721745815413,3.163756327230566,-0.39911683470196285,-0.39911683470196285,-0.3991168347019628,-0.3991168347019628,-0.7137712880536509,-0.7137712880536509,-3.1637563272305655,-3.163756327230567,3.163756327230566,3.163756327230566,3.163756327230566,0.2522287133308972,0.25222871333089725,2.0931721745815413,1.2811846271150231,1.2254122879306393,1,2020-08-21
0.24645724397563296,0.24645724397563293,0.31270536296798357,0.31270536296798357,0.3127053629679836,0.3127053629679835,0.928316249085049,0.928316249085049,-0.5966537398390945,-0.5966537398390945,-0.5966537398390946,-0.9325399152096675,-0.9325399152096673,-0.7154120726232394,-0.7154120726232392,1.3671133461409346,1.3671133461409346,-0.26100353245516306,-0.26100353245516306,-0.2533723166886974,-0.2533723166886973,0.7290903178882732,-0.40083351710296133,-0.40083351710296133,-0.4008335171029614,-0.4008335171029614,0.9761766079936257,-0.31977063540430195,-0.3197706354043019,0.9761766079936257,0.9761766079936257,-0.17191632646848753,-0.17191632646848753,-0.3991168347019628,3.163756327230566,3.163756327230566,3.1637563272305655,3.1637563272305655,1.3671133461409348,1.3671133461409346,0.39911683470196363,0.3991168347019628,-0.39911683470196285,-0.39911683470196285,-0.3991168347019628,0.5114318732148477,0.5114318732148477,-0.17191632646848753,0.13118690211694967,0.1296598063993,1,2020-08-24
0.9775571584943406,0.9775571584943406,0.6156356271150727,0.6156356271150726,0.6156356271150727,0.6156356271150728,0.928316249085049,0.928316249085049,-0.5966537398390945,-0.5966537398390945,-0.5966537398390946,-0.00049612478611147,-0.000496124786111486,-0.46326941500078006,-0.46326941500077995,0.06646292049325045,0.0664629204932504,-0.26100353245516306,-0.26100353245516306,-0.2533723166886974,-0.2533723166886973,1.1012729960660725,3.1370572906544045,3.1370572906544045,3.1370572906544045,3.1370572906544045,-0.5966537398390945,-0.31977063540430195,-0.3197706354043019,-0.5966537398390945,-0.5966537398390946,-0.17191632646848753,-0.17191632646848753,-0.3991168347019628,-0.39911683470196285,-0.39911683470196285,-0.3991168347019628,-0.3991168347019628,0.0664629204932504,0.0664629204932504,0.39911683470196363,0.3991168347019628,-0.39911683470196285,-0.39911683470196285,-0.3991168347019628,0.9858835760905843,0.9858835760905842,-0.17191632646848753,0.13118690211694967,0.1296598063993,1,2020-08-25
1.8048720270112262,1.8048720270112257,1.4966785131949047,1.4966785131949047,1.496678513194905,1.4966785131949054,0.928316249085049,0.928316249085049,0.9761766079936257,0.9761766079936257,0.9761766079936258,-0.2487429411916658,-0.24874294119166568,0.43174641604745084,0.43174641604745095,0.06646292049325045,0.0664629204932504,-0.26100353245516306,-0.26100353245516306,-0.2533723166886974,-0.2533723166886973,2.1493442631917854,-0.40083351710296133,-0.40083351710296133,-0.4008335171029614,-0.4008335171029614,-0.5966537398390945,-0.31977063540430195,-0.3197706354043019,-0.5966537398390945,-0.5966537398390946,0.17720206732510244,0.1772020673251025,0.3702944675566954,-0.39911683470196285,-0.39911683470196285,-0.3991168347019628,-0.3991168347019628,0.0664629204932504,0.0664629204932504,-0.37029446755669365,-0.37029446755669443,0.3702944675566953,0.3702944675566953,0.3702944675566954,2.3045209412506225,2.304520941250622,0.1772020673251025,2.321658759256137,2.321164769461979,0,2020-08-26
1.2695897427774527,1.2695897427774525,1.5813127864006558,1.5813127864006558,1.5813127864006562,1.5813127864006562,0.928316249085049,0.928316249085049,0.9761766079936257,0.9761766079936257,0.9761766079936258,0.20302153551033372,0.20302153551033386,1.0705171202891228,1.0705171202891228,-0.27996106810157373,-0.2799610681015738,-0.26100353245516306,-0.26100353245516306,-0.2533723166886974,-0.2533723166886973,1.391337104929849,-0.40083351710296133,-0.40083351710296133,-0.4008335171029614,-0.4008335171029614,0.9761766079936257,0.9162512623717907,0.9162512623717907,0.9761766079936257,0.9761766079936257,1.228738307314179,1.228738307314179,0.8706385560588876,0.3702944675566953,0.3702944675566953,0.37029446755669526,0.37029446755669526,-0.27996106810157373,-0.2799610681015738,-0.8706385560588862,-0.870638556058887,0.8706385560588877,0.8706385560588877,0.8706385560588876,1.282550424627143,1.282550424627143,1.228738307314179,3.4168946878257307,3.4169172509933183,1,2020-08-27
1.291601632285832,1.2916016322858317,1.5240989224935546,1.5240989224935555,1.5240989224935548,1.524098922493556,0.928316249085049,0.928316249085049,-0.5966537398390945,-0.5966537398390945,-0.5966537398390946,-0.5148814200408633,-0.5148814200408635,1.0073730986577225,1.0073730986577227,0.004044183809498351,0.00404418380949824,-0.26100353245516306,-0.26100353245516306,-0.2533723166886974,-0.2533723166886973,1.2969300335801885,0.36318278376615165,0.36318278376615165,0.3631827837661516,0.3631827837661516,0.9761766079936257,-0.31977063540430195,-0.3197706354043019,0.9761766079936257,0.9761766079936257,-0.694548652506796,-0.694548652506796,-0.3991168347019628,0.8706385560588876,0.8706385560588876,0.8706385560588876,0.8706385560588876,0.004044183809498265,0.00404418380949824,0.39911683470196363,0.3991168347019628,-0.39911683470196285,-0.39911683470196285,-0.3991168347019628,1.4314202097715598,1.4314202097715598,-0.694548652506796,-0.9640490264526441,-0.9660926751320393,0,2020-08-28
1.2755383637103206,1.2755383637103201,1.3478906895300635,1.3478906895300635,1.3478906895300635,1.3478906895300637,0.928316249085049,0.928316249085049,-0.5966537398390945,-0.5966537398390945,-0.5966537398390946,-0.00049612478611147,-0.000496124786111486,1.0692568098339177,1.0692568098339177,-0.7137712880536509,-0.7137712880536509,-0.26100353245516306,-0.26100353245516306,-0.2533723166886974,-0.2533723166886973,1.1526148367017464,0.8600185314826083,0.8600185314826083,0.8600185314826083,0.8600185314826083,-0.5966537398390945,-0.31977063540430195,-0.3197706354043019,-0.5966537398390945,-0.5966537398390946,-0.694548652506796,-0.694548652506796,-0.3991168347019628,-0.39911683470196285,-0.39911683470196285,-0.3991168347019628,-0.3991168347019628,-0.7137712880536509,-0.7137712880536509,0.39911683470196363,0.3991168347019628,-0.39911683470196285,-0.39911683470196285,-0.3991168347019628,1.13640315586796,1.13640315586796,-0.694548652506796,-0.9640490264526441,-0.9660926751320393,1,2020-08-31
1.3150861980336304,1.31508619803363,1.1918507561433325,1.1918507561433325,1.1918507561433322,1.191850756143333,0.928316249085049,0.928316249085049,-0.5966537398390945,-0.5966537398390945,-0.5966537398390946,-0.00049612478611147,-0.000496124786111486,1.0034130172845008,1.0034130172845008,-0.7137712880536509,-0.7137712880536509,-0.26100353245516306,-0.26100353245516306,-0.2533723166886974,-0.2533723166886973,1.140010549518177,-0.40083351710296133,-0.40083351710296133,-0.4008335171029614,-0.4008335171029614,-0.5966537398390945,-0.31977063540430195,-0.3197706354043019,-0.5966537398390945,-0.5966537398390946,-0.694548652506796,-0.694548652506796,-0.3991168347019628,-0.39911683470196285,-0.39911683470196285,-0.3991168347019628,-0.3991168347019628,-0.7137712880536509,-0.7137712880536509,0.39911683470196363,0.3991168347019628,-0.39911683470196285,-0.39911683470196285,-0.3991168347019628,0.707002566237822,0.707002566237822,-0.694548652506796,-0.9640490264526441,-0.9660926751320393,1,2020-09-01
1.6077062742772592,1.6077062742772585,1.2121049702194482,1.2121049702194489,1.212104970219448,1.212104970219449,0.928316249085049,0.928316249085049,-0.5966537398390945,-0.5966537398390945,-0.5966537398390946,0.5586183265777493,0.5586183265777493,-0.21138795657567752,-0.2113879565756774,-0.7137712880536509,-0.7137712880536509,-0.26100353245516306,-0.26100353245516306,-0.2533723166886974,-0.2533723166886973,1.3565018766561052,-0.40083351710296133,-0.40083351710296133,-0.4008335171029614,-0.4008335171029614,-0.5966537398390945,-0.31977063540430195,-0.3197706354043019,-0.5966537398390945,-0.5966537398390946,-0.17191632646848753,-0.17191632646848753,-0.3991168347019628,-0.39911683470196285,-0.39911683470196285,-0.3991168347019628,-0.3991168347019628,-0.7137712880536509,-0.7137712880536509,0.39911683470196363,0.3991168347019628,-0.39911683470196285,-0.39911683470196285,-0.3991168347019628,-0.15326821567967355,-0.1532682156796735,-0.17191632646848753,0.13118690211694967,0.1296598063993,0,2020-09-02
0.8165179277923904,0.8165179277923902,0.7335278987934607,0.7335278987934597,0.7335278987934606,0.7335278987934598,0.928316249085049,0.928316249085049,0.9761766079936257,0.9761766079936257,0.9761766079936258,0.9315476656374442,0.9315476656374444,-0.15627220182037316,-0.156272201820373,0.06646292049325045,0.0664629204932504,-0.26100353245516306,-0.26100353245516306,3.946761086881632,3.9467610868816316,0.6933166291705598,-0.40083351710296133,-0.40083351710296133,-0.4008335171029614,-0.4008335171029614,-0.5966537398390945,-0.31977063540430195,-0.3197706354043019,-0.5966537398390945,-0.5966537398390946,2.0931721745815417,2.0931721745815413,3.163756327230566,-0.39911683470196285,-0.39911683470196285,-0.3991168347019628,-0.3991168347019628,0.0664629204932504,0.0664629204932504,-3.1637563272305655,-3.163756327230567,3.163756327230566,3.163756327230566,3.163756327230566,-0.1915376563379004,-0.19153765633790037,2.0931721745815413,1.2811846271150231,1.2254122879306393,0,2020-09-03
0.5522117700378184,0.5522117700378183,0.06381534409370504,0.06381534409370596,0.06381534409370511,0.06381534409370607,0.928316249085049,0.928316249085049,-0.5966537398390945,-0.5966537398390945,-0.5966537398390946,-1.4916543665735282,-1.491654366573528,0.010276618149083858,0.01027661814908401,1.3671133461409346,1.3671133461409346,-0.26100353245516306,-0.26100353245516306,-0.2533723166886974,-0.2533723166886973,0.22090163966707213,-0.40083351710296133,-0.40083351710296133,-0.4008335171029614,-0.4008335171029614,0.9761766079936257,-0.31977063540430195,-0.3197706354043019,0.9761766079936257,0.9761766079936257,-0.694548652506796,-0.694548652506796,-0.3991168347019628,3.163756327230566,3.163756327230566,3.1637563272305655,3.1637563272305655,1.3671133461409348,1.3671133461409346,0.39911683470196363,0.3991168347019628,-0.39911683470196285,-0.39911683470196285,-0.3991168347019628,-0.6475772716466563,-0.6475772716466563,-0.694548652506796,-0.9640490264526441,-0.9660926751320393,0,2020-09-04
-0.12477563632120421,-0.12477563632120414,-0.7952065534538408,-0.795206553453841,-0.795206553453841,-0.7952065534538411,-1.0772191060811471,-1.0772191060811471,2.549006955826346,2.549006955826346,2.5490069558263464,0.3724332142735836,0.3724332142735836,0.21302228056075637,0.21302228056075645,-0.7137712880536509,-0.7137712880536509,-0.26100353245516306,-0.26100353245516306,-0.2533723166886974,-0.2533723166886973,-0.39748233859180926,3.1370572906544045,3.1370572906544045,3.1370572906544045,3.1370572906544045,-0.5966537398390945,-0.31977063540430195,-0.3197706354043019,-0.5966537398390945,-0.5966537398390946,0.002642870428307339,0.002642870428307394,-0.3991168347019628,-0.39911683470196285,-0.39911683470196285,-0.3991168347019628,-0.3991168347019628,-0.7137712880536509,-0.7137712880536509,0.39911683470196363,0.3991168347019628,-0.39911683470196285,-0.39911683470196285,-0.3991168347019628,-1.22336216017728,-1.22336216017728,0.002642870428307394,1.2264228306865435,1.2254122879306393,1,2020-09-08
-0.4017716512601856,-0.4017716512601855,-1.2621728741890799,-1.2621728741890799,-1.2621728741890796,-1.2621728741890799,-1.0772191060811471,-1.0772191060811471,-0.5966537398390945,-0.5966537398390945,-0.5966537398390946,-0.3734254638458066,-0.3734254638458066,0.23334492393209572,0.2333449239320958,-0.19335507095286766,-0.19335507095286777,-0.26100353245516306,-0.26100353245516306,-0.2533723166886974,-0.2533723166886973,-0.3101104394615563,-0.40083351710296133,-0.40083351710296133,-0.4008335171029614,-0.4008335171029614,2.549006955826346,-0.31977063540430195,-0.3197706354043019,2.549006955826346,2.549006955826346,-0.694548652506796,-0.694548652506796,-0.3991168347019628,-0.39911683470196285,-0.39911683470196285,-0.3991168347019628,-0.3991168347019628,-0.19335507095286772,-0.19335507095286777,0.39911683470196363,0.3991168347019628,-0.39911683470196285,-0.39911683470196285,-0.3991168347019628,-1.1982825790762897,-1.1982825790762897,-0.694548652506796,-0.9640490264526441,-0.9660926751320393,0,2020-09-09
-1.4512412362671043,-1.4512412362671039,-1.7250176413313496,-1.7250176413313496,-1.7250176413313494,-1.7250176413313496,-1.0772191060811471,-1.0772191060811471,-0.5966537398390945,-0.5966537398390945,-0.5966537398390946,-0.00049612478611147,-0.000496124786111486,-0.2935604198390316,-0.29356041983903136,-0.7137712880536509,-0.7137712880536509,-0.26100353245516306,-0.26100353245516306,-0.2533723166886974,-0.2533723166886973,-0.6199417154826465,-0.40083351710296133,-0.40083351710296133,-0.4008335171029614,-0.4008335171029614,-0.5966537398390945,-0.31977063540430195,-0.3197706354043019,-0.5966537398390945,-0.5966537398390946,-0.694548652506796,-0.694548652506796,-0.3991168347019628,-0.39911683470196285,-0.39911683470196285,-0.3991168347019628,-0.3991168347019628,-0.7137712880536509,-0.7137712880536509,0.39911683470196363,0.3991168347019628,-0.39911683470196285,-0.39911683470196285,-0.3991168347019628,-1.8087202759994545,-1.8087202759994545,-0.694548652506796,-0.9640490264526441,-0.9660926751320393,0,2020-09-10
-1.1438971765648203,-1.1438971765648198,-2.0208910011609516,-2.0208910011609516,-2.020891001160951,-2.020891001160952,-1.0772191060811471,-1.0772191060811471,-0.5966537398390945,-0.5966537398390945,-0.5966537398390946,-0.00049612478611147,-0.000496124786111486,-0.3180784350858539,-0.31807843508585376,-0.7137712880536509,-0.7137712880536509,-0.26100353245516306,-0.26100353245516306,-0.2533723166886974,-0.2533723166886973,-0.7089867154053849,-0.40083351710296133,-0.40083351710296133,-0.4008335171029614,-0.4008335171029614,-0.5966537398390945,-0.31977063540430195,-0.3197706354043019,-0.5966537398390945,-0.5966537398390946,-0.694548652506796,-0.694548652506796,-0.3991168347019628,-0.39911683470196285,-0.39911683470196285,-0.3991168347019628,-0.3991168347019628,-0.7137712880536509,-0.7137712880536509,0.39911683470196363,0.3991168347019628,-0.39911683470196285,-0.39911683470196285,-0.3991168347019628,-1.3602365030159147,-1.360236503015915,-0.694548652506796,0.13118690211694967,0.1296598063993,0,2020-09-11
-1.1770970418183586,-1.1770970418183584,-2.1585687418657282,-2.1585687418657282,-2.158568741865728,-2.1585687418657282,-1.0772191060811471,-1.0772191060811471,-0.5966537398390945,-0.5966537398390945,-0.5966537398390946,-0.00049612478611147,-0.000496124786111486,-0.3317749690406595,-0.33177496904065945,-0.7137712880536509,-0.7137712880536509,-0.26100353245516306,-0.26100353245516306,-0.2533723166886974,-0.2533723166886973,-0.7446091369925374,-0.40083351710296133,-0.40083351710296133,-0.4008335171029614,-0.4008335171029614,-0.5966537398390945,-0.31977063540430195,-0.3197706354043019,-0.5966537398390945,-0.5966537398390946,-0.694548652506796,-0.694548652506796,-0.3991168347019628,-0.39911683470196285,-0.39911683470196285,-0.3991168347019628,-0.3991168347019628,-0.7137712880536509,-0.7137712880536509,0.39911683470196363,0.3991168347019628,-0.39911683470196285,-0.39911683470196285,-0.3991168347019628,-0.9725992932936955,-0.9725992932936958,-0.694548652506796,0.07642510568846998,0.1296598063993,1,2020-09-14
-0.9185659372451307,-0.9185659372451306,-1.9640507771033195,-1.9640507771033195,-1.9640507771033193,-1.9640507771033198,-1.0772191060811471,-1.0772191060811471,-0.5966537398390945,-0.5966537398390945,-0.5966537398390946,-0.00049612478611147,-0.000496124786111486,-0.4965423597429842,-0.4965423597429841,-0.7137712880536509,-0.7137712880536509,-0.26100353245516306,-0.26100353245516306,-0.2533723166886974,-0.2533723166886973,-0.45138198644147326,-0.40083351710296133,-0.40083351710296133,-0.4008335171029614,-0.4008335171029614,-0.5966537398390945,-0.31977063540430195,-0.3197706354043019,-0.5966537398390945,-0.5966537398390946,-0.694548652506796,-0.694548652506796,-0.3991168347019628,-0.39911683470196285,-0.39911683470196285,-0.3991168347019628,-0.3991168347019628,-0.7137712880536509,-0.7137712880536509,0.39911683470196363,0.3991168347019628,-0.39911683470196285,-0.39911683470196285,-0.3991168347019628,-0.012376153908042854,-0.01237615390804284,-0.694548652506796,-0.9640490264526441,-0.9660926751320393,0,2020-09-15
-1.339908190440134,-1.339908190440134,-2.0651831486357075,-2.0651831486357075,-2.0651831486357075,-2.0651831486357075,-1.0772191060811471,-1.0772191060811471,-0.5966537398390945,-0.5966537398390945,-0.5966537398390946,0.5586183265777493,0.5586183265777493,-0.2319055211899223,-0.23190552118992214,-0.7137712880536509,-0.7137712880536509,-0.26100353245516306,-0.26100353245516306,-0.2533723166886974,-0.2533723166886973,-0.9094761403823229,-0.40083351710296133,-0.40083351710296133,-0.4008335171029614,-0.4008335171029614,-0.5966537398390945,-0.31977063540430195,-0.3197706354043019,-0.5966537398390945,-0.5966537398390946,-0.17191632646848753,-0.17191632646848753,-0.3991168347019628,-0.39911683470196285,-0.39911683470196285,-0.3991168347019628,-0.3991168347019628,-0.7137712880536509,-0.7137712880536509,0.39911683470196363,0.3991168347019628,-0.39911683470196285,-0.39911683470196285,-0.3991168347019628,-0.6482533567693137,-0.6482533567693137,-0.17191632646848753,0.13118690211694967,0.1296598063993,0,2020-09-16
-1.9019051726877254,-1.9019051726877254,-2.3351099213298703,-2.3351099213298703,-2.33510992132987,-2.3351099213298707,-1.0772191060811471,-1.0772191060811471,0.9761766079936257,0.9761766079936257,0.9761766079936258,1.8630323416096366,1.8630323416096364,-0.09058125480639903,-0.09058125480639886,0.06646292049325045,0.0664629204932504,-0.26100353245516306,-0.26100353245516306,-0.2533723166886974,-0.2533723166886973,-1.3362520524238823,-0.40083351710296133,-0.40083351710296133,-0.4008335171029614,-0.4008335171029614,-0.5966537398390945,-0.31977063540430195,-0.3197706354043019,-0.5966537398390945,-0.5966537398390946,1.5700172162171944,1.5700172162171946,-0.3991168347019628,-0.39911683470196285,-0.39911683470196285,-0.3991168347019628,-0.3991168347019628,0.0664629204932504,0.0664629204932504,0.39911683470196363,0.3991168347019628,-0.39911683470196285,-0.39911683470196285,-0.3991168347019628,-0.8338651964949699,-0.8338651964949699,1.5700172162171946,0.18594869854542936,0.1296598063993,0,2020-09-17
-1.6177998152351338,-1.617799815235134,-2.4809664481160625,-2.4809664481160625,-2.480966448116063,-2.4809664481160634,-1.0772191060811471,-1.0772191060811471,-0.5966537398390945,-0.5966537398390945,-0.5966537398390946,-2.4231390425457207,-2.42313904254572,-0.09668637411029357,-0.0966863741102934,2.666983537580072,2.666983537580072,-0.26100353245516306,-0.26100353245516306,-0.2533723166886974,-0.2533723166886973,-1.4152225416064128,-0.40083351710296133,-0.40083351710296133,-0.4008335171029614,-0.4008335171029614,0.9761766079936257,-0.31977063540430195,-0.3197706354043019,0.9761766079936257,0.9761766079936257,-0.694548652506796,-0.694548652506796,-0.3991168347019628,-0.39911683470196285,-0.39911683470196285,-0.3991168347019628,-0.3991168347019628,2.6669835375800726,2.666983537580072,0.39911683470196363,0.3991168347019628,-0.39911683470196285,-0.39911683470196285,-0.3991168347019628,-0.8841292088411735,-0.8841292088411735,-0.694548652506796,-0.9640490264526441,-0.9660926751320393,0,2020-09-18
-1.50161416745602,-1.5016141674560197,-2.6044430233406777,-2.6044430233406777,-2.604443023340678,-2.6044430233406786,-1.0772191060811471,-1.0772191060811471,3.3354221297427062,3.3354221297427062,3.3354221297427067,0.9315476656374442,0.9315476656374444,-0.12101754032482104,-0.12101754032482086,-0.7137712880536509,-0.7137712880536509,-0.26100353245516306,-0.26100353245516306,-0.2533723166886974,-0.2533723166886973,-1.5968445500385888,-0.40083351710296133,-0.40083351710296133,-0.4008335171029614,-0.4008335171029614,-0.5966537398390945,-0.31977063540430195,-0.3197706354043019,-0.5966537398390945,-0.5966537398390946,1.9191356100107837,1.9191356100107844,3.127477601780256,-0.39911683470196285,-0.39911683470196285,-0.3991168347019628,-0.3991168347019628,-0.7137712880536509,-0.7137712880536509,-3.127477601780256,-3.1274776017802575,3.127477601780256,3.127477601780256,3.127477601780256,-1.1089750748111469,-1.1089750748111469,1.9191356100107844,2.321658759256137,2.321164769461979,1,2020-09-21
-0.8011824109661863,-0.8011824109661861,-2.3410385650609284,-2.341038565060928,-2.3410385650609284,-2.3410385650609284,-1.0772191060811471,-1.0772191060811471,1.7625917819099859,1.7625917819099859,1.7625917819099859,1.4901030025499415,1.4901030025499413,-0.05201200794095514,-0.05201200794095499,0.5868791375940333,0.5868791375940333,-0.26100353245516306,-0.26100353245516306,-0.2533723166886974,-0.2533723166886973,-1.2171757212782166,-0.40083351710296133,-0.40083351710296133,-0.4008335171029614,-0.4008335171029614,3.3354221297427062,-0.31977063540430195,-0.3197706354043019,3.3354221297427062,3.335422129742706,1.5700172162171944,1.5700172162171946,-0.3991168347019628,3.127477601780256,3.127477601780256,3.1274776017802557,3.1274776017802557,0.5868791375940334,0.5868791375940333,0.39911683470196363,0.3991168347019628,-0.39911683470196285,-0.39911683470196285,-0.3991168347019628,-1.066980329515801,-1.0669803295158011,1.5700172162171946,0.18594869854542936,0.1296598063993,0,2020-09-22
-1.1380855021534761,-1.1380855021534761,-2.2485126077331445,-2.2485126077331445,-2.2485126077331445,-2.248512607733145,-1.0772191060811471,-1.0772191060811471,-0.5966537398390945,-0.5966537398390945,-0.5966537398390946,-1.8640245911818598,-1.8640245911818594,-0.1461213066469646,-0.14612130664696446,2.666983537580072,2.666983537580072,-0.26100353245516306,-0.26100353245516306,-0.2533723166886974,-0.2533723166886973,-1.4389048830670814,3.1010329464091027,3.1010329464091027,3.101032946409102,3.101032946409102,1.7625917819099859,-0.31977063540430195,-0.3197706354043019,1.7625917819099859,1.762591781909986,-0.17191632646848753,-0.17191632646848753,-0.3991168347019628,-0.39911683470196285,-0.39911683470196285,-0.3991168347019628,-0.3991168347019628,2.6669835375800726,2.666983537580072,0.39911683470196363,0.3991168347019628,-0.39911683470196285,-0.39911683470196285,-0.3991168347019628,-0.9177033482976859,-0.9177033482976859,-0.17191632646848753,0.13118690211694967,0.1296598063993,1,2020-09-23
-0.8999482843414003,-0.8999482843414003,-2.0580018262761834,-2.0580018262761834,-2.0580018262761834,-2.0580018262761834,-1.0772191060811471,-1.0772191060811471,-0.5966537398390945,-0.5966537398390945,-0.5966537398390946,0.2527827216817174,0.25278272168171745,-0.33156775072330474,-0.3315677507233047,0.06646292049325045,0.0664629204932504,-0.26100353245516306,-0.26100353245516306,-0.2533723166886974,-0.2533723166886973,-1.2827569009124988,-0.40083351710296133,-0.40083351710296133,-0.4008335171029614,-0.4008335171029614,-0.5966537398390945,-0.31977063540430195,-0.3197706354043019,-0.5966537398390945,-0.5966537398390946,0.8242208869605284,0.8242208869605284,0.5698274575334005,-0.39911683470196285,-0.39911683470196285,-0.3991168347019628,-0.3991168347019628,0.0664629204932504,0.0664629204932504,-0.5698274575334003,-0.569827457533401,0.5698274575334005,0.5698274575334005,0.5698274575334005,-0.39784482412006145,-0.39784482412006145,0.8242208869605284,1.2264228306865435,1.2254122879306393,1,2020-09-24
-0.616456591326176,-0.6164565913261759,-1.6544927107529932,-1.6544927107529932,-1.6544927107529932,-1.6544927107529934,-1.0772191060811471,-1.0772191060811471,0.9761766079936257,0.9761766079936257,0.9761766079936258,-0.4399600835581062,-0.4399600835581061,-0.18590720716837064,-0.18590720716837048,0.4199090169649968,0.41990901696499666,-0.26100353245516306,-0.26100353245516306,-0.2533723166886974,-0.2533723166886973,-0.9098841423290892,-0.40083351710296133,-0.40083351710296133,-0.4008335171029614,-0.4008335171029614,-0.5966537398390945,-0.31977063540430195,-0.3197706354043019,-0.5966537398390945,-0.5966537398390946,-0.3459528910392444,-0.3459528910392443,-0.3991168347019628,0.5698274575334005,0.5698274575334005,0.5698274575334004,0.5698274575334004,0.41990901696499666,0.41990901696499666,0.39911683470196363,0.3991168347019628,-0.39911683470196285,-0.39911683470196285,-0.3991168347019628,0.05470657935745924,0.054706579357459185,-0.3459528910392443,0.13118690211694967,0.1296598063993,1,2020-09-25
-0.5125477171207865,-0.5125477171207864,-1.2429483055803072,-1.2429483055803072,-1.2429483055803072,-1.2429483055803072,-1.0772191060811471,-1.0772191060811471,-0.5966537398390945,-0.5966537398390945,-0.5966537398390946,0.18568898751805404,0.18568898751805418,-0.3449913158902382,-0.34499131589023807,-0.19335507095286766,-0.19335507095286777,-0.26100353245516306,-0.26100353245516306,-0.2533723166886974,-0.2533723166886973,-0.7108892063965896,0.5613166771153126,0.5613166771153126,0.5613166771153126,0.5613166771153126,0.9761766079936257,-0.31977063540430195,-0.3197706354043019,0.9761766079936257,0.9761766079936257,-0.17191632646848753,-0.17191632646848753,-0.3991168347019628,-0.39911683470196285,-0.39911683470196285,-0.3991168347019628,-0.3991168347019628,-0.19335507095286772,-0.19335507095286777,0.39911683470196363,0.3991168347019628,-0.39911683470196285,-0.39911683470196285,-0.3991168347019628,0.44721061921178673,0.4472106192117866,-0.17191632646848753,0.13118690211694967,0.1296598063993,1,2020-09-28
-0.5574956967977133,-0.5574956967977132,-0.7476557729660317,-0.7476557729660315,-0.7476557729660317,-0.7476557729660316,-1.0772191060811471,-1.0772191060811471,-0.5966537398390945,-0.5966537398390945,-0.5966537398390946,-0.00049612478611147,-0.000496124786111486,-0.4371752012124732,-0.4371752012124731,0.06646292049325045,0.0664629204932504,-0.26100353245516306,-0.26100353245516306,-0.2533723166886974,-0.2533723166886973,-0.3641852201678712,-0.40083351710296133,-0.40083351710296133,-0.4008335171029614,-0.4008335171029614,-0.5966537398390945,-0.31977063540430195,-0.3197706354043019,-0.5966537398390945,-0.5966537398390946,-0.17191632646848753,-0.17191632646848753,-0.3991168347019628,-0.39911683470196285,-0.39911683470196285,-0.3991168347019628,-0.3991168347019628,0.0664629204932504,0.0664629204932504,0.39911683470196363,0.3991168347019628,-0.39911683470196285,-0.39911683470196285,-0.3991168347019628,0.3364019488442481,0.33640194884424807,-0.17191632646848753,0.13118690211694967,0.1296598063993,1,2020-09-29
-0.1848557094307842,-0.18485570943078417,-0.3837672467492205,-0.3837672467492205,-0.38376724674922047,-0.38376724674922047,-1.0772191060811471,-1.0772191060811471,0.9761766079936257,0.9761766079936257,0.9761766079936258,1.8630323416096366,1.8630323416096364,-0.8848110519309612,-0.8848110519309611,0.06646292049325045,0.0664629204932504,-0.26100353245516306,-0.26100353245516306,3.946761086881632,3.9467610868816316,-0.2695607451059217,-0.40083351710296133,-0.40083351710296133,-0.4008335171029614,-0.4008335171029614,-0.5966537398390945,-0.31977063540430195,-0.3197706354043019,-0.5966537398390945,-0.5966537398390946,1.5700172162171944,1.5700172162171946,-0.3991168347019628,-0.39911683470196285,-0.39911683470196285,-0.3991168347019628,-0.3991168347019628,0.0664629204932504,0.0664629204932504,0.39911683470196363,0.3991168347019628,-0.39911683470196285,-0.39911683470196285,-0.3991168347019628,0.7018575223512069,0.7018575223512069,1.5700172162171946,0.18594869854542936,0.1296598063993,1,2020-09-30
0.4102026291707301,0.41020262917073,0.031186983420571187,0.031186983420571163,0.03118698342057128,0.031186983420571263,0.928316249085049,0.928316249085049,-0.5966537398390945,-0.5966537398390945,-0.5966537398390946,-2.4231390425457207,-2.42313904254572,-0.9265999134930655,-0.9265999134930654,2.666983537580072,2.666983537580072,-0.26100353245516306,-0.26100353245516306,-0.2533723166886974,-0.2533723166886973,0.08327604633445884,-0.40083351710296133,-0.40083351710296133,-0.4008335171029614,-0.4008335171029614,0.9761766079936257,-0.31977063540430195,-0.3197706354043019,0.9761766079936257,0.9761766079936257,-0.694548652506796,-0.694548652506796,-0.3991168347019628,-0.39911683470196285,-0.39911683470196285,-0.3991168347019628,-0.3991168347019628,2.6669835375800726,2.666983537580072,0.39911683470196363,0.3991168347019628,-0.39911683470196285,-0.39911683470196285,-0.3991168347019628,0.9568422157924111,0.956842215792411,-0.694548652506796,-0.9640490264526441,-0.9660926751320393,0,2020-10-01
0.21745513938065864,0.21745513938065852,0.08130421849292929,0.08130421849292928,0.0813042184929293,0.08130421849292929,0.928316249085049,0.928316249085049,2.549006955826346,2.549006955826346,2.5490069558263464,1.1199692357470656,1.1199692357470656,-0.4104022571171467,-0.41040225711714656,-0.7137712880536509,-0.7137712880536509,-0.26100353245516306,-0.26100353245516306,3.946761086881632,3.9467610868816316,-0.19575804155959917,-0.40083351710296133,-0.40083351710296133,-0.4008335171029614,-0.4008335171029614,-0.5966537398390945,-0.31977063540430195,-0.3197706354043019,-0.5966537398390945,-0.5966537398390946,3.494872073016284,3.494872073016284,2.104115221369428,-0.39911683470196285,-0.39911683470196285,-0.3991168347019628,-0.3991168347019628,-0.7137712880536509,-0.7137712880536509,-2.1041152213694265,-2.1041152213694283,2.1041152213694287,2.1041152213694287,2.104115221369428,0.2219648852244612,0.22196488522446117,3.494872073016284,3.52641828068269,3.4169172509933183,1,2020-10-02
0.6385703671095159,0.6385703671095158,0.2741730727496306,0.2741730727496304,0.27417307274963054,0.27417307274963043,0.928316249085049,0.928316249085049,-0.5966537398390945,-0.5966537398390945,-0.5966537398390946,-1.1209614853192884,-1.1209614853192884,-0.34955361345977365,-0.3495536134597736,0.8498180658743392,0.8498180658743392,-0.26100353245516306,-0.26100353245516306,-0.2533723166886974,-0.2533723166886973,0.11143470489169896,-0.40083351710296133,-0.40083351710296133,-0.4008335171029614,-0.4008335171029614,2.549006955826346,-0.31977063540430195,-0.3197706354043019,2.549006955826346,2.549006955826346,-0.694548652506796,-0.694548652506796,-0.3991168347019628,2.104115221369428,2.104115221369428,2.1041152213694283,2.1041152213694283,0.8498180658743392,0.8498180658743392,0.39911683470196363,0.3991168347019628,-0.39911683470196285,-0.39911683470196285,-0.3991168347019628,0.3796929025007599,0.3796929025007599,-0.694548652506796,-0.9640490264526441,-0.9660926751320393,0,2020-10-05
0.058818894643138664,0.05881889464313869,0.19440076016298372,0.1944007601629837,0.19440076016298377,0.19440076016298374,0.928316249085049,0.928316249085049,-0.5966537398390945,-0.5966537398390945,-0.5966537398390946,-0.00049612478611147,-0.000496124786111486,-0.24333642118867232,-0.2433364211886722,-0.7137712880536509,-0.7137712880536509,-0.26100353245516306,-0.26100353245516306,-0.2533723166886974,-0.2533723166886973,-0.18266388542642525,2.0848462358228756,2.0848462358228756,2.0848462358228756,2.0848462358228756,-0.5966537398390945,-0.31977063540430195,-0.3197706354043019,-0.5966537398390945,-0.5966537398390946,-0.694548652506796,-0.694548652506796,-0.3991168347019628,-0.39911683470196285,-0.39911683470196285,-0.3991168347019628,-0.3991168347019628,-0.7137712880536509,-0.7137712880536509,0.39911683470196363,0.3991168347019628,-0.39911683470196285,-0.39911683470196285,-0.3991168347019628,-0.2642751323576526,-0.26427513235765265,-0.694548652506796,-0.9640490264526441,-0.9660926751320393,0,2020-10-06
0.2990764852957846,0.29907648529578457,0.1263565451524989,0.12635654515249886,0.1263565451524988,0.1263565451524988,0.928316249085049,0.928316249085049,-0.5966537398390945,-0.5966537398390945,-0.5966537398390946,1.1255603802607044,1.1255603802607042,-0.2460921601495687,-0.2460921601495685,-0.7137712880536509,-0.7137712880536509,-0.26100353245516306,-0.26100353245516306,-0.2533723166886974,-0.2533723166886973,-0.1697054504430129,-0.40083351710296133,-0.40083351710296133,-0.4008335171029614,-0.4008335171029614,-0.5966537398390945,-0.31977063540430195,-0.3197706354043019,-0.5966537398390945,-0.5966537398390946,0.3580328521343571,0.35803285213435715,-0.3991168347019628,-0.39911683470196285,-0.39911683470196285,-0.3991168347019628,-0.3991168347019628,-0.7137712880536509,-0.7137712880536509,0.39911683470196363,0.3991168347019628,-0.39911683470196285,-0.39911683470196285,-0.3991168347019628,-0.30185205116383973,-0.30185205116383973,0.35803285213435715,0.13118690211694967,0.1296598063993,1,2020-10-07
0.5312766234049219,0.5312766234049218,0.27178693101563434,0.27178693101563434,0.27178693101563434,0.2717869310156344,0.928316249085049,0.928316249085049,0.9761766079936257,0.9761766079936257,0.9761766079936258,-0.7536232907732319,-0.7536232907732319,-0.190749426119603,-0.19074942611960283,0.8576204079598082,0.8576204079598081,-0.26100353245516306,-0.26100353245516306,-0.2533723166886974,-0.2533723166886973,0.15305580852529824,-0.40083351710296133,-0.40083351710296133,-0.4008335171029614,-0.4008335171029614,-0.5966537398390945,-0.31977063540430195,-0.3197706354043019,-0.5966537398390945,-0.5966537398390946,-0.3459528910392444,-0.3459528910392443,-0.3991168347019628,-0.39911683470196285,-0.39911683470196285,-0.3991168347019628,-0.3991168347019628,0.8576204079598081,0.8576204079598081,0.39911683470196363,0.3991168347019628,-0.39911683470196285,-0.39911683470196285,-0.3991168347019628,-0.2461896751643434,-0.24618967516434334,-0.3459528910392443,0.13118690211694967,0.1296598063993,1,2020-10-08
0.3132253063258991,0.31322530632589907,0.38019074113540513,0.380190741135405,0.3801907411354051,0.3801907411354051,0.928316249085049,0.928316249085049,-0.5966537398390945,-0.5966537398390945,-0.5966537398390946,0.18568898751805404,0.18568898751805418,-0.42681163954554513,-0.426811639545545,-0.19335507095286766,-0.19335507095286777,-0.26100353245516306,-0.26100353245516306,-0.2533723166886974,-0.2533723166886973,0.19716833507560974,-0.40083351710296133,-0.40083351710296133,-0.4008335171029614,-0.4008335171029614,0.9761766079936257,-0.31977063540430195,-0.3197706354043019,0.9761766079936257,0.9761766079936257,-0.17191632646848753,-0.17191632646848753,-0.3991168347019628,-0.39911683470196285,-0.39911683470196285,-0.3991168347019628,-0.3991168347019628,-0.19335507095286772,-0.19335507095286777,0.39911683470196363,0.3991168347019628,-0.39911683470196285,-0.39911683470196285,-0.3991168347019628,0.18036258957620258,0.18036258957620252,-0.17191632646848753,0.13118690211694967,0.1296598063993,1,2020-10-09
0.720381973041178,0.7203819730411779,0.807132008390163,0.8071320083901629,0.8071320083901629,0.807132008390163,0.928316249085049,0.928316249085049,0.9761766079936257,0.9761766079936257,0.9761766079936258,1.8630323416096366,1.8630323416096364,-0.030423728777021347,-0.03042372877702123,0.06646292049325045,0.0664629204932504,-0.26100353245516306,-0.26100353245516306,-0.2533723166886974,-0.2533723166886973,0.7921940220443663,-0.40083351710296133,-0.40083351710296133,-0.4008335171029614,-0.4008335171029614,-0.5966537398390945,-0.31977063540430195,-0.3197706354043019,-0.5966537398390945,-0.5966537398390946,1.5700172162171944,1.5700172162171946,-0.3991168347019628,-0.39911683470196285,-0.39911683470196285,-0.3991168347019628,-0.3991168347019628,0.0664629204932504,0.0664629204932504,0.39911683470196363,0.3991168347019628,-0.39911683470196285,-0.39911683470196285,-0.3991168347019628,0.5534692818517685,0.5534692818517685,1.5700172162171946,0.18594869854542936,0.1296598063993,1,2020-10-12
0.5061998050981991,0.5061998050981991,1.0512328343122712,1.0512328343122712,1.051232834312271,1.0512328343122714,0.928316249085049,0.928316249085049,-0.5966537398390945,-0.5966537398390945,-0.5966537398390946,-1.8640245911818598,-1.8640245911818594,-0.3631642665153395,-0.36316426651533934,2.666983537580072,2.666983537580072,-0.26100353245516306,-0.26100353245516306,-0.2533723166886974,-0.2533723166886973,0.8027787642962763,-0.40083351710296133,-0.40083351710296133,-0.4008335171029614,-0.4008335171029614,0.9761766079936257,-0.31977063540430195,-0.3197706354043019,0.9761766079936257,0.9761766079936257,-0.17191632646848753,-0.17191632646848753,-0.3991168347019628,-0.39911683470196285,-0.39911683470196285,-0.3991168347019628,-0.3991168347019628,2.6669835375800726,2.666983537580072,0.39911683470196363,0.3991168347019628,-0.39911683470196285,-0.39911683470196285,-0.3991168347019628,0.9424314269636077,0.9424314269636077,-0.17191632646848753,0.13118690211694967,0.1296598063993,0,2020-10-13
0.3141980274652426,0.3141980274652425,1.0108320151745183,1.0108320151745183,1.0108320151745185,1.0108320151745183,0.928316249085049,0.928316249085049,-0.5966537398390945,-0.5966537398390945,-0.5966537398390946,-0.5596105761499722,-0.5596105761499723,-0.17068004669792414,-0.170680046697924,0.06646292049325045,0.0664629204932504,-0.26100353245516306,-0.26100353245516306,-0.2533723166886974,-0.2533723166886973,0.5413148060276856,-0.40083351710296133,-0.40083351710296133,-0.4008335171029614,-0.4008335171029614,-0.5966537398390945,-0.31977063540430195,-0.3197706354043019,-0.5966537398390945,-0.5966537398390946,-0.694548652506796,-0.694548652506796,-0.3991168347019628,-0.39911683470196285,-0.39911683470196285,-0.3991168347019628,-0.3991168347019628,0.0664629204932504,0.0664629204932504,0.39911683470196363,0.3991168347019628,-0.39911683470196285,-0.39911683470196285,-0.3991168347019628,0.7223928859834488,0.7223928859834489,-0.694548652506796,-0.9640490264526441,-0.9660926751320393,0,2020-10-14
-0.11134310108794884,-0.11134310108794884,0.7662510266938636,0.7662510266938635,0.7662510266938634,0.7662510266938636,0.928316249085049,0.928316249085049,-0.5966537398390945,-0.5966537398390945,-0.5966537398390946,-0.00049612478611147,-0.000496124786111486,-0.048960904711658586,-0.04896090471165845,-0.7137712880536509,-0.7137712880536509,-0.26100353245516306,-0.26100353245516306,-0.2533723166886974,-0.2533723166886973,0.22782328338532493,-0.40083351710296133,-0.40083351710296133,-0.4008335171029614,-0.4008335171029614,-0.5966537398390945,-0.31977063540430195,-0.3197706354043019,-0.5966537398390945,-0.5966537398390946,-0.694548652506796,-0.694548652506796,-0.3991168347019628,-0.39911683470196285,-0.39911683470196285,-0.3991168347019628,-0.3991168347019628,-0.7137712880536509,-0.7137712880536509,0.39911683470196363,0.3991168347019628,-0.39911683470196285,-0.39911683470196285,-0.3991168347019628,0.08738801171584933,0.08738801171584924,-0.694548652506796,0.07642510568846998,0.1296598063993,0,2020-10-15
0.14605124460189287,0.14605124460189278,0.5462173161148307,0.5462173161148306,0.5462173161148308,0.5462173161148308,0.928316249085049,0.928316249085049,1.7625917819099859,1.7625917819099859,1.7625917819099859,1.7741331438427828,1.7741331438427828,-0.04229508435012189,-0.04229508435012178,-0.7137712880536509,-0.7137712880536509,-0.26100353245516306,-0.26100353245516306,-0.2533723166886974,-0.2533723166886973,0.14720286329771826,-0.40083351710296133,-0.40083351710296133,-0.4008335171029614,-0.4008335171029614,-0.5966537398390945,-0.31977063540430195,-0.3197706354043019,-0.5966537398390945,-0.5966537398390946,2.623121353184386,2.6231213531843864,2.0799294044025545,-0.39911683470196285,-0.39911683470196285,-0.3991168347019628,-0.3991168347019628,-0.7137712880536509,-0.7137712880536509,-2.079929404402554,-2.079929404402555,2.079929404402555,2.079929404402555,2.0799294044025545,0.0020316377919800586,0.002031637791980171,2.6231213531843864,1.2811846271150231,1.2254122879306393,0,2020-10-16
-0.2543766685951239,-0.25437666859512387,0.22899890018257774,0.2289989001825777,0.22899890018257776,0.22899890018257774,0.928316249085049,0.928316249085049,-0.5966537398390945,-0.5966537398390945,-0.5966537398390946,-0.6490688883681901,-0.64906888836819,-0.911903998863201,-0.9119039988632006,1.7626920898742136,1.7626920898742138,-0.26100353245516306,-0.26100353245516306,-0.2533723166886974,-0.2533723166886973,-0.13646901508658849,-0.40083351710296133,-0.40083351710296133,-0.4008335171029614,-0.4008335171029614,1.7625917819099859,-0.31977063540430195,-0.3197706354043019,1.7625917819099859,1.762591781909986,0.3580328521343571,0.35803285213435715,-0.3991168347019628,2.0799294044025545,2.0799294044025545,2.0799294044025545,2.0799294044025545,1.762692089874214,1.7626920898742138,0.39911683470196363,0.3991168347019628,-0.39911683470196285,-0.39911683470196285,-0.3991168347019628,-0.8724272888129588,-0.8724272888129588,0.35803285213435715,0.13118690211694967,0.1296598063993,1,2020-10-19
0.27487211847652115,0.2748721184765211,0.2178969679452521,0.21789696794525207,0.21789696794525204,0.217896967945252,0.928316249085049,0.928316249085049,-0.5966537398390945,-0.5966537398390945,-0.5966537398390946,-0.00049612478611147,-0.000496124786111486,-0.4286119918974455,-0.4286119918974453,0.8576204079598082,0.8576204079598081,-0.26100353245516306,-0.26100353245516306,-0.2533723166886974,-0.2533723166886973,0.16377662482169414,2.060830006326008,2.060830006326008,2.060830006326008,2.060830006326008,-0.5966537398390945,-0.31977063540430195,-0.3197706354043019,-0.5966537398390945,-0.5966537398390946,0.3580328521343571,0.35803285213435715,-0.3991168347019628,-0.39911683470196285,-0.39911683470196285,-0.3991168347019628,-0.3991168347019628,0.8576204079598081,0.8576204079598081,0.39911683470196363,0.3991168347019628,-0.39911683470196285,-0.39911683470196285,-0.3991168347019628,-0.554289908703685,-0.5542899087036851,0.35803285213435715,0.13118690211694967,0.1296598063993,1,2020-10-20
0.789954439086596,0.7899544390865958,0.5631795762036648,0.5631795762036647,0.5631795762036647,0.5631795762036648,0.928316249085049,0.928316249085049,-0.5966537398390945,-0.5966537398390945,-0.5966537398390946,-1.126552629832927,-1.126552629832927,0.06339131093573287,0.063391310935733,0.8576204079598082,0.8576204079598081,-0.26100353245516306,-0.26100353245516306,-0.2533723166886974,-0.2533723166886973,0.6859931539261499,-0.40083351710296133,-0.40083351710296133,-0.4008335171029614,-0.4008335171029614,-0.5966537398390945,-0.31977063540430195,-0.3197706354043019,-0.5966537398390945,-0.5966537398390946,-0.694548652506796,-0.694548652506796,-0.3991168347019628,-0.39911683470196285,-0.39911683470196285,-0.3991168347019628,-0.3991168347019628,0.8576204079598081,0.8576204079598081,0.39911683470196363,0.3991168347019628,-0.39911683470196285,-0.39911683470196285,-0.3991168347019628,0.30281658558359575,0.30281658558359575,-0.694548652506796,-0.9640490264526441,-0.9660926751320393,0,2020-10-21
0.5019902256550933,0.5019902256550933,0.7256119805095286,0.7256119805095285,0.7256119805095284,0.7256119805095286,0.928316249085049,0.928316249085049,1.7625917819099859,1.7625917819099859,1.7625917819099859,2.4221467929734977,2.422146792973497,-0.09897873601257812,-0.098978736012578,-0.7137712880536509,-0.7137712880536509,-0.26100353245516306,-0.26100353245516306,-0.2533723166886974,-0.2533723166886973,0.5720892194510343,-0.40083351710296133,-0.40083351710296133,-0.4008335171029614,-0.4008335171029614,-0.5966537398390945,-0.31977063540430195,-0.3197706354043019,-0.5966537398390945,-0.5966537398390946,1.5700172162171944,1.5700172162171946,-0.3991168347019628,-0.39911683470196285,-0.39911683470196285,-0.3991168347019628,-0.3991168347019628,-0.7137712880536509,-0.7137712880536509,0.39911683470196363,0.3991168347019628,-0.39911683470196285,-0.39911683470196285,-0.3991168347019628,0.5655979965821355,0.5655979965821356,1.5700172162171946,0.18594869854542936,0.1296598063993,1,2020-10-22
0.7567141199413764,0.7567141199413764,1.0022326629452463,1.0022326629452463,1.002232662945246,1.0022326629452463,0.928316249085049,0.928316249085049,-0.5966537398390945,-0.5966537398390945,-0.5966537398390946,-2.4231390425457207,-2.42313904254572,-0.11204476034689588,-0.11204476034689578,2.666983537580072,2.666983537580072,-0.26100353245516306,-0.26100353245516306,-0.2533723166886974,-0.2533723166886973,0.8449184027206176,-0.40083351710296133,-0.40083351710296133,-0.4008335171029614,-0.4008335171029614,1.7625917819099859,-0.31977063540430195,-0.3197706354043019,1.7625917819099859,1.762591781909986,-0.694548652506796,-0.694548652506796,-0.3991168347019628,-0.39911683470196285,-0.39911683470196285,-0.3991168347019628,-0.3991168347019628,2.6669835375800726,2.666983537580072,0.39911683470196363,0.3991168347019628,-0.39911683470196285,-0.39911683470196285,-0.3991168347019628,0.993137598230863,0.9931375982308631,-0.694548652506796,-0.9640490264526441,-0.9660926751320393,0,2020-10-23
-0.05926308809022117,-0.059263088090221135,0.8624159895021352,0.8624159895021352,0.862415989502135,0.8624159895021354,0.928316249085049,0.928316249085049,-0.5966537398390945,-0.5966537398390945,-0.5966537398390946,-0.00049612478611147,-0.000496124786111486,0.08288396084173656,0.08288396084173671,-0.7137712880536509,-0.7137712880536509,-0.26100353245516306,-0.26100353245516306,-0.2533723166886974,-0.2533723166886973,0.378118149389646,-0.40083351710296133,-0.40083351710296133,-0.4008335171029614,-0.4008335171029614,-0.5966537398390945,-0.31977063540430195,-0.3197706354043019,-0.5966537398390945,-0.5966537398390946,-0.694548652506796,-0.694548652506796,-0.3991168347019628,-0.39911683470196285,-0.39911683470196285,-0.3991168347019628,-0.3991168347019628,-0.7137712880536509,-0.7137712880536509,0.39911683470196363,0.3991168347019628,-0.39911683470196285,-0.39911683470196285,-0.3991168347019628,0.8289492403525375,0.8289492403525375,-0.694548652506796,-0.9640490264526441,-0.9660926751320393,1,2020-10-26
0.17834475844168177,0.17834475844168168,0.9219573523755322,0.9219573523755321,0.921957352375532,0.9219573523755321,0.928316249085049,0.928316249085049,2.549006955826346,2.549006955826346,2.5490069558263464,1.3067134625025953,1.3067134625025951,0.07555914597685949,0.07555914597685959,-0.7137712880536509,-0.7137712880536509,-0.26100353245516306,-0.26100353245516306,3.946761086881632,3.9467610868816316,0.6471303335565363,-0.40083351710296133,-0.40083351710296133,-0.4008335171029614,-0.4008335171029614,-0.5966537398390945,-0.31977063540430195,-0.3197706354043019,-0.5966537398390945,-0.5966537398390946,2.9711944823258993,2.9711944823258998,2.404926319894915,-0.39911683470196285,-0.39911683470196285,-0.3991168347019628,-0.3991168347019628,-0.7137712880536509,-0.7137712880536509,-2.4049263198949142,-2.404926319894915,2.404926319894915,2.404926319894915,2.404926319894915,0.8090942912572286,0.8090942912572286,2.9711944823258998,2.485944148541576,2.321164769461979,0,2020-10-27
-0.28823584650192297,-0.288235846501923,0.38540046886067836,0.38540046886067836,0.38540046886067836,0.3854004688606783,0.928316249085049,0.928316249085049,-0.5966537398390945,-0.5966537398390945,-0.5966537398390946,-1.3077057120748181,-1.307705712074818,0.4715675045577906,0.47156750455779084,1.1104162915290041,1.1104162915290041,-0.26100353245516306,-0.26100353245516306,-0.2533723166886974,-0.2533723166886973,-0.19696789990807298,-0.40083351710296133,-0.40083351710296133,-0.4008335171029614,-0.4008335171029614,2.549006955826346,-0.31977063540430195,-0.3197706354043019,2.549006955826346,2.549006955826346,-0.694548652506796,-0.694548652506796,-0.3991168347019628,2.404926319894915,2.404926319894915,2.404926319894915,2.404926319894915,1.1104162915290043,1.1104162915290041,0.39911683470196363,0.3991168347019628,-0.39911683470196285,-0.39911683470196285,-0.3991168347019628,-0.6849034850408934,-0.6849034850408934,-0.694548652506796,-0.9640490264526441,-0.9660926751320393,1,2020-10-28
0.48451378914520654,0.48451378914520643,0.44734200659604334,0.44734200659604334,0.4473420065960434,0.4473420065960434,0.928316249085049,0.928316249085049,-0.5966537398390945,-0.5966537398390945,-0.5966537398390946,-0.00049612478611147,-0.000496124786111486,0.9635522493617121,0.9635522493617121,-0.7137712880536509,-0.7137712880536509,-0.26100353245516306,-0.26100353245516306,-0.2533723166886974,-0.2533723166886973,0.46152667304836886,2.383548090190171,2.383548090190171,2.383548090190171,2.383548090190171,-0.5966537398390945,-0.31977063540430195,-0.3197706354043019,-0.5966537398390945,-0.5966537398390946,-0.694548652506796,-0.694548652506796,-0.3991168347019628,-0.39911683470196285,-0.39911683470196285,-0.3991168347019628,-0.3991168347019628,-0.7137712880536509,-0.7137712880536509,0.39911683470196363,0.3991168347019628,-0.39911683470196285,-0.39911683470196285,-0.3991168347019628,0.06495597380746279,0.06495597380746279,-0.694548652506796,-0.9640490264526441,-0.9660926751320393,0,2020-10-29
-0.2353775776081795,-0.2353775776081795,-0.1338051578721781,-0.13380515787217812,-0.133805157872178,-0.13380515787217803,-1.0772191060811471,-1.0772191060811471,0.9761766079936257,0.9761766079936257,0.9761766079936258,0.3724332142735836,0.3724332142735836,1.3259341118440988,1.325934111844099,-0.7137712880536509,-0.7137712880536509,-0.26100353245516306,-0.26100353245516306,-0.2533723166886974,-0.2533723166886973,-0.48348692889846406,-0.40083351710296133,-0.40083351710296133,-0.4008335171029614,-0.4008335171029614,-0.5966537398390945,-0.31977063540430195,-0.3197706354043019,-0.5966537398390945,-0.5966537398390946,-0.3459528910392444,-0.3459528910392443,-0.3991168347019628,-0.39911683470196285,-0.39911683470196285,-0.3991168347019628,-0.3991168347019628,-0.7137712880536509,-0.7137712880536509,0.39911683470196363,0.3991168347019628,-0.39911683470196285,-0.39911683470196285,-0.3991168347019628,-1.2378689833020207,-1.2378689833020207,-0.3459528910392443,0.13118690211694967,0.1296598063993,0,2020-10-30
-0.1169032949802843,-0.11690329498028425,-0.5629754264939557,-0.5629754264939558,-0.5629754264939557,-0.5629754264939558,-1.0772191060811471,-1.0772191060811471,0.9761766079936257,0.9761766079936257,0.9761766079936258,-0.00049612478611147,-0.000496124786111486,1.3019134031326052,1.3019134031326052,-0.19335507095286766,-0.19335507095286777,-0.26100353245516306,-0.26100353245516306,-0.2533723166886974,-0.2533723166886973,-0.5675480270235879,-0.40083351710296133,-0.40083351710296133,-0.4008335171029614,-0.4008335171029614,0.9761766079936257,-0.31977063540430195,-0.3197706354043019,0.9761766079936257,0.9761766079936257,-0.3459528910392444,-0.3459528910392443,-0.3991168347019628,-0.39911683470196285,-0.39911683470196285,-0.3991168347019628,-0.3991168347019628,-0.19335507095286772,-0.19335507095286777,0.39911683470196363,0.3991168347019628,-0.39911683470196285,-0.39911683470196285,-0.3991168347019628,-0.9452004971865248,-0.9452004971865245,-0.3459528910392443,0.13118690211694967,0.1296598063993,1,2020-11-02
-0.21091699843746087,-0.21091699843746078,-0.6863513863278363,-0.6863513863278364,-0.6863513863278363,-0.6863513863278364,-1.0772191060811471,-1.0772191060811471,0.9761766079936257,0.9761766079936257,0.9761766079936258,-0.00049612478611147,-0.000496124786111486,1.2380717612521777,1.238071761252178,-0.19335507095286766,-0.19335507095286777,-0.26100353245516306,-0.26100353245516306,-0.2533723166886974,-0.2533723166886973,-0.3764418901596579,-0.40083351710296133,-0.40083351710296133,-0.4008335171029614,-0.4008335171029614,0.9761766079936257,-0.31977063540430195,-0.3197706354043019,0.9761766079936257,0.9761766079936257,-0.3459528910392444,-0.3459528910392443,-0.3991168347019628,-0.39911683470196285,-0.39911683470196285,-0.3991168347019628,-0.3991168347019628,-0.19335507095286772,-0.19335507095286777,0.39911683470196363,0.3991168347019628,-0.39911683470196285,-0.39911683470196285,-0.3991168347019628,-1.0463568436823683,-1.0463568436823687,-0.3459528910392443,0.13118690211694967,0.1296598063993,1,2020-11-03
0.23662025165246764,0.23662025165246758,-0.014501404266263606,-0.014501404266263632,-0.014501404266263554,-0.014501404266263571,0.928316249085049,0.928316249085049,-0.5966537398390945,-0.5966537398390945,-0.5966537398390946,-0.0938682381638762,-0.09386823816387567,1.704374400427235,1.7043744004272348,-0.19335507095286766,-0.19335507095286777,-0.26100353245516306,-0.26100353245516306,-0.2533723166886974,-0.2533723166886973,0.7079204647094154,-0.40083351710296133,-0.40083351710296133,-0.4008335171029614,-0.4008335171029614,0.9761766079936257,0.35198039599574826,0.35198039599574843,0.9761766079936257,0.9761766079936257,-0.17191632646848753,-0.17191632646848753,0.6695939525217529,-0.39911683470196285,-0.39911683470196285,-0.3991168347019628,-0.3991168347019628,-0.19335507095286772,-0.19335507095286777,-0.6695939525217518,-0.6695939525217527,0.669593952521753,0.669593952521753,0.6695939525217529,1.0343208433330249,1.0343208433330249,-0.17191632646848753,1.2264228306865435,1.2254122879306393,1,2020-11-04
0.5597906254705193,0.5597906254705192,0.6352543011566494,0.6352543011566495,0.6352543011566493,0.6352543011566497,0.928316249085049,0.928316249085049,1.7625917819099859,1.7625917819099859,1.7625917819099859,2.1425895672915667,2.1425895672915667,1.5559690653320626,1.5559690653320626,-0.32365418378020017,-0.3236541837802002,-0.26100353245516306,-0.26100353245516306,-0.2533723166886974,-0.2533723166886973,1.003877756320989,-0.40083351710296133,-0.40083351710296133,-0.4008335171029614,-0.4008335171029614,-0.5966537398390945,5.501623802708534,5.501623802708535,-0.5966537398390945,-0.5966537398390946,1.5700172162171944,1.5700172162171946,-0.3991168347019628,0.6695939525217529,0.6695939525217529,0.6695939525217529,0.6695939525217529,-0.3236541837802003,-0.3236541837802002,0.39911683470196363,0.3991168347019628,-0.39911683470196285,-0.39911683470196285,-0.3991168347019628,0.665377812075118,0.665377812075118,1.5700172162171946,0.18594869854542936,0.1296598063993,0,2020-11-05
0.22794133907784758,0.22794133907784758,0.95421339260758,0.9542133926075798,0.9542133926075798,0.95421339260758,0.928316249085049,0.928316249085049,-0.5966537398390945,-0.5966537398390945,-0.5966537398390946,-2.4231390425457207,-2.42313904254572,0.6246563833222687,0.6246563833222686,2.666983537580072,2.666983537580072,-0.26100353245516306,-0.26100353245516306,-0.2533723166886974,-0.2533723166886973,0.8568852325203086,0.6603836237898931,0.6603836237898931,0.6603836237898931,0.6603836237898931,1.7625917819099859,-0.31977063540430195,-0.3197706354043019,1.7625917819099859,1.762591781909986,-0.694548652506796,-0.694548652506796,-0.3991168347019628,-0.39911683470196285,-0.39911683470196285,-0.3991168347019628,-0.3991168347019628,2.6669835375800726,2.666983537580072,0.39911683470196363,0.3991168347019628,-0.39911683470196285,-0.39911683470196285,-0.3991168347019628,1.6643501781508823,1.6643501781508823,-0.694548652506796,-0.9640490264526441,-0.9660926751320393,0,2020-11-06
-0.04726126901011332,-0.04726126901011333,0.6078932298057748,0.6078932298057746,0.6078932298057745,0.6078932298057746,0.928316249085049,0.928316249085049,-0.5966537398390945,-0.5966537398390945,-0.5966537398390946,-0.00049612478611147,-0.000496124786111486,1.2919921989787617,1.291992198978762,-0.7137712880536509,-0.7137712880536509,-0.26100353245516306,-0.26100353245516306,-0.2533723166886974,-0.2533723166886973,0.08837567730613913,-0.40083351710296133,-0.40083351710296133,-0.4008335171029614,-0.4008335171029614,-0.5966537398390945,-0.31977063540430195,-0.3197706354043019,-0.5966537398390945,-0.5966537398390946,-0.694548652506796,-0.694548652506796,-0.3991168347019628,-0.39911683470196285,-0.39911683470196285,-0.3991168347019628,-0.3991168347019628,-0.7137712880536509,-0.7137712880536509,0.39911683470196363,0.3991168347019628,-0.39911683470196285,-0.39911683470196285,-0.3991168347019628,0.927776546134363,0.927776546134363,-0.694548652506796,-0.9640490264526441,-0.9660926751320393,0,2020-11-09
-0.5497272802333614,-0.5497272802333613,0.13381295046855435,0.13381295046855407,0.13381295046855432,0.13381295046855407,0.928316249085049,0.928316249085049,0.9761766079936257,0.9761766079936257,0.9761766079936258,1.7741331438427828,1.7741331438427828,1.441503438110717,1.4415034381107172,-0.7137712880536509,-0.7137712880536509,-0.26100353245516306,-0.26100353245516306,-0.2533723166886974,-0.2533723166886973,-0.23126855407642039,-0.40083351710296133,-0.40083351710296133,-0.4008335171029614,-0.4008335171029614,-0.5966537398390945,3.944504911923217,3.9445049119232176,-0.5966537398390945,-0.5966537398390946,2.623121353184386,2.6231213531843864,2.0799294044025545,-0.39911683470196285,-0.39911683470196285,-0.3991168347019628,-0.3991168347019628,-0.7137712880536509,-0.7137712880536509,-2.079929404402554,-2.079929404402555,2.079929404402555,2.079929404402555,2.0799294044025545,0.324873861093931,0.32487386109393096,2.6231213531843864,1.2811846271150231,1.2254122879306393,1,2020-11-10
0.2579329325661415,0.25793293256614147,-0.054727168164288034,-0.054727168164288055,-0.054727168164288034,-0.054727168164287916,-1.0772191060811471,-1.0772191060811471,-0.5966537398390945,-0.5966537398390945,-0.5966537398390946,-1.7751253934150057,-1.7751253934150055,0.2658887561434965,0.2658887561434966,1.7626920898742136,1.7626920898742138,-0.26100353245516306,-0.26100353245516306,-0.2533723166886974,-0.2533723166886973,-0.03300174772280003,-0.40083351710296133,-0.40083351710296133,-0.4008335171029614,-0.4008335171029614,0.9761766079936257,-0.31977063540430195,-0.3197706354043019,0.9761766079936257,0.9761766079936257,-0.694548652506796,-0.694548652506796,-0.3991168347019628,2.0799294044025545,2.0799294044025545,2.0799294044025545,2.0799294044025545,1.762692089874214,1.7626920898742138,0.39911683470196363,0.3991168347019628,-0.39911683470196285,-0.39911683470196285,-0.3991168347019628,-0.6583345744415606,-0.6583345744415606,-0.694548652506796,-0.9640490264526441,-0.9660926751320393,0,2020-11-11
-0.3472666211739065,-0.3472666211739064,-0.2332931202940488,-0.23329312029404883,-0.2332931202940487,-0.23329312029404886,-1.0772191060811471,-1.0772191060811471,0.9761766079936257,0.9761766079936257,0.9761766079936258,2.4221467929734977,2.422146792973497,-0.057777448937559636,-0.05777744893755952,-0.7137712880536509,-0.7137712880536509,-0.26100353245516306,-0.26100353245516306,3.946761086881632,3.9467610868816316,-0.12733548982453094,2.060830006326008,2.060830006326008,2.060830006326008,2.060830006326008,-0.5966537398390945,5.501623802708534,5.501623802708535,-0.5966537398390945,-0.5966537398390946,1.5700172162171944,1.5700172162171946,-0.3991168347019628,-0.39911683470196285,-0.39911683470196285,-0.3991168347019628,-0.3991168347019628,-0.7137712880536509,-0.7137712880536509,0.39911683470196363,0.3991168347019628,-0.39911683470196285,-0.39911683470196285,-0.3991168347019628,-1.0920085638826698,-1.09200856388267,1.5700172162171946,0.18594869854542936,0.1296598063993,1,2020-11-12
0.48111327436537327,0.4811132743653732,-0.2884121174693428,-0.2884121174693428,-0.28841211746934264,-0.2884121174693428,-1.0772191060811471,-1.0772191060811471,2.549006955826346,2.549006955826346,2.5490069558263464,-1.0253529141360687,-1.0253529141360682,0.026695391435161635,0.026695391435161763,2.666983537580072,2.666983537580072,-0.26100353245516306,-0.26100353245516306,3.946761086881632,3.9467610868816316,-0.05903899071407405,-0.40083351710296133,-0.40083351710296133,-0.4008335171029614,-0.4008335171029614,0.9761766079936257,3.0389845215959497,3.0389845215959497,0.9761766079936257,0.9761766079936257,1.9186129776847458,1.9186129776847463,3.5204971274919474,-0.39911683470196285,-0.39911683470196285,-0.3991168347019628,-0.3991168347019628,2.6669835375800726,2.666983537580072,-3.5204971274919465,-3.520497127491948,3.5204971274919474,3.5204971274919474,3.5204971274919474,-0.9340111763536235,-0.9340111763536235,1.9186129776847463,1.2811846271150231,1.2254122879306393,1,2020-11-13
0.648183175231736,0.648183175231736,-0.25807880828384455,-0.25807880828384455,-0.25807880828384444,-0.2580788082838446,-1.0772191060811471,-1.0772191060811471,1.7625917819099859,1.7625917819099859,1.7625917819099859,1.0243606645638454,1.0243606645638452,-0.6014015535725387,-0.6014015535725385,1.236814233313602,1.236814233313602,-0.26100353245516306,-0.26100353245516306,-0.2533723166886974,-0.2533723166886973,-0.0007845254835499789,-0.40083351710296133,-0.40083351710296133,-0.4008335171029614,-0.4008335171029614,2.549006955826346,5.501623802708534,5.501623802708535,2.549006955826346,2.549006955826346,1.5700172162171944,1.5700172162171946,-0.3991168347019628,3.5204971274919474,3.5204971274919474,3.520497127491947,3.520497127491947,1.2368142333136023,1.236814233313602,0.39911683470196363,0.3991168347019628,-0.39911683470196285,-0.39911683470196285,-0.3991168347019628,-0.07253447078879541,-0.07253447078879535,1.5700172162171946,0.18594869854542936,0.1296598063993,0,2020-11-16
0.29929335771282045,0.2992933577128203,-0.3712645856300847,-0.37126458563008446,-0.3712645856300846,-0.3712645856300845,-1.0772191060811471,-1.0772191060811471,-0.5966537398390945,-0.5966537398390945,-0.5966537398390946,-1.2970825374989046,-1.2970825374989046,-0.7810013155364179,-0.7810013155364178,2.666983537580072,2.666983537580072,-0.26100353245516306,-0.26100353245516306,-0.2533723166886974,-0.2533723166886973,-0.22400296040889595,3.491296675733207,3.491296675733207,3.491296675733207,3.491296675733207,1.7625917819099859,2.3860425190751005,2.3860425190751005,1.7625917819099859,1.762591781909986,0.3580328521343571,0.35803285213435715,-0.3991168347019628,-0.39911683470196285,-0.39911683470196285,-0.3991168347019628,-0.3991168347019628,2.6669835375800726,2.666983537580072,0.39911683470196363,0.3991168347019628,-0.39911683470196285,-0.39911683470196285,-0.3991168347019628,0.060249372346619604,0.060249372346619534,0.35803285213435715,0.13118690211694967,0.1296598063993,0,2020-11-17
-0.7230193625210025,-0.7230193625210024,-0.5371556971004419,-0.537155697100442,-0.5371556971004419,-0.537155697100442,-1.0772191060811471,-1.0772191060811471,1.7625917819099859,1.7625917819099859,1.7625917819099859,1.2960902879266818,1.2960902879266816,-0.8686999933805715,-0.8686999933805712,0.8576204079598082,0.8576204079598081,-0.26100353245516306,-0.26100353245516306,-0.2533723166886974,-0.2533723166886973,-0.3629614867394232,-0.40083351710296133,-0.40083351710296133,-0.4008335171029614,-0.4008335171029614,-0.5966537398390945,5.501623802708534,5.501623802708535,-0.5966537398390945,-0.5966537398390946,1.5700172162171944,1.5700172162171946,-0.3991168347019628,-0.39911683470196285,-0.39911683470196285,-0.3991168347019628,-0.3991168347019628,0.8576204079598081,0.8576204079598081,0.39911683470196363,0.3991168347019628,-0.39911683470196285,-0.39911683470196285,-0.3991168347019628,-0.3303668233032453,-0.3303668233032453,1.5700172162171946,0.18594869854542936,0.1296598063993,1,2020-11-18
-0.9514606560933092,-0.9514606560933093,-0.5948909604631918,-0.5948909604631919,-0.5948909604631918,-0.5948909604631919,-1.0772191060811471,-1.0772191060811471,-0.5966537398390945,-0.5966537398390945,-0.5966537398390946,-2.4231390425457207,-2.42313904254572,-0.8490870483685572,-0.849087048368557,2.666983537580072,2.666983537580072,-0.26100353245516306,-0.26100353245516306,-0.2533723166886974,-0.2533723166886973,-0.2997820710644815,-0.40083351710296133,-0.40083351710296133,-0.4008335171029614,-0.4008335171029614,1.7625917819099859,-0.31977063540430195,-0.3197706354043019,1.7625917819099859,1.762591781909986,-0.694548652506796,-0.694548652506796,-0.3991168347019628,-0.39911683470196285,-0.39911683470196285,-0.3991168347019628,-0.3991168347019628,2.6669835375800726,2.666983537580072,0.39911683470196363,0.3991168347019628,-0.39911683470196285,-0.39911683470196285,-0.3991168347019628,-0.20090677665336504,-0.200906776653365,-0.694548652506796,0.07642510568846998,0.1296598063993,0,2020-11-19
-1.0311928999595332,-1.0311928999595332,-0.7187454990887919,-0.718745499088792,-0.7187454990887919,-0.7187454990887923,-1.0772191060811471,-1.0772191060811471,0.9761766079936257,0.9761766079936257,0.9761766079936258,0.3724332142735836,0.3724332142735836,-0.871193184460504,-0.8711931844605038,-0.7137712880536509,-0.7137712880536509,-0.26100353245516306,-0.26100353245516306,-0.2533723166886974,-0.2533723166886973,-0.42896226180750463,-0.40083351710296133,-0.40083351710296133,-0.4008335171029614,-0.4008335171029614,-0.5966537398390945,0.5763452404833651,0.5763452404833651,-0.5966537398390945,-0.5966537398390946,-0.3459528910392444,-0.3459528910392443,-0.3991168347019628,-0.39911683470196285,-0.39911683470196285,-0.3991168347019628,-0.3991168347019628,-0.7137712880536509,-0.7137712880536509,0.39911683470196363,0.3991168347019628,-0.39911683470196285,-0.39911683470196285,-0.3991168347019628,-0.4800499492245077,-0.4800499492245078,-0.3459528910392443,0.13118690211694967,0.1296598063993,0,2020-11-20
-0.5356263420941503,-0.5356263420941503,-0.8112937193402695,-0.8112937193402694,-0.8112937193402695,-0.8112937193402695,-1.0772191060811471,-1.0772191060811471,-0.5966537398390945,-0.5966537398390945,-0.5966537398390946,-0.3734254638458066,-0.3734254638458066,-1.023504246693975,-1.0235042466939748,-0.19335507095286766,-0.19335507095286777,-0.26100353245516306,-0.26100353245516306,-0.2533723166886974,-0.2533723166886973,-0.4728164187573147,-0.40083351710296133,-0.40083351710296133,-0.4008335171029614,-0.4008335171029614,0.9761766079936257,-0.31977063540430195,-0.3197706354043019,0.9761766079936257,0.9761766079936257,-0.694548652506796,-0.694548652506796,-0.3991168347019628,-0.39911683470196285,-0.39911683470196285,-0.3991168347019628,-0.3991168347019628,-0.19335507095286772,-0.19335507095286777,0.39911683470196363,0.3991168347019628,-0.39911683470196285,-0.39911683470196285,-0.3991168347019628,-0.6555788664184841,-0.6555788664184841,-0.694548652506796,-0.9640490264526441,-0.9660926751320393,1,2020-11-23
0.07165901360226543,0.07165901360226541,-0.5571321291462621,-0.5571321291462622,-0.5571321291462622,-0.5571321291462622,-1.0772191060811471,-1.0772191060811471,-0.5966537398390945,-0.5966537398390945,-0.5966537398390946,-0.00049612478611147,-0.000496124786111486,-0.41869346853637157,-0.4186934685363715,-0.7137712880536509,-0.7137712880536509,-0.26100353245516306,-0.26100353245516306,-0.2533723166886974,-0.2533723166886973,-0.016164003414777302,-0.40083351710296133,-0.40083351710296133,-0.4008335171029614,-0.4008335171029614,-0.5966537398390945,-0.31977063540430195,-0.3197706354043019,-0.5966537398390945,-0.5966537398390946,-0.694548652506796,-0.694548652506796,-0.3991168347019628,-0.39911683470196285,-0.39911683470196285,-0.3991168347019628,-0.3991168347019628,-0.7137712880536509,-0.7137712880536509,0.39911683470196363,0.3991168347019628,-0.39911683470196285,-0.39911683470196285,-0.3991168347019628,0.023050695335362397,0.023050695335362494,-0.694548652506796,-0.9640490264526441,-0.9660926751320393,0,2020-11-24
-0.1516578164623303,-0.1516578164623302,-0.4201974594466613,-0.4201974594466613,-0.4201974594466612,-0.42019745944666137,-1.0772191060811471,-1.0772191060811471,-0.5966537398390945,-0.5966537398390945,-0.5966537398390946,0.8420893534192267,0.8420893534192267,-0.4689713792676786,-0.46897137926767857,-0.7137712880536509,-0.7137712880536509,-0.26100353245516306,-0.26100353245516306,-0.2533723166886974,-0.2533723166886973,-0.10571507928436073,-0.40083351710296133,-0.40083351710296133,-0.4008335171029614,-0.4008335171029614,-0.5966537398390945,1.7048869732354497,1.70488697323545,-0.5966537398390945,-0.5966537398390946,0.8806651781726657,0.8806651781726657,0.6847100881260487,-0.39911683470196285,-0.39911683470196285,-0.3991168347019628,-0.3991168347019628,-0.7137712880536509,-0.7137712880536509,-0.6847100881260477,-0.6847100881260485,0.6847100881260487,0.6847100881260487,0.6847100881260487,0.11906856889699077,0.11906856889699075,0.8806651781726657,1.2264228306865435,1.2254122879306393,1,2020-11-25
-0.0026671824263710202,-0.002667182426370985,-0.24646680995781187,-0.24646680995781178,-0.24646680995781184,-0.24646680995781176,-1.0772191060811471,-1.0772191060811471,-0.5966537398390945,-0.5966537398390945,-0.5966537398390946,-0.28396715162758895,-0.2839671516275883,-0.45938241015056025,-0.4593824101505602,0.46204166422652937,0.46204166422652926,-0.26100353245516306,-0.26100353245516306,-0.2533723166886974,-0.2533723166886973,0.017204041699175478,-0.40083351710296133,-0.40083351710296133,-0.4008335171029614,-0.4008335171029614,-0.5966537398390945,-0.31977063540430195,-0.3197706354043019,-0.5966537398390945,-0.5966537398390946,-0.17191632646848753,-0.17191632646848753,-0.3991168347019628,0.6847100881260487,0.6847100881260487,0.6847100881260487,0.6847100881260487,0.46204166422652926,0.46204166422652926,0.39911683470196363,0.3991168347019628,-0.39911683470196285,-0.39911683470196285,-0.3991168347019628,0.18783239840631819,0.18783239840631816,-0.17191632646848753,0.13118690211694967,0.1296598063993,0,2020-11-27
-0.11435047136688271,-0.11435047136688267,-0.1587508440858917,-0.15875084408589174,-0.15875084408589166,-0.15875084408589168,-1.0772191060811471,-1.0772191060811471,-0.5966537398390945,-0.5966537398390945,-0.5966537398390946,-0.5596105761499722,-0.5596105761499723,-0.5504140505862104,-0.5504140505862103,0.06646292049325045,0.0664629204932504,-0.26100353245516306,-0.26100353245516306,-0.2533723166886974,-0.2533723166886973,-0.06236171990276192,0.6753937672254355,0.6753937672254355,0.6753937672254355,0.6753937672254355,-0.5966537398390945,-0.31977063540430195,-0.3197706354043019,-0.5966537398390945,-0.5966537398390946,-0.694548652506796,-0.694548652506796,-0.3991168347019628,-0.39911683470196285,-0.39911683470196285,-0.3991168347019628,-0.3991168347019628,0.0664629204932504,0.0664629204932504,0.39911683470196363,0.3991168347019628,-0.39911683470196285,-0.39911683470196285,-0.3991168347019628,0.3260965334214053,0.32609653342140527,-0.694548652506796,-0.9640490264526441,-0.9660926751320393,1,2020-11-30
0.19325832275890423,0.19325832275890417,0.2128753894566708,0.21287538945667078,0.21287538945667073,0.21287538945667084,0.928316249085049,0.928316249085049,-0.5966537398390945,-0.5966537398390945,-0.5966537398390946,0.8420893534192267,0.8420893534192267,-0.3708615333120977,-0.3708615333120976,-0.7137712880536509,-0.7137712880536509,-0.26100353245516306,-0.26100353245516306,-0.2533723166886974,-0.2533723166886973,0.36583118237911955,-0.40083351710296133,-0.40083351710296133,-0.4008335171029614,-0.4008335171029614,-0.5966537398390945,-0.31977063540430195,-0.3197706354043019,-0.5966537398390945,-0.5966537398390946,0.8806651781726657,0.8806651781726657,0.6847100881260487,-0.39911683470196285,-0.39911683470196285,-0.3991168347019628,-0.3991168347019628,-0.7137712880536509,-0.7137712880536509,-0.6847100881260477,-0.6847100881260485,0.6847100881260487,0.6847100881260487,0.6847100881260487,0.9412886903261952,0.9412886903261952,0.8806651781726657,1.2264228306865435,1.2254122879306393,1,2020-12-01
0.40091513450526006,0.40091513450525995,0.4597235891343459,0.45972358913434613,0.45972358913434597,0.4597235891343463,0.928316249085049,0.928316249085049,-0.5966537398390945,-0.5966537398390945,-0.5966537398390946,-0.28396715162758895,-0.2839671516275883,-0.5321765778296347,-0.5321765778296346,0.46204166422652937,0.46204166422652926,-0.26100353245516306,-0.26100353245516306,-0.2533723166886974,-0.2533723166886973,0.3567536464180705,-0.40083351710296133,-0.40083351710296133,-0.4008335171029614,-0.4008335171029614,-0.5966537398390945,-0.31977063540430195,-0.3197706354043019,-0.5966537398390945,-0.5966537398390946,-0.17191632646848753,-0.17191632646848753,-0.3991168347019628,0.6847100881260487,0.6847100881260487,0.6847100881260487,0.6847100881260487,0.46204166422652926,0.46204166422652926,0.39911683470196363,0.3991168347019628,-0.39911683470196285,-0.39911683470196285,-0.3991168347019628,0.49787704440271835,0.4978770444027184,-0.17191632646848753,0.13118690211694967,0.1296598063993,0,2020-12-02
0.29663374658805086,0.2966337465880508,0.3963049108076209,0.3963049108076209,0.39630491080762087,0.396304910807621,0.928316249085049,0.928316249085049,0.9761766079936257,0.9761766079936257,0.9761766079936258,1.8630323416096366,1.8630323416096364,-0.3155574132307898,-0.3155574132307896,0.06646292049325045,0.0664629204932504,-0.26100353245516306,-0.26100353245516306,-0.2533723166886974,-0.2533723166886973,0.0803786035962526,0.6753937672254355,0.6753937672254355,0.6753937672254355,0.6753937672254355,-0.5966537398390945,-0.31977063540430195,-0.3197706354043019,-0.5966537398390945,-0.5966537398390946,1.5700172162171944,1.5700172162171946,-0.3991168347019628,-0.39911683470196285,-0.39911683470196285,-0.3991168347019628,-0.3991168347019628,0.0664629204932504,0.0664629204932504,0.39911683470196363,0.3991168347019628,-0.39911683470196285,-0.39911683470196285,-0.3991168347019628,0.261754354391344,0.261754354391344,1.5700172162171946,0.18594869854542936,0.1296598063993,0,2020-12-03
0.16558822564030035,0.16558822564030026,0.25634305156173465,0.25634305156173465,0.2563430515617346,0.2563430515617347,0.928316249085049,0.928316249085049,1.7625917819099859,1.7625917819099859,1.7625917819099859,-1.0538677511556251,-1.0538677511556251,-0.2839034458596827,-0.2839034458596826,2.666983537580072,2.666983537580072,-0.26100353245516306,-0.26100353245516306,-0.2533723166886974,-0.2533723166886973,0.008751734636026864,-0.40083351710296133,-0.40083351710296133,-0.4008335171029614,-0.4008335171029614,0.9761766079936257,-0.31977063540430195,-0.3197706354043019,0.9761766079936257,0.9761766079936257,3.1452310468966562,3.145231046896656,2.184230740072196,-0.39911683470196285,-0.39911683470196285,-0.3991168347019628,-0.3991168347019628,2.6669835375800726,2.666983537580072,-2.184230740072196,-2.1842307400721968,2.184230740072196,2.184230740072196,2.184230740072196,0.020342011600766277,0.020342011600766294,3.145231046896656,2.3764205556846165,2.321164769461979,1,2020-12-04
0.5522838361972162,0.5522838361972161,0.3387461881003125,0.3387461881003125,0.33874618810031243,0.33874618810031243,0.928316249085049,0.928316249085049,-0.5966537398390945,-0.5966537398390945,-0.5966537398390946,-1.3697674161762068,-1.3697674161762066,-0.2023393209276507,-0.20233932092765056,1.19702228867771,1.1970222886777102,-0.26100353245516306,-0.26100353245516306,-0.2533723166886974,-0.2533723166886973,0.3321199520830112,-0.40083351710296133,-0.40083351710296133,-0.4008335171029614,-0.4008335171029614,1.7625917819099859,-0.31977063540430195,-0.3197706354043019,1.7625917819099859,1.762591781909986,-0.694548652506796,-0.694548652506796,-0.3991168347019628,2.184230740072196,2.184230740072196,2.184230740072196,2.184230740072196,1.1970222886777104,1.1970222886777102,0.39911683470196363,0.3991168347019628,-0.39911683470196285,-0.39911683470196285,-0.3991168347019628,0.38876730510344104,0.388767305103441,-0.694548652506796,0.13118690211694967,0.1296598063993,0,2020-12-07
0.5170114866976419,0.5170114866976417,0.2907317567718231,0.2907317567718231,0.29073175677182306,0.29073175677182317,0.928316249085049,0.928316249085049,2.549006955826346,2.549006955826346,2.5490069558263464,0.43449491837497206,0.4344949183749721,-0.5667341179802017,-0.5667341179802016,-0.7137712880536509,-0.7137712880536509,0.8112135407985825,0.8112135407985824,-0.2533723166886974,-0.2533723166886973,0.2075818739089821,2.1643999960312508,2.1643999960312508,2.1643999960312508,2.1643999960312508,-0.5966537398390945,-0.31977063540430195,-0.3197706354043019,-0.5966537398390945,-0.5966537398390946,0.5252751964666159,0.5252751964666159,-0.10888703109948272,-0.39911683470196285,-0.39911683470196285,-0.3991168347019628,-0.3991168347019628,-0.7137712880536509,-0.7137712880536509,0.10888703109948361,0.10888703109948286,-0.10888703109948275,-0.10888703109948275,-0.10888703109948272,-0.2496619287088953,-0.24966192870889528,0.5252751964666159,2.321658759256137,2.321164769461979,0,2020-12-08
-0.07423326507132805,-0.074233265071328,0.054415740244305365,0.054415740244305344,0.054415740244305476,0.05441574024430546,0.928316249085049,0.928316249085049,-0.5966537398390945,-0.5966537398390945,-0.5966537398390946,0.2952754199853709,0.2952754199853709,-0.49475272190183717,-0.49475272190183706,-0.10674907380416168,-0.10674907380416176,1.540266023769317,1.5402660237693169,-0.2533723166886974,-0.2533723166886973,-0.08875231066339298,-0.40083351710296133,-0.40083351710296133,-0.4008335171029614,-0.4008335171029614,2.549006955826346,-0.31977063540430195,-0.3197706354043019,2.549006955826346,2.549006955826346,1.3546926978894112,1.3546926978894114,1.3135413292647555,-0.10888703109948278,-0.10888703109948278,-0.10888703109948274,-0.10888703109948274,-0.10674907380416172,-0.10674907380416176,-1.313541329264754,-1.313541329264755,1.3135413292647558,1.3135413292647558,1.3135413292647555,-0.5894521976382224,-0.5894521976382224,1.3546926978894114,2.3764205556846165,2.321164769461979,0,2020-12-09
-0.052237029604634284,-0.05223702960463429,-0.1340651893146237,-0.13406518931462383,-0.1340651893146236,-0.13406518931462377,-1.0772191060811471,-1.0772191060811471,-0.5966537398390945,-0.5966537398390945,-0.5966537398390946,-0.7312587127186776,-0.7312587127186775,-0.5900083300754283,-0.5900083300754283,0.3059948225171492,0.3059948225171491,-0.26100353245516306,-0.26100353245516306,-0.2533723166886974,-0.2533723166886973,-0.13155044820408088,-0.11263876314054547,-0.11263876314054547,-0.11263876314054545,-0.11263876314054545,-0.5966537398390945,-0.31977063540430195,-0.3197706354043019,-0.5966537398390945,-0.5966537398390946,-0.694548652506796,-0.694548652506796,-0.3991168347019628,1.3135413292647555,1.3135413292647555,1.3135413292647555,1.3135413292647555,0.3059948225171491,0.3059948225171491,0.39911683470196363,0.3991168347019628,-0.39911683470196285,-0.39911683470196285,-0.3991168347019628,-0.3374963266816356,-0.3374963266816356,-0.694548652506796,-0.9640490264526441,-0.9660926751320393,0,2020-12-10
-0.28899292328539056,-0.28899292328539045,-0.3733884206810661,-0.3733884206810661,-0.37338842068106604,-0.3733884206810661,-1.0772191060811471,-1.0772191060811471,-0.5966537398390945,-0.5966537398390945,-0.5966537398390946,-0.00049612478611147,-0.000496124786111486,-0.5586194476214371,-0.558619447621437,-0.7137712880536509,-0.7137712880536509,-0.26100353245516306,-0.26100353245516306,-0.2533723166886974,-0.2533723166886973,-0.3113070590226938,1.2998157341440033,1.2998157341440033,1.2998157341440035,1.2998157341440035,-0.5966537398390945,-0.31977063540430195,-0.3197706354043019,-0.5966537398390945,-0.5966537398390946,-0.694548652506796,-0.694548652506796,-0.3991168347019628,-0.39911683470196285,-0.39911683470196285,-0.3991168347019628,-0.3991168347019628,-0.7137712880536509,-0.7137712880536509,0.39911683470196363,0.3991168347019628,-0.39911683470196285,-0.39911683470196285,-0.3991168347019628,-0.41647699470001304,-0.41647699470001304,-0.694548652506796,-0.9640490264526441,-0.9660926751320393,1,2020-12-11
-0.2289471306446027,-0.22894713064460265,-0.4930187016234664,-0.4930187016234664,-0.49301870162346634,-0.49301870162346645,-1.0772191060811471,-1.0772191060811471,-0.5966537398390945,-0.5966537398390945,-0.5966537398390946,-0.00049612478611147,-0.000496124786111486,-0.9522883491129306,-0.9522883491129305,-0.7137712880536509,-0.7137712880536509,-0.26100353245516306,-0.26100353245516306,-0.2533723166886974,-0.2533723166886973,-0.2713642589941078,-0.40083351710296133,-0.40083351710296133,-0.4008335171029614,-0.4008335171029614,-0.5966537398390945,-0.31977063540430195,-0.3197706354043019,-0.5966537398390945,-0.5966537398390946,-0.694548652506796,-0.694548652506796,-0.3991168347019628,-0.39911683470196285,-0.39911683470196285,-0.3991168347019628,-0.3991168347019628,-0.7137712880536509,-0.7137712880536509,0.39911683470196363,0.3991168347019628,-0.39911683470196285,-0.39911683470196285,-0.3991168347019628,-0.6879943615422698,-0.6879943615422698,-0.694548652506796,-0.9640490264526441,-0.9660926751320393,1,2020-12-14
-0.5503211356860037,-0.5503211356860036,-0.5066549813759811,-0.5066549813759811,-0.506654981375981,-0.5066549813759811,-1.0772191060811471,-1.0772191060811471,-0.5966537398390945,-0.5966537398390945,-0.5966537398390946,1.1255603802607044,1.1255603802607042,-0.8486183909310311,-0.848618390931031,-0.7137712880536509,-0.7137712880536509,2.514632952805818,2.5146329528058184,-0.2533723166886974,-0.2533723166886973,-0.19263414434664305,-0.40083351710296133,-0.40083351710296133,-0.4008335171029614,-0.4008335171029614,-0.5966537398390945,-0.31977063540430195,-0.3197706354043019,-0.5966537398390945,-0.5966537398390946,0.3580328521343571,0.35803285213435715,-0.3991168347019628,-0.39911683470196285,-0.39911683470196285,-0.3991168347019628,-0.3991168347019628,-0.7137712880536509,-0.7137712880536509,0.39911683470196363,0.3991168347019628,-0.39911683470196285,-0.39911683470196285,-0.3991168347019628,-0.5031294339695448,-0.5031294339695448,0.35803285213435715,0.13118690211694967,0.1296598063993,1,2020-12-15
-0.5823642430082058,-0.5823642430082057,-0.4927669397455201,-0.4927669397455201,-0.49276693974551994,-0.49276693974552016,-1.0772191060811471,-1.0772191060811471,-0.5966537398390945,-0.5966537398390945,-0.5966537398390946,-1.126552629832927,-1.126552629832927,-1.0383053388576957,-1.0383053388576955,0.8576204079598082,0.8576204079598081,-0.26100353245516306,-0.26100353245516306,-0.2533723166886974,-0.2533723166886973,-0.18817017878568965,-0.40083351710296133,-0.40083351710296133,-0.4008335171029614,-0.4008335171029614,-0.5966537398390945,-0.31977063540430195,-0.3197706354043019,-0.5966537398390945,-0.5966537398390946,-0.694548652506796,-0.694548652506796,-0.3991168347019628,-0.39911683470196285,-0.39911683470196285,-0.3991168347019628,-0.3991168347019628,0.8576204079598081,0.8576204079598081,0.39911683470196363,0.3991168347019628,-0.39911683470196285,-0.39911683470196285,-0.3991168347019628,-0.20570767263614134,-0.20570767263614123,-0.694548652506796,-0.9640490264526441,-0.9660926751320393,0,2020-12-16
-0.4115833194290352,-0.4115833194290352,-0.5043044043516208,-0.5043044043516207,-0.5043044043516208,-0.5043044043516208,-1.0772191060811471,-1.0772191060811471,-0.5966537398390945,-0.5966537398390945,-0.5966537398390946,-0.00049612478611147,-0.000496124786111486,-1.0329381570193432,-1.032938157019343,-0.7137712880536509,-0.7137712880536509,-0.26100353245516306,-0.26100353245516306,-0.2533723166886974,-0.2533723166886973,-0.2558486844096721,-0.40083351710296133,-0.40083351710296133,-0.4008335171029614,-0.4008335171029614,-0.5966537398390945,-0.31977063540430195,-0.3197706354043019,-0.5966537398390945,-0.5966537398390946,-0.694548652506796,-0.694548652506796,-0.3991168347019628,-0.39911683470196285,-0.39911683470196285,-0.3991168347019628,-0.3991168347019628,-0.7137712880536509,-0.7137712880536509,0.39911683470196363,0.3991168347019628,-0.39911683470196285,-0.39911683470196285,-0.3991168347019628,-0.22741130790480343,-0.22741130790480335,-0.694548652506796,-0.9640490264526441,-0.9660926751320393,1,2020-12-17
-0.24891327531298102,-0.24891327531298105,-0.4279800308274562,-0.4279800308274563,-0.42798003082745617,-0.42798003082745634,-1.0772191060811471,-1.0772191060811471,-0.5966537398390945,-0.5966537398390945,-0.5966537398390946,0.27906110089581876,0.2790611008958189,-1.1823070804176887,-1.1823070804176885,-0.7137712880536509,-0.7137712880536509,0.4280819902014858,0.42808199020148574,-0.2533723166886974,-0.2533723166886973,-0.16587389376174363,-0.40083351710296133,-0.40083351710296133,-0.4008335171029614,-0.4008335171029614,-0.5966537398390945,-0.31977063540430195,-0.3197706354043019,-0.5966537398390945,-0.5966537398390946,-0.17191632646848753,-0.17191632646848753,0.6695939525217529,-0.39911683470196285,-0.39911683470196285,-0.3991168347019628,-0.3991168347019628,-0.7137712880536509,-0.7137712880536509,-0.6695939525217518,-0.6695939525217527,0.669593952521753,0.669593952521753,0.6695939525217529,0.0751914512780532,0.0751914512780532,-0.17191632646848753,1.1716610342580638,1.2254122879306393,0,2020-12-18
-0.6228514280883726,-0.6228514280883726,-0.48123783257115554,-0.48123783257115554,-0.4812378325711554,-0.48123783257115565,-1.0772191060811471,-1.0772191060811471,-0.5966537398390945,-0.5966537398390945,-0.5966537398390946,-0.280053350468042,-0.28005335046804186,-0.9758858465191018,-0.9758858465191016,-0.32365418378020017,-0.3236541837802002,-0.26100353245516306,-0.26100353245516306,-0.2533723166886974,-0.2533723166886973,-0.35939938186597425,-0.40083351710296133,-0.40083351710296133,-0.4008335171029614,-0.4008335171029614,-0.5966537398390945,-0.31977063540430195,-0.3197706354043019,-0.5966537398390945,-0.5966537398390946,-0.694548652506796,-0.694548652506796,-0.3991168347019628,0.6695939525217529,0.6695939525217529,0.6695939525217529,0.6695939525217529,-0.3236541837802003,-0.3236541837802002,0.39911683470196363,0.3991168347019628,-0.39911683470196285,-0.39911683470196285,-0.3991168347019628,-0.1603428440506189,-0.16034284405061883,-0.694548652506796,-0.9640490264526441,-0.9660926751320393,0,2020-12-21
-0.7675523266193179,-0.7675523266193178,-0.6805131293738547,-0.6805131293738548,-0.6805131293738547,-0.6805131293738548,-1.0772191060811471,-1.0772191060811471,-0.5966537398390945,-0.5966537398390945,-0.5966537398390946,-0.00049612478611147,-0.000496124786111486,-0.8083200145452365,-0.8083200145452363,-0.7137712880536509,-0.7137712880536509,-0.26100353245516306,-0.26100353245516306,-0.2533723166886974,-0.2533723166886973,-0.6491755783558383,0.6603836237898931,0.6603836237898931,0.6603836237898931,0.6603836237898931,-0.5966537398390945,-0.31977063540430195,-0.3197706354043019,-0.5966537398390945,-0.5966537398390946,-0.694548652506796,-0.694548652506796,-0.3991168347019628,-0.39911683470196285,-0.39911683470196285,-0.3991168347019628,-0.3991168347019628,-0.7137712880536509,-0.7137712880536509,0.39911683470196363,0.3991168347019628,-0.39911683470196285,-0.39911683470196285,-0.3991168347019628,-0.5486914619758239,-0.5486914619758239,-0.694548652506796,-0.9640490264526441,-0.9660926751320393,1,2020-12-22
-0.5152963125189427,-0.5152963125189426,-0.7387385623282549,-0.7387385623282549,-0.738738562328255,-0.738738562328255,-1.0772191060811471,-1.0772191060811471,-0.5966537398390945,-0.5966537398390945,-0.5966537398390946,-0.00049612478611147,-0.000496124786111486,-0.7748120808037716,-0.7748120808037715,-0.7137712880536509,-0.7137712880536509,-0.26100353245516306,-0.26100353245516306,-0.2533723166886974,-0.2533723166886973,-0.5748195452781375,-0.40083351710296133,-0.40083351710296133,-0.4008335171029614,-0.4008335171029614,-0.5966537398390945,-0.31977063540430195,-0.3197706354043019,-0.5966537398390945,-0.5966537398390946,-0.694548652506796,-0.694548652506796,-0.3991168347019628,-0.39911683470196285,-0.39911683470196285,-0.3991168347019628,-0.3991168347019628,-0.7137712880536509,-0.7137712880536509,0.39911683470196363,0.3991168347019628,-0.39911683470196285,-0.39911683470196285,-0.3991168347019628,-0.49895445491200074,-0.4989544549120007,-0.694548652506796,-0.9640490264526441,-0.9660926751320393,0,2020-12-23
-0.5127699810098069,-0.5127699810098066,-0.7606854343091732,-0.7606854343091733,-0.7606854343091732,-0.7606854343091733,-1.0772191060811471,-1.0772191060811471,-0.5966537398390945,-0.5966537398390945,-0.5966537398390946,-0.00049612478611147,-0.000496124786111486,-0.7710950536819021,-0.7710950536819019,-0.7137712880536509,-0.7137712880536509,-0.26100353245516306,-0.26100353245516306,-0.2533723166886974,-0.2533723166886973,-0.5910299836216629,-0.40083351710296133,-0.40083351710296133,-0.4008335171029614,-0.4008335171029614,-0.5966537398390945,-0.31977063540430195,-0.3197706354043019,-0.5966537398390945,-0.5966537398390946,-0.694548652506796,-0.694548652506796,-0.3991168347019628,-0.39911683470196285,-0.39911683470196285,-0.3991168347019628,-0.3991168347019628,-0.7137712880536509,-0.7137712880536509,0.39911683470196363,0.3991168347019628,-0.39911683470196285,-0.39911683470196285,-0.3991168347019628,-0.47422918500386313,-0.4742291850038631,-0.694548652506796,-0.9640490264526441,-0.9660926751320393,1,2020-12-24
0.02779811737799586,0.02779811737799592,-0.41856219351891144,-0.41856219351891144,-0.4185621935189114,-0.41856219351891144,-1.0772191060811471,-1.0772191060811471,0.9761766079936257,0.9761766079936257,0.9761766079936258,0.3724332142735836,0.3724332142735836,-0.1961504583936336,-0.1961504583936334,-0.7137712880536509,-0.7137712880536509,0.6582365547688065,0.6582365547688065,-0.2533723166886974,-0.2533723166886973,-0.09368177924127727,-0.40083351710296133,-0.40083351710296133,-0.4008335171029614,-0.4008335171029614,-0.5966537398390945,-0.31977063540430195,-0.3197706354043019,-0.5966537398390945,-0.5966537398390946,-0.3459528910392444,-0.3459528910392443,-0.3991168347019628,-0.39911683470196285,-0.39911683470196285,-0.3991168347019628,-0.3991168347019628,-0.7137712880536509,-0.7137712880536509,0.39911683470196363,0.3991168347019628,-0.39911683470196285,-0.39911683470196285,-0.3991168347019628,-0.04993957828947068,-0.04993957828947066,-0.3459528910392443,0.13118690211694967,0.1296598063993,0,2020-12-28
-0.008090640203335124,-0.008090640203335067,-0.1877137171875982,-0.18771371718759822,-0.18771371718759816,-0.1877137171875982,-1.0772191060811471,-1.0772191060811471,0.9761766079936257,0.9761766079936257,0.9761766079936258,-0.18724035154164093,-0.18724035154164043,-0.26743527558233837,-0.26743527558233826,-0.19335507095286766,-0.19335507095286777,0.19792742563416513,0.19792742563416504,-0.2533723166886974,-0.2533723166886973,-0.10454377750294934,-0.40083351710296133,-0.40083351710296133,-0.4008335171029614,-0.4008335171029614,0.9761766079936257,-0.31977063540430195,-0.3197706354043019,0.9761766079936257,0.9761766079936257,-0.3464755233652827,-0.34647552336528253,0.3128531522603712,-0.39911683470196285,-0.39911683470196285,-0.3991168347019628,-0.3991168347019628,-0.19335507095286772,-0.19335507095286777,-0.3128531522603708,-0.3128531522603716,0.31285315226037114,0.31285315226037114,0.3128531522603712,0.1390366860857846,0.13903668608578454,-0.34647552336528253,1.1716610342580638,1.2254122879306393,0,2020-12-29
-0.26655910290041024,-0.26655910290041024,-0.19233352544032145,-0.19233352544032148,-0.19233352544032145,-0.19233352544032148,-1.0772191060811471,-1.0772191060811471,-0.5966537398390945,-0.5966537398390945,-0.5966537398390946,-0.1866812370902772,-0.18668123709027712,-0.3174151528455275,-0.31741515284552735,-0.45395329660753264,-0.45395329660753275,-0.26100353245516306,-0.26100353245516306,-0.2533723166886974,-0.2533723166886973,-0.32061157508203847,-0.40083351710296133,-0.40083351710296133,-0.4008335171029614,-0.4008335171029614,0.9761766079936257,-0.31977063540430195,-0.3197706354043019,0.9761766079936257,0.9761766079936257,-0.694548652506796,-0.694548652506796,-0.3991168347019628,0.31285315226037114,0.31285315226037114,0.3128531522603711,0.3128531522603711,-0.4539532966075327,-0.45395329660753275,0.39911683470196363,0.3991168347019628,-0.39911683470196285,-0.39911683470196285,-0.3991168347019628,0.18864926160234205,0.18864926160234202,-0.694548652506796,0.07642510568846998,0.1296598063993,1,2020-12-30
-0.21838120402110656,-0.21838120402110653,-0.14036016248781927,-0.1403601624878193,-0.14036016248781924,-0.14036016248781924,-1.0772191060811471,-1.0772191060811471,-0.5966537398390945,-0.5966537398390945,-0.5966537398390946,-0.00049612478611147,-0.000496124786111486,-0.31709716958242834,-0.31709716958242823,-0.7137712880536509,-0.7137712880536509,-0.26100353245516306,-0.26100353245516306,-0.2533723166886974,-0.2533723166886973,-0.2170408690504418,0.3061442387110902,0.3061442387110902,0.3061442387110902,0.3061442387110902,-0.5966537398390945,-0.31977063540430195,-0.3197706354043019,-0.5966537398390945,-0.5966537398390946,-0.694548652506796,-0.694548652506796,-0.3991168347019628,-0.39911683470196285,-0.39911683470196285,-0.3991168347019628,-0.3991168347019628,-0.7137712880536509,-0.7137712880536509,0.39911683470196363,0.3991168347019628,-0.39911683470196285,-0.39911683470196285,-0.3991168347019628,0.20289509328317504,0.202895093283175,-0.694548652506796,-0.9640490264526441,-0.9660926751320393,0,2020-12-31
-0.3439654846804071,-0.34396548468040705,-0.23629273584200225,-0.23629273584200228,-0.23629273584200225,-0.23629273584200228,-1.0772191060811471,-1.0772191060811471,-0.5966537398390945,-0.5966537398390945,-0.5966537398390946,0.5586183265777493,0.5586183265777493,-0.21533658684728993,-0.21533658684728976,-0.7137712880536509,-0.7137712880536509,1.1171675128581346,1.1171675128581346,-0.2533723166886974,-0.2533723166886973,-0.40316966671316595,-0.40083351710296133,-0.40083351710296133,-0.4008335171029614,-0.4008335171029614,-0.5966537398390945,-0.31977063540430195,-0.3197706354043019,-0.5966537398390945,-0.5966537398390946,-0.17191632646848753,-0.17191632646848753,-0.3991168347019628,-0.39911683470196285,-0.39911683470196285,-0.3991168347019628,-0.3991168347019628,-0.7137712880536509,-0.7137712880536509,0.39911683470196363,0.3991168347019628,-0.39911683470196285,-0.39911683470196285,-0.3991168347019628,0.004502129569144828,0.004502129569144932,-0.17191632646848753,0.13118690211694967,0.1296598063993,1,2021-01-04
-0.33786338528924265,-0.33786338528924253,-0.21422059578960104,-0.21422059578960106,-0.21422059578960098,-0.21422059578960112,-1.0772191060811471,-1.0772191060811471,-0.5966537398390945,-0.5966537398390945,-0.5966537398390946,-0.00049612478611147,-0.000496124786111486,-0.7742953178955384,-0.7742953178955384,0.06646292049325045,0.0664629204932504,1.1171675128581346,1.1171675128581346,-0.2533723166886974,-0.2533723166886973,-0.27521555645539675,-0.40083351710296133,-0.40083351710296133,-0.4008335171029614,-0.4008335171029614,-0.5966537398390945,-0.31977063540430195,-0.3197706354043019,-0.5966537398390945,-0.5966537398390946,-0.17191632646848753,-0.17191632646848753,-0.3991168347019628,-0.39911683470196285,-0.39911683470196285,-0.3991168347019628,-0.3991168347019628,0.0664629204932504,0.0664629204932504,0.39911683470196363,0.3991168347019628,-0.39911683470196285,-0.39911683470196285,-0.3991168347019628,-0.4131571763151835,-0.4131571763151835,-0.17191632646848753,0.13118690211694967,0.1296598063993,0,2021-01-05
-0.5091109738741278,-0.5091109738741277,-0.4370706526796759,-0.4370706526796759,-0.4370706526796758,-0.4370706526796759,-1.0772191060811471,-1.0772191060811471,0.9761766079936257,0.9761766079936257,0.9761766079936258,1.215018692478922,1.215018692478922,-0.5611609398791083,-0.5611609398791082,0.06646292049325045,0.0664629204932504,4.113311365369245,4.113311365369245,3.946761086881632,3.9467610868816316,-0.618242816070661,-0.40083351710296133,-0.40083351710296133,-0.4008335171029614,-0.4008335171029614,-0.5966537398390945,-0.31977063540430195,-0.3197706354043019,-0.5966537398390945,-0.5966537398390946,2.623121353184386,2.6231213531843864,2.0799294044025545,-0.39911683470196285,-0.39911683470196285,-0.3991168347019628,-0.3991168347019628,0.0664629204932504,0.0664629204932504,-2.079929404402554,-2.079929404402555,2.079929404402555,2.079929404402555,2.0799294044025545,-0.8212518540947285,-0.8212518540947285,2.6231213531843864,1.2811846271150231,1.2254122879306393,1,2021-01-06
-0.045140899034930196,-0.04514089903493011,-0.3710305544587764,-0.3710305544587764,-0.37103055445877636,-0.3710305544587764,-1.0772191060811471,-1.0772191060811471,-0.5966537398390945,-0.5966537398390945,-0.5966537398390946,-1.7751253934150057,-1.7751253934150055,-0.3310040966608745,-0.33100409666087444,1.7626920898742136,1.7626920898742138,-0.26100353245516306,-0.26100353245516306,-0.2533723166886974,-0.2533723166886973,-0.29652955623123256,-0.40083351710296133,-0.40083351710296133,-0.4008335171029614,-0.4008335171029614,0.9761766079936257,-0.31977063540430195,-0.3197706354043019,0.9761766079936257,0.9761766079936257,-0.694548652506796,-0.694548652506796,-0.3991168347019628,2.0799294044025545,2.0799294044025545,2.0799294044025545,2.0799294044025545,1.762692089874214,1.7626920898742138,0.39911683470196363,0.3991168347019628,-0.39911683470196285,-0.39911683470196285,-0.3991168347019628,-0.25755123244058414,-0.2575512324405842,-0.694548652506796,-0.9640490264526441,-0.9660926751320393,0,2021-01-07
-0.13799918891322666,-0.1379991889132266,-0.34329970600985565,-0.34329970600985543,-0.3432997060098556,-0.34329970600985543,-1.0772191060811471,-1.0772191060811471,-0.5966537398390945,-0.5966537398390945,-0.5966537398390946,-0.00049612478611147,-0.000496124786111486,-0.3526718822929634,-0.3526718822929633,-0.7137712880536509,-0.7137712880536509,-0.26100353245516306,-0.26100353245516306,-0.2533723166886974,-0.2533723166886973,-0.3311834753633667,2.060830006326008,2.060830006326008,2.060830006326008,2.060830006326008,-0.5966537398390945,-0.31977063540430195,-0.3197706354043019,-0.5966537398390945,-0.5966537398390946,-0.694548652506796,-0.694548652506796,-0.3991168347019628,-0.39911683470196285,-0.39911683470196285,-0.3991168347019628,-0.3991168347019628,-0.7137712880536509,-0.7137712880536509,0.39911683470196363,0.3991168347019628,-0.39911683470196285,-0.39911683470196285,-0.3991168347019628,-0.3933584817426747,-0.3933584817426746,-0.694548652506796,-0.9640490264526441,-0.9660926751320393,0,2021-01-08
-0.5628312809118384,-0.5628312809118383,-0.6542003533999368,-0.6542003533999369,-0.6542003533999369,-0.654200353399937,-1.0772191060811471,-1.0772191060811471,0.9761766079936257,0.9761766079936257,0.9761766079936258,0.3724332142735836,0.3724332142735836,-0.017587172306816824,-0.01758717230681666,-0.7137712880536509,-0.7137712880536509,0.6582365547688065,0.6582365547688065,-0.2533723166886974,-0.2533723166886973,-0.8443289538350572,-0.40083351710296133,-0.40083351710296133,-0.4008335171029614,-0.4008335171029614,-0.5966537398390945,-0.31977063540430195,-0.3197706354043019,-0.5966537398390945,-0.5966537398390946,-0.3459528910392444,-0.3459528910392443,-0.3991168347019628,-0.39911683470196285,-0.39911683470196285,-0.3991168347019628,-0.3991168347019628,-0.7137712880536509,-0.7137712880536509,0.39911683470196363,0.3991168347019628,-0.39911683470196285,-0.39911683470196285,-0.3991168347019628,-0.7654862049571861,-0.7654862049571861,-0.3459528910392443,0.13118690211694967,0.1296598063993,0,2021-01-11
-1.1754902834021734,-1.1754902834021732,-0.9961151817441446,-0.9961151817441446,-0.9961151817441447,-0.9961151817441447,-1.0772191060811471,-1.0772191060811471,-0.5966537398390945,-0.5966537398390945,-0.5966537398390946,-0.3734254638458066,-0.3734254638458066,-0.09510228000032217,-0.09510228000032205,-0.19335507095286766,-0.19335507095286777,-0.26100353245516306,-0.26100353245516306,-0.2533723166886974,-0.2533723166886973,-1.09241065843355,-0.40083351710296133,-0.40083351710296133,-0.4008335171029614,-0.4008335171029614,0.9761766079936257,-0.31977063540430195,-0.3197706354043019,0.9761766079936257,0.9761766079936257,-0.694548652506796,-0.694548652506796,-0.3991168347019628,-0.39911683470196285,-0.39911683470196285,-0.3991168347019628,-0.3991168347019628,-0.19335507095286772,-0.19335507095286777,0.39911683470196363,0.3991168347019628,-0.39911683470196285,-0.39911683470196285,-0.3991168347019628,-1.1959848072223984,-1.1959848072223984,-0.694548652506796,-0.9640490264526441,-0.9660926751320393,1,2021-01-12
-1.1447967714477711,-1.144796771447771,-1.1304895116247964,-1.1304895116247964,-1.130489511624796,-1.1304895116247966,-1.0772191060811471,-1.0772191060811471,0.9761766079936257,0.9761766079936257,0.9761766079936258,2.4221467929734977,2.422146792973497,-0.11676658015372977,-0.11676658015372968,-0.7137712880536509,-0.7137712880536509,5.7106116068873565,5.7106116068873565,-0.2533723166886974,-0.2533723166886973,-1.00740250246399,-0.40083351710296133,-0.40083351710296133,-0.4008335171029614,-0.4008335171029614,-0.5966537398390945,-0.31977063540430195,-0.3197706354043019,-0.5966537398390945,-0.5966537398390946,1.5700172162171944,1.5700172162171946,-0.3991168347019628,-0.39911683470196285,-0.39911683470196285,-0.3991168347019628,-0.3991168347019628,-0.7137712880536509,-0.7137712880536509,0.39911683470196363,0.3991168347019628,-0.39911683470196285,-0.39911683470196285,-0.3991168347019628,-0.7553029127512937,-0.7553029127512937,1.5700172162171946,0.18594869854542936,0.1296598063993,0,2021-01-13
-1.208841521944606,-1.2088415219446058,-1.3402817598148147,-1.3402817598148147,-1.3402817598148145,-1.3402817598148147,-1.0772191060811471,-1.0772191060811471,-0.5966537398390945,-0.5966537398390945,-0.5966537398390946,-2.4231390425457207,-2.42313904254572,-0.4796692025437433,-0.47966920254374323,2.666983537580072,2.666983537580072,-0.26100353245516306,-0.26100353245516306,-0.2533723166886974,-0.2533723166886973,-1.2533234366290718,-0.40083351710296133,-0.40083351710296133,-0.4008335171029614,-0.4008335171029614,0.9761766079936257,-0.31977063540430195,-0.3197706354043019,0.9761766079936257,0.9761766079936257,-0.694548652506796,-0.694548652506796,-0.3991168347019628,-0.39911683470196285,-0.39911683470196285,-0.3991168347019628,-0.3991168347019628,2.6669835375800726,2.666983537580072,0.39911683470196363,0.3991168347019628,-0.39911683470196285,-0.39911683470196285,-0.3991168347019628,-1.3870118334403265,-1.3870118334403265,-0.694548652506796,0.07642510568846998,0.1296598063993,1,2021-01-14
-1.0198358376097856,-1.0198358376097854,-1.198550460680902,-1.198550460680902,-1.1985504606809023,-1.1985504606809023,-1.0772191060811471,-1.0772191060811471,-0.5966537398390945,-0.5966537398390945,-0.5966537398390946,-0.00049612478611147,-0.000496124786111486,-0.02526030518970386,-0.025260305189703715,-0.7137712880536509,-0.7137712880536509,-0.26100353245516306,-0.26100353245516306,-0.2533723166886974,-0.2533723166886973,-0.8861187571272942,-0.40083351710296133,-0.40083351710296133,-0.4008335171029614,-0.4008335171029614,-0.5966537398390945,-0.31977063540430195,-0.3197706354043019,-0.5966537398390945,-0.5966537398390946,-0.694548652506796,-0.694548652506796,-0.3991168347019628,-0.39911683470196285,-0.39911683470196285,-0.3991168347019628,-0.3991168347019628,-0.7137712880536509,-0.7137712880536509,0.39911683470196363,0.3991168347019628,-0.39911683470196285,-0.39911683470196285,-0.3991168347019628,-1.002030774659185,-1.002030774659185,-0.694548652506796,-0.9640490264526441,-0.9660926751320393,1,2021-01-15
-0.44562143289688655,-0.44562143289688655,-0.7092642351314687,-0.709264235131469,-0.7092642351314689,-0.7092642351314691,-1.0772191060811471,-1.0772191060811471,-0.5966537398390945,-0.5966537398390945,-0.5966537398390946,-0.00049612478611147,-0.000496124786111486,0.12717001172295261,0.12717001172295278,-0.7137712880536509,-0.7137712880536509,-0.26100353245516306,-0.26100353245516306,-0.2533723166886974,-0.2533723166886973,-0.3276589500133728,-0.40083351710296133,-0.40083351710296133,-0.4008335171029614,-0.4008335171029614,-0.5966537398390945,-0.31977063540430195,-0.3197706354043019,-0.5966537398390945,-0.5966537398390946,-0.694548652506796,-0.694548652506796,-0.3991168347019628,-0.39911683470196285,-0.39911683470196285,-0.3991168347019628,-0.3991168347019628,-0.7137712880536509,-0.7137712880536509,0.39911683470196363,0.3991168347019628,-0.39911683470196285,-0.39911683470196285,-0.3991168347019628,0.16876876069026003,0.16876876069026,-0.694548652506796,0.13118690211694967,0.1296598063993,1,2021-01-19
-0.26116690686950594,-0.26116690686950594,-0.13655333205397432,-0.13655333205397435,-0.13655333205397438,-0.13655333205397424,-1.0772191060811471,-1.0772191060811471,-0.5966537398390945,-0.5966537398390945,-0.5966537398390946,-0.00049612478611147,-0.000496124786111486,-0.05676089055161827,-0.05676089055161816,-0.7137712880536509,-0.7137712880536509,-0.26100353245516306,-0.26100353245516306,-0.2533723166886974,-0.2533723166886973,0.04010142591590566,-0.40083351710296133,-0.40083351710296133,-0.4008335171029614,-0.4008335171029614,-0.5966537398390945,-0.31977063540430195,-0.3197706354043019,-0.5966537398390945,-0.5966537398390946,-0.694548652506796,-0.694548652506796,-0.3991168347019628,-0.39911683470196285,-0.39911683470196285,-0.3991168347019628,-0.3991168347019628,-0.7137712880536509,-0.7137712880536509,0.39911683470196363,0.3991168347019628,-0.39911683470196285,-0.39911683470196285,-0.3991168347019628,0.907481766516503,0.907481766516503,-0.694548652506796,-0.9640490264526441,-0.9660926751320393,1,2021-01-20
0.29640065677933514,0.2964006567793351,0.42616605553138065,0.42616605553138065,0.4261660555313806,0.4261660555313807,0.928316249085049,0.928316249085049,-0.5966537398390945,-0.5966537398390945,-0.5966537398390946,0.5586183265777493,0.5586183265777493,-0.0945094336757395,-0.0945094336757393,-0.7137712880536509,-0.7137712880536509,-0.26100353245516306,-0.26100353245516306,-0.2533723166886974,-0.2533723166886973,0.33057915164798934,-0.40083351710296133,-0.40083351710296133,-0.4008335171029614,-0.4008335171029614,-0.5966537398390945,-0.31977063540430195,-0.3197706354043019,-0.5966537398390945,-0.5966537398390946,-0.17191632646848753,-0.17191632646848753,-0.3991168347019628,-0.39911683470196285,-0.39911683470196285,-0.3991168347019628,-0.3991168347019628,-0.7137712880536509,-0.7137712880536509,0.39911683470196363,0.3991168347019628,-0.39911683470196285,-0.39911683470196285,-0.3991168347019628,1.197131271452516,1.197131271452516,-0.17191632646848753,0.13118690211694967,0.1296598063993,1,2021-01-21
0.12779391391140976,0.12779391391140973,0.8286370073406697,0.8286370073406694,0.8286370073406696,0.8286370073406695,0.928316249085049,0.928316249085049,-0.5966537398390945,-0.5966537398390945,-0.5966537398390946,-0.5596105761499722,-0.5596105761499723,-0.7696732897522649,-0.7696732897522647,0.06646292049325045,0.0664629204932504,-0.26100353245516306,-0.26100353245516306,-0.2533723166886974,-0.2533723166886973,0.3978152908050736,-0.40083351710296133,-0.40083351710296133,-0.4008335171029614,-0.4008335171029614,-0.5966537398390945,-0.31977063540430195,-0.3197706354043019,-0.5966537398390945,-0.5966537398390946,-0.694548652506796,-0.694548652506796,-0.3991168347019628,-0.39911683470196285,-0.39911683470196285,-0.3991168347019628,-0.3991168347019628,0.0664629204932504,0.0664629204932504,0.39911683470196363,0.3991168347019628,-0.39911683470196285,-0.39911683470196285,-0.3991168347019628,1.6996646811176892,1.699664681117689,-0.694548652506796,-0.9640490264526441,-0.9660926751320393,1,2021-01-22
0.32712896897838023,0.3271289689783801,1.1693453568359242,1.1693453568359242,1.1693453568359242,1.1693453568359242,0.928316249085049,0.928316249085049,-0.5966537398390945,-0.5966537398390945,-0.5966537398390946,-0.00049612478611147,-0.000496124786111486,-0.7276551287540001,-0.727655128754,-0.7137712880536509,-0.7137712880536509,-0.26100353245516306,-0.26100353245516306,-0.2533723166886974,-0.2533723166886973,0.5589748622579391,-0.40083351710296133,-0.40083351710296133,-0.4008335171029614,-0.4008335171029614,-0.5966537398390945,-0.31977063540430195,-0.3197706354043019,-0.5966537398390945,-0.5966537398390946,-0.694548652506796,-0.694548652506796,-0.3991168347019628,-0.39911683470196285,-0.39911683470196285,-0.3991168347019628,-0.3991168347019628,-0.7137712880536509,-0.7137712880536509,0.39911683470196363,0.3991168347019628,-0.39911683470196285,-0.39911683470196285,-0.3991168347019628,1.5257080187855876,1.5257080187855876,-0.694548652506796,-0.9640490264526441,-0.9660926751320393,1,2021-01-25
0.9974850580813401,0.9974850580813399,1.4681509222773528,1.4681509222773528,1.468150922277353,1.468150922277353,0.928316249085049,0.928316249085049,-0.5966537398390945,-0.5966537398390945,-0.5966537398390946,-0.00049612478611147,-0.000496124786111486,-1.02939996349001,-1.0293999634900097,-0.7137712880536509,-0.7137712880536509,-0.26100353245516306,-0.26100353245516306,-0.2533723166886974,-0.2533723166886973,0.7344834392987142,-0.40083351710296133,-0.40083351710296133,-0.4008335171029614,-0.4008335171029614,-0.5966537398390945,-0.31977063540430195,-0.3197706354043019,-0.5966537398390945,-0.5966537398390946,-0.694548652506796,-0.694548652506796,-0.3991168347019628,-0.39911683470196285,-0.39911683470196285,-0.3991168347019628,-0.3991168347019628,-0.7137712880536509,-0.7137712880536509,0.39911683470196363,0.3991168347019628,-0.39911683470196285,-0.39911683470196285,-0.3991168347019628,1.1344836290154514,1.1344836290154512,-0.694548652506796,-0.9640490264526441,-0.9660926751320393,0,2021-01-26
0.8351592975652854,0.8351592975652853,1.263598949159394,1.2635989491593937,1.2635989491593942,1.2635989491593942,0.928316249085049,0.928316249085049,-0.5966537398390945,-0.5966537398390945,-0.5966537398390946,-0.00049612478611147,-0.000496124786111486,-0.17443488476891256,-0.17443488476891242,-0.7137712880536509,-0.7137712880536509,-0.26100353245516306,-0.26100353245516306,-0.2533723166886974,-0.2533723166886973,0.21652975737486624,-0.40083351710296133,-0.40083351710296133,-0.4008335171029614,-0.4008335171029614,-0.5966537398390945,-0.31977063540430195,-0.3197706354043019,-0.5966537398390945,-0.5966537398390946,-0.694548652506796,-0.694548652506796,-0.3991168347019628,-0.39911683470196285,-0.39911683470196285,-0.3991168347019628,-0.3991168347019628,-0.7137712880536509,-0.7137712880536509,0.39911683470196363,0.3991168347019628,-0.39911683470196285,-0.39911683470196285,-0.3991168347019628,0.18144797673145413,0.18144797673145407,-0.694548652506796,-0.9640490264526441,-0.9660926751320393,0,2021-01-27
0.4866671290029859,0.48666712900298587,0.8422780869789649,0.8422780869789648,0.8422780869789648,0.8422780869789649,0.928316249085049,0.928316249085049,-0.5966537398390945,-0.5966537398390945,-0.5966537398390946,-0.00049612478611147,-0.000496124786111486,-0.11529286241477248,-0.11529286241477232,-0.7137712880536509,-0.7137712880536509,-0.26100353245516306,-0.26100353245516306,-0.2533723166886974,-0.2533723166886973,-0.13507017649097156,-0.40083351710296133,-0.40083351710296133,-0.4008335171029614,-0.4008335171029614,-0.5966537398390945,-0.31977063540430195,-0.3197706354043019,-0.5966537398390945,-0.5966537398390946,-0.694548652506796,-0.694548652506796,-0.3991168347019628,-0.39911683470196285,-0.39911683470196285,-0.3991168347019628,-0.3991168347019628,-0.7137712880536509,-0.7137712880536509,0.39911683470196363,0.3991168347019628,-0.39911683470196285,-0.39911683470196285,-0.3991168347019628,-0.5204593239154245,-0.5204593239154245,-0.694548652506796,-0.9640490264526441,-0.9660926751320393,0,2021-01-28
0.4704460856463342,0.47044608564633417,0.320623160360577,0.320623160360577,0.3206231603605769,0.32062316036057703,0.928316249085049,0.928316249085049,-0.5966537398390945,-0.5966537398390945,-0.5966537398390946,-0.00049612478611147,-0.000496124786111486,-0.09908373289519479,-0.09908373289519468,-0.7137712880536509,-0.7137712880536509,-0.26100353245516306,-0.26100353245516306,-0.2533723166886974,-0.2533723166886973,-0.4582809934832024,-0.40083351710296133,-0.40083351710296133,-0.4008335171029614,-0.4008335171029614,-0.5966537398390945,-0.31977063540430195,-0.3197706354043019,-0.5966537398390945,-0.5966537398390946,-0.694548652506796,-0.694548652506796,-0.3991168347019628,-0.39911683470196285,-0.39911683470196285,-0.3991168347019628,-0.3991168347019628,-0.7137712880536509,-0.7137712880536509,0.39911683470196363,0.3991168347019628,-0.39911683470196285,-0.39911683470196285,-0.3991168347019628,-0.9766161410516491,-0.9766161410516492,-0.694548652506796,-0.9640490264526441,-0.9660926751320393,1,2021-01-29
0.36512044284801637,0.3651204428480163,0.10245796966804903,0.102457969668049,0.102457969668049,0.10245796966804899,0.928316249085049,0.928316249085049,-0.5966537398390945,-0.5966537398390945,-0.5966537398390946,-0.00049612478611147,-0.000496124786111486,-0.07734635216407555,-0.07734635216407541,-0.7137712880536509,-0.7137712880536509,-0.26100353245516306,-0.26100353245516306,-0.2533723166886974,-0.2533723166886973,-0.23009771798911327,-0.40083351710296133,-0.40083351710296133,-0.4008335171029614,-0.4008335171029614,-0.5966537398390945,-0.31977063540430195,-0.3197706354043019,-0.5966537398390945,-0.5966537398390946,-0.694548652506796,-0.694548652506796,-0.3991168347019628,-0.39911683470196285,-0.39911683470196285,-0.3991168347019628,-0.3991168347019628,-0.7137712880536509,-0.7137712880536509,0.39911683470196363,0.3991168347019628,-0.39911683470196285,-0.39911683470196285,-0.3991168347019628,-0.9560565509371834,-0.9560565509371837,-0.694548652506796,-0.9640490264526441,-0.9660926751320393,1,2021-02-01
0.14445370639741079,0.14445370639741067,0.13129060883935756,0.13129060883935753,0.13129060883935753,0.13129060883935753,0.928316249085049,0.928316249085049,1.7625917819099859,1.7625917819099859,1.7625917819099859,1.7439409634691343,1.7439409634691343,-0.0003883771208394542,-0.0003883771208393282,-0.7137712880536509,-0.7137712880536509,-0.26100353245516306,-0.26100353245516306,-0.2533723166886974,-0.2533723166886973,0.04890044488899555,-0.40083351710296133,-0.40083351710296133,-0.4008335171029614,-0.4008335171029614,-0.5966537398390945,-0.31977063540430195,-0.3197706354043019,-0.5966537398390945,-0.5966537398390946,2.5666770619722485,2.5666770619722485,2.194812034995203,-0.39911683470196285,-0.39911683470196285,-0.3991168347019628,-0.3991168347019628,-0.7137712880536509,-0.7137712880536509,-2.1948120349952016,-2.1948120349952025,2.1948120349952034,2.1948120349952034,2.194812034995203,-0.8881420591456995,-0.8881420591456994,2.5666770619722485,1.3359464235435028,1.2254122879306393,0,2021-02-02
-0.15034457129920542,-0.15034457129920545,0.13248062308250144,0.13248062308250141,0.13248062308250136,0.13248062308250136,0.928316249085049,0.928316249085049,-0.5966537398390945,-0.5966537398390945,-0.5966537398390946,-1.1858187616774962,-1.1858187616774962,-0.2252109638176729,-0.22521096381767272,1.720559442612681,1.720559442612681,-0.26100353245516306,-0.26100353245516306,-0.2533723166886974,-0.2533723166886973,0.03744449050044092,-0.40083351710296133,-0.40083351710296133,-0.4008335171029614,-0.4008335171029614,1.7625917819099859,-0.31977063540430195,-0.3197706354043019,1.7625917819099859,1.762591781909986,-0.17191632646848753,-0.17191632646848753,-0.3991168347019628,2.194812034995203,2.194812034995203,2.194812034995203,2.194812034995203,1.720559442612681,1.720559442612681,0.39911683470196363,0.3991168347019628,-0.39911683470196285,-0.39911683470196285,-0.3991168347019628,-0.38895037027694745,-0.3889503702769475,-0.17191632646848753,0.13118690211694967,0.1296598063993,0,2021-02-03
-0.38020885496934714,-0.38020885496934703,0.12478254002442016,0.12478254002442013,0.12478254002442009,0.12478254002442009,0.928316249085049,0.928316249085049,-0.5966537398390945,-0.5966537398390945,-0.5966537398390946,-0.5596105761499722,-0.5596105761499723,-0.45054321640268213,-0.4505432164026821,0.06646292049325045,0.0664629204932504,-0.26100353245516306,-0.26100353245516306,-0.2533723166886974,-0.2533723166886973,0.020120971979484044,2.174907096436131,2.174907096436131,2.1749070964361303,2.1749070964361303,-0.5966537398390945,-0.31977063540430195,-0.3197706354043019,-0.5966537398390945,-0.5966537398390946,-0.694548652506796,-0.694548652506796,-0.3991168347019628,-0.39911683470196285,-0.39911683470196285,-0.3991168347019628,-0.3991168347019628,0.0664629204932504,0.0664629204932504,0.39911683470196363,0.3991168347019628,-0.39911683470196285,-0.39911683470196285,-0.3991168347019628,0.0024298875792092387,0.0024298875792093393,-0.694548652506796,-0.9640490264526441,-0.9660926751320393,1,2021-02-04
-0.3794624972019596,-0.3794624972019596,0.16968067654405772,0.1696806765440577,0.16968067654405766,0.16968067654405766,0.928316249085049,0.928316249085049,-0.5966537398390945,-0.5966537398390945,-0.5966537398390946,-0.00049612478611147,-0.000496124786111486,-0.9115223897878715,-0.9115223897878715,-0.7137712880536509,-0.7137712880536509,-0.26100353245516306,-0.26100353245516306,-0.2533723166886974,-0.2533723166886973,0.1089078108473885,-0.40083351710296133,-0.40083351710296133,-0.4008335171029614,-0.4008335171029614,-0.5966537398390945,-0.31977063540430195,-0.3197706354043019,-0.5966537398390945,-0.5966537398390946,-0.694548652506796,-0.694548652506796,-0.3991168347019628,-0.39911683470196285,-0.39911683470196285,-0.3991168347019628,-0.3991168347019628,-0.7137712880536509,-0.7137712880536509,0.39911683470196363,0.3991168347019628,-0.39911683470196285,-0.39911683470196285,-0.3991168347019628,0.49092639597529997,0.4909263959752999,-0.694548652506796,-0.9640490264526441,-0.9660926751320393,0,2021-02-05
-0.5812221884691927,-0.5812221884691926,0.14197648222759018,0.14197648222759016,0.14197648222759018,0.14197648222759016,0.928316249085049,0.928316249085049,2.549006955826346,2.549006955826346,2.5490069558263464,0.3724332142735836,0.3724332142735836,-0.8759165455469816,-0.8759165455469815,-0.7137712880536509,-0.7137712880536509,-0.26100353245516306,-0.26100353245516306,-0.2533723166886974,-0.2533723166886973,0.029430941786109468,-0.40083351710296133,-0.40083351710296133,-0.4008335171029614,-0.4008335171029614,-0.5966537398390945,-0.31977063540430195,-0.3197706354043019,-0.5966537398390945,-0.5966537398390946,0.002642870428307339,0.002642870428307394,-0.3991168347019628,-0.39911683470196285,-0.39911683470196285,-0.3991168347019628,-0.3991168347019628,-0.7137712880536509,-0.7137712880536509,0.39911683470196363,0.3991168347019628,-0.39911683470196285,-0.39911683470196285,-0.3991168347019628,0.18175660937526883,0.1817566093752688,0.002642870428307394,1.2811846271150231,1.2254122879306393,1,2021-02-08
-0.6215703690073396,-0.6215703690073394,0.21396531916592829,0.21396531916592826,0.21396531916592818,0.21396531916592829,0.928316249085049,0.928316249085049,-0.5966537398390945,-0.5966537398390945,-0.5966537398390946,0.4691600143595316,0.4691600143595316,-1.059276994416238,-1.0592769944162377,-0.19335507095286766,-0.19335507095286777,-0.26100353245516306,-0.26100353245516306,-0.2533723166886974,-0.2533723166886973,0.14994136087172472,-0.40083351710296133,-0.40083351710296133,-0.4008335171029614,-0.4008335171029614,2.549006955826346,-0.31977063540430195,-0.3197706354043019,2.549006955826346,2.549006955826346,0.8806651781726657,0.8806651781726657,0.6847100881260487,-0.39911683470196285,-0.39911683470196285,-0.3991168347019628,-0.3991168347019628,-0.19335507095286772,-0.19335507095286777,-0.6847100881260477,-0.6847100881260485,0.6847100881260487,0.6847100881260487,0.6847100881260487,0.05175476531204646,0.05175476531204645,0.8806651781726657,1.2811846271150231,1.2254122879306393,1,2021-02-09
-0.1264145959968415,-0.12641459599684146,0.3293438636282885,0.3293438636282885,0.3293438636282884,0.3293438636282885,0.928316249085049,0.928316249085049,-0.5966537398390945,-0.5966537398390945,-0.5966537398390946,-0.8430816029914496,-0.8430816029914496,-1.0406106799879202,-1.04061067998792,0.46204166422652937,0.46204166422652926,-0.26100353245516306,-0.26100353245516306,-0.2533723166886974,-0.2533723166886973,0.22319060068951993,-0.40083351710296133,-0.40083351710296133,-0.4008335171029614,-0.4008335171029614,-0.5966537398390945,-0.31977063540430195,-0.3197706354043019,-0.5966537398390945,-0.5966537398390946,-0.694548652506796,-0.694548652506796,-0.3991168347019628,0.6847100881260487,0.6847100881260487,0.6847100881260487,0.6847100881260487,0.46204166422652926,0.46204166422652926,0.39911683470196363,0.3991168347019628,-0.39911683470196285,-0.39911683470196285,-0.3991168347019628,0.2141357725493031,0.2141357725493031,-0.694548652506796,-0.9640490264526441,-0.9660926751320393,0,2021-02-10
0.11539823458991387,0.11539823458991379,0.3370051505196629,0.33700515051966295,0.3370051505196629,0.337005150519663,0.928316249085049,0.928316249085049,2.549006955826346,2.549006955826346,2.5490069558263464,1.3067134625025953,1.3067134625025951,-0.98134285826696,-0.9813428582669597,-0.7137712880536509,-0.7137712880536509,-0.26100353245516306,-0.26100353245516306,3.946761086881632,3.9467610868816316,0.09261803968734986,0.6753937672254355,0.6753937672254355,0.6753937672254355,0.6753937672254355,-0.5966537398390945,-0.31977063540430195,-0.3197706354043019,-0.5966537398390945,-0.5966537398390946,2.9711944823258993,2.9711944823258998,2.404926319894915,-0.39911683470196285,-0.39911683470196285,-0.3991168347019628,-0.3991168347019628,-0.7137712880536509,-0.7137712880536509,-2.4049263198949142,-2.404926319894915,2.404926319894915,2.404926319894915,2.404926319894915,0.1391624712604501,0.13916247126045003,2.9711944823258998,2.3764205556846165,2.321164769461979,1,2021-02-11
0.4188654094103245,0.4188654094103245,0.328120692492184,0.328120692492184,0.32812069249218395,0.328120692492184,0.928316249085049,0.928316249085049,0.9761766079936257,0.9761766079936257,0.9761766079936258,1.114937205684791,1.1149372056847908,-0.9899435025777849,-0.9899435025777846,1.1104162915290041,1.1104162915290041,-0.26100353245516306,-0.26100353245516306,3.946761086881632,3.9467610868816316,0.0313512782951374,-0.40083351710296133,-0.40083351710296133,-0.4008335171029614,-0.4008335171029614,2.549006955826346,-0.31977063540430195,-0.3197706354043019,2.549006955826346,2.549006955826346,1.5700172162171944,1.5700172162171946,-0.3991168347019628,2.404926319894915,2.404926319894915,2.404926319894915,2.404926319894915,1.1104162915290043,1.1104162915290041,0.39911683470196363,0.3991168347019628,-0.39911683470196285,-0.39911683470196285,-0.3991168347019628,0.05294431159599757,0.052944311595997516,1.5700172162171946,0.18594869854542936,0.1296598063993,1,2021-02-12
0.40227615616712736,0.4022761561671273,0.41883839839997916,0.41883839839997916,0.41883839839997916,0.4188383983999792,0.928316249085049,0.928316249085049,-0.5966537398390945,-0.5966537398390945,-0.5966537398390946,-2.4231390425457207,-2.42313904254572,-0.9925818288956767,-0.9925818288956765,2.666983537580072,2.666983537580072,-0.26100353245516306,-0.26100353245516306,-0.2533723166886974,-0.2533723166886973,0.15498052608771634,2.383548090190171,2.383548090190171,2.383548090190171,2.383548090190171,0.9761766079936257,-0.31977063540430195,-0.3197706354043019,0.9761766079936257,0.9761766079936257,-0.694548652506796,-0.694548652506796,-0.3991168347019628,-0.39911683470196285,-0.39911683470196285,-0.3991168347019628,-0.3991168347019628,2.6669835375800726,2.666983537580072,0.39911683470196363,0.3991168347019628,-0.39911683470196285,-0.39911683470196285,-0.3991168347019628,0.3377114475774098,0.33771144757740973,-0.694548652506796,-0.9640490264526441,-0.9660926751320393,0,2021-02-16
0.1602887672082409,0.1602887672082408,0.439147846473644,0.439147846473644,0.439147846473644,0.43914784647364413,0.928316249085049,0.928316249085049,1.7625917819099859,1.7625917819099859,1.7625917819099859,2.4221467929734977,2.422146792973497,-1.0008408413826106,-1.0008408413826106,-0.7137712880536509,-0.7137712880536509,5.7106116068873565,5.7106116068873565,-0.2533723166886974,-0.2533723166886973,0.10020178687695368,-0.40083351710296133,-0.40083351710296133,-0.4008335171029614,-0.4008335171029614,-0.5966537398390945,-0.31977063540430195,-0.3197706354043019,-0.5966537398390945,-0.5966537398390946,1.5700172162171944,1.5700172162171946,-0.3991168347019628,-0.39911683470196285,-0.39911683470196285,-0.3991168347019628,-0.3991168347019628,-0.7137712880536509,-0.7137712880536509,0.39911683470196363,0.3991168347019628,-0.39911683470196285,-0.39911683470196285,-0.3991168347019628,0.1491098654411684,0.1491098654411683,1.5700172162171946,0.18594869854542936,0.1296598063993,0,2021-02-17
0.001314732417279577,0.0013147324172795823,0.2890893794525475,0.28908937945254753,0.2890893794525475,0.2890893794525476,0.928316249085049,0.928316249085049,-0.5966537398390945,-0.5966537398390945,-0.5966537398390946,-1.8601107900223128,-1.8601107900223124,-0.8553245071677246,-0.8553245071677243,2.666983537580072,2.666983537580072,1.1268147101753276,1.1268147101753274,-0.2533723166886974,-0.2533723166886973,-0.12618472154860536,-0.40083351710296133,-0.40083351710296133,-0.4008335171029614,-0.4008335171029614,1.7625917819099859,-0.31977063540430195,-0.3197706354043019,1.7625917819099859,1.762591781909986,0.3580328521343571,0.35803285213435715,1.7534208753497644,-0.39911683470196285,-0.39911683470196285,-0.3991168347019628,-0.3991168347019628,2.6669835375800726,2.666983537580072,-1.753420875349763,-1.753420875349764,1.7534208753497644,1.7534208753497644,1.7534208753497644,-0.2212772686364657,-0.22127726863646557,0.35803285213435715,1.2264228306865435,1.2254122879306393,0,2021-02-18
-0.32487821002012607,-0.324878210020126,-0.08045110646966352,-0.0804511064696635,-0.08045110646966347,-0.08045110646966348,-1.0772191060811471,-1.0772191060811471,-0.5966537398390945,-0.5966537398390945,-0.5966537398390946,0.5625321277372963,0.5625321277372963,-0.523417244561087,-0.5234172445610868,0.0719245599530787,0.07192455995307864,2.514632952805818,2.5146329528058184,-0.2533723166886974,-0.2533723166886973,-0.5115920982055214,-0.40083351710296133,-0.40083351710296133,-0.4008335171029614,-0.4008335171029614,-0.5966537398390945,-0.31977063540430195,-0.3197706354043019,-0.5966537398390945,-0.5966537398390946,0.3580328521343571,0.35803285213435715,-0.3991168347019628,1.7534208753497644,1.7534208753497644,1.7534208753497642,1.7534208753497642,0.07192455995307864,0.07192455995307864,0.39911683470196363,0.3991168347019628,-0.39911683470196285,-0.39911683470196285,-0.3991168347019628,-0.5783455260494486,-0.5783455260494486,0.35803285213435715,0.13118690211694967,0.1296598063993,0,2021-02-19
-0.44369613056431617,-0.44369613056431606,-0.35136719934920446,-0.35136719934920446,-0.35136719934920435,-0.3513671993492045,-1.0772191060811471,-1.0772191060811471,0.9761766079936257,0.9761766079936257,0.9761766079936258,0.0850483862725592,0.0850483862725592,-0.545505013334556,-0.545505013334556,0.8576204079598082,0.8576204079598081,2.7254931227387527,2.725493122738753,3.946761086881632,3.9467610868816316,-0.5404210082104898,1.7366109081182899,1.7366109081182899,1.7366109081182899,1.7366109081182899,-0.5966537398390945,-0.31977063540430195,-0.3197706354043019,-0.5966537398390945,-0.5966537398390946,1.5705398485432327,1.5705398485432327,4.232467114454282,-0.39911683470196285,-0.39911683470196285,-0.3991168347019628,-0.3991168347019628,0.8576204079598081,0.8576204079598081,-4.232467114454281,-4.232467114454281,4.232467114454281,4.232467114454281,4.232467114454282,-0.6533002949348924,-0.6533002949348924,1.5705398485432327,1.2264228306865435,1.2254122879306393,1,2021-02-22
-0.1457855696638935,-0.14578556966389355,-0.32357753203710976,-0.32357753203710976,-0.3235775320371097,-0.3235775320371098,-1.0772191060811471,-1.0772191060811471,-0.5966537398390945,-0.5966537398390945,-0.5966537398390946,-1.2120971408915977,-1.2120971408915977,-0.3815374215256294,-0.38153742152562925,0.976996241867484,0.9769962418674841,-0.26100353245516306,-0.26100353245516306,-0.2533723166886974,-0.2533723166886973,-0.2142657872809568,-0.40083351710296133,-0.40083351710296133,-0.4008335171029614,-0.4008335171029614,0.9761766079936257,-0.31977063540430195,-0.3197706354043019,0.9761766079936257,0.9761766079936257,-0.694548652506796,-0.694548652506796,-0.3991168347019628,4.232467114454282,4.232467114454282,4.232467114454281,4.232467114454281,0.9769962418674841,0.9769962418674841,0.39911683470196363,0.3991168347019628,-0.39911683470196285,-0.39911683470196285,-0.3991168347019628,-0.531994217499281,-0.531994217499281,-0.694548652506796,-0.9640490264526441,-0.9660926751320393,0,2021-02-23
-0.33140826509218174,-0.33140826509218163,-0.34180797639348265,-0.3418079763934826,-0.3418079763934825,-0.3418079763934826,-1.0772191060811471,-1.0772191060811471,-0.5966537398390945,-0.5966537398390945,-0.5966537398390946,-0.00049612478611147,-0.000496124786111486,-0.3903228144520669,-0.39032281445206685,-0.7137712880536509,-0.7137712880536509,-0.26100353245516306,-0.26100353245516306,-0.2533723166886974,-0.2533723166886973,-0.25011763737067,4.19827443154726,4.19827443154726,4.198274431547259,4.198274431547259,-0.5966537398390945,-0.31977063540430195,-0.3197706354043019,-0.5966537398390945,-0.5966537398390946,-0.694548652506796,-0.694548652506796,-0.3991168347019628,-0.39911683470196285,-0.39911683470196285,-0.3991168347019628,-0.3991168347019628,-0.7137712880536509,-0.7137712880536509,0.39911683470196363,0.3991168347019628,-0.39911683470196285,-0.39911683470196285,-0.3991168347019628,-0.5964314863422758,-0.5964314863422759,-0.694548652506796,-0.9640490264526441,-0.9660926751320393,0,2021-02-24
-0.8314967092095247,-0.8314967092095248,-0.652171481262669,-0.6521714812626692,-0.652171481262669,-0.6521714812626692,-1.0772191060811471,-1.0772191060811471,-0.5966537398390945,-0.5966537398390945,-0.5966537398390946,-0.00049612478611147,-0.000496124786111486,-0.14527231106900898,-0.14527231106900887,-0.7137712880536509,-0.7137712880536509,-0.26100353245516306,-0.26100353245516306,-0.2533723166886974,-0.2533723166886973,-0.719985665968627,-0.40083351710296133,-0.40083351710296133,-0.4008335171029614,-0.4008335171029614,-0.5966537398390945,-0.31977063540430195,-0.3197706354043019,-0.5966537398390945,-0.5966537398390946,-0.694548652506796,-0.694548652506796,-0.3991168347019628,-0.39911683470196285,-0.39911683470196285,-0.3991168347019628,-0.3991168347019628,-0.7137712880536509,-0.7137712880536509,0.39911683470196363,0.3991168347019628,-0.39911683470196285,-0.39911683470196285,-0.3991168347019628,-0.9107775757875947,-0.9107775757875947,-0.694548652506796,-0.9640490264526441,-0.9660926751320393,1,2021-02-25
-0.6505345831385075,-0.6505345831385074,-0.7158915781924629,-0.715891578192463,-0.715891578192463,-0.7158915781924631,-1.0772191060811471,-1.0772191060811471,-0.5966537398390945,-0.5966537398390945,-0.5966537398390946,1.1255603802607044,1.1255603802607042,-0.19345009688735734,-0.19345009688735715,-0.7137712880536509,-0.7137712880536509,2.514632952805818,2.5146329528058184,-0.2533723166886974,-0.2533723166886973,-0.5435878564137975,-0.40083351710296133,-0.40083351710296133,-0.4008335171029614,-0.4008335171029614,-0.5966537398390945,-0.31977063540430195,-0.3197706354043019,-0.5966537398390945,-0.5966537398390946,0.3580328521343571,0.35803285213435715,-0.3991168347019628,-0.39911683470196285,-0.39911683470196285,-0.3991168347019628,-0.3991168347019628,-0.7137712880536509,-0.7137712880536509,0.39911683470196363,0.3991168347019628,-0.39911683470196285,-0.39911683470196285,-0.3991168347019628,-0.31141712744704086,-0.31141712744704086,0.35803285213435715,0.18594869854542936,0.1296598063993,1,2021-02-26
-0.3494266313367815,-0.3494266313367814,-0.4769606295084437,-0.47696062950844365,-0.47696062950844353,-0.4769606295084437,-1.0772191060811471,-1.0772191060811471,-0.5966537398390945,-0.5966537398390945,-0.5966537398390946,-0.5674381784690662,-0.5674381784690659,0.026841570598887345,0.02684157059888746,0.8576204079598082,0.8576204079598081,1.1171675128581346,1.1171675128581346,-0.2533723166886974,-0.2533723166886973,-0.169470432316539,-0.40083351710296133,-0.40083351710296133,-0.4008335171029614,-0.4008335171029614,-0.5966537398390945,-0.31977063540430195,-0.3197706354043019,-0.5966537398390945,-0.5966537398390946,-0.17191632646848753,-0.17191632646848753,-0.3991168347019628,-0.39911683470196285,-0.39911683470196285,-0.3991168347019628,-0.3991168347019628,0.8576204079598081,0.8576204079598081,0.39911683470196363,0.3991168347019628,-0.39911683470196285,-0.39911683470196285,-0.3991168347019628,0.18404555742182402,0.184045557421824,-0.17191632646848753,0.13118690211694967,0.1296598063993,0,2021-03-01
-0.7345618088182668,-0.7345618088182668,-0.49323158387593313,-0.49323158387593313,-0.4932315838759331,-0.49323158387593313,-1.0772191060811471,-1.0772191060811471,0.9761766079936257,0.9761766079936257,0.9761766079936258,1.215018692478922,1.215018692478922,0.025461728101496228,0.025461728101496366,0.06646292049325045,0.0664629204932504,4.113311365369245,4.113311365369245,3.946761086881632,3.9467610868816316,-0.478771348093171,-0.40083351710296133,-0.40083351710296133,-0.4008335171029614,-0.4008335171029614,-0.5966537398390945,-0.31977063540430195,-0.3197706354043019,-0.5966537398390945,-0.5966537398390946,2.623121353184386,2.6231213531843864,2.0799294044025545,-0.39911683470196285,-0.39911683470196285,-0.3991168347019628,-0.3991168347019628,0.0664629204932504,0.0664629204932504,-2.079929404402554,-2.079929404402555,2.079929404402555,2.079929404402555,2.0799294044025545,-0.4743572921371598,-0.4743572921371598,2.6231213531843864,1.2811846271150231,1.2254122879306393,0,2021-03-02
-0.8676506800827098,-0.8676506800827096,-0.5913743915647037,-0.5913743915647038,-0.5913743915647037,-0.591374391564704,-1.0772191060811471,-1.0772191060811471,-0.5966537398390945,-0.5966537398390945,-0.5966537398390946,-1.7751253934150057,-1.7751253934150055,0.04327570256393948,0.04327570256393965,1.7626920898742136,1.7626920898742138,-0.26100353245516306,-0.26100353245516306,-0.2533723166886974,-0.2533723166886973,-0.6414046546170216,-0.40083351710296133,-0.40083351710296133,-0.4008335171029614,-0.4008335171029614,0.9761766079936257,-0.31977063540430195,-0.3197706354043019,0.9761766079936257,0.9761766079936257,-0.694548652506796,-0.694548652506796,-0.3991168347019628,2.0799294044025545,2.0799294044025545,2.0799294044025545,2.0799294044025545,1.762692089874214,1.7626920898742138,0.39911683470196363,0.3991168347019628,-0.39911683470196285,-0.39911683470196285,-0.3991168347019628,-0.5937529461546996,-0.5937529461546996,-0.694548652506796,-0.9640490264526441,-0.9660926751320393,1,2021-03-03
-0.6095985256003837,-0.6095985256003836,-0.5433132994705788,-0.5433132994705789,-0.5433132994705788,-0.543313299470579,-1.0772191060811471,-1.0772191060811471,0.9761766079936257,0.9761766079936257,0.9761766079936258,0.3724332142735836,0.3724332142735836,-0.27834359480302273,-0.27834359480302256,-0.7137712880536509,-0.7137712880536509,0.6582365547688065,0.6582365547688065,-0.2533723166886974,-0.2533723166886973,-0.49783631817788276,2.060830006326008,2.060830006326008,2.060830006326008,2.060830006326008,-0.5966537398390945,-0.31977063540430195,-0.3197706354043019,-0.5966537398390945,-0.5966537398390946,-0.3459528910392444,-0.3459528910392443,-0.3991168347019628,-0.39911683470196285,-0.39911683470196285,-0.3991168347019628,-0.3991168347019628,-0.7137712880536509,-0.7137712880536509,0.39911683470196363,0.3991168347019628,-0.39911683470196285,-0.39911683470196285,-0.3991168347019628,0.09285737560845497,0.0928573756084549,-0.3459528910392443,0.13118690211694967,0.1296598063993,1,2021-03-04
0.0027144391264275675,0.0027144391264275767,-0.26016710571162666,-0.2601671057116267,-0.26016710571162655,-0.2601671057116266,-1.0772191060811471,-1.0772191060811471,-0.5966537398390945,-0.5966537398390945,-0.5966537398390946,-0.3734254638458066,-0.3734254638458066,-0.14160170832070312,-0.14160170832070296,-0.19335507095286766,-0.19335507095286777,-0.26100353245516306,-0.26100353245516306,-0.2533723166886974,-0.2533723166886973,-0.1339659346098002,-0.40083351710296133,-0.40083351710296133,-0.4008335171029614,-0.4008335171029614,0.9761766079936257,-0.31977063540430195,-0.3197706354043019,0.9761766079936257,0.9761766079936257,-0.694548652506796,-0.694548652506796,-0.3991168347019628,-0.39911683470196285,-0.39911683470196285,-0.3991168347019628,-0.3991168347019628,-0.19335507095286772,-0.19335507095286777,0.39911683470196363,0.3991168347019628,-0.39911683470196285,-0.39911683470196285,-0.3991168347019628,0.30934784615596483,0.3093478461559647,-0.694548652506796,-0.9640490264526441,-0.9660926751320393,0,2021-03-05
-0.33375733493951715,-0.33375733493951715,-0.356511162442214,-0.356511162442214,-0.3565111624422139,-0.35651116244221404,-1.0772191060811471,-1.0772191060811471,0.9761766079936257,0.9761766079936257,0.9761766079936258,0.3724332142735836,0.3724332142735836,-0.06987354219182154,-0.0698735421918214,-0.7137712880536509,-0.7137712880536509,-0.26100353245516306,-0.26100353245516306,-0.2533723166886974,-0.2533723166886973,-0.5843877849358007,-0.40083351710296133,-0.40083351710296133,-0.4008335171029614,-0.4008335171029614,-0.5966537398390945,-0.31977063540430195,-0.3197706354043019,-0.5966537398390945,-0.5966537398390946,-0.3459528910392444,-0.3459528910392443,-0.3991168347019628,-0.39911683470196285,-0.39911683470196285,-0.3991168347019628,-0.3991168347019628,-0.7137712880536509,-0.7137712880536509,0.39911683470196363,0.3991168347019628,-0.39911683470196285,-0.39911683470196285,-0.3991168347019628,-0.6326907750594772,-0.6326907750594771,-0.3459528910392443,0.13118690211694967,0.1296598063993,1,2021-03-08
-0.12028374118802002,-0.12028374118801997,-0.04795079347533587,-0.047950793475336005,-0.047950793475335804,-0.04795079347533596,-1.0772191060811471,-1.0772191060811471,-0.5966537398390945,-0.5966537398390945,-0.5966537398390946,-0.3734254638458066,-0.3734254638458066,0.2609866559599082,0.26098665595990833,-0.19335507095286766,-0.19335507095286777,-0.26100353245516306,-0.26100353245516306,-0.2533723166886974,-0.2533723166886973,-0.018276711361356217,-0.40083351710296133,-0.40083351710296133,-0.4008335171029614,-0.4008335171029614,0.9761766079936257,-0.31977063540430195,-0.3197706354043019,0.9761766079936257,0.9761766079936257,-0.694548652506796,-0.694548652506796,-0.3991168347019628,-0.39911683470196285,-0.39911683470196285,-0.3991168347019628,-0.3991168347019628,-0.19335507095286772,-0.19335507095286777,0.39911683470196363,0.3991168347019628,-0.39911683470196285,-0.39911683470196285,-0.3991168347019628,0.3119440428208805,0.31194404282088045,-0.694548652506796,-0.9640490264526441,-0.9660926751320393,0,2021-03-09
-0.08986233092893399,-0.0898623309289339,0.12823548759287295,0.12823548759287282,0.12823548759287287,0.12823548759287287,0.928316249085049,0.928316249085049,-0.5966537398390945,-0.5966537398390945,-0.5966537398390946,-0.00049612478611147,-0.000496124786111486,0.18348767610920017,0.18348767610920028,-0.7137712880536509,-0.7137712880536509,-0.26100353245516306,-0.26100353245516306,-0.2533723166886974,-0.2533723166886973,-0.051355513263989315,-0.40083351710296133,-0.40083351710296133,-0.4008335171029614,-0.4008335171029614,-0.5966537398390945,-0.31977063540430195,-0.3197706354043019,-0.5966537398390945,-0.5966537398390946,-0.694548652506796,-0.694548652506796,-0.3991168347019628,-0.39911683470196285,-0.39911683470196285,-0.3991168347019628,-0.3991168347019628,-0.7137712880536509,-0.7137712880536509,0.39911683470196363,0.3991168347019628,-0.39911683470196285,-0.39911683470196285,-0.3991168347019628,0.4808508459109087,0.4808508459109087,-0.694548652506796,-0.9640490264526441,-0.9660926751320393,1,2021-03-10
0.7389394859797408,0.7389394859797406,0.5342826436787921,0.534282643678792,0.534282643678792,0.5342826436787922,0.928316249085049,0.928316249085049,0.9761766079936257,0.9761766079936257,0.9761766079936258,0.3724332142735836,0.3724332142735836,0.3159355766457038,0.315935576645704,-0.7137712880536509,-0.7137712880536509,-0.26100353245516306,-0.26100353245516306,-0.2533723166886974,-0.2533723166886973,0.4289449689417386,-0.40083351710296133,-0.40083351710296133,-0.4008335171029614,-0.4008335171029614,-0.5966537398390945,-0.31977063540430195,-0.3197706354043019,-0.5966537398390945,-0.5966537398390946,-0.3459528910392444,-0.3459528910392443,-0.3991168347019628,-0.39911683470196285,-0.39911683470196285,-0.3991168347019628,-0.3991168347019628,-0.7137712880536509,-0.7137712880536509,0.39911683470196363,0.3991168347019628,-0.39911683470196285,-0.39911683470196285,-0.3991168347019628,0.873466594398539,0.873466594398539,-0.3459528910392443,0.13118690211694967,0.1296598063993,0,2021-03-11
0.35917049098247866,0.35917049098247855,0.5870687345850526,0.5870687345850525,0.5870687345850525,0.5870687345850526,0.928316249085049,0.928316249085049,-0.5966537398390945,-0.5966537398390945,-0.5966537398390946,-0.3734254638458066,-0.3734254638458066,0.42136873567735167,0.4213687356773517,-0.19335507095286766,-0.19335507095286777,-0.26100353245516306,-0.26100353245516306,-0.2533723166886974,-0.2533723166886973,0.13798814836443174,-0.40083351710296133,-0.40083351710296133,-0.4008335171029614,-0.4008335171029614,0.9761766079936257,-0.31977063540430195,-0.3197706354043019,0.9761766079936257,0.9761766079936257,-0.694548652506796,-0.694548652506796,-0.3991168347019628,-0.39911683470196285,-0.39911683470196285,-0.3991168347019628,-0.3991168347019628,-0.19335507095286772,-0.19335507095286777,0.39911683470196363,0.3991168347019628,-0.39911683470196285,-0.39911683470196285,-0.3991168347019628,0.15364809389124479,0.15364809389124476,-0.694548652506796,-0.9640490264526441,-0.9660926751320393,1,2021-03-12
0.26310427819707677,0.2631042781970767,0.7698514526948379,0.7698514526948378,0.7698514526948378,0.7698514526948379,0.928316249085049,0.928316249085049,-0.5966537398390945,-0.5966537398390945,-0.5966537398390946,-0.00049612478611147,-0.000496124786111486,0.00784754769527892,0.007847547695279032,-0.7137712880536509,-0.7137712880536509,-0.26100353245516306,-0.26100353245516306,-0.2533723166886974,-0.2533723166886973,0.41838497777695993,-0.40083351710296133,-0.40083351710296133,-0.4008335171029614,-0.4008335171029614,-0.5966537398390945,-0.31977063540430195,-0.3197706354043019,-0.5966537398390945,-0.5966537398390946,-0.694548652506796,-0.694548652506796,-0.3991168347019628,-0.39911683470196285,-0.39911683470196285,-0.3991168347019628,-0.3991168347019628,-0.7137712880536509,-0.7137712880536509,0.39911683470196363,0.3991168347019628,-0.39911683470196285,-0.39911683470196285,-0.3991168347019628,1.0129351952167733,1.012935195216773,-0.694548652506796,-0.9640490264526441,-0.9660926751320393,1,2021-03-15
0.7724322934298223,0.7724322934298222,1.0286222475617472,1.0286222475617472,1.0286222475617472,1.0286222475617472,0.928316249085049,0.928316249085049,-0.5966537398390945,-0.5966537398390945,-0.5966537398390946,1.0651760195134072,1.0651760195134072,-0.2182889839484474,-0.21828898394844726,-0.7137712880536509,-0.7137712880536509,-0.26100353245516306,-0.26100353245516306,-0.2533723166886974,-0.2533723166886973,0.702285609479253,-0.40083351710296133,-0.40083351710296133,-0.4008335171029614,-0.4008335171029614,-0.5966537398390945,-0.31977063540430195,-0.3197706354043019,-0.5966537398390945,-0.5966537398390946,0.30158856092221975,0.3015885609222198,-0.3991168347019628,-0.39911683470196285,-0.39911683470196285,-0.3991168347019628,-0.3991168347019628,-0.7137712880536509,-0.7137712880536509,0.39911683470196363,0.3991168347019628,-0.39911683470196285,-0.39911683470196285,-0.3991168347019628,0.690167582144023,0.6901675821440231,0.3015885609222198,0.18594869854542936,0.1296598063993,1,2021-03-16
1.154171562729467,1.1541715627294669,1.292780345267296,1.2927803452672957,1.2927803452672961,1.2927803452672961,0.928316249085049,0.928316249085049,-0.5966537398390945,-0.5966537398390945,-0.5966537398390946,-1.0661682690856302,-1.06616826908563,-0.2900897773280355,-0.29008977732803537,0.7733551134367428,0.7733551134367428,-0.26100353245516306,-0.26100353245516306,-0.2533723166886974,-0.2533723166886973,0.9276026036821269,-0.40083351710296133,-0.40083351710296133,-0.4008335171029614,-0.4008335171029614,-0.5966537398390945,-0.31977063540430195,-0.3197706354043019,-0.5966537398390945,-0.5966537398390946,-0.694548652506796,-0.694548652506796,-0.3991168347019628,-0.39911683470196285,-0.39911683470196285,-0.3991168347019628,-0.3991168347019628,0.7733551134367428,0.7733551134367428,0.39911683470196363,0.3991168347019628,-0.39911683470196285,-0.39911683470196285,-0.3991168347019628,1.0116377544299526,1.0116377544299526,-0.694548652506796,-0.9640490264526441,-0.9660926751320393,0,2021-03-17
0.8079173470513343,0.8079173470513341,1.21118764787537,1.21118764787537,1.2111876478753698,1.2111876478753705,0.928316249085049,0.928316249085049,0.9761766079936257,0.9761766079936257,0.9761766079936258,2.4221467929734977,2.422146792973497,-0.2381407713877563,-0.2381407713877562,-0.7137712880536509,-0.7137712880536509,-0.26100353245516306,-0.26100353245516306,-0.2533723166886974,-0.2533723166886973,0.610863110626437,-0.40083351710296133,-0.40083351710296133,-0.4008335171029614,-0.4008335171029614,-0.5966537398390945,-0.31977063540430195,-0.3197706354043019,-0.5966537398390945,-0.5966537398390946,1.5700172162171944,1.5700172162171946,-0.3991168347019628,-0.39911683470196285,-0.39911683470196285,-0.3991168347019628,-0.3991168347019628,-0.7137712880536509,-0.7137712880536509,0.39911683470196363,0.3991168347019628,-0.39911683470196285,-0.39911683470196285,-0.3991168347019628,0.17970447537144002,0.17970447537143996,1.5700172162171946,0.18594869854542936,0.1296598063993,1,2021-03-18
0.9927563210047083,0.9927563210047082,1.4685595046087516,1.4685595046087514,1.4685595046087518,1.4685595046087518,0.928316249085049,0.928316249085049,-0.5966537398390945,-0.5966537398390945,-0.5966537398390946,-2.4231390425457207,-2.42313904254572,-0.2030409861681759,-0.20304098616817579,2.666983537580072,2.666983537580072,-0.26100353245516306,-0.26100353245516306,-0.2533723166886974,-0.2533723166886973,1.1458000882277888,-0.40083351710296133,-0.40083351710296133,-0.4008335171029614,-0.4008335171029614,0.9761766079936257,-0.31977063540430195,-0.3197706354043019,0.9761766079936257,0.9761766079936257,-0.694548652506796,-0.694548652506796,-0.3991168347019628,-0.39911683470196285,-0.39911683470196285,-0.3991168347019628,-0.3991168347019628,2.6669835375800726,2.666983537580072,0.39911683470196363,0.3991168347019628,-0.39911683470196285,-0.39911683470196285,-0.3991168347019628,1.1443349223286514,1.1443349223286512,-0.694548652506796,-0.9640490264526441,-0.9660926751320393,1,2021-03-19
1.582238617450524,1.5822386174505239,1.6568499193745612,1.6568499193745612,1.6568499193745614,1.6568499193745616,0.928316249085049,0.928316249085049,-0.5966537398390945,-0.5966537398390945,-0.5966537398390946,-0.00049612478611147,-0.000496124786111486,-0.20736317183815164,-0.2073631718381515,-0.7137712880536509,-0.7137712880536509,-0.26100353245516306,-0.26100353245516306,-0.2533723166886974,-0.2533723166886973,1.2322656958809584,-0.40083351710296133,-0.40083351710296133,-0.4008335171029614,-0.4008335171029614,-0.5966537398390945,-0.31977063540430195,-0.3197706354043019,-0.5966537398390945,-0.5966537398390946,-0.694548652506796,-0.694548652506796,-0.3991168347019628,-0.39911683470196285,-0.39911683470196285,-0.3991168347019628,-0.3991168347019628,-0.7137712880536509,-0.7137712880536509,0.39911683470196363,0.3991168347019628,-0.39911683470196285,-0.39911683470196285,-0.3991168347019628,1.0139362491314698,1.0139362491314696,-0.694548652506796,0.07642510568846998,0.1296598063993,0,2021-03-22
0.9465698433927602,0.9465698433927601,1.579970351531388,1.579970351531388,1.5799703515313883,1.5799703515313885,0.928316249085049,0.928316249085049,-0.5966537398390945,-0.5966537398390945,-0.5966537398390946,-0.00049612478611147,-0.000496124786111486,-0.09368076856207637,-0.09368076856207627,-0.7137712880536509,-0.7137712880536509,-0.26100353245516306,-0.26100353245516306,-0.2533723166886974,-0.2533723166886973,1.0064517714071364,-0.40083351710296133,-0.40083351710296133,-0.4008335171029614,-0.4008335171029614,-0.5966537398390945,-0.31977063540430195,-0.3197706354043019,-0.5966537398390945,-0.5966537398390946,-0.694548652506796,-0.694548652506796,-0.3991168347019628,-0.39911683470196285,-0.39911683470196285,-0.3991168347019628,-0.3991168347019628,-0.7137712880536509,-0.7137712880536509,0.39911683470196363,0.3991168347019628,-0.39911683470196285,-0.39911683470196285,-0.3991168347019628,0.533713665005931,0.533713665005931,-0.694548652506796,0.07642510568846998,0.1296598063993,0,2021-03-23
0.6225782323193529,0.6225782323193529,1.154045564549078,1.154045564549078,1.1540455645490781,1.1540455645490781,0.928316249085049,0.928316249085049,-0.5966537398390945,-0.5966537398390945,-0.5966537398390946,-0.00049612478611147,-0.000496124786111486,0.15083136685204432,0.1508313668520444,-0.7137712880536509,-0.7137712880536509,-0.26100353245516306,-0.26100353245516306,-0.2533723166886974,-0.2533723166886973,0.5075917975911151,-0.40083351710296133,-0.40083351710296133,-0.4008335171029614,-0.4008335171029614,-0.5966537398390945,-0.31977063540430195,-0.3197706354043019,-0.5966537398390945,-0.5966537398390946,-0.694548652506796,-0.694548652506796,-0.3991168347019628,-0.39911683470196285,-0.39911683470196285,-0.3991168347019628,-0.3991168347019628,-0.7137712880536509,-0.7137712880536509,0.39911683470196363,0.3991168347019628,-0.39911683470196285,-0.39911683470196285,-0.3991168347019628,-0.1827705425716104,-0.18277054257161032,-0.694548652506796,-0.9640490264526441,-0.9660926751320393,0,2021-03-24
0.08598528986756204,0.08598528986756206,0.696096181841889,0.6960961818418889,0.6960961818418889,0.696096181841889,0.928316249085049,0.928316249085049,-0.5966537398390945,-0.5966537398390945,-0.5966537398390946,-0.00049612478611147,-0.000496124786111486,0.09710298866666993,0.09710298866667005,-0.7137712880536509,-0.7137712880536509,-0.26100353245516306,-0.26100353245516306,-0.2533723166886974,-0.2533723166886973,0.26303445321055857,-0.40083351710296133,-0.40083351710296133,-0.4008335171029614,-0.4008335171029614,-0.5966537398390945,-0.31977063540430195,-0.3197706354043019,-0.5966537398390945,-0.5966537398390946,-0.694548652506796,-0.694548652506796,-0.3991168347019628,-0.39911683470196285,-0.39911683470196285,-0.3991168347019628,-0.3991168347019628,-0.7137712880536509,-0.7137712880536509,0.39911683470196363,0.3991168347019628,-0.39911683470196285,-0.39911683470196285,-0.3991168347019628,-0.07634362258851027,-0.07634362258851017,-0.694548652506796,0.13118690211694967,0.1296598063993,1,2021-03-25
0.502299079863889,0.502299079863889,0.49258994851664895,0.49258994851664895,0.4925899485166489,0.492589948516649,0.928316249085049,0.928316249085049,0.9761766079936257,0.9761766079936257,0.9761766079936258,1.211104891319375,1.211104891319375,-0.39113557567035745,-0.39113557567035734,-0.7137712880536509,-0.7137712880536509,-0.26100353245516306,-0.26100353245516306,-0.2533723166886974,-0.2533723166886973,0.41881461554593075,-0.40083351710296133,-0.40083351710296133,-0.4008335171029614,-0.4008335171029614,-0.5966537398390945,-0.31977063540430195,-0.3197706354043019,-0.5966537398390945,-0.5966537398390946,1.5705398485432327,1.5705398485432327,4.232467114454282,-0.39911683470196285,-0.39911683470196285,-0.3991168347019628,-0.3991168347019628,-0.7137712880536509,-0.7137712880536509,-4.232467114454281,-4.232467114454281,4.232467114454281,4.232467114454281,4.232467114454282,-0.45366624465320515,-0.45366624465320515,1.5705398485432327,1.2811846271150231,1.2254122879306393,1,2021-03-26
0.5916858033028469,0.5916858033028469,0.5736210614041287,0.5736210614041286,0.5736210614041286,0.5736210614041287,0.928316249085049,0.928316249085049,-0.5966537398390945,-0.5966537398390945,-0.5966537398390946,-1.2120971408915977,-1.2120971408915977,-0.14488762359298707,-0.1448876235929869,0.976996241867484,0.9769962418674841,-0.26100353245516306,-0.26100353245516306,-0.2533723166886974,-0.2533723166886973,0.755030423950558,-0.40083351710296133,-0.40083351710296133,-0.4008335171029614,-0.4008335171029614,0.9761766079936257,-0.31977063540430195,-0.3197706354043019,0.9761766079936257,0.9761766079936257,-0.694548652506796,-0.694548652506796,-0.3991168347019628,4.232467114454282,4.232467114454282,4.232467114454281,4.232467114454281,0.9769962418674841,0.9769962418674841,0.39911683470196363,0.3991168347019628,-0.39911683470196285,-0.39911683470196285,-0.3991168347019628,-0.22345947734836924,-0.2234594773483692,-0.694548652506796,-0.9640490264526441,-0.9660926751320393,0,2021-03-29
0.23876719116629738,0.23876719116629735,0.4786831335479962,0.4786831335479962,0.4786831335479963,0.4786831335479963,0.928316249085049,0.928316249085049,0.9761766079936257,0.9761766079936257,0.9761766079936258,0.49935219473317993,0.49935219473318,-0.14598015548849236,-0.14598015548849225,-0.7137712880536509,-0.7137712880536509,-0.26100353245516306,-0.26100353245516306,-0.2533723166886974,-0.2533723166886973,0.5294089572335379,4.19827443154726,4.19827443154726,4.198274431547259,4.198274431547259,-0.5966537398390945,-0.31977063540430195,-0.3197706354043019,-0.5966537398390945,-0.5966537398390946,0.7071512459279472,0.7071512459279472,1.1517986782987901,-0.39911683470196285,-0.39911683470196285,-0.3991168347019628,-0.3991168347019628,-0.7137712880536509,-0.7137712880536509,-1.1517986782987897,-1.1517986782987906,1.1517986782987903,1.1517986782987903,1.1517986782987901,-0.220173591525978,-0.220173591525978,0.7071512459279472,2.321658759256137,2.321164769461979,1,2021-03-30
0.30471939584074076,0.3047193958407407,0.5842670211376253,0.5842670211376252,0.5842670211376253,0.5842670211376253,0.928316249085049,0.928316249085049,-0.5966537398390945,-0.5966537398390945,-0.5966537398390946,-0.500344444305403,-0.500344444305403,-0.38843890100052125,-0.3884389010005211,-0.01624190561272113,-0.016241905612721232,-0.26100353245516306,-0.26100353245516306,-0.2533723166886974,-0.2533723166886973,0.7602225098342387,-0.40083351710296133,-0.40083351710296133,-0.4008335171029614,-0.4008335171029614,0.9761766079936257,-0.31977063540430195,-0.3197706354043019,0.9761766079936257,0.9761766079936257,-0.694548652506796,-0.694548652506796,-0.3991168347019628,1.1517986782987901,1.1517986782987901,1.1517986782987901,1.1517986782987901,-0.016241905612721153,-0.016241905612721232,0.39911683470196363,0.3991168347019628,-0.39911683470196285,-0.39911683470196285,-0.3991168347019628,0.5833893967058468,0.5833893967058469,-0.694548652506796,-0.9640490264526441,-0.9660926751320393,1,2021-03-31
0.7001674788121028,0.7001674788121028,0.7298043483656091,0.729804348365609,0.729804348365609,0.7298043483656091,0.928316249085049,0.928316249085049,-0.5966537398390945,-0.5966537398390945,-0.5966537398390946,-0.00049612478611147,-0.000496124786111486,-0.6208013060853808,-0.6208013060853806,-0.7137712880536509,-0.7137712880536509,-0.26100353245516306,-0.26100353245516306,-0.2533723166886974,-0.2533723166886973,0.8600757274996239,1.1392071993836985,1.1392071993836985,1.1392071993836985,1.1392071993836985,-0.5966537398390945,-0.31977063540430195,-0.3197706354043019,-0.5966537398390945,-0.5966537398390946,-0.694548652506796,-0.694548652506796,-0.3991168347019628,-0.39911683470196285,-0.39911683470196285,-0.3991168347019628,-0.3991168347019628,-0.7137712880536509,-0.7137712880536509,0.39911683470196363,0.3991168347019628,-0.39911683470196285,-0.39911683470196285,-0.3991168347019628,1.0013845905650225,1.0013845905650225,-0.694548652506796,-0.9640490264526441,-0.9660926751320393,1,2021-04-01
0.6194234855710542,0.6194234855710543,1.0919631036255255,1.0919631036255255,1.0919631036255255,1.0919631036255257,0.928316249085049,0.928316249085049,-0.5966537398390945,-0.5966537398390945,-0.5966537398390946,-0.00049612478611147,-0.000496124786111486,-0.4684760335986416,-0.46847603359864143,-0.7137712880536509,-0.7137712880536509,-0.26100353245516306,-0.26100353245516306,-0.2533723166886974,-0.2533723166886973,1.25860010499267,-0.40083351710296133,-0.40083351710296133,-0.4008335171029614,-0.4008335171029614,-0.5966537398390945,-0.31977063540430195,-0.3197706354043019,-0.5966537398390945,-0.5966537398390946,-0.694548652506796,-0.694548652506796,-0.3991168347019628,-0.39911683470196285,-0.39911683470196285,-0.3991168347019628,-0.3991168347019628,-0.7137712880536509,-0.7137712880536509,0.39911683470196363,0.3991168347019628,-0.39911683470196285,-0.39911683470196285,-0.3991168347019628,1.3050236933615298,1.3050236933615296,-0.694548652506796,-0.9640490264526441,-0.9660926751320393,0,2021-04-05
0.37604661723001426,0.3760466172300141,1.1448117319673843,1.1448117319673843,1.1448117319673845,1.1448117319673845,0.928316249085049,0.928316249085049,-0.5966537398390945,-0.5966537398390945,-0.5966537398390946,-0.00049612478611147,-0.000496124786111486,-0.33800354403245075,-0.33800354403245064,-0.7137712880536509,-0.7137712880536509,-0.26100353245516306,-0.26100353245516306,-0.2533723166886974,-0.2533723166886973,0.9856023348416507,-0.40083351710296133,-0.40083351710296133,-0.4008335171029614,-0.4008335171029614,-0.5966537398390945,-0.31977063540430195,-0.3197706354043019,-0.5966537398390945,-0.5966537398390946,-0.694548652506796,-0.694548652506796,-0.3991168347019628,-0.39911683470196285,-0.39911683470196285,-0.3991168347019628,-0.3991168347019628,-0.7137712880536509,-0.7137712880536509,0.39911683470196363,0.3991168347019628,-0.39911683470196285,-0.39911683470196285,-0.3991168347019628,0.7226210690457208,0.7226210690457208,-0.694548652506796,-0.9640490264526441,-0.9660926751320393,1,2021-04-06
0.7608646053310462,0.760864605331046,1.3096068004898258,1.3096068004898258,1.3096068004898263,1.3096068004898263,0.928316249085049,0.928316249085049,-0.5966537398390945,-0.5966537398390945,-0.5966537398390946,-0.00049612478611147,-0.000496124786111486,-0.527617090556388,-0.5276170905563878,-0.7137712880536509,-0.7137712880536509,-0.26100353245516306,-0.26100353245516306,-0.2533723166886974,-0.2533723166886973,1.198809456508765,-0.40083351710296133,-0.40083351710296133,-0.4008335171029614,-0.4008335171029614,-0.5966537398390945,-0.31977063540430195,-0.3197706354043019,-0.5966537398390945,-0.5966537398390946,-0.694548652506796,-0.694548652506796,-0.3991168347019628,-0.39911683470196285,-0.39911683470196285,-0.3991168347019628,-0.3991168347019628,-0.7137712880536509,-0.7137712880536509,0.39911683470196363,0.3991168347019628,-0.39911683470196285,-0.39911683470196285,-0.3991168347019628,1.2388807736884488,1.2388807736884488,-0.694548652506796,-0.9640490264526441,-0.9660926751320393,0,2021-04-07
1.1255180979714934,1.1255180979714932,1.3063301338312419,1.3063301338312419,1.3063301338312423,1.3063301338312423,0.928316249085049,0.928316249085049,0.9761766079936257,0.9761766079936257,0.9761766079936258,0.3724332142735836,0.3724332142735836,-0.46093898428701363,-0.4609389842870136,-0.7137712880536509,-0.7137712880536509,-0.26100353245516306,-0.26100353245516306,-0.2533723166886974,-0.2533723166886973,1.0658160258653495,-0.40083351710296133,-0.40083351710296133,-0.4008335171029614,-0.4008335171029614,-0.5966537398390945,-0.31977063540430195,-0.3197706354043019,-0.5966537398390945,-0.5966537398390946,-0.3459528910392444,-0.3459528910392443,-0.3991168347019628,-0.39911683470196285,-0.39911683470196285,-0.3991168347019628,-0.3991168347019628,-0.7137712880536509,-0.7137712880536509,0.39911683470196363,0.3991168347019628,-0.39911683470196285,-0.39911683470196285,-0.3991168347019628,0.8695895799314802,0.8695895799314802,-0.3459528910392443,0.18594869854542936,0.1296598063993,0,2021-04-08
1.2561505610238435,1.2561505610238433,1.1787524453154852,1.178752445315486,1.1787524453154852,1.178752445315486,0.928316249085049,0.928316249085049,0.9761766079936257,0.9761766079936257,0.9761766079936258,2.0492174539138017,2.049217453913802,-0.40224015121629203,-0.402240151216292,-0.19335507095286766,-0.19335507095286777,-0.26100353245516306,-0.26100353245516306,3.946761086881632,3.9467610868816316,0.9360675701205203,-0.40083351710296133,-0.40083351710296133,-0.4008335171029614,-0.4008335171029614,0.9761766079936257,-0.31977063540430195,-0.3197706354043019,0.9761766079936257,0.9761766079936257,1.5700172162171944,1.5700172162171946,-0.3991168347019628,-0.39911683470196285,-0.39911683470196285,-0.3991168347019628,-0.3991168347019628,-0.19335507095286772,-0.19335507095286777,0.39911683470196363,0.3991168347019628,-0.39911683470196285,-0.39911683470196285,-0.3991168347019628,0.6181627907306001,0.6181627907306002,1.5700172162171946,0.18594869854542936,0.1296598063993,0,2021-04-09
1.0271404349859,1.0271404349858997,0.965383924452796,0.9653839244527959,0.9653839244527957,0.965383924452796,0.928316249085049,0.928316249085049,-0.5966537398390945,-0.5966537398390945,-0.5966537398390946,-1.8640245911818598,-1.8640245911818594,-0.7574810259302281,-0.757481025930228,2.666983537580072,2.666983537580072,-0.26100353245516306,-0.26100353245516306,-0.2533723166886974,-0.2533723166886973,0.7787027607324994,-0.40083351710296133,-0.40083351710296133,-0.4008335171029614,-0.4008335171029614,0.9761766079936257,-0.31977063540430195,-0.3197706354043019,0.9761766079936257,0.9761766079936257,-0.17191632646848753,-0.17191632646848753,-0.3991168347019628,-0.39911683470196285,-0.39911683470196285,-0.3991168347019628,-0.3991168347019628,2.6669835375800726,2.666983537580072,0.39911683470196363,0.3991168347019628,-0.39911683470196285,-0.39911683470196285,-0.3991168347019628,0.0462950676414044,0.04629506764140434,-0.17191632646848753,0.13118690211694967,0.1296598063993,0,2021-04-12
0.6230851631083145,0.6230851631083145,0.6789266357007512,0.6789266357007502,0.6789266357007511,0.6789266357007503,0.928316249085049,0.928316249085049,-0.5966537398390945,-0.5966537398390945,-0.5966537398390946,-0.280053350468042,-0.28005335046804186,-0.7893261839268807,-0.7893261839268806,0.06646292049325045,0.0664629204932504,-0.26100353245516306,-0.26100353245516306,-0.2533723166886974,-0.2533723166886973,0.6001419792975988,-0.40083351710296133,-0.40083351710296133,-0.4008335171029614,-0.4008335171029614,-0.5966537398390945,-0.31977063540430195,-0.3197706354043019,-0.5966537398390945,-0.5966537398390946,-0.17191632646848753,-0.17191632646848753,0.6695939525217529,-0.39911683470196285,-0.39911683470196285,-0.3991168347019628,-0.3991168347019628,0.0664629204932504,0.0664629204932504,-0.6695939525217518,-0.6695939525217527,0.669593952521753,0.669593952521753,0.6695939525217529,0.09051280718041775,0.09051280718041767,-0.17191632646848753,1.2264228306865435,1.2254122879306393,0,2021-04-13
0.4681529677288809,0.4681529677288808,0.19064542336099968,0.19064542336099966,0.19064542336099954,0.19064542336099968,0.928316249085049,0.928316249085049,-0.5966537398390945,-0.5966537398390945,-0.5966537398390946,-0.280053350468042,-0.28005335046804186,-0.9184135926692196,-0.9184135926692196,-0.32365418378020017,-0.3236541837802002,-0.26100353245516306,-0.26100353245516306,-0.2533723166886974,-0.2533723166886973,0.2062354759326561,-0.40083351710296133,-0.40083351710296133,-0.4008335171029614,-0.4008335171029614,-0.5966537398390945,-0.31977063540430195,-0.3197706354043019,-0.5966537398390945,-0.5966537398390946,-0.694548652506796,-0.694548652506796,-0.3991168347019628,0.6695939525217529,0.6695939525217529,0.6695939525217529,0.6695939525217529,-0.3236541837802003,-0.3236541837802002,0.39911683470196363,0.3991168347019628,-0.39911683470196285,-0.39911683470196285,-0.3991168347019628,-0.5805494905263383,-0.5805494905263383,-0.694548652506796,-0.9640490264526441,-0.9660926751320393,1,2021-04-14
0.39633233565843135,0.3963323356584313,-0.007009360861129698,-0.007009360861129723,-0.007009360861129614,-0.00700936086112963,0.928316249085049,0.928316249085049,0.9761766079936257,0.9761766079936257,0.9761766079936258,0.3724332142735836,0.3724332142735836,-0.6491616038581317,-0.6491616038581316,-0.7137712880536509,-0.7137712880536509,-0.26100353245516306,-0.26100353245516306,-0.2533723166886974,-0.2533723166886973,0.3878617204776407,0.6603836237898931,0.6603836237898931,0.6603836237898931,0.6603836237898931,-0.5966537398390945,-0.31977063540430195,-0.3197706354043019,-0.5966537398390945,-0.5966537398390946,-0.3459528910392444,-0.3459528910392443,-0.3991168347019628,-0.39911683470196285,-0.39911683470196285,-0.3991168347019628,-0.3991168347019628,-0.7137712880536509,-0.7137712880536509,0.39911683470196363,0.3991168347019628,-0.39911683470196285,-0.39911683470196285,-0.3991168347019628,-0.33491822194875953,-0.3349182219487596,-0.3459528910392443,0.13118690211694967,0.1296598063993,0,2021-04-15
0.1702539889879876,0.17025398898798755,-0.23020424256405417,-0.2302042425640542,-0.2302042425640541,-0.23020424256405425,-1.0772191060811471,-1.0772191060811471,-0.5966537398390945,-0.5966537398390945,-0.5966537398390946,0.752631041201009,0.752631041201009,-0.6493898430619216,-0.6493898430619215,-0.19335507095286766,-0.19335507095286777,-0.26100353245516306,-0.26100353245516306,-0.2533723166886974,-0.2533723166886973,0.24144633323280967,-0.40083351710296133,-0.40083351710296133,-0.4008335171029614,-0.4008335171029614,0.9761766079936257,-0.31977063540430195,-0.3197706354043019,0.9761766079936257,0.9761766079936257,0.3580328521343571,0.35803285213435715,-0.3991168347019628,-0.39911683470196285,-0.39911683470196285,-0.3991168347019628,-0.3991168347019628,-0.19335507095286772,-0.19335507095286777,0.39911683470196363,0.3991168347019628,-0.39911683470196285,-0.39911683470196285,-0.3991168347019628,-0.3878120430385385,-0.3878120430385385,0.35803285213435715,0.18594869854542936,0.1296598063993,0,2021-04-16
-0.359931209357318,-0.35993120935731787,-0.5327620472768744,-0.5327620472768745,-0.5327620472768743,-0.5327620472768745,-1.0772191060811471,-1.0772191060811471,0.9761766079936257,0.9761766079936257,0.9761766079936258,1.2960902879266818,1.2960902879266816,-0.6202725206385346,-0.6202725206385344,0.8576204079598082,0.8576204079598081,5.7106116068873565,5.7106116068873565,3.946761086881632,3.9467610868816316,0.02399615657609949,-0.40083351710296133,-0.40083351710296133,-0.4008335171029614,-0.4008335171029614,-0.5966537398390945,-0.31977063540430195,-0.3197706354043019,-0.5966537398390945,-0.5966537398390946,1.5700172162171944,1.5700172162171946,-0.3991168347019628,-0.39911683470196285,-0.39911683470196285,-0.3991168347019628,-0.3991168347019628,0.8576204079598081,0.8576204079598081,0.39911683470196363,0.3991168347019628,-0.39911683470196285,-0.39911683470196285,-0.3991168347019628,-0.5357888417922776,-0.5357888417922776,1.5700172162171946,0.18594869854542936,0.1296598063993,1,2021-04-19
-0.2487878396361629,-0.2487878396361629,-0.7252278133757727,-0.7252278133757728,-0.7252278133757728,-0.7252278133757729,-1.0772191060811471,-1.0772191060811471,0.9761766079936257,0.9761766079936257,0.9761766079936258,-1.211538026440234,-1.2115380264402338,-0.5992282584763434,-0.5992282584763433,2.666983537580072,2.666983537580072,2.7254931227387527,2.725493122738753,3.946761086881632,3.9467610868816316,0.021646146838078157,-0.40083351710296133,-0.40083351710296133,-0.4008335171029614,-0.4008335171029614,0.9761766079936257,-0.31977063540430195,-0.3197706354043019,0.9761766079936257,0.9761766079936257,1.5705398485432327,1.5705398485432327,4.232467114454282,-0.39911683470196285,-0.39911683470196285,-0.3991168347019628,-0.3991168347019628,2.6669835375800726,2.666983537580072,-4.232467114454281,-4.232467114454281,4.232467114454281,4.232467114454281,4.232467114454282,-0.43112616603873943,-0.43112616603873943,1.5705398485432327,1.2264228306865435,1.2254122879306393,0,2021-04-20
-0.5358826405034876,-0.5358826405034873,-0.8892143158683663,-0.8892143158683664,-0.8892143158683664,-0.8892143158683665,-1.0772191060811471,-1.0772191060811471,-0.5966537398390945,-0.5966537398390945,-0.5966537398390946,-0.9325399152096675,-0.9325399152096673,-0.8112746034870789,-0.8112746034870787,0.976996241867484,0.9769962418674841,0.4280819902014858,0.42808199020148574,-0.2533723166886974,-0.2533723166886973,-0.060393442621763084,-0.40083351710296133,-0.40083351710296133,-0.4008335171029614,-0.4008335171029614,0.9761766079936257,-0.31977063540430195,-0.3197706354043019,0.9761766079936257,0.9761766079936257,-0.17191632646848753,-0.17191632646848753,0.6695939525217529,4.232467114454282,4.232467114454282,4.232467114454281,4.232467114454281,0.9769962418674841,0.9769962418674841,-0.6695939525217518,-0.6695939525217527,0.669593952521753,0.669593952521753,0.6695939525217529,-0.1505159809865325,-0.15051598098653243,-0.17191632646848753,1.1716610342580638,1.2254122879306393,0,2021-04-21
-0.7127002331453853,-0.7127002331453852,-1.1485728213423927,-1.1485728213423927,-1.148572821342393,-1.148572821342393,-1.0772191060811471,-1.0772191060811471,0.9761766079936257,0.9761766079936257,0.9761766079936258,2.1425895672915667,2.1425895672915667,-1.0254575020612562,-1.0254575020612562,-0.32365418378020017,-0.3236541837802002,5.7106116068873565,5.7106116068873565,-0.2533723166886974,-0.2533723166886973,-0.3292229721347735,4.19827443154726,4.19827443154726,4.198274431547259,4.198274431547259,-0.5966537398390945,-0.31977063540430195,-0.3197706354043019,-0.5966537398390945,-0.5966537398390946,1.5700172162171944,1.5700172162171946,-0.3991168347019628,0.6695939525217529,0.6695939525217529,0.6695939525217529,0.6695939525217529,-0.3236541837802003,-0.3236541837802002,0.39911683470196363,0.3991168347019628,-0.39911683470196285,-0.39911683470196285,-0.3991168347019628,-0.639837189135947,-0.639837189135947,1.5700172162171946,0.18594869854542936,0.1296598063993,1,2021-04-22
-0.5262087645962589,-0.5262087645962586,-1.137674615571038,-1.137674615571038,-1.137674615571038,-1.1376746155710384,-1.0772191060811471,-1.0772191060811471,-0.5966537398390945,-0.5966537398390945,-0.5966537398390946,-1.8640245911818598,-1.8640245911818594,-0.7154352366370627,-0.7154352366370625,2.666983537580072,2.666983537580072,1.1171675128581346,1.1171675128581346,-0.2533723166886974,-0.2533723166886973,-0.16350497239354037,0.6603836237898931,0.6603836237898931,0.6603836237898931,0.6603836237898931,0.9761766079936257,-0.31977063540430195,-0.3197706354043019,0.9761766079936257,0.9761766079936257,-0.17191632646848753,-0.17191632646848753,-0.3991168347019628,-0.39911683470196285,-0.39911683470196285,-0.3991168347019628,-0.3991168347019628,2.6669835375800726,2.666983537580072,0.39911683470196363,0.3991168347019628,-0.39911683470196285,-0.39911683470196285,-0.3991168347019628,-0.3331164681638432,-0.33311646816384327,-0.17191632646848753,0.13118690211694967,0.1296598063993,1,2021-04-23
-0.4244502147747919,-0.42445021477479183,-1.0440754288786185,-1.0440754288786185,-1.0440754288786183,-1.0440754288786187,-1.0772191060811471,-1.0772191060811471,0.9761766079936257,0.9761766079936257,0.9761766079936258,0.651990439955514,0.651990439955514,-0.7578533469120743,-0.7578533469120742,0.06646292049325045,0.0664629204932504,2.7254931227387527,2.725493122738753,-0.2533723166886974,-0.2533723166886973,-0.1204929410239999,-0.40083351710296133,-0.40083351710296133,-0.4008335171029614,-0.4008335171029614,-0.5966537398390945,-0.31977063540430195,-0.3197706354043019,-0.5966537398390945,-0.5966537398390946,1.5705398485432327,1.5705398485432327,4.232467114454282,-0.39911683470196285,-0.39911683470196285,-0.3991168347019628,-0.3991168347019628,0.0664629204932504,0.0664629204932504,-4.232467114454281,-4.232467114454281,4.232467114454281,4.232467114454281,4.232467114454282,-0.04271561456392442,-0.04271561456392435,1.5705398485432327,1.2811846271150231,1.2254122879306393,1,2021-04-26
-0.3416936354617729,-0.34169363546177295,-0.9465432446218912,-0.9465432446218913,-0.9465432446218912,-0.9465432446218914,-1.0772191060811471,-1.0772191060811471,0.9761766079936257,0.9761766079936257,0.9761766079936258,0.27906110089581876,0.27906110089581837,-0.7574232435951308,-0.7574232435951307,0.976996241867484,0.9769962418674841,3.4145786453954017,3.4145786453954026,-0.2533723166886974,-0.2533723166886973,-0.12549469218255171,-0.40083351710296133,-0.40083351710296133,-0.4008335171029614,-0.4008335171029614,0.9761766079936257,-0.31977063540430195,-0.3197706354043019,0.9761766079936257,0.9761766079936257,2.0931721745815417,2.0931721745815413,3.163756327230566,4.232467114454282,4.232467114454282,4.232467114454281,4.232467114454281,0.9769962418674841,0.9769962418674841,-3.1637563272305655,-3.163756327230567,3.163756327230566,3.163756327230566,3.163756327230566,-0.03675544292050902,-0.03675544292050897,2.0931721745815413,1.2811846271150231,1.2254122879306393,1,2021-04-27
0.045049390219218444,0.0450493902192185,-0.7510633285003275,-0.7510633285003276,-0.7510633285003275,-0.7510633285003276,-1.0772191060811471,-1.0772191060811471,3.3354221297427062,3.3354221297427062,3.3354221297427067,0.30981239572083114,0.3098123957208307,-0.7278497736571119,-0.7278497736571117,1.3671133461409346,1.3671133461409346,4.179463575544282,4.179463575544282,-0.2533723166886974,-0.2533723166886973,-0.004818330040774438,4.19827443154726,4.19827443154726,4.198274431547259,4.198274431547259,0.9761766079936257,-0.31977063540430195,-0.3197706354043019,0.9761766079936257,0.9761766079936257,4.357215410979493,4.357215410979493,2.510739269124986,3.163756327230566,3.163756327230566,3.1637563272305655,3.1637563272305655,1.3671133461409348,1.3671133461409346,-2.510739269124985,-2.510739269124986,2.5107392691249864,2.5107392691249864,2.510739269124986,0.2004636392065779,0.20046363920657786,4.357215410979493,2.431182352113096,2.321164769461979,1,2021-04-28
0.6835844802428772,0.6835844802428771,0.11709640431183378,0.11709640431183375,0.11709640431183377,0.11709640431183375,0.928316249085049,0.928316249085049,0.9761766079936257,0.9761766079936257,0.9761766079936258,-1.4290335480207756,-1.4290335480207756,0.21352992862819098,0.2135299286281911,1.8001433318844648,1.8001433318844646,-0.26100353245516306,-0.26100353245516306,-0.2533723166886974,-0.2533723166886973,0.9566769233600004,3.1370572906544045,3.1370572906544045,3.1370572906544045,3.1370572906544045,3.3354221297427062,-0.31977063540430195,-0.3197706354043019,3.3354221297427062,3.335422129742706,-0.3459528910392444,-0.3459528910392443,-0.3991168347019628,2.510739269124986,2.510739269124986,2.510739269124986,2.510739269124986,1.800143331884465,1.8001433318844646,0.39911683470196363,0.3991168347019628,-0.39911683470196285,-0.39911683470196285,-0.3991168347019628,1.6051158327896944,1.6051158327896942,-0.3459528910392443,0.13118690211694967,0.1296598063993,0,2021-04-29
0.5845693460195214,0.5845693460195213,0.47979768884356094,0.47979768884356094,0.47979768884356094,0.479797688843561,0.928316249085049,0.928316249085049,-0.5966537398390945,-0.5966537398390945,-0.5966537398390946,-0.3734254638458066,-0.3734254638458066,0.44477931005209115,0.4447793100520913,-0.19335507095286766,-0.19335507095286777,-0.26100353245516306,-0.26100353245516306,-0.2533723166886974,-0.2533723166886973,0.6855314628742134,2.488619094238969,2.488619094238969,2.4886190942389685,2.4886190942389685,0.9761766079936257,-0.31977063540430195,-0.3197706354043019,0.9761766079936257,0.9761766079936257,-0.694548652506796,-0.694548652506796,-0.3991168347019628,-0.39911683470196285,-0.39911683470196285,-0.3991168347019628,-0.3991168347019628,-0.19335507095286772,-0.19335507095286777,0.39911683470196363,0.3991168347019628,-0.39911683470196285,-0.39911683470196285,-0.3991168347019628,1.12380791582324,1.1238079158232397,-0.694548652506796,-0.9640490264526441,-0.9660926751320393,0,2021-04-30
0.6477001073008769,0.6477001073008768,0.5688844682987495,0.5688844682987494,0.5688844682987494,0.5688844682987495,0.928316249085049,0.928316249085049,-0.5966537398390945,-0.5966537398390945,-0.5966537398390946,-0.00049612478611147,-0.000496124786111486,0.5324574376265591,0.5324574376265592,-0.7137712880536509,-0.7137712880536509,-0.26100353245516306,-0.26100353245516306,-0.2533723166886974,-0.2533723166886973,0.5365320462873673,-0.40083351710296133,-0.40083351710296133,-0.4008335171029614,-0.4008335171029614,-0.5966537398390945,-0.31977063540430195,-0.3197706354043019,-0.5966537398390945,-0.5966537398390946,-0.694548652506796,-0.694548652506796,-0.3991168347019628,-0.39911683470196285,-0.39911683470196285,-0.3991168347019628,-0.3991168347019628,-0.7137712880536509,-0.7137712880536509,0.39911683470196363,0.3991168347019628,-0.39911683470196285,-0.39911683470196285,-0.3991168347019628,0.895410491186782,0.895410491186782,-0.694548652506796,-0.9640490264526441,-0.9660926751320393,0,2021-05-03
0.47325134329741775,0.4732513432974177,0.42397196852069247,0.42397196852069247,0.4239719685206925,0.42397196852069247,0.928316249085049,0.928316249085049,-0.5966537398390945,-0.5966537398390945,-0.5966537398390946,0.8420893534192267,0.8420893534192267,0.6330836087959901,0.6330836087959902,-0.7137712880536509,-0.7137712880536509,-0.26100353245516306,-0.26100353245516306,-0.2533723166886974,-0.2533723166886973,0.31252676749591923,-0.40083351710296133,-0.40083351710296133,-0.4008335171029614,-0.4008335171029614,-0.5966537398390945,-0.31977063540430195,-0.3197706354043019,-0.5966537398390945,-0.5966537398390946,0.8806651781726657,0.8806651781726657,0.6847100881260487,-0.39911683470196285,-0.39911683470196285,-0.3991168347019628,-0.3991168347019628,-0.7137712880536509,-0.7137712880536509,-0.6847100881260477,-0.6847100881260485,0.6847100881260487,0.6847100881260487,0.6847100881260487,0.6563070845715439,0.6563070845715439,0.8806651781726657,1.2264228306865435,1.2254122879306393,0,2021-05-04
0.39433351600125216,0.3943335160012521,0.1678523731445398,0.16785237314453977,0.16785237314453977,0.16785237314453974,0.928316249085049,0.928316249085049,0.9761766079936257,0.9761766079936257,0.9761766079936258,0.648076638795967,0.6480766387959664,0.6941931659235395,0.6941931659235396,0.46204166422652937,0.46204166422652926,-0.26100353245516306,-0.26100353245516306,-0.2533723166886974,-0.2533723166886973,0.1537869474889991,-0.40083351710296133,-0.40083351710296133,-0.4008335171029614,-0.4008335171029614,-0.5966537398390945,-0.31977063540430195,-0.3197706354043019,-0.5966537398390945,-0.5966537398390946,2.0931721745815417,2.0931721745815413,3.163756327230566,0.6847100881260487,0.6847100881260487,0.6847100881260487,0.6847100881260487,0.46204166422652926,0.46204166422652926,-3.1637563272305655,-3.163756327230567,3.163756327230566,3.163756327230566,3.163756327230566,0.3084025918665636,0.3084025918665635,2.0931721745815413,1.2811846271150231,1.2254122879306393,1,2021-05-05
0.7832195380208907,0.7832195380208906,0.1288385817388059,0.12883858173880589,0.1288385817388059,0.12883858173880589,0.928316249085049,0.928316249085049,0.9761766079936257,0.9761766079936257,0.9761766079936258,-1.118725027513833,-1.118725027513833,-0.7347044016887533,-0.7347044016887532,1.3671133461409346,1.3671133461409346,-0.26100353245516306,-0.26100353245516306,-0.2533723166886974,-0.2533723166886973,0.3678831743390357,0.6753937672254355,0.6753937672254355,0.6753937672254355,0.6753937672254355,0.9761766079936257,-0.31977063540430195,-0.3197706354043019,0.9761766079936257,0.9761766079936257,-0.3459528910392444,-0.3459528910392443,-0.3991168347019628,3.163756327230566,3.163756327230566,3.1637563272305655,3.1637563272305655,1.3671133461409348,1.3671133461409346,0.39911683470196363,0.3991168347019628,-0.39911683470196285,-0.39911683470196285,-0.3991168347019628,-0.519834728565089,-0.5198347285650889,-0.3459528910392443,0.13118690211694967,0.1296598063993,0,2021-05-06
0.5605407464647323,0.5605407464647323,0.032560290461451494,0.032560290461451466,0.03256029046145163,0.03256029046145162,0.928316249085049,0.928316249085049,-0.5966537398390945,-0.5966537398390945,-0.5966537398390946,-0.3734254638458066,-0.3734254638458066,-0.7777454892276856,-0.7777454892276855,-0.19335507095286766,-0.19335507095286777,-0.26100353245516306,-0.26100353245516306,-0.2533723166886974,-0.2533723166886973,0.30885155152854893,3.1370572906544045,3.1370572906544045,3.1370572906544045,3.1370572906544045,0.9761766079936257,-0.31977063540430195,-0.3197706354043019,0.9761766079936257,0.9761766079936257,-0.694548652506796,-0.694548652506796,-0.3991168347019628,-0.39911683470196285,-0.39911683470196285,-0.3991168347019628,-0.3991168347019628,-0.19335507095286772,-0.19335507095286777,0.39911683470196363,0.3991168347019628,-0.39911683470196285,-0.39911683470196285,-0.3991168347019628,-0.3629074484267111,-0.36290744842671113,-0.694548652506796,-0.9640490264526441,-0.9660926751320393,0,2021-05-07
-0.005567863190113616,-0.0055678631901135795,-0.494278824222154,-0.4942788242221544,-0.49427882422215386,-0.4942788242221544,-1.0772191060811471,-1.0772191060811471,0.9761766079936257,0.9761766079936257,0.9761766079936258,0.3724332142735836,0.3724332142735836,-0.2693614476700328,-0.26936144767003256,-0.7137712880536509,-0.7137712880536509,-0.26100353245516306,-0.26100353245516306,-0.2533723166886974,-0.2533723166886973,-0.2822543352800272,-0.40083351710296133,-0.40083351710296133,-0.4008335171029614,-0.4008335171029614,-0.5966537398390945,-0.31977063540430195,-0.3197706354043019,-0.5966537398390945,-0.5966537398390946,-0.3459528910392444,-0.3459528910392443,-0.3991168347019628,-0.39911683470196285,-0.39911683470196285,-0.3991168347019628,-0.3991168347019628,-0.7137712880536509,-0.7137712880536509,0.39911683470196363,0.3991168347019628,-0.39911683470196285,-0.39911683470196285,-0.3991168347019628,-0.8641000541585121,-0.8641000541585121,-0.3459528910392443,0.18594869854542936,0.1296598063993,1,2021-05-10
-0.0046362925513356015,-0.004636292551335569,-0.8134750125725906,-0.8134750125725907,-0.8134750125725907,-0.8134750125725908,-1.0772191060811471,-1.0772191060811471,-0.5966537398390945,-0.5966537398390945,-0.5966537398390946,-0.0938682381638762,-0.09386823816387567,-0.23691036573688928,-0.23691036573688912,-0.19335507095286766,-0.19335507095286777,-0.26100353245516306,-0.26100353245516306,-0.2533723166886974,-0.2533723166886973,-0.24907455297800726,-0.40083351710296133,-0.40083351710296133,-0.4008335171029614,-0.4008335171029614,0.9761766079936257,-0.31977063540430195,-0.3197706354043019,0.9761766079936257,0.9761766079936257,-0.17191632646848753,-0.17191632646848753,0.6695939525217529,-0.39911683470196285,-0.39911683470196285,-0.3991168347019628,-0.3991168347019628,-0.19335507095286772,-0.19335507095286777,-0.6695939525217518,-0.6695939525217527,0.669593952521753,0.669593952521753,0.6695939525217529,-0.6466554787202744,-0.6466554787202744,-0.17191632646848753,1.1716610342580638,1.2254122879306393,0,2021-05-11
-0.28311773554924125,-0.28311773554924113,-1.1330639898396884,-1.1330639898396884,-1.1330639898396881,-1.1330639898396886,-1.0772191060811471,-1.0772191060811471,-0.5966537398390945,-0.5966537398390945,-0.5966537398390946,-0.280053350468042,-0.28005335046804186,-0.23009157959363125,-0.23009157959363108,-0.32365418378020017,-0.3236541837802002,-0.26100353245516306,-0.26100353245516306,-0.2533723166886974,-0.2533723166886973,-0.4320198136588145,-0.40083351710296133,-0.40083351710296133,-0.4008335171029614,-0.4008335171029614,-0.5966537398390945,-0.31977063540430195,-0.3197706354043019,-0.5966537398390945,-0.5966537398390946,-0.694548652506796,-0.694548652506796,-0.3991168347019628,0.6695939525217529,0.6695939525217529,0.6695939525217529,0.6695939525217529,-0.3236541837802003,-0.3236541837802002,0.39911683470196363,0.3991168347019628,-0.39911683470196285,-0.39911683470196285,-0.3991168347019628,-0.6834550096580412,-0.6834550096580412,-0.694548652506796,-0.9640490264526441,-0.9660926751320393,1,2021-05-12
-0.9494111502842012,-0.9494111502842011,-1.213975180928827,-1.213975180928827,-1.2139751809288268,-1.213975180928827,-1.0772191060811471,-1.0772191060811471,-0.5966537398390945,-0.5966537398390945,-0.5966537398390946,-0.00049612478611147,-0.000496124786111486,-0.330127830173633,-0.3301278301736329,-0.7137712880536509,-0.7137712880536509,-0.26100353245516306,-0.26100353245516306,-0.2533723166886974,-0.2533723166886973,-0.3012132387875647,0.6603836237898931,0.6603836237898931,0.6603836237898931,0.6603836237898931,-0.5966537398390945,-0.31977063540430195,-0.3197706354043019,-0.5966537398390945,-0.5966537398390946,-0.694548652506796,-0.694548652506796,-0.3991168347019628,-0.39911683470196285,-0.39911683470196285,-0.3991168347019628,-0.3991168347019628,-0.7137712880536509,-0.7137712880536509,0.39911683470196363,0.3991168347019628,-0.39911683470196285,-0.39911683470196285,-0.3991168347019628,-0.7826404048490323,-0.7826404048490322,-0.694548652506796,0.07642510568846998,0.1296598063993,1,2021-05-13
-0.4338853534114485,-0.4338853534114485,-0.8766630065543419,-0.876663006554342,-0.8766630065543419,-0.8766630065543422,-1.0772191060811471,-1.0772191060811471,-0.5966537398390945,-0.5966537398390945,-0.5966537398390946,-0.00049612478611147,-0.000496124786111486,0.15169419236828582,0.15169419236828596,-0.7137712880536509,-0.7137712880536509,-0.26100353245516306,-0.26100353245516306,-0.2533723166886974,-0.2533723166886973,0.16862992593168033,-0.40083351710296133,-0.40083351710296133,-0.4008335171029614,-0.4008335171029614,-0.5966537398390945,-0.31977063540430195,-0.3197706354043019,-0.5966537398390945,-0.5966537398390946,-0.694548652506796,-0.694548652506796,-0.3991168347019628,-0.39911683470196285,-0.39911683470196285,-0.3991168347019628,-0.3991168347019628,-0.7137712880536509,-0.7137712880536509,0.39911683470196363,0.3991168347019628,-0.39911683470196285,-0.39911683470196285,-0.3991168347019628,-0.23217977053084662,-0.23217977053084657,-0.694548652506796,-0.9640490264526441,-0.9660926751320393,0,2021-05-14
-0.3653699622466245,-0.3653699622466245,-0.6593809285553544,-0.6593809285553545,-0.6593809285553545,-0.6593809285553545,-1.0772191060811471,-1.0772191060811471,-0.5966537398390945,-0.5966537398390945,-0.5966537398390946,-0.00049612478611147,-0.000496124786111486,-0.4198969986272555,-0.4198969986272553,-0.7137712880536509,-0.7137712880536509,-0.26100353245516306,-0.26100353245516306,-0.2533723166886974,-0.2533723166886973,0.11561527801205766,-0.40083351710296133,-0.40083351710296133,-0.4008335171029614,-0.4008335171029614,-0.5966537398390945,-0.31977063540430195,-0.3197706354043019,-0.5966537398390945,-0.5966537398390946,-0.694548652506796,-0.694548652506796,-0.3991168347019628,-0.39911683470196285,-0.39911683470196285,-0.3991168347019628,-0.3991168347019628,-0.7137712880536509,-0.7137712880536509,0.39911683470196363,0.3991168347019628,-0.39911683470196285,-0.39911683470196285,-0.3991168347019628,0.3877015342706146,0.3877015342706145,-0.694548652506796,-0.9640490264526441,-0.9660926751320393,0,2021-05-17
-0.41426284842580924,-0.4142628484258091,-0.6921051190907744,-0.6921051190907745,-0.6921051190907744,-0.6921051190907745,-1.0772191060811471,-1.0772191060811471,-0.5966537398390945,-0.5966537398390945,-0.5966537398390946,1.1255603802607044,1.1255603802607042,-0.2505303643921547,-0.25053036439215454,-0.7137712880536509,-0.7137712880536509,-0.26100353245516306,-0.26100353245516306,-0.2533723166886974,-0.2533723166886973,-0.15395241546592758,-0.40083351710296133,-0.40083351710296133,-0.4008335171029614,-0.4008335171029614,-0.5966537398390945,-0.31977063540430195,-0.3197706354043019,-0.5966537398390945,-0.5966537398390946,0.3580328521343571,0.35803285213435715,-0.3991168347019628,-0.39911683470196285,-0.39911683470196285,-0.3991168347019628,-0.3991168347019628,-0.7137712880536509,-0.7137712880536509,0.39911683470196363,0.3991168347019628,-0.39911683470196285,-0.39911683470196285,-0.3991168347019628,0.08689571984744966,0.08689571984744966,0.35803285213435715,0.13118690211694967,0.1296598063993,1,2021-05-18
-0.16662489779882417,-0.16662489779882408,-0.5785341829348811,-0.5785341829348816,-0.5785341829348811,-0.5785341829348817,-1.0772191060811471,-1.0772191060811471,0.9761766079936257,0.9761766079936257,0.9761766079936258,1.2960902879266818,1.2960902879266816,-0.34586712211864473,-0.3458671221186446,0.8576204079598082,0.8576204079598081,-0.26100353245516306,-0.26100353245516306,-0.2533723166886974,-0.2533723166886973,-0.015262812769689188,-0.40083351710296133,-0.40083351710296133,-0.4008335171029614,-0.4008335171029614,-0.5966537398390945,-0.31977063540430195,-0.3197706354043019,-0.5966537398390945,-0.5966537398390946,1.5700172162171944,1.5700172162171946,-0.3991168347019628,-0.39911683470196285,-0.39911683470196285,-0.3991168347019628,-0.3991168347019628,0.8576204079598081,0.8576204079598081,0.39911683470196363,0.3991168347019628,-0.39911683470196285,-0.39911683470196285,-0.3991168347019628,0.47074525358488345,0.4707452535848834,1.5700172162171946,0.18594869854542936,0.1296598063993,1,2021-05-19
-0.16511226139785748,-0.1651122613978574,-0.332327974692279,-0.332327974692279,-0.3323279746922789,-0.33232797469227915,-1.0772191060811471,-1.0772191060811471,0.9761766079936257,0.9761766079936257,0.9761766079936258,-2.050209703486025,-2.0502097034860247,-0.32320435863619257,-0.32320435863619246,2.666983537580072,2.666983537580072,-0.26100353245516306,-0.26100353245516306,-0.2533723166886974,-0.2533723166886973,0.16325057912818927,-0.40083351710296133,-0.40083351710296133,-0.4008335171029614,-0.4008335171029614,0.9761766079936257,-0.31977063540430195,-0.3197706354043019,0.9761766079936257,0.9761766079936257,-0.3459528910392444,-0.3459528910392443,-0.3991168347019628,-0.39911683470196285,-0.39911683470196285,-0.3991168347019628,-0.3991168347019628,2.6669835375800726,2.666983537580072,0.39911683470196363,0.3991168347019628,-0.39911683470196285,-0.39911683470196285,-0.3991168347019628,0.5806431569189363,0.5806431569189363,-0.3459528910392443,0.13118690211694967,0.1296598063993,0,2021-05-20
-0.21641793564418782,-0.21641793564418776,-0.2581685160983488,-0.2581685160983486,-0.25816851609834873,-0.2581685160983487,-1.0772191060811471,-1.0772191060811471,-0.5966537398390945,-0.5966537398390945,-0.5966537398390946,-0.3734254638458066,-0.3734254638458066,-0.6545416677388356,-0.6545416677388354,-0.19335507095286766,-0.19335507095286777,-0.26100353245516306,-0.26100353245516306,-0.2533723166886974,-0.2533723166886973,0.019808094011042755,-0.40083351710296133,-0.40083351710296133,-0.4008335171029614,-0.4008335171029614,0.9761766079936257,-0.31977063540430195,-0.3197706354043019,0.9761766079936257,0.9761766079936257,-0.694548652506796,-0.694548652506796,-0.3991168347019628,-0.39911683470196285,-0.39911683470196285,-0.3991168347019628,-0.3991168347019628,-0.19335507095286772,-0.19335507095286777,0.39911683470196363,0.3991168347019628,-0.39911683470196285,-0.39911683470196285,-0.3991168347019628,-0.06895190583990539,-0.06895190583990533,-0.694548652506796,-0.9640490264526441,-0.9660926751320393,1,2021-05-21
0.5761607093165768,0.5761607093165767,0.05873806824659747,0.058738068246597656,0.05873806824659751,0.05873806824659774,0.928316249085049,0.928316249085049,-0.5966537398390945,-0.5966537398390945,-0.5966537398390946,0.8420893534192267,0.8420893534192267,-0.4186293252471022,-0.41862932524710217,-0.7137712880536509,-0.7137712880536509,-0.26100353245516306,-0.26100353245516306,-0.2533723166886974,-0.2533723166886973,0.35175303351460285,-0.40083351710296133,-0.40083351710296133,-0.4008335171029614,-0.4008335171029614,-0.5966537398390945,-0.31977063540430195,-0.3197706354043019,-0.5966537398390945,-0.5966537398390946,0.8806651781726657,0.8806651781726657,0.6847100881260487,-0.39911683470196285,-0.39911683470196285,-0.3991168347019628,-0.3991168347019628,-0.7137712880536509,-0.7137712880536509,-0.6847100881260477,-0.6847100881260485,0.6847100881260487,0.6847100881260487,0.6847100881260487,0.3581540228427278,0.35815402284272774,0.8806651781726657,1.2264228306865435,1.2254122879306393,1,2021-05-24
0.6710457096287886,0.6710457096287885,0.338934208930578,0.338934208930578,0.33893420893057796,0.33893420893057796,0.928316249085049,0.928316249085049,-0.5966537398390945,-0.5966537398390945,-0.5966537398390946,-0.00049612478611147,-0.000496124786111486,-0.7327893311319206,-0.7327893311319205,0.46204166422652937,0.46204166422652926,-0.26100353245516306,-0.26100353245516306,-0.2533723166886974,-0.2533723166886973,0.4381758328700905,-0.40083351710296133,-0.40083351710296133,-0.4008335171029614,-0.4008335171029614,-0.5966537398390945,-0.31977063540430195,-0.3197706354043019,-0.5966537398390945,-0.5966537398390946,0.8806651781726657,0.8806651781726657,0.6847100881260487,0.6847100881260487,0.6847100881260487,0.6847100881260487,0.6847100881260487,0.46204166422652926,0.46204166422652926,-0.6847100881260477,-0.6847100881260485,0.6847100881260487,0.6847100881260487,0.6847100881260487,0.7898690670113421,0.7898690670113422,0.8806651781726657,1.2264228306865435,1.2254122879306393,0,2021-05-25
0.8256357562446184,0.8256357562446182,0.47257580975465485,0.47257580975465485,0.47257580975465485,0.472575809754655,0.928316249085049,0.928316249085049,-0.5966537398390945,-0.5966537398390945,-0.5966537398390946,-0.8430816029914496,-0.8430816029914496,-0.6740085936019147,-0.6740085936019146,0.46204166422652937,0.46204166422652926,-0.26100353245516306,-0.26100353245516306,-0.2533723166886974,-0.2533723166886973,0.3842404637929301,0.6753937672254355,0.6753937672254355,0.6753937672254355,0.6753937672254355,-0.5966537398390945,-0.31977063540430195,-0.3197706354043019,-0.5966537398390945,-0.5966537398390946,-0.694548652506796,-0.694548652506796,-0.3991168347019628,0.6847100881260487,0.6847100881260487,0.6847100881260487,0.6847100881260487,0.46204166422652926,0.46204166422652926,0.39911683470196363,0.3991168347019628,-0.39911683470196285,-0.39911683470196285,-0.3991168347019628,0.597852281093347,0.597852281093347,-0.694548652506796,0.13118690211694967,0.1296598063993,1,2021-05-26
0.905665100334414,0.9056651003344138,0.6776026064642724,0.6776026064642727,0.6776026064642723,0.677602606464273,0.928316249085049,0.928316249085049,-0.5966537398390945,-0.5966537398390945,-0.5966537398390946,0.27906110089581876,0.2790611008958189,-0.677466141673733,-0.677466141673733,-0.7137712880536509,-0.7137712880536509,0.4280819902014858,0.42808199020148574,-0.2533723166886974,-0.2533723166886973,0.6060254934104367,0.6753937672254355,0.6753937672254355,0.6753937672254355,0.6753937672254355,-0.5966537398390945,-0.31977063540430195,-0.3197706354043019,-0.5966537398390945,-0.5966537398390946,-0.17191632646848753,-0.17191632646848753,0.6695939525217529,-0.39911683470196285,-0.39911683470196285,-0.3991168347019628,-0.3991168347019628,-0.7137712880536509,-0.7137712880536509,-0.6695939525217518,-0.6695939525217527,0.669593952521753,0.669593952521753,0.6695939525217529,0.5904597389320241,0.5904597389320241,-0.17191632646848753,1.1716610342580638,1.2254122879306393,0,2021-05-27
0.3437298330769277,0.34372983307692767,0.6159060385101072,0.6159060385101071,0.6159060385101071,0.6159060385101072,0.928316249085049,0.928316249085049,0.9761766079936257,0.9761766079936257,0.9761766079936258,2.1425895672915667,2.1425895672915667,-0.5939937450790108,-0.5939937450790107,-0.32365418378020017,-0.3236541837802002,5.7106116068873565,5.7106116068873565,3.946761086881632,3.9467610868816316,0.4163862353329051,-0.40083351710296133,-0.40083351710296133,-0.4008335171029614,-0.4008335171029614,-0.5966537398390945,-0.31977063540430195,-0.3197706354043019,-0.5966537398390945,-0.5966537398390946,1.5700172162171944,1.5700172162171946,-0.3991168347019628,0.6695939525217529,0.6695939525217529,0.6695939525217529,0.6695939525217529,-0.3236541837802003,-0.3236541837802002,0.39911683470196363,0.3991168347019628,-0.39911683470196285,-0.39911683470196285,-0.3991168347019628,0.5168459415017063,0.5168459415017063,1.5700172162171946,0.18594869854542936,0.1296598063993,1,2021-05-28
0.3760494326735233,0.3760494326735232,0.533922303993482,0.5339223039934818,0.5339223039934818,0.5339223039934818,0.928316249085049,0.928316249085049,0.9761766079936257,0.9761766079936257,0.9761766079936258,-2.050209703486025,-2.0502097034860247,-0.8346124593514641,-0.8346124593514639,2.666983537580072,2.666983537580072,0.6582365547688065,0.6582365547688065,-0.2533723166886974,-0.2533723166886973,0.41911891635726894,0.6603836237898931,0.6603836237898931,0.6603836237898931,0.6603836237898931,0.9761766079936257,-0.31977063540430195,-0.3197706354043019,0.9761766079936257,0.9761766079936257,-0.3459528910392444,-0.3459528910392443,-0.3991168347019628,-0.39911683470196285,-0.39911683470196285,-0.3991168347019628,-0.3991168347019628,2.6669835375800726,2.666983537580072,0.39911683470196363,0.3991168347019628,-0.39911683470196285,-0.39911683470196285,-0.3991168347019628,0.12743417448366912,0.1274341744836691,-0.3459528910392443,0.18594869854542936,0.1296598063993,1,2021-06-01
0.5866406395004525,0.5866406395004524,0.4297633067417178,0.4297633067417178,0.42976330674171775,0.4297633067417179,0.928316249085049,0.928316249085049,0.9761766079936257,0.9761766079936257,0.9761766079936258,2.0492174539138017,2.049217453913802,-0.8755820838410291,-0.8755820838410289,-0.19335507095286766,-0.19335507095286777,5.7106116068873565,5.7106116068873565,3.946761086881632,3.9467610868816316,0.3949158227420753,-0.40083351710296133,-0.40083351710296133,-0.4008335171029614,-0.4008335171029614,0.9761766079936257,-0.31977063540430195,-0.3197706354043019,0.9761766079936257,0.9761766079936257,1.5700172162171944,1.5700172162171946,-0.3991168347019628,-0.39911683470196285,-0.39911683470196285,-0.3991168347019628,-0.3991168347019628,-0.19335507095286772,-0.19335507095286777,0.39911683470196363,0.3991168347019628,-0.39911683470196285,-0.39911683470196285,-0.3991168347019628,-0.019928824983398853,-0.019928824983398763,1.5700172162171946,0.18594869854542936,0.1296598063993,0,2021-06-02
0.33487866515745784,0.33487866515745784,0.21335467992910817,0.21335467992910814,0.2133546799291082,0.21335467992910817,0.928316249085049,0.928316249085049,-0.5966537398390945,-0.5966537398390945,-0.5966537398390946,-2.4231390425457207,-2.42313904254572,-0.8154592932909194,-0.8154592932909192,2.666983537580072,2.666983537580072,-0.26100353245516306,-0.26100353245516306,-0.2533723166886974,-0.2533723166886973,0.22994860001613612,-0.40083351710296133,-0.40083351710296133,-0.4008335171029614,-0.4008335171029614,0.9761766079936257,-0.31977063540430195,-0.3197706354043019,0.9761766079936257,0.9761766079936257,-0.694548652506796,-0.694548652506796,-0.3991168347019628,-0.39911683470196285,-0.39911683470196285,-0.3991168347019628,-0.3991168347019628,2.6669835375800726,2.666983537580072,0.39911683470196363,0.3991168347019628,-0.39911683470196285,-0.39911683470196285,-0.3991168347019628,-0.15788880308912362,-0.1578888030891235,-0.694548652506796,-0.9640490264526441,-0.9660926751320393,1,2021-06-03
0.3025250210905239,0.30252502109052387,0.18100456241422588,0.18100456241422586,0.18100456241422586,0.18100456241422586,0.928316249085049,0.928316249085049,3.3354221297427062,3.3354221297427062,3.3354221297427067,1.3972900036235405,1.3972900036235405,-0.8639401043941034,-0.8639401043941033,-0.7137712880536509,-0.7137712880536509,3.184424080828081,3.1844240808280815,-0.2533723166886974,-0.2533723166886973,0.39920088969328205,-0.40083351710296133,-0.40083351710296133,-0.4008335171029614,-0.4008335171029614,-0.5966537398390945,-0.31977063540430195,-0.3197706354043019,-0.5966537398390945,-0.5966537398390946,1.9186129776847458,1.9186129776847463,3.5204971274919474,-0.39911683470196285,-0.39911683470196285,-0.3991168347019628,-0.3991168347019628,-0.7137712880536509,-0.7137712880536509,-3.5204971274919465,-3.520497127491948,3.5204971274919474,3.5204971274919474,3.5204971274919474,-0.19230805210307583,-0.1923080521030758,1.9186129776847463,1.2811846271150231,1.2254122879306393,1,2021-06-04
0.6143083424805615,0.6143083424805614,0.32827863529790313,0.3282786352979027,0.32827863529790313,0.32827863529790263,0.928316249085049,0.928316249085049,-0.5966537398390945,-0.5966537398390945,-0.5966537398390946,-1.3982822531957635,-1.3982822531957633,-0.794314967856442,-0.7943149678564418,1.236814233313602,1.236814233313602,-0.26100353245516306,-0.26100353245516306,-0.2533723166886974,-0.2533723166886973,0.6368590237751987,-0.40083351710296133,-0.40083351710296133,-0.4008335171029614,-0.4008335171029614,3.3354221297427062,-0.31977063540430195,-0.3197706354043019,3.3354221297427062,3.335422129742706,-0.694548652506796,-0.694548652506796,-0.3991168347019628,3.5204971274919474,3.5204971274919474,3.520497127491947,3.520497127491947,1.2368142333136023,1.236814233313602,0.39911683470196363,0.3991168347019628,-0.39911683470196285,-0.39911683470196285,-0.3991168347019628,0.2794251352967971,0.2794251352967971,-0.694548652506796,0.13118690211694967,0.1296598063993,0,2021-06-07
0.20084821661390662,0.2008482166139065,0.2798422712495808,0.2798422712495808,0.2798422712495807,0.27984227124958083,0.928316249085049,0.928316249085049,0.9761766079936257,0.9761766079936257,0.9761766079936258,1.7741331438427828,1.7741331438427828,-0.7080393740116412,-0.708039374011641,-0.7137712880536509,-0.7137712880536509,4.113311365369245,4.113311365369245,-0.2533723166886974,-0.2533723166886973,0.4432474282515846,3.491296675733207,3.491296675733207,3.491296675733207,3.491296675733207,-0.5966537398390945,-0.31977063540430195,-0.3197706354043019,-0.5966537398390945,-0.5966537398390946,2.623121353184386,2.6231213531843864,2.0799294044025545,-0.39911683470196285,-0.39911683470196285,-0.3991168347019628,-0.3991168347019628,-0.7137712880536509,-0.7137712880536509,-2.079929404402554,-2.079929404402555,2.079929404402555,2.079929404402555,2.0799294044025545,0.12686719934435614,0.1268671993443561,2.6231213531843864,1.2811846271150231,1.2254122879306393,0,2021-06-08
-0.030096016797103595,-0.03009601679710355,0.09317061155840352,0.09317061155840395,0.09317061155840346,0.09317061155840393,0.928316249085049,0.928316249085049,-0.5966537398390945,-0.5966537398390945,-0.5966537398390946,-1.7751253934150057,-1.7751253934150055,-0.6335161064534909,-0.6335161064534909,1.7626920898742136,1.7626920898742138,-0.26100353245516306,-0.26100353245516306,-0.2533723166886974,-0.2533723166886973,0.23687349529500737,-0.40083351710296133,-0.40083351710296133,-0.4008335171029614,-0.4008335171029614,0.9761766079936257,-0.31977063540430195,-0.3197706354043019,0.9761766079936257,0.9761766079936257,-0.694548652506796,-0.694548652506796,-0.3991168347019628,2.0799294044025545,2.0799294044025545,2.0799294044025545,2.0799294044025545,1.762692089874214,1.7626920898742138,0.39911683470196363,0.3991168347019628,-0.39911683470196285,-0.39911683470196285,-0.3991168347019628,-0.03217320227981019,-0.03217320227981013,-0.694548652506796,-0.9640490264526441,-0.9660926751320393,1,2021-06-09
0.050892798330937176,0.0508927983309372,0.014545035499745873,0.014545035499745848,0.014545035499746022,0.01454503549974588,0.928316249085049,0.928316249085049,-0.5966537398390945,-0.5966537398390945,-0.5966537398390946,-0.00049612478611147,-0.000496124786111486,-0.696153076792985,-0.6961530767929849,-0.7137712880536509,-0.7137712880536509,-0.26100353245516306,-0.26100353245516306,-0.2533723166886974,-0.2533723166886973,0.26682568096822384,2.060830006326008,2.060830006326008,2.060830006326008,2.060830006326008,-0.5966537398390945,-0.31977063540430195,-0.3197706354043019,-0.5966537398390945,-0.5966537398390946,-0.694548652506796,-0.694548652506796,-0.3991168347019628,-0.39911683470196285,-0.39911683470196285,-0.3991168347019628,-0.3991168347019628,-0.7137712880536509,-0.7137712880536509,0.39911683470196363,0.3991168347019628,-0.39911683470196285,-0.39911683470196285,-0.3991168347019628,0.2158712636820954,0.21587126368209536,-0.694548652506796,0.07642510568846998,0.1296598063993,0,2021-06-10
-0.16592779975138644,-0.1659277997513864,-0.10429539158968806,-0.10429539158968809,-0.10429539158968805,-0.10429539158968806,-1.0772191060811471,-1.0772191060811471,-0.5966537398390945,-0.5966537398390945,-0.5966537398390946,-0.00049612478611147,-0.000496124786111486,-0.7434475946948494,-0.7434475946948493,-0.7137712880536509,-0.7137712880536509,-0.26100353245516306,-0.26100353245516306,-0.2533723166886974,-0.2533723166886973,0.1556291394875095,-0.40083351710296133,-0.40083351710296133,-0.4008335171029614,-0.4008335171029614,-0.5966537398390945,-0.31977063540430195,-0.3197706354043019,-0.5966537398390945,-0.5966537398390946,-0.694548652506796,-0.694548652506796,-0.3991168347019628,-0.39911683470196285,-0.39911683470196285,-0.3991168347019628,-0.3991168347019628,-0.7137712880536509,-0.7137712880536509,0.39911683470196363,0.3991168347019628,-0.39911683470196285,-0.39911683470196285,-0.3991168347019628,-0.04108217720790371,-0.04108217720790368,-0.694548652506796,-0.9640490264526441,-0.9660926751320393,1,2021-06-11
0.16207759297059363,0.16207759297059351,-0.021629191770384262,-0.02162919177038429,-0.021629191770384238,-0.021629191770384255,0.928316249085049,0.928316249085049,-0.5966537398390945,-0.5966537398390945,-0.5966537398390946,0.5625321277372963,0.5625321277372963,-0.7897106886278272,-0.7897106886278271,-0.7137712880536509,-0.7137712880536509,1.1268147101753276,1.1268147101753274,-0.2533723166886974,-0.2533723166886973,0.35035493395962264,-0.40083351710296133,-0.40083351710296133,-0.4008335171029614,-0.4008335171029614,-0.5966537398390945,-0.31977063540430195,-0.3197706354043019,-0.5966537398390945,-0.5966537398390946,0.3580328521343571,0.35803285213435715,1.7534208753497644,-0.39911683470196285,-0.39911683470196285,-0.3991168347019628,-0.3991168347019628,-0.7137712880536509,-0.7137712880536509,-1.753420875349763,-1.753420875349764,1.7534208753497644,1.7534208753497644,1.7534208753497644,-0.07431224503656196,-0.07431224503656188,0.35803285213435715,1.2811846271150231,1.2254122879306393,0,2021-06-14
0.14727674189735884,0.14727674189735876,0.0014255713485440504,0.0014255713485440253,0.0014255713485441775,0.0014255713485441608,0.928316249085049,0.928316249085049,1.7625917819099859,1.7625917819099859,1.7625917819099859,0.9276338644778973,0.9276338644778969,-0.8493867241538162,-0.8493867241538161,0.0719245599530787,0.07192455995307864,3.4145786453954017,3.4145786453954026,-0.2533723166886974,-0.2533723166886973,0.30160352912122995,-0.40083351710296133,-0.40083351710296133,-0.4008335171029614,-0.4008335171029614,-0.5966537398390945,-0.31977063540430195,-0.3197706354043019,-0.5966537398390945,-0.5966537398390946,2.0931721745815417,2.0931721745815413,3.163756327230566,1.7534208753497644,1.7534208753497644,1.7534208753497642,1.7534208753497642,0.07192455995307864,0.07192455995307864,-3.1637563272305655,-3.163756327230567,3.163756327230566,3.163756327230566,3.163756327230566,0.05671073312511635,0.05671073312511629,2.0931721745815413,1.2811846271150231,1.2254122879306393,0,2021-06-15
-0.048701191014657065,-0.04870119101465708,-0.19966878110741543,-0.19966878110741546,-0.19966878110741534,-0.19966878110741548,-1.0772191060811471,-1.0772191060811471,-0.5966537398390945,-0.5966537398390945,-0.5966537398390946,-1.4916543665735282,-1.491654366573528,-0.729196601096758,-0.7291966010967579,1.3671133461409346,1.3671133461409346,-0.26100353245516306,-0.26100353245516306,-0.2533723166886974,-0.2533723166886973,0.0079052150888624,1.7366109081182899,1.7366109081182899,1.7366109081182899,1.7366109081182899,1.7625917819099859,-0.31977063540430195,-0.3197706354043019,1.7625917819099859,1.762591781909986,-0.694548652506796,-0.694548652506796,-0.3991168347019628,3.163756327230566,3.163756327230566,3.1637563272305655,3.1637563272305655,1.3671133461409348,1.3671133461409346,0.39911683470196363,0.3991168347019628,-0.39911683470196285,-0.39911683470196285,-0.3991168347019628,-0.044747426890471516,-0.04474742689047143,-0.694548652506796,-0.9640490264526441,-0.9660926751320393,1,2021-06-16
0.2488513724057178,0.2488513724057177,-0.1658727956176673,-0.16587279561766732,-0.16587279561766727,-0.1658727956176673,-1.0772191060811471,-1.0772191060811471,0.9761766079936257,0.9761766079936257,0.9761766079936258,1.211104891319375,1.211104891319375,-0.6265577559961776,-0.6265577559961776,-0.7137712880536509,-0.7137712880536509,2.7254931227387527,2.725493122738753,3.946761086881632,3.9467610868816316,0.19314523304671058,3.1370572906544045,3.1370572906544045,3.1370572906544045,3.1370572906544045,-0.5966537398390945,-0.31977063540430195,-0.3197706354043019,-0.5966537398390945,-0.5966537398390946,1.5705398485432327,1.5705398485432327,4.232467114454282,-0.39911683470196285,-0.39911683470196285,-0.3991168347019628,-0.3991168347019628,-0.7137712880536509,-0.7137712880536509,-4.232467114454281,-4.232467114454281,4.232467114454281,4.232467114454281,4.232467114454282,0.10194662425319682,0.10194662425319684,1.5705398485432327,1.2264228306865435,1.2254122879306393,0,2021-06-17
-0.13884547537854447,-0.13884547537854444,-0.3895019368297286,-0.38950193682972817,-0.38950193682972856,-0.3895019368297282,-1.0772191060811471,-1.0772191060811471,-0.5966537398390945,-0.5966537398390945,-0.5966537398390946,-1.2120971408915977,-1.2120971408915977,-0.4369238683855643,-0.43692386838556413,0.976996241867484,0.9769962418674841,-0.26100353245516306,-0.26100353245516306,-0.2533723166886974,-0.2533723166886973,-0.12751450723764846,-0.40083351710296133,-0.40083351710296133,-0.4008335171029614,-0.4008335171029614,0.9761766079936257,-0.31977063540430195,-0.3197706354043019,0.9761766079936257,0.9761766079936257,-0.694548652506796,-0.694548652506796,-0.3991168347019628,4.232467114454282,4.232467114454282,4.232467114454281,4.232467114454281,0.9769962418674841,0.9769962418674841,0.39911683470196363,0.3991168347019628,-0.39911683470196285,-0.39911683470196285,-0.3991168347019628,-0.15616009573110595,-0.15616009573110587,-0.694548652506796,0.07642510568846998,0.1296598063993,1,2021-06-18
-0.2596501485382934,-0.2596501485382933,-0.4506726846639793,-0.4506726846639793,-0.45067268466397914,-0.4506726846639793,-1.0772191060811471,-1.0772191060811471,-0.5966537398390945,-0.5966537398390945,-0.5966537398390946,1.1255603802607044,1.1255603802607042,-0.5391356882381565,-0.5391356882381564,-0.7137712880536509,-0.7137712880536509,2.514632952805818,2.5146329528058184,-0.2533723166886974,-0.2533723166886973,-0.04860793313714491,4.19827443154726,4.19827443154726,4.198274431547259,4.198274431547259,-0.5966537398390945,-0.31977063540430195,-0.3197706354043019,-0.5966537398390945,-0.5966537398390946,0.3580328521343571,0.35803285213435715,-0.3991168347019628,-0.39911683470196285,-0.39911683470196285,-0.3991168347019628,-0.3991168347019628,-0.7137712880536509,-0.7137712880536509,0.39911683470196363,0.3991168347019628,-0.39911683470196285,-0.39911683470196285,-0.3991168347019628,-0.28470540347324935,-0.28470540347324935,0.35803285213435715,0.18594869854542936,0.1296598063993,1,2021-06-21
0.06658132130914367,0.06658132130914367,-0.27090403216155723,-0.27090403216155723,-0.2709040321615571,-0.2709040321615573,-1.0772191060811471,-1.0772191060811471,0.9761766079936257,0.9761766079936257,0.9761766079936258,1.2960902879266818,1.2960902879266816,-0.3634095906099952,-0.3634095906099951,0.8576204079598082,0.8576204079598081,5.7106116068873565,5.7106116068873565,3.946761086881632,3.9467610868816316,0.2104718591954344,-0.40083351710296133,-0.40083351710296133,-0.4008335171029614,-0.4008335171029614,-0.5966537398390945,-0.31977063540430195,-0.3197706354043019,-0.5966537398390945,-0.5966537398390946,1.5700172162171944,1.5700172162171946,-0.3991168347019628,-0.39911683470196285,-0.39911683470196285,-0.3991168347019628,-0.3991168347019628,0.8576204079598081,0.8576204079598081,0.39911683470196363,0.3991168347019628,-0.39911683470196285,-0.39911683470196285,-0.3991168347019628,0.019847425054114447,0.0198474250541145,1.5700172162171946,0.18594869854542936,0.1296598063993,1,2021-06-22
0.23974931415354514,0.2397493141535451,-0.1190669043686412,-0.11906690436864122,-0.11906690436864112,-0.11906690436864113,-1.0772191060811471,-1.0772191060811471,-0.5966537398390945,-0.5966537398390945,-0.5966537398390946,-1.8640245911818598,-1.8640245911818594,-0.5324312634868795,-0.5324312634868795,2.666983537580072,2.666983537580072,1.1171675128581346,1.1171675128581346,-0.2533723166886974,-0.2533723166886973,0.2494123850636517,-0.40083351710296133,-0.40083351710296133,-0.4008335171029614,-0.4008335171029614,0.9761766079936257,-0.31977063540430195,-0.3197706354043019,0.9761766079936257,0.9761766079936257,-0.17191632646848753,-0.17191632646848753,-0.3991168347019628,-0.39911683470196285,-0.39911683470196285,-0.3991168347019628,-0.3991168347019628,2.6669835375800726,2.666983537580072,0.39911683470196363,0.3991168347019628,-0.39911683470196285,-0.39911683470196285,-0.3991168347019628,0.3529270109384529,0.35292701093845286,-0.17191632646848753,0.13118690211694967,0.1296598063993,1,2021-06-23
0.25034683907540306,0.25034683907540306,0.04133059554894439,0.04133059554894437,0.04133059554894448,0.04133059554894446,0.928316249085049,0.928316249085049,-0.5966537398390945,-0.5966537398390945,-0.5966537398390946,-0.5596105761499722,-0.5596105761499723,-0.5894905488265986,-0.5894905488265986,0.06646292049325045,0.0664629204932504,-0.26100353245516306,-0.26100353245516306,-0.2533723166886974,-0.2533723166886973,0.32637417182894646,-0.40083351710296133,-0.40083351710296133,-0.4008335171029614,-0.4008335171029614,-0.5966537398390945,-0.31977063540430195,-0.3197706354043019,-0.5966537398390945,-0.5966537398390946,-0.694548652506796,-0.694548652506796,-0.3991168347019628,-0.39911683470196285,-0.39911683470196285,-0.3991168347019628,-0.3991168347019628,0.0664629204932504,0.0664629204932504,0.39911683470196363,0.3991168347019628,-0.39911683470196285,-0.39911683470196285,-0.3991168347019628,0.21784873735313703,0.21784873735313698,-0.694548652506796,-0.9640490264526441,-0.9660926751320393,0,2021-06-24
0.23079711035856762,0.23079711035856756,0.05406200409657069,0.05406200409657067,0.054062004096570804,0.05406200409657079,0.928316249085049,0.928316249085049,-0.5966537398390945,-0.5966537398390945,-0.5966537398390946,-0.00049612478611147,-0.000496124786111486,-0.9134295450024713,-0.9134295450024711,-0.7137712880536509,-0.7137712880536509,-0.26100353245516306,-0.26100353245516306,-0.2533723166886974,-0.2533723166886973,0.22987915097401326,-0.40083351710296133,-0.40083351710296133,-0.4008335171029614,-0.4008335171029614,-0.5966537398390945,-0.31977063540430195,-0.3197706354043019,-0.5966537398390945,-0.5966537398390946,-0.694548652506796,-0.694548652506796,-0.3991168347019628,-0.39911683470196285,-0.39911683470196285,-0.3991168347019628,-0.3991168347019628,-0.7137712880536509,-0.7137712880536509,0.39911683470196363,0.3991168347019628,-0.39911683470196285,-0.39911683470196285,-0.3991168347019628,0.45605624187639093,0.4560562418763909,-0.694548652506796,0.07642510568846998,0.1296598063993,1,2021-06-25
0.5200027561998722,0.5200027561998722,0.5013421923166403,0.5013421923166403,0.5013421923166402,0.5013421923166405,0.928316249085049,0.928316249085049,-0.5966537398390945,-0.5966537398390945,-0.5966537398390946,0.5625321277372963,0.5625321277372963,-0.40816680504750935,-0.40816680504750924,-0.7137712880536509,-0.7137712880536509,1.1268147101753276,1.1268147101753274,-0.2533723166886974,-0.2533723166886973,0.7797147489684045,-0.40083351710296133,-0.40083351710296133,-0.4008335171029614,-0.4008335171029614,-0.5966537398390945,-0.31977063540430195,-0.3197706354043019,-0.5966537398390945,-0.5966537398390946,0.3580328521343571,0.35803285213435715,1.7534208753497644,-0.39911683470196285,-0.39911683470196285,-0.3991168347019628,-0.3991168347019628,-0.7137712880536509,-0.7137712880536509,-1.753420875349763,-1.753420875349764,1.7534208753497644,1.7534208753497644,1.7534208753497644,0.983259631305321,0.983259631305321,0.35803285213435715,1.2264228306865435,1.2254122879306393,0,2021-06-28
0.394478036189378,0.3944780361893779,0.6046808900023021,0.604680890002302,0.604680890002302,0.604680890002302,0.928316249085049,0.928316249085049,-0.5966537398390945,-0.5966537398390945,-0.5966537398390946,-0.5635243773095192,-0.5635243773095193,-0.2765729975956683,-0.2765729975956681,0.0719245599530787,0.07192455995307864,-0.26100353245516306,-0.26100353245516306,-0.2533723166886974,-0.2533723166886973,0.5690120300140826,-0.40083351710296133,-0.40083351710296133,-0.4008335171029614,-0.4008335171029614,-0.5966537398390945,-0.31977063540430195,-0.3197706354043019,-0.5966537398390945,-0.5966537398390946,-0.694548652506796,-0.694548652506796,-0.3991168347019628,1.7534208753497644,1.7534208753497644,1.7534208753497642,1.7534208753497642,0.07192455995307864,0.07192455995307864,0.39911683470196363,0.3991168347019628,-0.39911683470196285,-0.39911683470196285,-0.3991168347019628,0.4926229596986497,0.4926229596986497,-0.694548652506796,1.2264228306865435,1.2254122879306393,0,2021-06-29
0.4542219159628684,0.45422191596286826,0.47146568306312514,0.47146568306312514,0.47146568306312514,0.47146568306312514,0.928316249085049,0.928316249085049,-0.5966537398390945,-0.5966537398390945,-0.5966537398390946,-0.00049612478611147,-0.000496124786111486,-0.17215889644997842,-0.17215889644997828,-0.7137712880536509,-0.7137712880536509,-0.26100353245516306,-0.26100353245516306,-0.2533723166886974,-0.2533723166886973,0.35069025484697053,1.7366109081182899,1.7366109081182899,1.7366109081182899,1.7366109081182899,-0.5966537398390945,-0.31977063540430195,-0.3197706354043019,-0.5966537398390945,-0.5966537398390946,-0.694548652506796,-0.694548652506796,-0.3991168347019628,-0.39911683470196285,-0.39911683470196285,-0.3991168347019628,-0.3991168347019628,-0.7137712880536509,-0.7137712880536509,0.39911683470196363,0.3991168347019628,-0.39911683470196285,-0.39911683470196285,-0.3991168347019628,0.2342918796502674,0.23429187965026735,-0.694548652506796,-0.9640490264526441,-0.9660926751320393,1,2021-06-30
0.48714338694306963,0.48714338694306947,0.5523992115343375,0.5523992115343374,0.5523992115343375,0.5523992115343375,0.928316249085049,0.928316249085049,-0.5966537398390945,-0.5966537398390945,-0.5966537398390946,-0.00049612478611147,-0.000496124786111486,-0.11556537806864771,-0.11556537806864758,-0.7137712880536509,-0.7137712880536509,-0.26100353245516306,-0.26100353245516306,-0.2533723166886974,-0.2533723166886973,0.5709222875710185,-0.40083351710296133,-0.40083351710296133,-0.4008335171029614,-0.4008335171029614,-0.5966537398390945,-0.31977063540430195,-0.3197706354043019,-0.5966537398390945,-0.5966537398390946,-0.694548652506796,-0.694548652506796,-0.3991168347019628,-0.39911683470196285,-0.39911683470196285,-0.3991168347019628,-0.3991168347019628,-0.7137712880536509,-0.7137712880536509,0.39911683470196363,0.3991168347019628,-0.39911683470196285,-0.39911683470196285,-0.3991168347019628,0.4127200725013749,0.41272007250137477,-0.694548652506796,-0.9640490264526441,-0.9660926751320393,1,2021-07-01
0.7458641899260892,0.7458641899260889,0.5528416871388482,0.5528416871388481,0.5528416871388482,0.5528416871388481,0.928316249085049,0.928316249085049,-0.5966537398390945,-0.5966537398390945,-0.5966537398390946,-0.00049612478611147,-0.000496124786111486,-0.15121819757021812,-0.15121819757021798,-0.7137712880536509,-0.7137712880536509,-0.26100353245516306,-0.26100353245516306,-0.2533723166886974,-0.2533723166886973,0.5303657041665045,-0.40083351710296133,-0.40083351710296133,-0.4008335171029614,-0.4008335171029614,-0.5966537398390945,-0.31977063540430195,-0.3197706354043019,-0.5966537398390945,-0.5966537398390946,-0.694548652506796,-0.694548652506796,-0.3991168347019628,-0.39911683470196285,-0.39911683470196285,-0.3991168347019628,-0.3991168347019628,-0.7137712880536509,-0.7137712880536509,0.39911683470196363,0.3991168347019628,-0.39911683470196285,-0.39911683470196285,-0.3991168347019628,0.5095684441524939,0.5095684441524939,-0.694548652506796,-0.9640490264526441,-0.9660926751320393,0,2021-07-02
0.5838282295019609,0.5838282295019608,0.4282689589377802,0.4282689589377802,0.4282689589377803,0.4282689589377803,0.928316249085049,0.928316249085049,-0.5966537398390945,-0.5966537398390945,-0.5966537398390946,0.5625321277372963,0.5625321277372963,-0.7162604479732532,-0.7162604479732531,-0.7137712880536509,-0.7137712880536509,1.1268147101753276,1.1268147101753274,-0.2533723166886974,-0.2533723166886973,0.41434042037550567,-0.40083351710296133,-0.40083351710296133,-0.4008335171029614,-0.4008335171029614,-0.5966537398390945,-0.31977063540430195,-0.3197706354043019,-0.5966537398390945,-0.5966537398390946,0.3580328521343571,0.35803285213435715,1.7534208753497644,-0.39911683470196285,-0.39911683470196285,-0.3991168347019628,-0.3991168347019628,-0.7137712880536509,-0.7137712880536509,-1.753420875349763,-1.753420875349764,1.7534208753497644,1.7534208753497644,1.7534208753497644,-0.20488880498459427,-0.20488880498459422,0.35803285213435715,1.2811846271150231,1.2254122879306393,0,2021-07-06
0.26800297821995406,0.26800297821995395,0.2186792790940388,0.21867927909403878,0.21867927909403878,0.21867927909403878,0.928316249085049,0.928316249085049,-0.5966537398390945,-0.5966537398390945,-0.5966537398390946,-0.5635243773095192,-0.5635243773095193,-0.7503317901587666,-0.7503317901587665,0.0719245599530787,0.07192455995307864,-0.26100353245516306,-0.26100353245516306,-0.2533723166886974,-0.2533723166886973,0.282067135429212,-0.40083351710296133,-0.40083351710296133,-0.4008335171029614,-0.4008335171029614,-0.5966537398390945,-0.31977063540430195,-0.3197706354043019,-0.5966537398390945,-0.5966537398390946,-0.694548652506796,-0.694548652506796,-0.3991168347019628,1.7534208753497644,1.7534208753497644,1.7534208753497642,1.7534208753497642,0.07192455995307864,0.07192455995307864,0.39911683470196363,0.3991168347019628,-0.39911683470196285,-0.39911683470196285,-0.3991168347019628,-0.14324306472964862,-0.14324306472964857,-0.694548652506796,-0.9640490264526441,-0.9660926751320393,0,2021-07-07
0.05324286672117058,0.0532428667211706,-0.11749151028423094,-0.11749151028423095,-0.11749151028423088,-0.1174915102842309,-1.0772191060811471,-1.0772191060811471,0.9761766079936257,0.9761766079936257,0.9761766079936258,0.46524621319998444,0.4652462131999845,-0.7239715594068903,-0.7239715594068901,-0.7137712880536509,-0.7137712880536509,0.8870129482908139,0.8870129482908139,-0.2533723166886974,-0.2533723166886973,0.046967018101714206,1.7366109081182899,1.7366109081182899,1.7366109081182899,1.7366109081182899,-0.5966537398390945,-0.31977063540430195,-0.3197706354043019,-0.5966537398390945,-0.5966537398390946,0.1761568026730258,0.17615680267302583,-0.04237603444058102,-0.39911683470196285,-0.39911683470196285,-0.3991168347019628,-0.3991168347019628,-0.7137712880536509,-0.7137712880536509,0.04237603444058254,0.04237603444058178,-0.042376034440580974,-0.042376034440580974,-0.04237603444058102,-0.1727620429815973,-0.17276204298159728,0.17615680267302583,1.2811846271150231,1.2254122879306393,1,2021-07-08
0.12398003027869203,0.12398003027869195,-0.19965108966854245,-0.19965108966854248,-0.19965108966854234,-0.1996510896685425,-1.0772191060811471,-1.0772191060811471,0.9761766079936257,0.9761766079936257,0.9761766079936258,-0.09330912371251236,-0.09330912371251238,-0.8450194346537464,-0.8450194346537462,-0.0638361923340821,-0.06383619233408216,0.6582365547688065,0.6582365547688065,-0.2533723166886974,-0.2533723166886973,0.2078466939642722,-0.40083351710296133,-0.40083351710296133,-0.4008335171029614,-0.4008335171029614,0.9761766079936257,-0.31977063540430195,-0.3197706354043019,0.9761766079936257,0.9761766079936257,-0.3459528910392444,-0.3459528910392443,-0.3991168347019628,-0.04237603444058108,-0.04237603444058108,-0.042376034440580974,-0.042376034440580974,-0.06383619233408212,-0.06383619233408216,0.39911683470196363,0.3991168347019628,-0.39911683470196285,-0.39911683470196285,-0.3991168347019628,-0.2528412864623127,-0.25284128646231263,-0.3459528910392443,0.18594869854542936,0.1296598063993,1,2021-07-09
0.27633828525727067,0.27633828525727067,-0.18455332052834084,-0.18455332052834086,-0.1845533205283408,-0.1845533205283408,-1.0772191060811471,-1.0772191060811471,-0.5966537398390945,-0.5966537398390945,-0.5966537398390946,-0.3734254638458066,-0.3734254638458066,-0.7921239116925807,-0.7921239116925805,-0.19335507095286766,-0.19335507095286777,-0.26100353245516306,-0.26100353245516306,-0.2533723166886974,-0.2533723166886973,0.27516962163657716,-0.04659413202415848,-0.04659413202415848,-0.046594132024158456,-0.046594132024158456,0.9761766079936257,-0.31977063540430195,-0.3197706354043019,0.9761766079936257,0.9761766079936257,-0.694548652506796,-0.694548652506796,-0.3991168347019628,-0.39911683470196285,-0.39911683470196285,-0.3991168347019628,-0.3991168347019628,-0.19335507095286772,-0.19335507095286777,0.39911683470196363,0.3991168347019628,-0.39911683470196285,-0.39911683470196285,-0.3991168347019628,-0.14874994605095848,-0.1487499460509584,-0.694548652506796,0.13118690211694967,0.1296598063993,0,2021-07-12
-0.22832382227060014,-0.2283238222706001,-0.2340275095446999,-0.23402750954469992,-0.23402750954469978,-0.23402750954469995,-1.0772191060811471,-1.0772191060811471,-0.5966537398390945,-0.5966537398390945,-0.5966537398390946,-0.00049612478611147,-0.000496124786111486,-0.8030260280463423,-0.8030260280463422,-0.7137712880536509,-0.7137712880536509,-0.26100353245516306,-0.26100353245516306,-0.2533723166886974,-0.2533723166886973,0.1982909923912517,-0.40083351710296133,-0.40083351710296133,-0.4008335171029614,-0.4008335171029614,-0.5966537398390945,-0.31977063540430195,-0.3197706354043019,-0.5966537398390945,-0.5966537398390946,-0.694548652506796,-0.694548652506796,-0.3991168347019628,-0.39911683470196285,-0.39911683470196285,-0.3991168347019628,-0.3991168347019628,-0.7137712880536509,-0.7137712880536509,0.39911683470196363,0.3991168347019628,-0.39911683470196285,-0.39911683470196285,-0.3991168347019628,-0.11255364170626384,-0.11255364170626381,-0.694548652506796,0.07642510568846998,0.1296598063993,0,2021-07-13
-0.25239924951457743,-0.25239924951457743,-0.4322119080936609,-0.4322119080936609,-0.43221190809366083,-0.43221190809366095,-1.0772191060811471,-1.0772191060811471,-0.5966537398390945,-0.5966537398390945,-0.5966537398390946,-0.00049612478611147,-0.000496124786111486,-0.7388573101550336,-0.7388573101550335,-0.7137712880536509,-0.7137712880536509,-0.26100353245516306,-0.26100353245516306,-0.2533723166886974,-0.2533723166886973,-0.009120888443696906,-0.40083351710296133,-0.40083351710296133,-0.4008335171029614,-0.4008335171029614,-0.5966537398390945,-0.31977063540430195,-0.3197706354043019,-0.5966537398390945,-0.5966537398390946,-0.694548652506796,-0.694548652506796,-0.3991168347019628,-0.39911683470196285,-0.39911683470196285,-0.3991168347019628,-0.3991168347019628,-0.7137712880536509,-0.7137712880536509,0.39911683470196363,0.3991168347019628,-0.39911683470196285,-0.39911683470196285,-0.3991168347019628,-0.20667633773780664,-0.20667633773780655,-0.694548652506796,-0.9640490264526441,-0.9660926751320393,0,2021-07-14
-0.22112092312513973,-0.22112092312513962,-0.6699418485196945,-0.6699418485196946,-0.6699418485196945,-0.6699418485196947,-1.0772191060811471,-1.0772191060811471,-0.5966537398390945,-0.5966537398390945,-0.5966537398390946,-0.00049612478611147,-0.000496124786111486,-0.7971461718378049,-0.7971461718378048,-0.7137712880536509,-0.7137712880536509,-0.26100353245516306,-0.26100353245516306,-0.2533723166886974,-0.2533723166886973,-0.16775266720846532,-0.40083351710296133,-0.40083351710296133,-0.4008335171029614,-0.4008335171029614,-0.5966537398390945,-0.31977063540430195,-0.3197706354043019,-0.5966537398390945,-0.5966537398390946,-0.694548652506796,-0.694548652506796,-0.3991168347019628,-0.39911683470196285,-0.39911683470196285,-0.3991168347019628,-0.3991168347019628,-0.7137712880536509,-0.7137712880536509,0.39911683470196363,0.3991168347019628,-0.39911683470196285,-0.39911683470196285,-0.3991168347019628,-0.1351106935178364,-0.13511069351783636,-0.694548652506796,-0.9640490264526441,-0.9660926751320393,0,2021-07-15
-0.5383540664201142,-0.5383540664201141,-0.9228025318141234,-0.9228025318141235,-0.9228025318141235,-0.9228025318141236,-1.0772191060811471,-1.0772191060811471,-0.5966537398390945,-0.5966537398390945,-0.5966537398390946,-0.00049612478611147,-0.000496124786111486,-0.9702380327961564,-0.9702380327961563,-0.7137712880536509,-0.7137712880536509,-0.26100353245516306,-0.26100353245516306,-0.2533723166886974,-0.2533723166886973,-0.31341992996106416,-0.40083351710296133,-0.40083351710296133,-0.4008335171029614,-0.4008335171029614,-0.5966537398390945,-0.31977063540430195,-0.3197706354043019,-0.5966537398390945,-0.5966537398390946,-0.694548652506796,-0.694548652506796,-0.3991168347019628,-0.39911683470196285,-0.39911683470196285,-0.3991168347019628,-0.3991168347019628,-0.7137712880536509,-0.7137712880536509,0.39911683470196363,0.3991168347019628,-0.39911683470196285,-0.39911683470196285,-0.3991168347019628,-0.483804687290654,-0.48380468729065396,-0.694548652506796,0.13118690211694967,0.1296598063993,0,2021-07-16
-0.6824362978255892,-0.6824362978255891,-1.1997279751924959,-1.1997279751924959,-1.1997279751924959,-1.199727975192496,-1.0772191060811471,-1.0772191060811471,-0.5966537398390945,-0.5966537398390945,-0.5966537398390946,1.1255603802607044,1.1255603802607042,-1.2098925921478854,-1.2098925921478851,-0.7137712880536509,-0.7137712880536509,2.514632952805818,2.5146329528058184,-0.2533723166886974,-0.2533723166886973,-0.501687792878335,-0.40083351710296133,-0.40083351710296133,-0.4008335171029614,-0.4008335171029614,-0.5966537398390945,-0.31977063540430195,-0.3197706354043019,-0.5966537398390945,-0.5966537398390946,0.3580328521343571,0.35803285213435715,-0.3991168347019628,-0.39911683470196285,-0.39911683470196285,-0.3991168347019628,-0.3991168347019628,-0.7137712880536509,-0.7137712880536509,0.39911683470196363,0.3991168347019628,-0.39911683470196285,-0.39911683470196285,-0.3991168347019628,-0.7792707923001962,-0.7792707923001962,0.35803285213435715,0.18594869854542936,0.1296598063993,1,2021-07-19
-0.4724828666059115,-0.4724828666059114,-1.1816773357788135,-1.1816773357788135,-1.1816773357788133,-1.1816773357788137,-1.0772191060811471,-1.0772191060811471,-0.5966537398390945,-0.5966537398390945,-0.5966537398390946,-1.126552629832927,-1.126552629832927,-0.794646664223731,-0.7946466642237309,0.8576204079598082,0.8576204079598081,-0.26100353245516306,-0.26100353245516306,-0.2533723166886974,-0.2533723166886973,-0.32660132261928065,-0.40083351710296133,-0.40083351710296133,-0.4008335171029614,-0.4008335171029614,-0.5966537398390945,-0.31977063540430195,-0.3197706354043019,-0.5966537398390945,-0.5966537398390946,-0.694548652506796,-0.694548652506796,-0.3991168347019628,-0.39911683470196285,-0.39911683470196285,-0.3991168347019628,-0.3991168347019628,0.8576204079598081,0.8576204079598081,0.39911683470196363,0.3991168347019628,-0.39911683470196285,-0.39911683470196285,-0.3991168347019628,-0.5323166951409228,-0.5323166951409228,-0.694548652506796,0.07642510568846998,0.1296598063993,1,2021-07-20
-0.2529444667726111,-0.2529444667726111,-0.9816552902490265,-0.9816552902490266,-0.9816552902490266,-0.9816552902490268,-1.0772191060811471,-1.0772191060811471,-0.5966537398390945,-0.5966537398390945,-0.5966537398390946,-0.00049612478611147,-0.000496124786111486,-0.6839513941849317,-0.6839513941849317,-0.7137712880536509,-0.7137712880536509,-0.26100353245516306,-0.26100353245516306,-0.2533723166886974,-0.2533723166886973,-0.15329943779648253,-0.40083351710296133,-0.40083351710296133,-0.4008335171029614,-0.4008335171029614,-0.5966537398390945,-0.31977063540430195,-0.3197706354043019,-0.5966537398390945,-0.5966537398390946,-0.694548652506796,-0.694548652506796,-0.3991168347019628,-0.39911683470196285,-0.39911683470196285,-0.3991168347019628,-0.3991168347019628,-0.7137712880536509,-0.7137712880536509,0.39911683470196363,0.3991168347019628,-0.39911683470196285,-0.39911683470196285,-0.3991168347019628,-0.14397879799150098,-0.14397879799150093,-0.694548652506796,-0.9640490264526441,-0.9660926751320393,1,2021-07-21
0.06651846527544142,0.06651846527544143,-0.6630848318080022,-0.6630848318080023,-0.6630848318080022,-0.6630848318080024,-1.0772191060811471,-1.0772191060811471,-0.5966537398390945,-0.5966537398390945,-0.5966537398390946,-0.00049612478611147,-0.000496124786111486,-0.6594965277984509,-0.6594965277984508,-0.7137712880536509,-0.7137712880536509,-0.26100353245516306,-0.26100353245516306,-0.2533723166886974,-0.2533723166886973,0.028615940361165708,-0.40083351710296133,-0.40083351710296133,-0.4008335171029614,-0.4008335171029614,-0.5966537398390945,-0.31977063540430195,-0.3197706354043019,-0.5966537398390945,-0.5966537398390946,-0.694548652506796,-0.694548652506796,-0.3991168347019628,-0.39911683470196285,-0.39911683470196285,-0.3991168347019628,-0.3991168347019628,-0.7137712880536509,-0.7137712880536509,0.39911683470196363,0.3991168347019628,-0.39911683470196285,-0.39911683470196285,-0.3991168347019628,0.21355035610469023,0.2135503561046902,-0.694548652506796,-0.9640490264526441,-0.9660926751320393,1,2021-07-22
0.5114326440166409,0.5114326440166409,0.16238124016312697,0.16238124016312694,0.16238124016312694,0.16238124016312694,0.928316249085049,0.928316249085049,0.9761766079936257,0.9761766079936257,0.9761766079936258,0.3724332142735836,0.3724332142735836,-0.11330271067057736,-0.11330271067057722,-0.7137712880536509,-0.7137712880536509,-0.26100353245516306,-0.26100353245516306,-0.2533723166886974,-0.2533723166886973,0.734268271945882,-0.40083351710296133,-0.40083351710296133,-0.4008335171029614,-0.4008335171029614,-0.5966537398390945,-0.31977063540430195,-0.3197706354043019,-0.5966537398390945,-0.5966537398390946,-0.3459528910392444,-0.3459528910392443,-0.3991168347019628,-0.39911683470196285,-0.39911683470196285,-0.3991168347019628,-0.3991168347019628,-0.7137712880536509,-0.7137712880536509,0.39911683470196363,0.3991168347019628,-0.39911683470196285,-0.39911683470196285,-0.3991168347019628,1.1903517281093563,1.1903517281093563,-0.3459528910392443,0.13118690211694967,0.1296598063993,1,2021-07-23
0.50432154041391,0.5043215404139099,0.7388196597272404,0.7388196597272403,0.7388196597272403,0.7388196597272404,0.928316249085049,0.928316249085049,4.121837303659066,4.121837303659066,4.121837303659066,0.18792544532350955,0.1879254453235096,-0.3894956191615869,-0.3894956191615868,-0.19335507095286766,-0.19335507095286777,-0.26100353245516306,-0.26100353245516306,-0.2533723166886974,-0.2533723166886973,0.775995387504142,-0.40083351710296133,-0.40083351710296133,-0.4008335171029614,-0.4008335171029614,0.9761766079936257,-0.31977063540430195,-0.3197706354043019,0.9761766079936257,0.9761766079936257,1.4043427688630508,1.4043427688630508,0.6197107050275766,-0.39911683470196285,-0.39911683470196285,-0.3991168347019628,-0.3991168347019628,-0.19335507095286772,-0.19335507095286777,-0.6197107050275761,-0.6197107050275767,0.6197107050275766,0.6197107050275766,0.6197107050275766,1.5160448990061677,1.5160448990061677,1.4043427688630508,3.52641828068269,3.4169172509933183,0,2021-07-26
0.39094634726904437,0.3909463472690443,0.8868712731677538,0.8868712731677537,0.8868712731677538,0.8868712731677539,0.928316249085049,0.928316249085049,0.9761766079936257,0.9761766079936257,0.9761766079936258,1.8607958838041812,1.860795883804181,-0.09000656231496158,-0.09000656231496147,0.069583857327438,0.06958385732743798,5.7106116068873565,5.7106116068873565,3.946761086881632,3.9467610868816316,0.5607951153869475,-0.40083351710296133,-0.40083351710296133,-0.4008335171029614,-0.4008335171029614,4.121837303659066,-0.31977063540430195,-0.3197706354043019,4.121837303659066,4.121837303659066,1.5700172162171944,1.5700172162171946,-0.3991168347019628,0.6197107050275766,0.6197107050275766,0.6197107050275765,0.6197107050275765,0.06958385732743796,0.06958385732743798,0.39911683470196363,0.3991168347019628,-0.39911683470196285,-0.39911683470196285,-0.3991168347019628,1.0783558837780536,1.0783558837780536,1.5700172162171946,0.18594869854542936,0.1296598063993,1,2021-07-27
0.7212446649358419,0.7212446649358419,1.0888456945359983,1.0888456945359986,1.088845694535998,1.0888456945359988,0.928316249085049,0.928316249085049,-0.5966537398390945,-0.5966537398390945,-0.5966537398390946,-2.4231390425457207,-2.42313904254572,-0.0909860972177636,-0.09098609721776348,2.666983537580072,2.666983537580072,-0.26100353245516306,-0.26100353245516306,-0.2533723166886974,-0.2533723166886973,0.7370874135820435,0.6108501504526028,0.6108501504526028,0.6108501504526028,0.6108501504526028,0.9761766079936257,-0.31977063540430195,-0.3197706354043019,0.9761766079936257,0.9761766079936257,-0.694548652506796,-0.694548652506796,-0.3991168347019628,-0.39911683470196285,-0.39911683470196285,-0.3991168347019628,-0.3991168347019628,2.6669835375800726,2.666983537580072,0.39911683470196363,0.3991168347019628,-0.39911683470196285,-0.39911683470196285,-0.3991168347019628,1.1024705267183716,1.1024705267183716,-0.694548652506796,-0.9640490264526441,-0.9660926751320393,0,2021-07-28
0.3409466760317714,0.3409466760317713,0.6406990381305872,0.640699038130587,0.640699038130587,0.6406990381305873,0.928316249085049,0.928316249085049,-0.5966537398390945,-0.5966537398390945,-0.5966537398390946,-0.00049612478611147,-0.000496124786111486,0.5094231214120015,0.5094231214120015,-0.7137712880536509,-0.7137712880536509,-0.26100353245516306,-0.26100353245516306,-0.2533723166886974,-0.2533723166886973,0.10919247331378927,-0.40083351710296133,-0.40083351710296133,-0.4008335171029614,-0.4008335171029614,-0.5966537398390945,-0.31977063540430195,-0.3197706354043019,-0.5966537398390945,-0.5966537398390946,-0.694548652506796,-0.694548652506796,-0.3991168347019628,-0.39911683470196285,-0.39911683470196285,-0.3991168347019628,-0.3991168347019628,-0.7137712880536509,-0.7137712880536509,0.39911683470196363,0.3991168347019628,-0.39911683470196285,-0.39911683470196285,-0.3991168347019628,0.22515089476776037,0.22515089476776037,-0.694548652506796,-0.9640490264526441,-0.9660926751320393,0,2021-07-29
0.3878911870493984,0.3878911870493983,0.23190010009255627,0.23190010009255624,0.2319001000925562,0.2319001000925562,0.928316249085049,0.928316249085049,-0.5966537398390945,-0.5966537398390945,-0.5966537398390946,-0.00049612478611147,-0.000496124786111486,-0.23181953953070075,-0.23181953953070064,-0.7137712880536509,-0.7137712880536509,-0.26100353245516306,-0.26100353245516306,-0.2533723166886974,-0.2533723166886973,0.023581465472264848,-0.40083351710296133,-0.40083351710296133,-0.4008335171029614,-0.4008335171029614,-0.5966537398390945,-0.31977063540430195,-0.3197706354043019,-0.5966537398390945,-0.5966537398390946,-0.694548652506796,-0.694548652506796,-0.3991168347019628,-0.39911683470196285,-0.39911683470196285,-0.3991168347019628,-0.3991168347019628,-0.7137712880536509,-0.7137712880536509,0.39911683470196363,0.3991168347019628,-0.39911683470196285,-0.39911683470196285,-0.3991168347019628,-0.6363532648693057,-0.6363532648693057,-0.694548652506796,0.13118690211694967,0.1296598063993,0,2021-07-30
0.38946719571621424,0.3894671957162142,-0.20789920588104363,-0.20789920588104366,-0.20789920588104363,-0.20789920588104363,-1.0772191060811471,-1.0772191060811471,-0.5966537398390945,-0.5966537398390945,-0.5966537398390946,1.1255603802607044,1.1255603802607042,-0.32094367191576745,-0.3209436719157673,-0.7137712880536509,-0.7137712880536509,-0.26100353245516306,-0.26100353245516306,-0.2533723166886974,-0.2533723166886973,-0.14679997001272857,-0.40083351710296133,-0.40083351710296133,-0.4008335171029614,-0.4008335171029614,-0.5966537398390945,-0.31977063540430195,-0.3197706354043019,-0.5966537398390945,-0.5966537398390946,0.3580328521343571,0.35803285213435715,-0.3991168347019628,-0.39911683470196285,-0.39911683470196285,-0.3991168347019628,-0.3991168347019628,-0.7137712880536509,-0.7137712880536509,0.39911683470196363,0.3991168347019628,-0.39911683470196285,-0.39911683470196285,-0.3991168347019628,-0.9183383578009783,-0.9183383578009783,0.35803285213435715,0.18594869854542936,0.1296598063993,0,2021-08-02
0.20268176726954445,0.20268176726954434,-0.5241529660184864,-0.5241529660184864,-0.5241529660184864,-0.5241529660184864,-1.0772191060811471,-1.0772191060811471,-0.5966537398390945,-0.5966537398390945,-0.5966537398390946,-1.126552629832927,-1.126552629832927,-0.30010106618909554,-0.3001010661890954,0.8576204079598082,0.8576204079598081,-0.26100353245516306,-0.26100353245516306,-0.2533723166886974,-0.2533723166886973,-0.1724272774592903,-0.40083351710296133,-0.40083351710296133,-0.4008335171029614,-0.4008335171029614,-0.5966537398390945,-0.31977063540430195,-0.3197706354043019,-0.5966537398390945,-0.5966537398390946,-0.694548652506796,-0.694548652506796,-0.3991168347019628,-0.39911683470196285,-0.39911683470196285,-0.3991168347019628,-0.3991168347019628,0.8576204079598081,0.8576204079598081,0.39911683470196363,0.3991168347019628,-0.39911683470196285,-0.39911683470196285,-0.3991168347019628,-0.7663791889256575,-0.7663791889256575,-0.694548652506796,-0.9640490264526441,-0.9660926751320393,1,2021-08-03
0.30030889908179964,0.30030889908179964,-0.4697907614245051,-0.4697907614245051,-0.46979076142450504,-0.46979076142450515,-1.0772191060811471,-1.0772191060811471,-0.5966537398390945,-0.5966537398390945,-0.5966537398390946,-0.00049612478611147,-0.000496124786111486,-0.17590597234899924,-0.17590597234899907,-0.7137712880536509,-0.7137712880536509,-0.26100353245516306,-0.26100353245516306,-0.2533723166886974,-0.2533723166886973,0.12104131061525121,-0.40083351710296133,-0.40083351710296133,-0.4008335171029614,-0.4008335171029614,-0.5966537398390945,-0.31977063540430195,-0.3197706354043019,-0.5966537398390945,-0.5966537398390946,-0.694548652506796,-0.694548652506796,-0.3991168347019628,-0.39911683470196285,-0.39911683470196285,-0.3991168347019628,-0.3991168347019628,-0.7137712880536509,-0.7137712880536509,0.39911683470196363,0.3991168347019628,-0.39911683470196285,-0.39911683470196285,-0.3991168347019628,-0.6665413810710423,-0.6665413810710423,-0.694548652506796,-0.9640490264526441,-0.9660926751320393,1,2021-08-04
0.2650680704214553,0.2650680704214552,-0.3041609008128681,-0.30416090081286856,-0.30416090081286795,-0.3041609008128686,-1.0772191060811471,-1.0772191060811471,1.7625917819099859,1.7625917819099859,1.7625917819099859,2.4221467929734977,2.422146792973497,-0.654612397840116,-0.6546123978401159,-0.7137712880536509,-0.7137712880536509,-0.26100353245516306,-0.26100353245516306,-0.2533723166886974,-0.2533723166886973,0.24888738777552435,-0.40083351710296133,-0.40083351710296133,-0.4008335171029614,-0.4008335171029614,-0.5966537398390945,-0.31977063540430195,-0.3197706354043019,-0.5966537398390945,-0.5966537398390946,1.5700172162171944,1.5700172162171946,-0.3991168347019628,-0.39911683470196285,-0.39911683470196285,-0.3991168347019628,-0.3991168347019628,-0.7137712880536509,-0.7137712880536509,0.39911683470196363,0.3991168347019628,-0.39911683470196285,-0.39911683470196285,-0.3991168347019628,0.11401371761957114,0.11401371761957114,1.5700172162171946,0.18594869854542936,0.1296598063993,1,2021-08-05
-0.307678477069207,-0.3076784770692069,-0.1920879440809703,-0.19208794408097032,-0.19208794408097019,-0.19208794408097035,-1.0772191060811471,-1.0772191060811471,0.9761766079936257,0.9761766079936257,0.9761766079936258,-2.050209703486025,-2.0502097034860247,-0.695418288598903,-0.6954182885989028,2.666983537580072,2.666983537580072,-0.26100353245516306,-0.26100353245516306,-0.2533723166886974,-0.2533723166886973,0.24364204230239006,-0.40083351710296133,-0.40083351710296133,-0.4008335171029614,-0.4008335171029614,1.7625917819099859,-0.31977063540430195,-0.3197706354043019,1.7625917819099859,1.762591781909986,-0.3459528910392444,-0.3459528910392443,-0.3991168347019628,-0.39911683470196285,-0.39911683470196285,-0.3991168347019628,-0.3991168347019628,2.6669835375800726,2.666983537580072,0.39911683470196363,0.3991168347019628,-0.39911683470196285,-0.39911683470196285,-0.3991168347019628,0.22413959138302106,0.224139591383021,-0.3459528910392443,0.18594869854542936,0.1296598063993,0,2021-08-06
-0.4453839992221225,-0.44538399922212246,-0.19919762485921316,-0.1991976248592132,-0.19919762485921313,-0.19919762485921316,-1.0772191060811471,-1.0772191060811471,-0.5966537398390945,-0.5966537398390945,-0.5966537398390946,-0.0938682381638762,-0.09386823816387567,-0.805600206640588,-0.8056002066405877,-0.19335507095286766,-0.19335507095286777,-0.26100353245516306,-0.26100353245516306,-0.2533723166886974,-0.2533723166886973,0.14987782539177755,-0.40083351710296133,-0.40083351710296133,-0.4008335171029614,-0.4008335171029614,0.9761766079936257,-0.31977063540430195,-0.3197706354043019,0.9761766079936257,0.9761766079936257,-0.17191632646848753,-0.17191632646848753,0.6695939525217529,-0.39911683470196285,-0.39911683470196285,-0.3991168347019628,-0.3991168347019628,-0.19335507095286772,-0.19335507095286777,-0.6695939525217518,-0.6695939525217527,0.669593952521753,0.669593952521753,0.6695939525217529,0.3335476523501228,0.3335476523501228,-0.17191632646848753,1.2264228306865435,1.2254122879306393,0,2021-08-09
-0.3210410622328104,-0.3210410622328103,-0.23362134003014398,-0.233621340030144,-0.23362134003014398,-0.233621340030144,-1.0772191060811471,-1.0772191060811471,-0.5966537398390945,-0.5966537398390945,-0.5966537398390946,-0.280053350468042,-0.28005335046804186,-0.8119733837694804,-0.8119733837694801,-0.32365418378020017,-0.3236541837802002,-0.26100353245516306,-0.26100353245516306,-0.2533723166886974,-0.2533723166886973,0.11214895485059471,-0.40083351710296133,-0.40083351710296133,-0.4008335171029614,-0.4008335171029614,-0.5966537398390945,-0.31977063540430195,-0.3197706354043019,-0.5966537398390945,-0.5966537398390946,-0.694548652506796,-0.694548652506796,-0.3991168347019628,0.6695939525217529,0.6695939525217529,0.6695939525217529,0.6695939525217529,-0.3236541837802003,-0.3236541837802002,0.39911683470196363,0.3991168347019628,-0.39911683470196285,-0.39911683470196285,-0.3991168347019628,0.3443263744352245,0.3443263744352245,-0.694548652506796,-0.9640490264526441,-0.9660926751320393,0,2021-08-10
-0.5196707199203234,-0.5196707199203234,-0.3055480388459971,-0.3055480388459971,-0.305548038845997,-0.3055480388459972,-1.0772191060811471,-1.0772191060811471,-0.5966537398390945,-0.5966537398390945,-0.5966537398390946,0.5586183265777493,0.5586183265777493,-1.0638249702133122,-1.063824970213312,-0.7137712880536509,-0.7137712880536509,-0.26100353245516306,-0.26100353245516306,-0.2533723166886974,-0.2533723166886973,0.04018918324858175,0.6603836237898931,0.6603836237898931,0.6603836237898931,0.6603836237898931,-0.5966537398390945,-0.31977063540430195,-0.3197706354043019,-0.5966537398390945,-0.5966537398390946,-0.17191632646848753,-0.17191632646848753,-0.3991168347019628,-0.39911683470196285,-0.39911683470196285,-0.3991168347019628,-0.3991168347019628,-0.7137712880536509,-0.7137712880536509,0.39911683470196363,0.3991168347019628,-0.39911683470196285,-0.39911683470196285,-0.3991168347019628,-0.03891585038191504,-0.03891585038191498,-0.17191632646848753,0.13118690211694967,0.1296598063993,1,2021-08-11
0.02181376395120967,0.021813763951209694,-0.2698421587568478,-0.2698421587568478,-0.26984215875684775,-0.2698421587568478,-1.0772191060811471,-1.0772191060811471,0.9761766079936257,0.9761766079936257,0.9761766079936258,-0.1866812370902772,-0.18668123709027712,-1.1499930756153327,-1.1499930756153325,0.06646292049325045,0.0664629204932504,-0.26100353245516306,-0.26100353245516306,-0.2533723166886974,-0.2533723166886973,0.11101582701685717,-0.40083351710296133,-0.40083351710296133,-0.4008335171029614,-0.4008335171029614,-0.5966537398390945,-0.31977063540430195,-0.3197706354043019,-0.5966537398390945,-0.5966537398390946,-0.3459528910392444,-0.3459528910392443,-0.3991168347019628,-0.39911683470196285,-0.39911683470196285,-0.3991168347019628,-0.3991168347019628,0.0664629204932504,0.0664629204932504,0.39911683470196363,0.3991168347019628,-0.39911683470196285,-0.39911683470196285,-0.3991168347019628,-0.09625466353000282,-0.09625466353000273,-0.3459528910392443,0.13118690211694967,0.1296598063993,1,2021-08-12
0.10371956483162016,0.10371956483162004,-0.2389126493604149,-0.23891264936041492,-0.2389126493604149,-0.23891264936041492,-1.0772191060811471,-1.0772191060811471,0.9761766079936257,0.9761766079936257,0.9761766079936258,-0.18724035154164093,-0.18724035154164043,-1.150115788973463,-1.150115788973463,-0.19335507095286766,-0.19335507095286777,-0.26100353245516306,-0.26100353245516306,-0.2533723166886974,-0.2533723166886973,0.08762313674225342,-0.40083351710296133,-0.40083351710296133,-0.4008335171029614,-0.4008335171029614,0.9761766079936257,-0.31977063540430195,-0.3197706354043019,0.9761766079936257,0.9761766079936257,-0.3464755233652827,-0.34647552336528253,0.3128531522603712,-0.39911683470196285,-0.39911683470196285,-0.3991168347019628,-0.3991168347019628,-0.19335507095286772,-0.19335507095286777,-0.3128531522603708,-0.3128531522603716,0.31285315226037114,0.31285315226037114,0.3128531522603712,-0.09665102327099939,-0.09665102327099931,-0.34647552336528253,1.2264228306865435,1.2254122879306393,1,2021-08-13
0.3553952727189211,0.355395272718921,-0.11854329165110013,-0.11854329165110014,-0.1185432916511001,-0.11854329165110011,-1.0772191060811471,-1.0772191060811471,1.7625917819099859,1.7625917819099859,1.7625917819099859,0.9964049419956523,0.9964049419956522,-1.120286852756897,-1.1202868527568968,-0.45395329660753264,-0.45395329660753275,-0.26100353245516306,-0.26100353245516306,-0.2533723166886974,-0.2533723166886973,0.1622544048924594,-0.40083351710296133,-0.40083351710296133,-0.4008335171029614,-0.4008335171029614,0.9761766079936257,-0.31977063540430195,-0.3197706354043019,0.9761766079936257,0.9761766079936257,2.623121353184386,2.6231213531843864,2.8780613643093744,0.31285315226037114,0.31285315226037114,0.3128531522603711,0.3128531522603711,-0.4539532966075327,-0.45395329660753275,-2.878061364309374,-2.878061364309375,2.8780613643093753,2.8780613643093753,2.8780613643093744,0.12480971854620933,0.12480971854620926,2.6231213531843864,2.321658759256137,2.321164769461979,0,2021-08-16
0.11752368786539744,0.11752368786539732,-0.32547108546828435,-0.32547108546828435,-0.32547108546828424,-0.3254710854682844,-1.0772191060811471,-1.0772191060811471,-0.5966537398390945,-0.5966537398390945,-0.5966537398390946,-0.6244678525081802,-0.6244678525081802,-0.7190414134896504,-0.7190414134896504,0.9372042972315923,0.9372042972315922,-0.26100353245516306,-0.26100353245516306,-0.2533723166886974,-0.2533723166886973,-0.19271455682009395,0.3061442387110902,0.3061442387110902,0.3061442387110902,0.3061442387110902,1.7625917819099859,-0.31977063540430195,-0.3197706354043019,1.7625917819099859,1.762591781909986,-0.17191632646848753,-0.17191632646848753,-0.3991168347019628,2.8780613643093744,2.8780613643093744,2.878061364309375,2.878061364309375,0.9372042972315922,0.9372042972315922,0.39911683470196363,0.3991168347019628,-0.39911683470196285,-0.39911683470196285,-0.3991168347019628,-0.19547047939345444,-0.19547047939345438,-0.17191632646848753,0.13118690211694967,0.1296598063993,0,2021-08-17
-0.2247613112674522,-0.22476131126745214,-0.5582403713966804,-0.5582403713966805,-0.5582403713966804,-0.5582403713966805,-1.0772191060811471,-1.0772191060811471,-0.5966537398390945,-0.5966537398390945,-0.5966537398390946,-0.5596105761499722,-0.5596105761499723,-0.6972159435489138,-0.6972159435489136,0.06646292049325045,0.0664629204932504,-0.26100353245516306,-0.26100353245516306,-0.2533723166886974,-0.2533723166886973,-0.3294604444023084,2.8533655797226514,2.8533655797226514,2.8533655797226514,2.8533655797226514,-0.5966537398390945,-0.31977063540430195,-0.3197706354043019,-0.5966537398390945,-0.5966537398390946,-0.694548652506796,-0.694548652506796,-0.3991168347019628,-0.39911683470196285,-0.39911683470196285,-0.3991168347019628,-0.3991168347019628,0.0664629204932504,0.0664629204932504,0.39911683470196363,0.3991168347019628,-0.39911683470196285,-0.39911683470196285,-0.3991168347019628,-0.27296900699968113,-0.27296900699968113,-0.694548652506796,-0.9640490264526441,-0.9660926751320393,0,2021-08-18
-0.3603284715002228,-0.36032847150022285,-0.7061315871182902,-0.7061315871182903,-0.7061315871182902,-0.7061315871182903,-1.0772191060811471,-1.0772191060811471,0.9761766079936257,0.9761766079936257,0.9761766079936258,2.4221467929734977,2.422146792973497,-0.7596450204599134,-0.7596450204599133,-0.7137712880536509,-0.7137712880536509,-0.26100353245516306,-0.26100353245516306,3.946761086881632,3.9467610868816316,-0.3501441103346272,-0.40083351710296133,-0.40083351710296133,-0.4008335171029614,-0.4008335171029614,-0.5966537398390945,-0.31977063540430195,-0.3197706354043019,-0.5966537398390945,-0.5966537398390946,1.5700172162171944,1.5700172162171946,-0.3991168347019628,-0.39911683470196285,-0.39911683470196285,-0.3991168347019628,-0.3991168347019628,-0.7137712880536509,-0.7137712880536509,0.39911683470196363,0.3991168347019628,-0.39911683470196285,-0.39911683470196285,-0.3991168347019628,-0.3979046072723249,-0.39790460727232496,1.5700172162171946,0.18594869854542936,0.1296598063993,1,2021-08-19
-0.24427013225765162,-0.24427013225765154,-0.6411473102291654,-0.6411473102291655,-0.6411473102291656,-0.6411473102291656,-1.0772191060811471,-1.0772191060811471,-0.5966537398390945,-0.5966537398390945,-0.5966537398390946,-2.4231390425457207,-2.42313904254572,-0.6471546378142852,-0.6471546378142852,2.666983537580072,2.666983537580072,-0.26100353245516306,-0.26100353245516306,-0.2533723166886974,-0.2533723166886973,-0.1616663181932239,-0.40083351710296133,-0.40083351710296133,-0.4008335171029614,-0.4008335171029614,0.9761766079936257,-0.31977063540430195,-0.3197706354043019,0.9761766079936257,0.9761766079936257,-0.694548652506796,-0.694548652506796,-0.3991168347019628,-0.39911683470196285,-0.39911683470196285,-0.3991168347019628,-0.3991168347019628,2.6669835375800726,2.666983537580072,0.39911683470196363,0.3991168347019628,-0.39911683470196285,-0.39911683470196285,-0.3991168347019628,-0.2420401301488038,-0.2420401301488037,-0.694548652506796,-0.9640490264526441,-0.9660926751320393,1,2021-08-20
-0.060621845942914324,-0.06062184594291432,-0.45361171675029277,-0.453611716750293,-0.45361171675029266,-0.45361171675029305,-1.0772191060811471,-1.0772191060811471,-0.5966537398390945,-0.5966537398390945,-0.5966537398390946,-0.00049612478611147,-0.000496124786111486,-0.6258441160714725,-0.6258441160714724,-0.7137712880536509,-0.7137712880536509,-0.26100353245516306,-0.26100353245516306,-0.2533723166886974,-0.2533723166886973,0.014036178501657134,-0.40083351710296133,-0.40083351710296133,-0.4008335171029614,-0.4008335171029614,-0.5966537398390945,-0.31977063540430195,-0.3197706354043019,-0.5966537398390945,-0.5966537398390946,-0.694548652506796,-0.694548652506796,-0.3991168347019628,-0.39911683470196285,-0.39911683470196285,-0.3991168347019628,-0.3991168347019628,-0.7137712880536509,-0.7137712880536509,0.39911683470196363,0.3991168347019628,-0.39911683470196285,-0.39911683470196285,-0.3991168347019628,-0.2157390440317862,-0.21573904403178612,-0.694548652506796,-0.9640490264526441,-0.9660926751320393,1,2021-08-23
0.022318852210012747,0.022318852210012726,-0.25788010806750566,-0.25788010806750566,-0.25788010806750566,-0.25788010806750566,-1.0772191060811471,-1.0772191060811471,-0.5966537398390945,-0.5966537398390945,-0.5966537398390946,0.5586183265777493,0.5586183265777493,-0.9448544906969086,-0.9448544906969085,-0.7137712880536509,-0.7137712880536509,1.1171675128581346,1.1171675128581346,-0.2533723166886974,-0.2533723166886973,0.10426181700438086,-0.40083351710296133,-0.40083351710296133,-0.4008335171029614,-0.4008335171029614,-0.5966537398390945,-0.31977063540430195,-0.3197706354043019,-0.5966537398390945,-0.5966537398390946,-0.17191632646848753,-0.17191632646848753,-0.3991168347019628,-0.39911683470196285,-0.39911683470196285,-0.3991168347019628,-0.3991168347019628,-0.7137712880536509,-0.7137712880536509,0.39911683470196363,0.3991168347019628,-0.39911683470196285,-0.39911683470196285,-0.3991168347019628,0.21594958194281363,0.21594958194281355,-0.17191632646848753,0.13118690211694967,0.1296598063993,1,2021-08-24
0.15030871722151382,0.15030871722151368,-0.04310734422063475,-0.043107344220634516,-0.04310734422063472,-0.043107344220634496,-1.0772191060811471,-1.0772191060811471,-0.5966537398390945,-0.5966537398390945,-0.5966537398390946,-0.5596105761499722,-0.5596105761499723,-1.1383283876219998,-1.1383283876219996,0.06646292049325045,0.0664629204932504,-0.26100353245516306,-0.26100353245516306,-0.2533723166886974,-0.2533723166886973,0.22835123280019312,-0.40083351710296133,-0.40083351710296133,-0.4008335171029614,-0.4008335171029614,-0.5966537398390945,-0.31977063540430195,-0.3197706354043019,-0.5966537398390945,-0.5966537398390946,-0.694548652506796,-0.694548652506796,-0.3991168347019628,-0.39911683470196285,-0.39911683470196285,-0.3991168347019628,-0.3991168347019628,0.0664629204932504,0.0664629204932504,0.39911683470196363,0.3991168347019628,-0.39911683470196285,-0.39911683470196285,-0.3991168347019628,0.46945495989292235,0.4694549598929223,-0.694548652506796,-0.9640490264526441,-0.9660926751320393,0,2021-08-25
-0.06109095340044185,-0.06109095340044183,-0.05384792739689632,-0.053847927396896346,-0.05384792739689625,-0.05384792739689627,-1.0772191060811471,-1.0772191060811471,-0.5966537398390945,-0.5966537398390945,-0.5966537398390946,-0.00049612478611147,-0.000496124786111486,-0.9038085509564986,-0.9038085509564984,-0.7137712880536509,-0.7137712880536509,-0.26100353245516306,-0.26100353245516306,-0.2533723166886974,-0.2533723166886973,0.05711854647336119,-0.40083351710296133,-0.40083351710296133,-0.4008335171029614,-0.4008335171029614,-0.5966537398390945,-0.31977063540430195,-0.3197706354043019,-0.5966537398390945,-0.5966537398390946,-0.694548652506796,-0.694548652506796,-0.3991168347019628,-0.39911683470196285,-0.39911683470196285,-0.3991168347019628,-0.3991168347019628,-0.7137712880536509,-0.7137712880536509,0.39911683470196363,0.3991168347019628,-0.39911683470196285,-0.39911683470196285,-0.3991168347019628,0.31274325600005765,0.31274325600005753,-0.694548652506796,-0.9640490264526441,-0.9660926751320393,1,2021-08-26
0.179789790170588,0.17978979017058794,0.19722270311472048,0.19722270311472023,0.1972227031147204,0.19722270311472026,0.928316249085049,0.928316249085049,-0.5966537398390945,-0.5966537398390945,-0.5966537398390946,-0.00049612478611147,-0.000496124786111486,-0.7486889239918051,-0.7486889239918049,-0.7137712880536509,-0.7137712880536509,-0.26100353245516306,-0.26100353245516306,-0.2533723166886974,-0.2533723166886973,0.3507510182878101,-0.40083351710296133,-0.40083351710296133,-0.4008335171029614,-0.4008335171029614,-0.5966537398390945,-0.31977063540430195,-0.3197706354043019,-0.5966537398390945,-0.5966537398390946,-0.694548652506796,-0.694548652506796,-0.3991168347019628,-0.39911683470196285,-0.39911683470196285,-0.3991168347019628,-0.3991168347019628,-0.7137712880536509,-0.7137712880536509,0.39911683470196363,0.3991168347019628,-0.39911683470196285,-0.39911683470196285,-0.3991168347019628,0.4769366826020496,0.47693668260204963,-0.694548652506796,-0.9640490264526441,-0.9660926751320393,1,2021-08-27
0.3208698987544934,0.3208698987544933,0.5914940512274248,0.5914940512274247,0.5914940512274247,0.5914940512274248,0.928316249085049,0.928316249085049,-0.5966537398390945,-0.5966537398390945,-0.5966537398390946,1.1255603802607044,1.1255603802607042,-0.6578627701887929,-0.6578627701887928,-0.7137712880536509,-0.7137712880536509,2.514632952805818,2.5146329528058184,-0.2533723166886974,-0.2533723166886973,0.6087484357774507,-0.40083351710296133,-0.40083351710296133,-0.4008335171029614,-0.4008335171029614,-0.5966537398390945,-0.31977063540430195,-0.3197706354043019,-0.5966537398390945,-0.5966537398390946,0.3580328521343571,0.35803285213435715,-0.3991168347019628,-0.39911683470196285,-0.39911683470196285,-0.3991168347019628,-0.3991168347019628,-0.7137712880536509,-0.7137712880536509,0.39911683470196363,0.3991168347019628,-0.39911683470196285,-0.39911683470196285,-0.3991168347019628,0.6399168603782966,0.6399168603782966,0.35803285213435715,0.13118690211694967,0.1296598063993,0,2021-08-30
0.5467283438909641,0.546728343890964,0.7477625642215739,0.7477625642215734,0.7477625642215739,0.7477625642215735,0.928316249085049,0.928316249085049,-0.5966537398390945,-0.5966537398390945,-0.5966537398390946,-1.126552629832927,-1.126552629832927,-0.591741503634321,-0.5917415036343209,0.8576204079598082,0.8576204079598081,-0.26100353245516306,-0.26100353245516306,-0.2533723166886974,-0.2533723166886973,0.500586042686896,-0.40083351710296133,-0.40083351710296133,-0.4008335171029614,-0.4008335171029614,-0.5966537398390945,-0.31977063540430195,-0.3197706354043019,-0.5966537398390945,-0.5966537398390946,-0.694548652506796,-0.694548652506796,-0.3991168347019628,-0.39911683470196285,-0.39911683470196285,-0.3991168347019628,-0.3991168347019628,0.8576204079598081,0.8576204079598081,0.39911683470196363,0.3991168347019628,-0.39911683470196285,-0.39911683470196285,-0.3991168347019628,0.49285269740028304,0.49285269740028304,-0.694548652506796,0.13118690211694967,0.1296598063993,1,2021-08-31
0.733139356738086,0.7331393567380858,0.8745881240920628,0.8745881240920627,0.8745881240920627,0.8745881240920628,0.928316249085049,0.928316249085049,1.7625917819099859,1.7625917819099859,1.7625917819099859,2.4221467929734977,2.422146792973497,-0.5917242803753698,-0.5917242803753696,-0.7137712880536509,-0.7137712880536509,5.7106116068873565,5.7106116068873565,-0.2533723166886974,-0.2533723166886973,0.5578969106932602,-0.40083351710296133,-0.40083351710296133,-0.4008335171029614,-0.4008335171029614,-0.5966537398390945,-0.31977063540430195,-0.3197706354043019,-0.5966537398390945,-0.5966537398390946,1.5700172162171944,1.5700172162171946,-0.3991168347019628,-0.39911683470196285,-0.39911683470196285,-0.3991168347019628,-0.3991168347019628,-0.7137712880536509,-0.7137712880536509,0.39911683470196363,0.3991168347019628,-0.39911683470196285,-0.39911683470196285,-0.3991168347019628,0.47970260575443757,0.4797026057544375,1.5700172162171946,0.18594869854542936,0.1296598063993,0,2021-09-01
0.5283576422801982,0.5283576422801981,0.6643081556224529,0.6643081556224528,0.6643081556224528,0.6643081556224529,0.928316249085049,0.928316249085049,-0.5966537398390945,-0.5966537398390945,-0.5966537398390946,-2.4231390425457207,-2.42313904254572,-0.4652495556492008,-0.4652495556492007,2.666983537580072,2.666983537580072,-0.26100353245516306,-0.26100353245516306,-0.2533723166886974,-0.2533723166886973,0.26839746293757355,-0.40083351710296133,-0.40083351710296133,-0.4008335171029614,-0.4008335171029614,1.7625917819099859,-0.31977063540430195,-0.3197706354043019,1.7625917819099859,1.762591781909986,-0.694548652506796,-0.694548652506796,-0.3991168347019628,-0.39911683470196285,-0.39911683470196285,-0.3991168347019628,-0.3991168347019628,2.6669835375800726,2.666983537580072,0.39911683470196363,0.3991168347019628,-0.39911683470196285,-0.39911683470196285,-0.3991168347019628,0.3709762968668018,0.3709762968668017,-0.694548652506796,-0.9640490264526441,-0.9660926751320393,1,2021-09-02
0.4175989801584804,0.4175989801584803,0.5066387956351436,0.5066387956351436,0.5066387956351435,0.5066387956351436,0.928316249085049,0.928316249085049,-0.5966537398390945,-0.5966537398390945,-0.5966537398390946,1.1255603802607044,1.1255603802607042,-0.6192871434795315,-0.6192871434795314,-0.7137712880536509,-0.7137712880536509,2.514632952805818,2.5146329528058184,-0.2533723166886974,-0.2533723166886973,0.2811131995049505,-0.40083351710296133,-0.40083351710296133,-0.4008335171029614,-0.4008335171029614,-0.5966537398390945,-0.31977063540430195,-0.3197706354043019,-0.5966537398390945,-0.5966537398390946,0.3580328521343571,0.35803285213435715,-0.3991168347019628,-0.39911683470196285,-0.39911683470196285,-0.3991168347019628,-0.3991168347019628,-0.7137712880536509,-0.7137712880536509,0.39911683470196363,0.3991168347019628,-0.39911683470196285,-0.39911683470196285,-0.3991168347019628,0.06492228643594854,0.06492228643594854,0.35803285213435715,0.18594869854542936,0.1296598063993,1,2021-09-03
0.4722870613642502,0.47228706136425014,0.5511875526780518,0.5511875526780516,0.5511875526780516,0.5511875526780518,0.928316249085049,0.928316249085049,-0.5966537398390945,-0.5966537398390945,-0.5966537398390946,-1.126552629832927,-1.126552629832927,-0.7240445004614683,-0.7240445004614682,0.8576204079598082,0.8576204079598081,-0.26100353245516306,-0.26100353245516306,-0.2533723166886974,-0.2533723166886973,0.4701998812494867,-0.40083351710296133,-0.40083351710296133,-0.4008335171029614,-0.4008335171029614,-0.5966537398390945,-0.31977063540430195,-0.3197706354043019,-0.5966537398390945,-0.5966537398390946,-0.694548652506796,-0.694548652506796,-0.3991168347019628,-0.39911683470196285,-0.39911683470196285,-0.3991168347019628,-0.3991168347019628,0.8576204079598081,0.8576204079598081,0.39911683470196363,0.3991168347019628,-0.39911683470196285,-0.39911683470196285,-0.3991168347019628,-0.02229490825038437,-0.022294908250384354,-0.694548652506796,-0.9640490264526441,-0.9660926751320393,0,2021-09-07
0.25885396294720026,0.2588539629472002,0.3730947577908191,0.3730947577908191,0.3730947577908191,0.373094757790819,0.928316249085049,0.928316249085049,-0.5966537398390945,-0.5966537398390945,-0.5966537398390946,-0.00049612478611147,-0.000496124786111486,-0.6523028305056735,-0.6523028305056734,-0.7137712880536509,-0.7137712880536509,-0.26100353245516306,-0.26100353245516306,-0.2533723166886974,-0.2533723166886973,0.25825224595803986,-0.40083351710296133,-0.40083351710296133,-0.4008335171029614,-0.4008335171029614,-0.5966537398390945,-0.31977063540430195,-0.3197706354043019,-0.5966537398390945,-0.5966537398390946,-0.694548652506796,-0.694548652506796,-0.3991168347019628,-0.39911683470196285,-0.39911683470196285,-0.3991168347019628,-0.3991168347019628,-0.7137712880536509,-0.7137712880536509,0.39911683470196363,0.3991168347019628,-0.39911683470196285,-0.39911683470196285,-0.3991168347019628,-0.15526107103716322,-0.1552610710371632,-0.694548652506796,0.13118690211694967,0.1296598063993,1,2021-09-08
0.18053947993952857,0.18053947993952846,0.22935474860473556,0.22935474860473554,0.22935474860473554,0.2293547486047355,0.928316249085049,0.928316249085049,1.7625917819099859,1.7625917819099859,1.7625917819099859,2.4221467929734977,2.422146792973497,-0.6865377881918605,-0.6865377881918603,-0.7137712880536509,-0.7137712880536509,5.7106116068873565,5.7106116068873565,-0.2533723166886974,-0.2533723166886973,0.23912291908591646,-0.40083351710296133,-0.40083351710296133,-0.4008335171029614,-0.4008335171029614,-0.5966537398390945,-0.31977063540430195,-0.3197706354043019,-0.5966537398390945,-0.5966537398390946,1.5700172162171944,1.5700172162171946,-0.3991168347019628,-0.39911683470196285,-0.39911683470196285,-0.3991168347019628,-0.3991168347019628,-0.7137712880536509,-0.7137712880536509,0.39911683470196363,0.3991168347019628,-0.39911683470196285,-0.39911683470196285,-0.3991168347019628,-0.24371165667513073,-0.24371165667513073,1.5700172162171946,0.18594869854542936,0.1296598063993,1,2021-09-09
0.3300119190303789,0.33001191903037885,0.12263239992237804,0.12263239992237847,0.12263239992237802,0.1226323999223785,0.928316249085049,0.928316249085049,0.9761766079936257,0.9761766079936257,0.9761766079936258,-0.00049612478611147,-0.000496124786111486,-0.8739764707512443,-0.8739764707512441,2.666983537580072,2.666983537580072,5.7106116068873565,5.7106116068873565,-0.2533723166886974,-0.2533723166886973,0.23407177598938295,-0.40083351710296133,-0.40083351710296133,-0.4008335171029614,-0.4008335171029614,1.7625917819099859,-0.31977063540430195,-0.3197706354043019,1.7625917819099859,1.762591781909986,1.5700172162171944,1.5700172162171946,-0.3991168347019628,-0.39911683470196285,-0.39911683470196285,-0.3991168347019628,-0.3991168347019628,2.6669835375800726,2.666983537580072,0.39911683470196363,0.3991168347019628,-0.39911683470196285,-0.39911683470196285,-0.3991168347019628,0.05498388431262776,0.05498388431262771,1.5700172162171946,0.18594869854542936,0.1296598063993,0,2021-09-10
0.002866817387578519,0.0028668173875785056,-0.049866784098340715,-0.04986678409834075,-0.049866784098340625,-0.049866784098340645,-1.0772191060811471,-1.0772191060811471,-0.5966537398390945,-0.5966537398390945,-0.5966537398390946,-2.4231390425457207,-2.42313904254572,-0.8438652079455163,-0.8438652079455162,2.666983537580072,2.666983537580072,-0.26100353245516306,-0.26100353245516306,-0.2533723166886974,-0.2533723166886973,0.12378159799316597,-0.40083351710296133,-0.40083351710296133,-0.4008335171029614,-0.4008335171029614,0.9761766079936257,-0.31977063540430195,-0.3197706354043019,0.9761766079936257,0.9761766079936257,-0.694548652506796,-0.694548652506796,-0.3991168347019628,-0.39911683470196285,-0.39911683470196285,-0.3991168347019628,-0.3991168347019628,2.6669835375800726,2.666983537580072,0.39911683470196363,0.3991168347019628,-0.39911683470196285,-0.39911683470196285,-0.3991168347019628,-0.07279404064360766,-0.0727940406436076,-0.694548652506796,-0.9640490264526441,-0.9660926751320393,1,2021-09-13
-0.23815667935096935,-0.2381566793509693,-0.18227141254722784,-0.18227141254722787,-0.1822714125472278,-0.1822714125472278,-1.0772191060811471,-1.0772191060811471,-0.5966537398390945,-0.5966537398390945,-0.5966537398390946,0.18568898751805404,0.18568898751805418,-1.0955436707115735,-1.0955436707115733,-0.7137712880536509,-0.7137712880536509,0.19792742563416513,0.19792742563416504,-0.2533723166886974,-0.2533723166886973,0.10506804127061838,-0.40083351710296133,-0.40083351710296133,-0.4008335171029614,-0.4008335171029614,-0.5966537398390945,-0.31977063540430195,-0.3197706354043019,-0.5966537398390945,-0.5966537398390946,-0.17243895879452587,-0.17243895879452587,0.47308418966590704,-0.39911683470196285,-0.39911683470196285,-0.3991168347019628,-0.3991168347019628,-0.7137712880536509,-0.7137712880536509,-0.4730841896659058,-0.47308418966590654,0.473084189665907,0.473084189665907,0.47308418966590704,-0.3071737562313012,-0.3071737562313012,-0.17243895879452587,2.266896962827657,2.321164769461979,0,2021-09-14
-0.2783100871519937,-0.2783100871519936,-0.3686015377462914,-0.3686015377462914,-0.3686015377462913,-0.36860153774629134,-1.0772191060811471,-1.0772191060811471,-0.5966537398390945,-0.5966537398390945,-0.5966537398390946,-0.1866812370902772,-0.18668123709027712,-1.1973239849840611,-1.197323984984061,-0.45395329660753264,-0.45395329660753275,-0.26100353245516306,-0.26100353245516306,-0.2533723166886974,-0.2533723166886973,-0.02529658515909204,-0.40083351710296133,-0.40083351710296133,-0.4008335171029614,-0.4008335171029614,-0.5966537398390945,-0.31977063540430195,-0.3197706354043019,-0.5966537398390945,-0.5966537398390946,-0.694548652506796,-0.694548652506796,-0.3991168347019628,0.47308418966590704,0.47308418966590704,0.47308418966590693,0.47308418966590693,-0.4539532966075327,-0.45395329660753275,0.39911683470196363,0.3991168347019628,-0.39911683470196285,-0.39911683470196285,-0.3991168347019628,-0.22954509229319642,-0.22954509229319636,-0.694548652506796,-0.9640490264526441,-0.9660926751320393,0,2021-09-15
-0.3819090247978392,-0.38190902479783917,-0.5207301691184711,-0.5207301691184716,-0.5207301691184711,-0.5207301691184716,-1.0772191060811471,-1.0772191060811471,1.7625917819099859,1.7625917819099859,1.7625917819099859,1.490662117001305,1.4906621170013052,-1.2183333095321451,-1.2183333095321451,-0.7137712880536509,-0.7137712880536509,3.4145786453954017,3.4145786453954026,-0.2533723166886974,-0.2533723166886973,-0.09215300287415673,0.4652517591278406,0.4652517591278406,0.4652517591278406,0.4652517591278406,-0.5966537398390945,-0.31977063540430195,-0.3197706354043019,-0.5966537398390945,-0.5966537398390946,2.0931721745815417,2.0931721745815413,3.163756327230566,-0.39911683470196285,-0.39911683470196285,-0.3991168347019628,-0.3991168347019628,-0.7137712880536509,-0.7137712880536509,-3.1637563272305655,-3.163756327230567,3.163756327230566,3.163756327230566,3.163756327230566,-0.28115559890169106,-0.28115559890169106,2.0931721745815413,1.2811846271150231,1.2254122879306393,0,2021-09-16
-0.43414452644921125,-0.43414452644921114,-0.8879156566470424,-0.8879156566470425,-0.8879156566470425,-0.8879156566470426,-1.0772191060811471,-1.0772191060811471,-0.5966537398390945,-0.5966537398390945,-0.5966537398390946,-1.4916543665735282,-1.491654366573528,-0.933882483187906,-0.9338824831879058,1.3671133461409346,1.3671133461409346,-0.26100353245516306,-0.26100353245516306,-0.2533723166886974,-0.2533723166886973,-0.429664321643573,-0.40083351710296133,-0.40083351710296133,-0.4008335171029614,-0.4008335171029614,1.7625917819099859,-0.31977063540430195,-0.3197706354043019,1.7625917819099859,1.762591781909986,-0.694548652506796,-0.694548652506796,-0.3991168347019628,3.163756327230566,3.163756327230566,3.1637563272305655,3.1637563272305655,1.3671133461409348,1.3671133461409346,0.39911683470196363,0.3991168347019628,-0.39911683470196285,-0.39911683470196285,-0.3991168347019628,-0.6425765657088034,-0.6425765657088034,-0.694548652506796,-0.9640490264526441,-0.9660926751320393,0,2021-09-17
-0.7345870489334194,-0.7345870489334194,-1.3910120451630328,-1.3910120451630328,-1.3910120451630326,-1.391012045163033,-1.0772191060811471,-1.0772191060811471,-0.5966537398390945,-0.5966537398390945,-0.5966537398390946,-0.00049612478611147,-0.000496124786111486,-0.7790365898957116,-0.7790365898957113,-0.7137712880536509,-0.7137712880536509,-0.26100353245516306,-0.26100353245516306,-0.2533723166886974,-0.2533723166886973,-0.768130380671579,3.1370572906544045,3.1370572906544045,3.1370572906544045,3.1370572906544045,-0.5966537398390945,-0.31977063540430195,-0.3197706354043019,-0.5966537398390945,-0.5966537398390946,-0.694548652506796,-0.694548652506796,-0.3991168347019628,-0.39911683470196285,-0.39911683470196285,-0.3991168347019628,-0.3991168347019628,-0.7137712880536509,-0.7137712880536509,0.39911683470196363,0.3991168347019628,-0.39911683470196285,-0.39911683470196285,-0.3991168347019628,-0.921445467107177,-0.9214454671071768,-0.694548652506796,0.07642510568846998,0.1296598063993,1,2021-09-20
-0.8477883477684183,-0.8477883477684182,-1.595218537798109,-1.595218537798109,-1.5952185377981085,-1.5952185377981094,-1.0772191060811471,-1.0772191060811471,-0.5966537398390945,-0.5966537398390945,-0.5966537398390946,-0.00049612478611147,-0.000496124786111486,-0.7031789487516646,-0.7031789487516646,-0.7137712880536509,-0.7137712880536509,-0.26100353245516306,-0.26100353245516306,-0.2533723166886974,-0.2533723166886973,-0.6892138328824763,-0.40083351710296133,-0.40083351710296133,-0.4008335171029614,-0.4008335171029614,-0.5966537398390945,-0.31977063540430195,-0.3197706354043019,-0.5966537398390945,-0.5966537398390946,-0.694548652506796,-0.694548652506796,-0.3991168347019628,-0.39911683470196285,-0.39911683470196285,-0.3991168347019628,-0.3991168347019628,-0.7137712880536509,-0.7137712880536509,0.39911683470196363,0.3991168347019628,-0.39911683470196285,-0.39911683470196285,-0.3991168347019628,-0.8504819337830423,-0.8504819337830423,-0.694548652506796,-0.9640490264526441,-0.9660926751320393,0,2021-09-21
-1.1467557577443197,-1.1467557577443197,-2.124781833180754,-2.124781833180754,-2.1247818331807546,-2.124781833180755,-1.0772191060811471,-1.0772191060811471,-0.5966537398390945,-0.5966537398390945,-0.5966537398390946,-0.00049612478611147,-0.000496124786111486,-0.40781865831191905,-0.407818658311919,-0.7137712880536509,-0.7137712880536509,-0.26100353245516306,-0.26100353245516306,-0.2533723166886974,-0.2533723166886973,-1.1965352847980155,-0.40083351710296133,-0.40083351710296133,-0.4008335171029614,-0.4008335171029614,-0.5966537398390945,-0.31977063540430195,-0.3197706354043019,-0.5966537398390945,-0.5966537398390946,-0.694548652506796,-0.694548652506796,-0.3991168347019628,-0.39911683470196285,-0.39911683470196285,-0.3991168347019628,-0.3991168347019628,-0.7137712880536509,-0.7137712880536509,0.39911683470196363,0.3991168347019628,-0.39911683470196285,-0.39911683470196285,-0.3991168347019628,-1.3289525464180567,-1.3289525464180567,-0.694548652506796,-0.9640490264526441,-0.9660926751320393,1,2021-09-22
-1.0760065145431286,-1.0760065145431288,-2.2669101227539876,-2.2669101227539876,-2.266910122753987,-2.266910122753988,-1.0772191060811471,-1.0772191060811471,-0.5966537398390945,-0.5966537398390945,-0.5966537398390946,-0.00049612478611147,-0.000496124786111486,-0.2678241087116786,-0.2678241087116785,-0.7137712880536509,-0.7137712880536509,-0.26100353245516306,-0.26100353245516306,-0.2533723166886974,-0.2533723166886973,-1.050629706501466,-0.40083351710296133,-0.40083351710296133,-0.4008335171029614,-0.4008335171029614,-0.5966537398390945,-0.31977063540430195,-0.3197706354043019,-0.5966537398390945,-0.5966537398390946,-0.694548652506796,-0.694548652506796,-0.3991168347019628,-0.39911683470196285,-0.39911683470196285,-0.3991168347019628,-0.3991168347019628,-0.7137712880536509,-0.7137712880536509,0.39911683470196363,0.3991168347019628,-0.39911683470196285,-0.39911683470196285,-0.3991168347019628,-1.1850074021693033,-1.1850074021693033,-0.694548652506796,-0.9640490264526441,-0.9660926751320393,1,2021-09-23
-0.8853732965153015,-0.8853732965153015,-2.014110397496947,-2.014110397496947,-2.0141103974969465,-2.014110397496947,-1.0772191060811471,-1.0772191060811471,-0.5966537398390945,-0.5966537398390945,-0.5966537398390946,-0.00049612478611147,-0.000496124786111486,-0.01896372062866955,-0.01896372062866938,-0.7137712880536509,-0.7137712880536509,-0.26100353245516306,-0.26100353245516306,-0.2533723166886974,-0.2533723166886973,-0.7598209087724559,-0.40083351710296133,-0.40083351710296133,-0.4008335171029614,-0.4008335171029614,-0.5966537398390945,-0.31977063540430195,-0.3197706354043019,-0.5966537398390945,-0.5966537398390946,-0.694548652506796,-0.694548652506796,-0.3991168347019628,-0.39911683470196285,-0.39911683470196285,-0.3991168347019628,-0.3991168347019628,-0.7137712880536509,-0.7137712880536509,0.39911683470196363,0.3991168347019628,-0.39911683470196285,-0.39911683470196285,-0.3991168347019628,-0.5720825611249516,-0.5720825611249516,-0.694548652506796,-0.9640490264526441,-0.9660926751320393,1,2021-09-24
-0.8055326454446063,-0.8055326454446062,-1.7319760932169086,-1.7319760932169084,-1.7319760932169086,-1.7319760932169086,-1.0772191060811471,-1.0772191060811471,-0.5966537398390945,-0.5966537398390945,-0.5966537398390946,-0.00049612478611147,-0.000496124786111486,-0.14123588604914306,-0.1412358860491429,-0.7137712880536509,-0.7137712880536509,-0.26100353245516306,-0.26100353245516306,-0.2533723166886974,-0.2533723166886973,-0.7006672802148158,-0.40083351710296133,-0.40083351710296133,-0.4008335171029614,-0.4008335171029614,-0.5966537398390945,-0.31977063540430195,-0.3197706354043019,-0.5966537398390945,-0.5966537398390946,-0.694548652506796,-0.694548652506796,-0.3991168347019628,-0.39911683470196285,-0.39911683470196285,-0.3991168347019628,-0.3991168347019628,-0.7137712880536509,-0.7137712880536509,0.39911683470196363,0.3991168347019628,-0.39911683470196285,-0.39911683470196285,-0.3991168347019628,-0.17330435772766722,-0.1733043577276672,-0.694548652506796,-0.9640490264526441,-0.9660926751320393,0,2021-09-27
-1.1953653946781815,-1.1953653946781813,-1.8872519121511175,-1.8872519121511175,-1.8872519121511169,-1.8872519121511178,-1.0772191060811471,-1.0772191060811471,2.549006955826346,2.549006955826346,2.5490069558263464,0.3724332142735836,0.3724332142735836,0.1071222733157389,0.10712227331573905,-0.7137712880536509,-0.7137712880536509,0.6582365547688065,0.6582365547688065,-0.2533723166886974,-0.2533723166886973,-1.1292905896672902,-0.40083351710296133,-0.40083351710296133,-0.4008335171029614,-0.4008335171029614,-0.5966537398390945,-0.31977063540430195,-0.3197706354043019,-0.5966537398390945,-0.5966537398390946,0.002642870428307339,0.002642870428307394,-0.3991168347019628,-0.39911683470196285,-0.39911683470196285,-0.3991168347019628,-0.3991168347019628,-0.7137712880536509,-0.7137712880536509,0.39911683470196363,0.3991168347019628,-0.39911683470196285,-0.39911683470196285,-0.3991168347019628,-0.7971685200626916,-0.7971685200626916,0.002642870428307394,1.2811846271150231,1.2254122879306393,0,2021-09-28
-1.1553101216824413,-1.1553101216824415,-1.913924106576957,-1.913924106576957,-1.9139241065769566,-1.9139241065769568,-1.0772191060811471,-1.0772191060811471,-0.5966537398390945,-0.5966537398390945,-0.5966537398390946,0.692246680453712,0.692246680453712,-0.23235541977159943,-0.2323554197715993,-0.19335507095286766,-0.19335507095286777,2.365790479911982,2.365790479911982,-0.2533723166886974,-0.2533723166886973,-1.0978006870187638,-0.40083351710296133,-0.40083351710296133,-0.4008335171029614,-0.4008335171029614,2.549006955826346,-0.31977063540430195,-0.3197706354043019,2.549006955826346,2.549006955826346,0.30158856092221975,0.3015885609222198,-0.3991168347019628,-0.39911683470196285,-0.39911683470196285,-0.3991168347019628,-0.3991168347019628,-0.19335507095286772,-0.19335507095286777,0.39911683470196363,0.3991168347019628,-0.39911683470196285,-0.39911683470196285,-0.3991168347019628,-0.24201890060351833,-0.24201890060351822,0.3015885609222198,0.13118690211694967,0.1296598063993,0,2021-09-29
-1.1382592177009545,-1.1382592177009545,-1.8273683537040573,-1.8273683537040573,-1.8273683537040575,-1.8273683537040575,-1.0772191060811471,-1.0772191060811471,-0.5966537398390945,-0.5966537398390945,-0.5966537398390946,-1.0661682690856302,-1.06616826908563,-0.2700811271074428,-0.27008112710744264,0.7733551134367428,0.7733551134367428,-0.26100353245516306,-0.26100353245516306,-0.2533723166886974,-0.2533723166886973,-1.0283890342631476,-0.40083351710296133,-0.40083351710296133,-0.4008335171029614,-0.4008335171029614,-0.5966537398390945,-0.31977063540430195,-0.3197706354043019,-0.5966537398390945,-0.5966537398390946,-0.694548652506796,-0.694548652506796,-0.3991168347019628,-0.39911683470196285,-0.39911683470196285,-0.3991168347019628,-0.3991168347019628,0.7733551134367428,0.7733551134367428,0.39911683470196363,0.3991168347019628,-0.39911683470196285,-0.39911683470196285,-0.3991168347019628,-0.37100258606939446,-0.3710025860693944,-0.694548652506796,0.07642510568846998,0.1296598063993,1,2021-09-30
-0.7899281008342238,-0.7899281008342237,-1.5442010504584807,-1.5442010504584807,-1.5442010504584807,-1.544201050458481,-1.0772191060811471,-1.0772191060811471,-0.5966537398390945,-0.5966537398390945,-0.5966537398390946,0.8420893534192267,0.8420893534192267,-0.40979766118648653,-0.4097976611864864,-0.7137712880536509,-0.7137712880536509,1.8159002328319764,1.8159002328319764,-0.2533723166886974,-0.2533723166886973,-0.8256487791112553,-0.40083351710296133,-0.40083351710296133,-0.4008335171029614,-0.4008335171029614,-0.5966537398390945,-0.31977063540430195,-0.3197706354043019,-0.5966537398390945,-0.5966537398390946,0.8806651781726657,0.8806651781726657,0.6847100881260487,-0.39911683470196285,-0.39911683470196285,-0.3991168347019628,-0.3991168347019628,-0.7137712880536509,-0.7137712880536509,-0.6847100881260477,-0.6847100881260485,0.6847100881260487,0.6847100881260487,0.6847100881260487,-0.5105745003604341,-0.5105745003604341,0.8806651781726657,1.2264228306865435,1.2254122879306393,0,2021-10-01
-1.054342822628138,-1.054342822628138,-1.8189879691270803,-1.8189879691270803,-1.81898796912708,-1.8189879691270805,-1.0772191060811471,-1.0772191060811471,-0.5966537398390945,-0.5966537398390945,-0.5966537398390946,-0.8430816029914496,-0.8430816029914496,0.012775966788475633,0.012775966788475802,0.46204166422652937,0.46204166422652926,-0.26100353245516306,-0.26100353245516306,-0.2533723166886974,-0.2533723166886973,-1.399142289720383,-0.40083351710296133,-0.40083351710296133,-0.4008335171029614,-0.4008335171029614,-0.5966537398390945,-0.31977063540430195,-0.3197706354043019,-0.5966537398390945,-0.5966537398390946,-0.694548652506796,-0.694548652506796,-0.3991168347019628,0.6847100881260487,0.6847100881260487,0.6847100881260487,0.6847100881260487,0.46204166422652926,0.46204166422652926,0.39911683470196363,0.3991168347019628,-0.39911683470196285,-0.39911683470196285,-0.3991168347019628,-1.256454779905678,-1.256454779905678,-0.694548652506796,-0.9640490264526441,-0.9660926751320393,1,2021-10-04
-0.8927007704440297,-0.8927007704440297,-1.6530951048503488,-1.6530951048503488,-1.6530951048503488,-1.653095104850349,-1.0772191060811471,-1.0772191060811471,-0.5966537398390945,-0.5966537398390945,-0.5966537398390946,0.8420893534192267,0.8420893534192267,0.07480101832398309,0.07480101832398318,-0.7137712880536509,-0.7137712880536509,-0.26100353245516306,-0.26100353245516306,-0.2533723166886974,-0.2533723166886973,-1.0397245342369006,0.6753937672254355,0.6753937672254355,0.6753937672254355,0.6753937672254355,-0.5966537398390945,-0.31977063540430195,-0.3197706354043019,-0.5966537398390945,-0.5966537398390946,0.8806651781726657,0.8806651781726657,0.6847100881260487,-0.39911683470196285,-0.39911683470196285,-0.3991168347019628,-0.3991168347019628,-0.7137712880536509,-0.7137712880536509,-0.6847100881260477,-0.6847100881260485,0.6847100881260487,0.6847100881260487,0.6847100881260487,-0.42537560220433973,-0.4253756022043398,0.8806651781726657,1.2264228306865435,1.2254122879306393,1,2021-10-05
-0.4312501116121988,-0.4312501116121987,-1.4146248787851237,-1.4146248787851237,-1.4146248787851234,-1.4146248787851237,-1.0772191060811471,-1.0772191060811471,1.7625917819099859,1.7625917819099859,1.7625917819099859,1.5795613147681593,1.5795613147681593,0.0835031788573634,0.08350317885736352,0.46204166422652937,0.46204166422652926,-0.26100353245516306,-0.26100353245516306,-0.2533723166886974,-0.2533723166886973,-0.9295550490063715,-0.40083351710296133,-0.40083351710296133,-0.4008335171029614,-0.4008335171029614,-0.5966537398390945,-0.31977063540430195,-0.3197706354043019,-0.5966537398390945,-0.5966537398390946,1.5700172162171944,1.5700172162171946,-0.3991168347019628,0.6847100881260487,0.6847100881260487,0.6847100881260487,0.6847100881260487,0.46204166422652926,0.46204166422652926,0.39911683470196363,0.3991168347019628,-0.39911683470196285,-0.39911683470196285,-0.3991168347019628,-0.3495830968752915,-0.3495830968752915,1.5700172162171946,0.18594869854542936,0.1296598063993,0,2021-10-06
-0.6636726025341865,-0.6636726025341863,-1.3074551828534513,-1.3074551828534513,-1.307455182853451,-1.3074551828534513,-1.0772191060811471,-1.0772191060811471,-0.5966537398390945,-0.5966537398390945,-0.5966537398390946,-2.4231390425457207,-2.42313904254572,0.09953974512289626,0.09953974512289637,2.666983537580072,2.666983537580072,-0.26100353245516306,-0.26100353245516306,-0.2533723166886974,-0.2533723166886973,-1.0157814649846872,0.6753937672254355,0.6753937672254355,0.6753937672254355,0.6753937672254355,1.7625917819099859,-0.31977063540430195,-0.3197706354043019,1.7625917819099859,1.762591781909986,-0.694548652506796,-0.694548652506796,-0.3991168347019628,-0.39911683470196285,-0.39911683470196285,-0.3991168347019628,-0.3991168347019628,2.6669835375800726,2.666983537580072,0.39911683470196363,0.3991168347019628,-0.39911683470196285,-0.39911683470196285,-0.3991168347019628,-0.5375147271057323,-0.5375147271057324,-0.694548652506796,0.13118690211694967,0.1296598063993,1,2021-10-07
-0.8509503792136054,-0.8509503792136054,-1.112909301210383,-1.112909301210383,-1.1129093012103828,-1.112909301210383,-1.0772191060811471,-1.0772191060811471,-0.5966537398390945,-0.5966537398390945,-0.5966537398390946,1.1255603802607044,1.1255603802607042,0.04285260945474387,0.04285260945474402,-0.7137712880536509,-0.7137712880536509,-0.26100353245516306,-0.26100353245516306,-0.2533723166886974,-0.2533723166886973,-0.8887807315346963,-0.40083351710296133,-0.40083351710296133,-0.4008335171029614,-0.4008335171029614,-0.5966537398390945,-0.31977063540430195,-0.3197706354043019,-0.5966537398390945,-0.5966537398390946,0.3580328521343571,0.35803285213435715,-0.3991168347019628,-0.39911683470196285,-0.39911683470196285,-0.3991168347019628,-0.3991168347019628,-0.7137712880536509,-0.7137712880536509,0.39911683470196363,0.3991168347019628,-0.39911683470196285,-0.39911683470196285,-0.3991168347019628,-0.6561251763560463,-0.6561251763560462,0.35803285213435715,0.13118690211694967,0.1296598063993,0,2021-10-08
-1.017014246415524,-1.0170142464155238,-1.0496079116563242,-1.0496079116563242,-1.0496079116563237,-1.0496079116563244,-1.0772191060811471,-1.0772191060811471,-0.5966537398390945,-0.5966537398390945,-0.5966537398390946,-1.126552629832927,-1.126552629832927,-0.6293955051488012,-0.629395505148801,0.8576204079598082,0.8576204079598081,-0.26100353245516306,-0.26100353245516306,-0.2533723166886974,-0.2533723166886973,-0.9789386533306087,-0.40083351710296133,-0.40083351710296133,-0.4008335171029614,-0.4008335171029614,-0.5966537398390945,-0.31977063540430195,-0.3197706354043019,-0.5966537398390945,-0.5966537398390946,-0.694548652506796,-0.694548652506796,-0.3991168347019628,-0.39911683470196285,-0.39911683470196285,-0.3991168347019628,-0.3991168347019628,0.8576204079598081,0.8576204079598081,0.39911683470196363,0.3991168347019628,-0.39911683470196285,-0.39911683470196285,-0.3991168347019628,-0.11915445087059555,-0.11915445087059552,-0.694548652506796,-0.9640490264526441,-0.9660926751320393,0,2021-10-11
-0.6768819460676061,-0.6768819460676059,-0.9736856178010014,-0.9736856178010015,-0.9736856178010014,-0.9736856178010016,-1.0772191060811471,-1.0772191060811471,-0.5966537398390945,-0.5966537398390945,-0.5966537398390946,-0.00049612478611147,-0.000496124786111486,-0.9806569792860974,-0.9806569792860973,-0.7137712880536509,-0.7137712880536509,-0.26100353245516306,-0.26100353245516306,-0.2533723166886974,-0.2533723166886973,-0.9459335245248065,-0.40083351710296133,-0.40083351710296133,-0.4008335171029614,-0.4008335171029614,-0.5966537398390945,-0.31977063540430195,-0.3197706354043019,-0.5966537398390945,-0.5966537398390946,-0.694548652506796,-0.694548652506796,-0.3991168347019628,-0.39911683470196285,-0.39911683470196285,-0.3991168347019628,-0.3991168347019628,-0.7137712880536509,-0.7137712880536509,0.39911683470196363,0.3991168347019628,-0.39911683470196285,-0.39911683470196285,-0.3991168347019628,-0.501640853570086,-0.501640853570086,-0.694548652506796,-0.9640490264526441,-0.9660926751320393,1,2021-10-12
-0.6181850575319638,-0.6181850575319638,-0.8112336529403218,-0.8112336529403209,-0.8112336529403218,-0.811233652940321,-1.0772191060811471,-1.0772191060811471,-0.5966537398390945,-0.5966537398390945,-0.5966537398390946,-0.00049612478611147,-0.000496124786111486,-0.9760784946351088,-0.9760784946351088,-0.7137712880536509,-0.7137712880536509,-0.26100353245516306,-0.26100353245516306,-0.2533723166886974,-0.2533723166886973,-0.8166410261609917,-0.40083351710296133,-0.40083351710296133,-0.4008335171029614,-0.4008335171029614,-0.5966537398390945,-0.31977063540430195,-0.3197706354043019,-0.5966537398390945,-0.5966537398390946,-0.694548652506796,-0.694548652506796,-0.3991168347019628,-0.39911683470196285,-0.39911683470196285,-0.3991168347019628,-0.3991168347019628,-0.7137712880536509,-0.7137712880536509,0.39911683470196363,0.3991168347019628,-0.39911683470196285,-0.39911683470196285,-0.3991168347019628,-0.4966933193831604,-0.49669331938316036,-0.694548652506796,-0.9640490264526441,-0.9660926751320393,1,2021-10-13
-0.47789819228550756,-0.47789819228550745,-0.4955569313546769,-0.4955569313546769,-0.49555693135467677,-0.4955569313546769,-1.0772191060811471,-1.0772191060811471,-0.5966537398390945,-0.5966537398390945,-0.5966537398390946,-0.00049612478611147,-0.000496124786111486,-0.8768918296717727,-0.8768918296717725,-0.7137712880536509,-0.7137712880536509,-0.26100353245516306,-0.26100353245516306,-0.2533723166886974,-0.2533723166886973,-0.559740260029795,-0.40083351710296133,-0.40083351710296133,-0.4008335171029614,-0.4008335171029614,-0.5966537398390945,-0.31977063540430195,-0.3197706354043019,-0.5966537398390945,-0.5966537398390946,-0.694548652506796,-0.694548652506796,-0.3991168347019628,-0.39911683470196285,-0.39911683470196285,-0.3991168347019628,-0.3991168347019628,-0.7137712880536509,-0.7137712880536509,0.39911683470196363,0.3991168347019628,-0.39911683470196285,-0.39911683470196285,-0.3991168347019628,-0.11467739894718332,-0.11467739894718332,-0.694548652506796,-0.9640490264526441,-0.9660926751320393,0,2021-10-14
-0.7182914123947609,-0.7182914123947608,-0.35410536604473136,-0.35410536604473136,-0.3541053660447313,-0.35410536604473136,-1.0772191060811471,-1.0772191060811471,0.9761766079936257,0.9761766079936257,0.9761766079936258,1.3687751666039836,1.3687751666039836,-0.8250882128074988,-0.8250882128074987,-0.7137712880536509,-0.7137712880536509,-0.26100353245516306,-0.26100353245516306,3.946761086881632,3.9467610868816316,-0.6374936702783972,-0.40083351710296133,-0.40083351710296133,-0.4008335171029614,-0.4008335171029614,-0.5966537398390945,-0.31977063540430195,-0.3197706354043019,-0.5966537398390945,-0.5966537398390946,3.1452310468966562,3.145231046896656,2.184230740072196,-0.39911683470196285,-0.39911683470196285,-0.3991168347019628,-0.3991168347019628,-0.7137712880536509,-0.7137712880536509,-2.184230740072196,-2.1842307400721968,2.184230740072196,2.184230740072196,2.184230740072196,-0.32604905686809027,-0.3260490568680902,3.145231046896656,2.3764205556846165,2.321164769461979,1,2021-10-15
0.20138175256314836,0.20138175256314825,0.14262279357591054,0.14262279357591146,0.14262279357591046,0.1426227935759114,0.928316249085049,0.928316249085049,-0.5966537398390945,-0.5966537398390945,-0.5966537398390946,-1.3697674161762068,-1.3697674161762066,-0.4575056249552729,-0.4575056249552728,1.19702228867771,1.1970222886777102,-0.26100353245516306,-0.26100353245516306,-0.2533723166886974,-0.2533723166886973,-0.1466537018668885,-0.40083351710296133,-0.40083351710296133,-0.4008335171029614,-0.4008335171029614,0.9761766079936257,-0.31977063540430195,-0.3197706354043019,0.9761766079936257,0.9761766079936257,-0.694548652506796,-0.694548652506796,-0.3991168347019628,2.184230740072196,2.184230740072196,2.184230740072196,2.184230740072196,1.1970222886777104,1.1970222886777102,0.39911683470196363,0.3991168347019628,-0.39911683470196285,-0.39911683470196285,-0.3991168347019628,0.3781797755118388,0.3781797755118387,-0.694548652506796,-0.9640490264526441,-0.9660926751320393,1,2021-10-18
0.12417071036037088,0.1241707103603708,0.6409068100885271,0.640906810088527,0.640906810088527,0.6409068100885271,0.928316249085049,0.928316249085049,-0.5966537398390945,-0.5966537398390945,-0.5966537398390946,0.5586183265777493,0.5586183265777493,-0.5163330675887977,-0.5163330675887976,-0.7137712880536509,-0.7137712880536509,-0.26100353245516306,-0.26100353245516306,-0.2533723166886974,-0.2533723166886973,0.08841264609598035,2.1643999960312508,2.1643999960312508,2.1643999960312508,2.1643999960312508,-0.5966537398390945,-0.31977063540430195,-0.3197706354043019,-0.5966537398390945,-0.5966537398390946,-0.17191632646848753,-0.17191632646848753,-0.3991168347019628,-0.39911683470196285,-0.39911683470196285,-0.3991168347019628,-0.3991168347019628,-0.7137712880536509,-0.7137712880536509,0.39911683470196363,0.3991168347019628,-0.39911683470196285,-0.39911683470196285,-0.3991168347019628,0.6772019413690001,0.6772019413690001,-0.17191632646848753,0.13118690211694967,0.1296598063993,1,2021-10-19
0.12741836838975643,0.12741836838975631,0.9857820148164822,0.9857820148164821,0.985782014816482,0.9857820148164822,0.928316249085049,0.928316249085049,-0.5966537398390945,-0.5966537398390945,-0.5966537398390946,-0.00049612478611147,-0.000496124786111486,-0.5159720439092147,-0.5159720439092146,0.06646292049325045,0.0664629204932504,-0.26100353245516306,-0.26100353245516306,-0.2533723166886974,-0.2533723166886973,0.12729718282609906,-0.40083351710296133,-0.40083351710296133,-0.4008335171029614,-0.4008335171029614,-0.5966537398390945,-0.31977063540430195,-0.3197706354043019,-0.5966537398390945,-0.5966537398390946,-0.17191632646848753,-0.17191632646848753,-0.3991168347019628,-0.39911683470196285,-0.39911683470196285,-0.3991168347019628,-0.3991168347019628,0.0664629204932504,0.0664629204932504,0.39911683470196363,0.3991168347019628,-0.39911683470196285,-0.39911683470196285,-0.3991168347019628,0.6763294834820391,0.6763294834820393,-0.17191632646848753,0.13118690211694967,0.1296598063993,1,2021-10-20
0.3207423015087901,0.32074230150879,1.224294688707804,1.2242946887078043,1.224294688707804,1.2242946887078048,0.928316249085049,0.928316249085049,-0.5966537398390945,-0.5966537398390945,-0.5966537398390946,-0.00049612478611147,-0.000496124786111486,-0.5061854511018987,-0.5061854511018986,0.06646292049325045,0.0664629204932504,-0.26100353245516306,-0.26100353245516306,-0.2533723166886974,-0.2533723166886973,0.18300385032327593,-0.40083351710296133,-0.40083351710296133,-0.4008335171029614,-0.4008335171029614,-0.5966537398390945,-0.31977063540430195,-0.3197706354043019,-0.5966537398390945,-0.5966537398390946,-0.17191632646848753,-0.17191632646848753,-0.3991168347019628,-0.39911683470196285,-0.39911683470196285,-0.3991168347019628,-0.3991168347019628,0.0664629204932504,0.0664629204932504,0.39911683470196363,0.3991168347019628,-0.39911683470196285,-0.39911683470196285,-0.3991168347019628,0.5336471195526543,0.5336471195526542,-0.17191632646848753,0.13118690211694967,0.1296598063993,0,2021-10-21
-0.30200860351952813,-0.3020086035195281,0.7776379507157751,0.777637950715775,0.777637950715775,0.7776379507157752,0.928316249085049,0.928316249085049,-0.5966537398390945,-0.5966537398390945,-0.5966537398390946,-0.00049612478611147,-0.000496124786111486,0.3115890544992743,0.3115890544992745,0.06646292049325045,0.0664629204932504,-0.26100353245516306,-0.26100353245516306,-0.2533723166886974,-0.2533723166886973,-0.4942222686312595,-0.40083351710296133,-0.40083351710296133,-0.4008335171029614,-0.4008335171029614,-0.5966537398390945,-0.31977063540430195,-0.3197706354043019,-0.5966537398390945,-0.5966537398390946,-0.17191632646848753,-0.17191632646848753,-0.3991168347019628,-0.39911683470196285,-0.39911683470196285,-0.3991168347019628,-0.3991168347019628,0.0664629204932504,0.0664629204932504,0.39911683470196363,0.3991168347019628,-0.39911683470196285,-0.39911683470196285,-0.3991168347019628,-0.08988831985683964,-0.08988831985683961,-0.17191632646848753,0.13118690211694967,0.1296598063993,1,2021-10-22
-0.0023146433640664336,-0.002314643364066423,0.6240975574039924,0.6240975574039923,0.6240975574039923,0.6240975574039923,0.928316249085049,0.928316249085049,0.9761766079936257,0.9761766079936257,0.9761766079936258,-0.09386823816387631,-0.09386823816387624,0.07424057217938496,0.07424057217938511,0.06646292049325045,0.0664629204932504,-0.26100353245516306,-0.26100353245516306,-0.2533723166886974,-0.2533723166886973,-0.2669920194470709,-0.40083351710296133,-0.40083351710296133,-0.4008335171029614,-0.4008335171029614,-0.5966537398390945,-0.31977063540430195,-0.3197706354043019,-0.5966537398390945,-0.5966537398390946,0.1761568026730258,0.17615680267302583,-0.04237603444058102,-0.39911683470196285,-0.39911683470196285,-0.3991168347019628,-0.3991168347019628,0.0664629204932504,0.0664629204932504,0.04237603444058254,0.04237603444058178,-0.042376034440580974,-0.042376034440580974,-0.04237603444058102,-0.38374529157441584,-0.3837452915744158,0.17615680267302583,1.2264228306865435,1.2254122879306393,0,2021-10-25
-0.393858162114602,-0.39385816211460195,0.10398936441174171,0.10398936441174168,0.10398936441174163,0.10398936441174161,0.928316249085049,0.928316249085049,1.7625917819099859,1.7625917819099859,1.7625917819099859,0.5278670317527371,0.527867031752737,0.1730455561115633,0.17304555611156344,-0.0638361923340821,-0.06383619233408216,-0.26100353245516306,-0.26100353245516306,-0.2533723166886974,-0.2533723166886973,-0.7694178700399295,-0.40083351710296133,-0.40083351710296133,-0.4008335171029614,-0.4008335171029614,0.9761766079936257,-0.31977063540430195,-0.3197706354043019,0.9761766079936257,0.9761766079936257,2.0931721745815417,2.0931721745815417,3.0307343339127626,-0.04237603444058108,-0.04237603444058108,-0.042376034440580974,-0.042376034440580974,-0.06383619233408212,-0.06383619233408216,-3.0307343339127617,-3.030734333912763,3.030734333912763,3.030734333912763,3.0307343339127626,-1.1619037322111574,-1.1619037322111574,2.0931721745815417,2.321658759256137,2.321164769461979,0,2021-10-26
-0.5454891380874051,-0.545489138087405,-0.3138951775848343,-0.3138951775848343,-0.3138951775848343,-0.3138951775848343,-1.0772191060811471,-1.0772191060811471,0.9761766079936257,0.9761766079936257,0.9761766079936258,1.4280412984485529,1.4280412984485529,0.09556814942407803,0.09556814942407812,0.6734851347427396,0.6734851347427396,-0.26100353245516306,-0.26100353245516306,3.946761086881632,3.9467610868816316,-0.8683489832502655,-0.04659413202415848,-0.04659413202415848,-0.046594132024158456,-0.046594132024158456,1.7625917819099859,-0.31977063540430195,-0.3197706354043019,1.7625917819099859,1.762591781909986,1.5700172162171944,1.5700172162171946,-0.3991168347019628,3.0307343339127626,3.0307343339127626,3.030734333912763,3.030734333912763,0.6734851347427396,0.6734851347427396,0.39911683470196363,0.3991168347019628,-0.39911683470196285,-0.39911683470196285,-0.3991168347019628,-1.3544064746787623,-1.3544064746787623,1.5700172162171946,0.18594869854542936,0.1296598063993,1,2021-10-27
-0.5157651184402346,-0.5157651184402345,-0.37296286567195785,-0.37296286567195785,-0.37296286567195774,-0.37296286567195785,-1.0772191060811471,-1.0772191060811471,-0.5966537398390945,-0.5966537398390945,-0.5966537398390946,-2.4231390425457207,-2.42313904254572,0.2422602188644593,0.24226021886445945,2.666983537580072,2.666983537580072,-0.26100353245516306,-0.26100353245516306,-0.2533723166886974,-0.2533723166886973,-0.6179948606925288,3.0049680284216302,3.0049680284216302,3.0049680284216302,3.0049680284216302,0.9761766079936257,-0.31977063540430195,-0.3197706354043019,0.9761766079936257,0.9761766079936257,-0.694548652506796,-0.694548652506796,-0.3991168347019628,-0.39911683470196285,-0.39911683470196285,-0.3991168347019628,-0.3991168347019628,2.6669835375800726,2.666983537580072,0.39911683470196363,0.3991168347019628,-0.39911683470196285,-0.39911683470196285,-0.3991168347019628,-1.1905568883285436,-1.1905568883285436,-0.694548652506796,-0.9640490264526441,-0.9660926751320393,1,2021-10-28
-0.1567080823848335,-0.15670808238483339,-0.13922170772597725,-0.13922170772597728,-0.13922170772597717,-0.1392217077259772,-1.0772191060811471,-1.0772191060811471,2.549006955826346,2.549006955826346,2.5490069558263464,0.4859334479004473,0.48593344790044735,-0.023944874237829403,-0.023944874237829306,-0.7137712880536509,-0.7137712880536509,-0.26100353245516306,-0.26100353245516306,-0.2533723166886974,-0.2533723166886973,-0.28743327401044966,-0.40083351710296133,-0.40083351710296133,-0.4008335171029614,-0.4008335171029614,-0.5966537398390945,-0.31977063540430195,-0.3197706354043019,-0.5966537398390945,-0.5966537398390946,1.5789019657598453,1.578901965759845,0.7134307457742108,-0.39911683470196285,-0.39911683470196285,-0.3991168347019628,-0.3991168347019628,-0.7137712880536509,-0.7137712880536509,-0.71343074577421,-0.7134307457742108,0.7134307457742108,0.7134307457742108,0.7134307457742108,-0.13148596878690472,-0.13148596878690463,1.578901965759845,4.621654209252284,4.512669732524658,1,2021-10-29
-0.2963549716406396,-0.29635497164063956,0.2581672674695166,0.25816726746951657,0.25816726746951657,0.2581672674695166,0.928316249085049,0.928316249085049,-0.5966537398390945,-0.5966537398390945,-0.5966537398390946,0.6391308075741453,0.6391308075741452,0.03938942551786431,0.039389425517864424,-0.03496752661784679,-0.034967526617846856,-0.26100353245516306,-0.26100353245516306,-0.2533723166886974,-0.2533723166886973,-0.01635103838767673,-0.40083351710296133,-0.40083351710296133,-0.4008335171029614,-0.4008335171029614,2.549006955826346,-0.31977063540430195,-0.3197706354043019,2.549006955826346,2.549006955826346,0.3580328521343571,0.35803285213435715,-0.3991168347019628,0.7134307457742108,0.7134307457742108,0.7134307457742107,0.7134307457742107,-0.03496752661784677,-0.034967526617846856,0.39911683470196363,0.3991168347019628,-0.39911683470196285,-0.39911683470196285,-0.3991168347019628,-0.023331966024559215,-0.023331966024559184,0.35803285213435715,0.13118690211694967,0.1296598063993,0,2021-11-01
-0.5122658769212232,-0.512265876921223,0.46379746352094037,0.46379746352094037,0.4637974635209404,0.4637974635209403,0.928316249085049,0.928316249085049,-0.5966537398390945,-0.5966537398390945,-0.5966537398390946,-1.126552629832927,-1.126552629832927,-0.5734358496801786,-0.5734358496801785,0.8576204079598082,0.8576204079598081,-0.26100353245516306,-0.26100353245516306,-0.2533723166886974,-0.2533723166886973,-0.08846077389144467,0.7039130397529663,0.7039130397529663,0.7039130397529664,0.7039130397529664,-0.5966537398390945,-0.31977063540430195,-0.3197706354043019,-0.5966537398390945,-0.5966537398390946,-0.694548652506796,-0.694548652506796,-0.3991168347019628,-0.39911683470196285,-0.39911683470196285,-0.3991168347019628,-0.3991168347019628,0.8576204079598081,0.8576204079598081,0.39911683470196363,0.3991168347019628,-0.39911683470196285,-0.39911683470196285,-0.3991168347019628,0.5065886945177274,0.5065886945177274,-0.694548652506796,-0.9640490264526441,-0.9660926751320393,1,2021-11-02
-0.41986630053692175,-0.41986630053692175,0.7159516431450049,0.7159516431450048,0.7159516431450047,0.7159516431450048,0.928316249085049,0.928316249085049,0.9761766079936257,0.9761766079936257,0.9761766079936258,0.18568898751805404,0.18568898751805418,-0.8192845617928268,-0.8192845617928266,-0.7137712880536509,-0.7137712880536509,-0.26100353245516306,-0.26100353245516306,-0.2533723166886974,-0.2533723166886973,0.07026517382956751,-0.40083351710296133,-0.40083351710296133,-0.4008335171029614,-0.4008335171029614,-0.5966537398390945,-0.31977063540430195,-0.3197706354043019,-0.5966537398390945,-0.5966537398390946,-0.3464755233652827,-0.34647552336528253,0.3128531522603712,-0.39911683470196285,-0.39911683470196285,-0.3991168347019628,-0.3991168347019628,-0.7137712880536509,-0.7137712880536509,-0.3128531522603708,-0.3128531522603716,0.31285315226037114,0.31285315226037114,0.3128531522603712,0.8598457120990318,0.8598457120990319,-0.34647552336528253,1.2264228306865435,1.2254122879306393,1,2021-11-03
-0.31510544958785924,-0.3151054495878592,1.0050055466951338,1.0050055466951338,1.0050055466951338,1.005005546695134,0.928316249085049,0.928316249085049,-0.5966537398390945,-0.5966537398390945,-0.5966537398390946,0.3724332142735836,0.3724332142735836,-0.8251688016210492,-0.8251688016210491,-0.45395329660753264,-0.45395329660753275,-0.26100353245516306,-0.26100353245516306,-0.2533723166886974,-0.2533723166886973,0.23987130787066308,-0.40083351710296133,-0.40083351710296133,-0.4008335171029614,-0.4008335171029614,0.9761766079936257,-0.31977063540430195,-0.3197706354043019,0.9761766079936257,0.9761766079936257,-0.17191632646848753,-0.17191632646848753,-0.3991168347019628,0.31285315226037114,0.31285315226037114,0.3128531522603711,0.3128531522603711,-0.4539532966075327,-0.45395329660753275,0.39911683470196363,0.3991168347019628,-0.39911683470196285,-0.39911683470196285,-0.3991168347019628,0.8233659512424295,0.8233659512424295,-0.17191632646848753,0.13118690211694967,0.1296598063993,1,2021-11-04
0.46172924049246367,0.4617292404924636,1.3341555471592164,1.3341555471592164,1.3341555471592161,1.3341555471592168,0.928316249085049,0.928316249085049,-0.5966537398390945,-0.5966537398390945,-0.5966537398390946,-0.5596105761499722,-0.5596105761499723,-0.8769100178957776,-0.8769100178957774,0.06646292049325045,0.0664629204932504,-0.26100353245516306,-0.26100353245516306,-0.2533723166886974,-0.2533723166886973,0.4447690526840684,0.3061442387110902,0.3061442387110902,0.3061442387110902,0.3061442387110902,-0.5966537398390945,-0.31977063540430195,-0.3197706354043019,-0.5966537398390945,-0.5966537398390946,-0.694548652506796,-0.694548652506796,-0.3991168347019628,-0.39911683470196285,-0.39911683470196285,-0.3991168347019628,-0.3991168347019628,0.0664629204932504,0.0664629204932504,0.39911683470196363,0.3991168347019628,-0.39911683470196285,-0.39911683470196285,-0.3991168347019628,0.7405012385228927,0.7405012385228928,-0.694548652506796,0.13118690211694967,0.1296598063993,0,2021-11-05
0.2272923416260034,0.22729234162600323,1.4123066048698272,1.4123066048698272,1.4123066048698272,1.4123066048698276,0.928316249085049,0.928316249085049,-0.5966537398390945,-0.5966537398390945,-0.5966537398390946,-0.00049612478611147,-0.000496124786111486,-0.8133733110161686,-0.8133733110161684,-0.7137712880536509,-0.7137712880536509,-0.26100353245516306,-0.26100353245516306,-0.2533723166886974,-0.2533723166886973,0.30620850624839374,-0.40083351710296133,-0.40083351710296133,-0.4008335171029614,-0.4008335171029614,-0.5966537398390945,-0.31977063540430195,-0.3197706354043019,-0.5966537398390945,-0.5966537398390946,-0.694548652506796,-0.694548652506796,-0.3991168347019628,-0.39911683470196285,-0.39911683470196285,-0.3991168347019628,-0.3991168347019628,-0.7137712880536509,-0.7137712880536509,0.39911683470196363,0.3991168347019628,-0.39911683470196285,-0.39911683470196285,-0.3991168347019628,0.3143750452686293,0.3143750452686293,-0.694548652506796,0.13118690211694967,0.1296598063993,0,2021-11-08
0.5869213163782449,0.5869213163782447,1.301463390365051,1.301463390365051,1.301463390365051,1.301463390365051,0.928316249085049,0.928316249085049,-0.5966537398390945,-0.5966537398390945,-0.5966537398390946,-0.00049612478611147,-0.000496124786111486,-0.754246572074924,-0.7542465720749237,-0.7137712880536509,-0.7137712880536509,-0.26100353245516306,-0.26100353245516306,-0.2533723166886974,-0.2533723166886973,0.13961672364100197,-0.40083351710296133,-0.40083351710296133,-0.4008335171029614,-0.4008335171029614,-0.5966537398390945,-0.31977063540430195,-0.3197706354043019,-0.5966537398390945,-0.5966537398390946,-0.694548652506796,-0.694548652506796,-0.3991168347019628,-0.39911683470196285,-0.39911683470196285,-0.3991168347019628,-0.3991168347019628,-0.7137712880536509,-0.7137712880536509,0.39911683470196363,0.3991168347019628,-0.39911683470196285,-0.39911683470196285,-0.3991168347019628,0.2542500753360537,0.2542500753360537,-0.694548652506796,-0.9640490264526441,-0.9660926751320393,0,2021-11-09
0.4446850889481592,0.44468508894815906,0.9278479136846189,0.9278479136846188,0.9278479136846187,0.927847913684619,0.928316249085049,0.928316249085049,-0.5966537398390945,-0.5966537398390945,-0.5966537398390946,-0.00049612478611147,-0.000496124786111486,-0.5113085274098568,-0.5113085274098567,-0.7137712880536509,-0.7137712880536509,-0.26100353245516306,-0.26100353245516306,-0.2533723166886974,-0.2533723166886973,-0.20185153410084608,-0.40083351710296133,-0.40083351710296133,-0.4008335171029614,-0.4008335171029614,-0.5966537398390945,-0.31977063540430195,-0.3197706354043019,-0.5966537398390945,-0.5966537398390946,-0.694548652506796,-0.694548652506796,-0.3991168347019628,-0.39911683470196285,-0.39911683470196285,-0.3991168347019628,-0.3991168347019628,-0.7137712880536509,-0.7137712880536509,0.39911683470196363,0.3991168347019628,-0.39911683470196285,-0.39911683470196285,-0.3991168347019628,-0.2649664169791906,-0.26496641697919054,-0.694548652506796,-0.9640490264526441,-0.9660926751320393,1,2021-11-10
0.2718488561759895,0.27184885617598936,0.6640228744147044,0.6640228744147043,0.6640228744147044,0.6640228744147045,0.928316249085049,0.928316249085049,0.9761766079936257,0.9761766079936257,0.9761766079936258,0.3724332142735836,0.3724332142735836,-0.6270620253113204,-0.6270620253113203,-0.7137712880536509,-0.7137712880536509,-0.26100353245516306,-0.26100353245516306,-0.2533723166886974,-0.2533723166886973,-0.19582417023698395,-0.40083351710296133,-0.40083351710296133,-0.4008335171029614,-0.4008335171029614,-0.5966537398390945,-0.31977063540430195,-0.3197706354043019,-0.5966537398390945,-0.5966537398390946,-0.3459528910392444,-0.3459528910392443,-0.3991168347019628,-0.39911683470196285,-0.39911683470196285,-0.3991168347019628,-0.3991168347019628,-0.7137712880536509,-0.7137712880536509,0.39911683470196363,0.3991168347019628,-0.39911683470196285,-0.39911683470196285,-0.3991168347019628,-0.44924482074275135,-0.44924482074275135,-0.3459528910392443,0.13118690211694967,0.1296598063993,1,2021-11-11
0.49161086001412546,0.49161086001412535,0.9097375846585849,0.9097375846585846,0.9097375846585847,0.9097375846585847,0.928316249085049,0.928316249085049,0.9761766079936257,0.9761766079936257,0.9761766079936258,2.0492174539138017,2.049217453913802,-0.08195158042658027,-0.08195158042658016,-0.19335507095286766,-0.19335507095286777,-0.26100353245516306,-0.26100353245516306,-0.2533723166886974,-0.2533723166886973,0.3375523566045967,-0.40083351710296133,-0.40083351710296133,-0.4008335171029614,-0.4008335171029614,0.9761766079936257,-0.31977063540430195,-0.3197706354043019,0.9761766079936257,0.9761766079936257,1.5700172162171944,1.5700172162171946,-0.3991168347019628,-0.39911683470196285,-0.39911683470196285,-0.3991168347019628,-0.3991168347019628,-0.19335507095286772,-0.19335507095286777,0.39911683470196363,0.3991168347019628,-0.39911683470196285,-0.39911683470196285,-0.3991168347019628,-0.09355054135404868,-0.09355054135404865,1.5700172162171946,0.18594869854542936,0.1296598063993,1,2021-11-12
0.4887553908689619,0.4887553908689618,1.2470462548503212,1.2470462548503212,1.2470462548503212,1.2470462548503214,0.928316249085049,0.928316249085049,-0.5966537398390945,-0.5966537398390945,-0.5966537398390946,-2.4231390425457207,-2.42313904254572,-0.030237398889492506,-0.030237398889492364,2.666983537580072,2.666983537580072,-0.26100353245516306,-0.26100353245516306,-0.2533723166886974,-0.2533723166886973,0.5979681977318287,-0.40083351710296133,-0.40083351710296133,-0.4008335171029614,-0.4008335171029614,0.9761766079936257,-0.31977063540430195,-0.3197706354043019,0.9761766079936257,0.9761766079936257,-0.694548652506796,-0.694548652506796,-0.3991168347019628,-0.39911683470196285,-0.39911683470196285,-0.3991168347019628,-0.3991168347019628,2.6669835375800726,2.666983537580072,0.39911683470196363,0.3991168347019628,-0.39911683470196285,-0.39911683470196285,-0.3991168347019628,0.3176865334882981,0.31768653348829806,-0.694548652506796,-0.9640490264526441,-0.9660926751320393,0,2021-11-15
0.39896300712731325,0.39896300712731314,1.251143802097812,1.251143802097812,1.2511438020978123,1.2511438020978125,0.928316249085049,0.928316249085049,1.7625917819099859,1.7625917819099859,1.7625917819099859,2.4221467929734977,2.422146792973497,0.003412626008563764,0.0034126260085638785,-0.7137712880536509,-0.7137712880536509,-0.26100353245516306,-0.26100353245516306,-0.2533723166886974,-0.2533723166886973,0.3930297229904433,-0.40083351710296133,-0.40083351710296133,-0.4008335171029614,-0.4008335171029614,-0.5966537398390945,-0.31977063540430195,-0.3197706354043019,-0.5966537398390945,-0.5966537398390946,1.5700172162171944,1.5700172162171946,-0.3991168347019628,-0.39911683470196285,-0.39911683470196285,-0.3991168347019628,-0.3991168347019628,-0.7137712880536509,-0.7137712880536509,0.39911683470196363,0.3991168347019628,-0.39911683470196285,-0.39911683470196285,-0.3991168347019628,0.26048986821337233,0.2604898682133722,1.5700172162171946,0.18594869854542936,0.1296598063993,0,2021-11-16
0.1976055403968817,0.19760554039688166,1.122390780695844,1.122390780695844,1.122390780695844,1.1223907806958442,0.928316249085049,0.928316249085049,-0.5966537398390945,-0.5966537398390945,-0.5966537398390946,-2.4231390425457207,-2.42313904254572,-0.20680354354759217,-0.20680354354759203,2.666983537580072,2.666983537580072,-0.26100353245516306,-0.26100353245516306,-0.2533723166886974,-0.2533723166886973,0.2986794609443775,-0.40083351710296133,-0.40083351710296133,-0.4008335171029614,-0.4008335171029614,1.7625917819099859,-0.31977063540430195,-0.3197706354043019,1.7625917819099859,1.762591781909986,-0.694548652506796,-0.694548652506796,-0.3991168347019628,-0.39911683470196285,-0.39911683470196285,-0.3991168347019628,-0.3991168347019628,2.6669835375800726,2.666983537580072,0.39911683470196363,0.3991168347019628,-0.39911683470196285,-0.39911683470196285,-0.3991168347019628,0.5251322905882032,0.5251322905882033,-0.694548652506796,0.07642510568846998,0.1296598063993,0,2021-11-17
-0.019311616672890056,-0.019311616672890025,0.918107942354768,0.9181079423547679,0.918107942354768,0.9181079423547681,0.928316249085049,0.928316249085049,2.549006955826346,2.549006955826346,2.5490069558263464,1.3972900036235405,1.3972900036235405,-0.1645822130146732,-0.16458221301467307,-0.7137712880536509,-0.7137712880536509,-0.26100353245516306,-0.26100353245516306,-0.2533723166886974,-0.2533723166886973,0.21606983866418042,-0.40083351710296133,-0.40083351710296133,-0.4008335171029614,-0.4008335171029614,-0.5966537398390945,-0.31977063540430195,-0.3197706354043019,-0.5966537398390945,-0.5966537398390946,1.9186129776847458,1.9186129776847463,3.5204971274919474,-0.39911683470196285,-0.39911683470196285,-0.3991168347019628,-0.3991168347019628,-0.7137712880536509,-0.7137712880536509,-3.5204971274919465,-3.520497127491948,3.5204971274919474,3.5204971274919474,3.5204971274919474,0.42402777364668787,0.42402777364668787,1.9186129776847463,1.2811846271150231,1.2254122879306393,1,2021-11-18
0.023399949855181568,0.023399949855181634,0.9603567566125971,0.960356756612597,0.9603567566125968,0.9603567566125972,0.928316249085049,0.928316249085049,-0.5966537398390945,-0.5966537398390945,-0.5966537398390946,-1.3982822531957635,-1.3982822531957633,-0.5463454882793856,-0.5463454882793853,1.236814233313602,1.236814233313602,-0.26100353245516306,-0.26100353245516306,-0.2533723166886974,-0.2533723166886973,0.45472680044167196,-0.40083351710296133,-0.40083351710296133,-0.4008335171029614,-0.4008335171029614,2.549006955826346,-0.31977063540430195,-0.3197706354043019,2.549006955826346,2.549006955826346,-0.694548652506796,-0.694548652506796,-0.3991168347019628,3.5204971274919474,3.5204971274919474,3.520497127491947,3.520497127491947,1.2368142333136023,1.236814233313602,0.39911683470196363,0.3991168347019628,-0.39911683470196285,-0.39911683470196285,-0.3991168347019628,0.11339705307456381,0.11339705307456374,-0.694548652506796,-0.9640490264526441,-0.9660926751320393,0,2021-11-19
-0.03515787587556278,-0.0351578758755628,0.7947806324801415,0.7947806324801414,0.7947806324801414,0.7947806324801416,0.928316249085049,0.928316249085049,-0.5966537398390945,-0.5966537398390945,-0.5966537398390946,0.27906110089581876,0.2790611008958189,-0.6732771843785891,-0.673277184378589,-0.7137712880536509,-0.7137712880536509,-0.26100353245516306,-0.26100353245516306,-0.2533723166886974,-0.2533723166886973,0.2432429606229609,3.491296675733207,3.491296675733207,3.491296675733207,3.491296675733207,-0.5966537398390945,-0.31977063540430195,-0.3197706354043019,-0.5966537398390945,-0.5966537398390946,-0.17191632646848753,-0.17191632646848753,0.6695939525217529,-0.39911683470196285,-0.39911683470196285,-0.3991168347019628,-0.3991168347019628,-0.7137712880536509,-0.7137712880536509,-0.6695939525217518,-0.6695939525217527,0.669593952521753,0.669593952521753,0.6695939525217529,-0.3688041798064432,-0.3688041798064432,-0.17191632646848753,1.1716610342580638,1.2254122879306393,0,2021-11-22
-0.05162349029894749,-0.051623490298947465,0.5231476667097654,0.5231476667097653,0.5231476667097654,0.5231476667097654,0.928316249085049,0.928316249085049,-0.5966537398390945,-0.5966537398390945,-0.5966537398390946,-0.280053350468042,-0.28005335046804186,-0.6935463885079921,-0.6935463885079919,-0.32365418378020017,-0.3236541837802002,-0.26100353245516306,-0.26100353245516306,-0.2533723166886974,-0.2533723166886973,0.03552508383502105,-0.40083351710296133,-0.40083351710296133,-0.4008335171029614,-0.4008335171029614,-0.5966537398390945,-0.31977063540430195,-0.3197706354043019,-0.5966537398390945,-0.5966537398390946,-0.694548652506796,-0.694548652506796,-0.3991168347019628,0.6695939525217529,0.6695939525217529,0.6695939525217529,0.6695939525217529,-0.3236541837802003,-0.3236541837802002,0.39911683470196363,0.3991168347019628,-0.39911683470196285,-0.39911683470196285,-0.3991168347019628,-0.33547757546191087,-0.3354775754619108,-0.694548652506796,-0.9640490264526441,-0.9660926751320393,1,2021-11-23
0.3491392514978806,0.3491392514978805,0.4465712092176302,0.4465712092176302,0.4465712092176302,0.4465712092176302,0.928316249085049,0.928316249085049,-0.5966537398390945,-0.5966537398390945,-0.5966537398390946,-0.00049612478611147,-0.000496124786111486,-0.621346561880987,-0.6213465618809869,-0.7137712880536509,-0.7137712880536509,-0.26100353245516306,-0.26100353245516306,-0.2533723166886974,-0.2533723166886973,0.1357828884882123,0.6603836237898931,0.6603836237898931,0.6603836237898931,0.6603836237898931,-0.5966537398390945,-0.31977063540430195,-0.3197706354043019,-0.5966537398390945,-0.5966537398390946,-0.694548652506796,-0.694548652506796,-0.3991168347019628,-0.39911683470196285,-0.39911683470196285,-0.3991168347019628,-0.3991168347019628,-0.7137712880536509,-0.7137712880536509,0.39911683470196363,0.3991168347019628,-0.39911683470196285,-0.39911683470196285,-0.3991168347019628,-0.06996517818140503,-0.06996517818140502,-0.694548652506796,-0.9640490264526441,-0.9660926751320393,0,2021-11-24
0.0709122992092368,0.07091229920923685,0.10939486322919416,0.10939486322919413,0.10939486322919406,0.10939486322919416,0.928316249085049,0.928316249085049,-0.5966537398390945,-0.5966537398390945,-0.5966537398390946,-0.00049612478611147,-0.000496124786111486,-0.4227300326805454,-0.4227300326805452,-0.7137712880536509,-0.7137712880536509,-0.26100353245516306,-0.26100353245516306,-0.2533723166886974,-0.2533723166886973,-0.2364418965607488,-0.40083351710296133,-0.40083351710296133,-0.4008335171029614,-0.4008335171029614,-0.5966537398390945,-0.31977063540430195,-0.3197706354043019,-0.5966537398390945,-0.5966537398390946,-0.694548652506796,-0.694548652506796,-0.3991168347019628,-0.39911683470196285,-0.39911683470196285,-0.3991168347019628,-0.3991168347019628,-0.7137712880536509,-0.7137712880536509,0.39911683470196363,0.3991168347019628,-0.39911683470196285,-0.39911683470196285,-0.3991168347019628,-0.3323914307518355,-0.33239143075183547,-0.694548652506796,-0.9640490264526441,-0.9660926751320393,1,2021-11-26
-0.21027264593617534,-0.2102726459361753,0.048149319829943964,0.048149319829943936,0.04814931982994409,0.04814931982994407,0.928316249085049,0.928316249085049,-0.5966537398390945,-0.5966537398390945,-0.5966537398390946,-0.00049612478611147,-0.000496124786111486,-0.5042774230789389,-0.5042774230789387,-0.7137712880536509,-0.7137712880536509,-0.26100353245516306,-0.26100353245516306,-0.2533723166886974,-0.2533723166886973,-0.058675746462970094,-0.40083351710296133,-0.40083351710296133,-0.4008335171029614,-0.4008335171029614,-0.5966537398390945,-0.31977063540430195,-0.3197706354043019,-0.5966537398390945,-0.5966537398390946,-0.694548652506796,-0.694548652506796,-0.3991168347019628,-0.39911683470196285,-0.39911683470196285,-0.3991168347019628,-0.3991168347019628,-0.7137712880536509,-0.7137712880536509,0.39911683470196363,0.3991168347019628,-0.39911683470196285,-0.39911683470196285,-0.3991168347019628,-0.4023084243935072,-0.4023084243935072,-0.694548652506796,-0.9640490264526441,-0.9660926751320393,0,2021-11-29
-0.8685809734501029,-0.8685809734501027,-0.4438689198506247,-0.44386891985062477,-0.44386891985062465,-0.44386891985062477,-1.0772191060811471,-1.0772191060811471,1.7625917819099859,1.7625917819099859,1.7625917819099859,1.490662117001305,1.4906621170013052,-0.12264502434384847,-0.12264502434384833,-0.7137712880536509,-0.7137712880536509,-0.26100353245516306,-0.26100353245516306,-0.2533723166886974,-0.2533723166886973,-0.6225704705154854,-0.40083351710296133,-0.40083351710296133,-0.4008335171029614,-0.4008335171029614,-0.5966537398390945,-0.31977063540430195,-0.3197706354043019,-0.5966537398390945,-0.5966537398390946,2.0931721745815417,2.0931721745815413,3.163756327230566,-0.39911683470196285,-0.39911683470196285,-0.3991168347019628,-0.3991168347019628,-0.7137712880536509,-0.7137712880536509,-3.1637563272305655,-3.163756327230567,3.163756327230566,3.163756327230566,3.163756327230566,-0.8192095338978306,-0.8192095338978307,2.0931721745815413,1.2811846271150231,1.2254122879306393,0,2021-11-30
-1.1847520701157193,-1.1847520701157193,-1.188667568504058,-1.188667568504058,-1.1886675685040577,-1.1886675685040582,-1.0772191060811471,-1.0772191060811471,-0.5966537398390945,-0.5966537398390945,-0.5966537398390946,-1.4916543665735282,-1.491654366573528,0.12368058750728006,0.1236805875072802,1.3671133461409346,1.3671133461409346,-0.26100353245516306,-0.26100353245516306,-0.2533723166886974,-0.2533723166886973,-1.1762310812457122,-0.40083351710296133,-0.40083351710296133,-0.4008335171029614,-0.4008335171029614,1.7625917819099859,-0.31977063540430195,-0.3197706354043019,1.7625917819099859,1.762591781909986,-0.694548652506796,-0.694548652506796,-0.3991168347019628,3.163756327230566,3.163756327230566,3.1637563272305655,3.1637563272305655,1.3671133461409348,1.3671133461409346,0.39911683470196363,0.3991168347019628,-0.39911683470196285,-0.39911683470196285,-0.3991168347019628,-1.281790118988657,-1.2817901189886571,-0.694548652506796,-0.9640490264526441,-0.9660926751320393,0,2021-12-01
-1.125760578373441,-1.1257605783734408,-1.6020424001315627,-1.6020424001315627,-1.6020424001315627,-1.602042400131563,-1.0772191060811471,-1.0772191060811471,0.9761766079936257,0.9761766079936257,0.9761766079936258,0.46524621319998444,0.4652462131999845,-0.02071913172317246,-0.02071913172317235,-0.7137712880536509,-0.7137712880536509,-0.26100353245516306,-0.26100353245516306,-0.2533723166886974,-0.2533723166886973,-1.1433227435146334,3.1370572906544045,3.1370572906544045,3.1370572906544045,3.1370572906544045,-0.5966537398390945,-0.31977063540430195,-0.3197706354043019,-0.5966537398390945,-0.5966537398390946,0.1761568026730258,0.17615680267302583,-0.04237603444058102,-0.39911683470196285,-0.39911683470196285,-0.3991168347019628,-0.3991168347019628,-0.7137712880536509,-0.7137712880536509,0.04237603444058254,0.04237603444058178,-0.042376034440580974,-0.042376034440580974,-0.04237603444058102,-1.4472251388098238,-1.4472251388098238,0.17615680267302583,1.2264228306865435,1.2254122879306393,0,2021-12-02
-1.1811678695226333,-1.1811678695226335,-1.8920945497779047,-1.8920945497779047,-1.8920945497779047,-1.8920945497779051,-1.0772191060811471,-1.0772191060811471,-0.5966537398390945,-0.5966537398390945,-0.5966537398390946,-0.4662384627722075,-0.46623846277220754,-0.021569244012156878,-0.021569244012156777,-0.0638361923340821,-0.06383619233408216,-0.26100353245516306,-0.26100353245516306,-0.2533723166886974,-0.2533723166886973,-1.237841176236187,-0.40083351710296133,-0.40083351710296133,-0.4008335171029614,-0.4008335171029614,0.9761766079936257,-0.31977063540430195,-0.3197706354043019,0.9761766079936257,0.9761766079936257,-0.694548652506796,-0.694548652506796,-0.3991168347019628,-0.04237603444058108,-0.04237603444058108,-0.042376034440580974,-0.042376034440580974,-0.06383619233408212,-0.06383619233408216,0.39911683470196363,0.3991168347019628,-0.39911683470196285,-0.39911683470196285,-0.3991168347019628,-1.279802537819042,-1.279802537819042,-0.694548652506796,-0.9640490264526441,-0.9660926751320393,1,2021-12-03
-1.0156582051287668,-1.0156582051287666,-1.6066881981838559,-1.6066881981838559,-1.6066881981838557,-1.606688198183856,-1.0772191060811471,-1.0772191060811471,-0.5966537398390945,-0.5966537398390945,-0.5966537398390946,1.1255603802607044,1.1255603802607042,0.38781861535763407,0.3878186153576342,-0.7137712880536509,-0.7137712880536509,-0.26100353245516306,-0.26100353245516306,-0.2533723166886974,-0.2533723166886973,-0.7175332513854781,-0.04659413202415848,-0.04659413202415848,-0.046594132024158456,-0.046594132024158456,-0.5966537398390945,-0.31977063540430195,-0.3197706354043019,-0.5966537398390945,-0.5966537398390946,0.3580328521343571,0.35803285213435715,-0.3991168347019628,-0.39911683470196285,-0.39911683470196285,-0.3991168347019628,-0.3991168347019628,-0.7137712880536509,-0.7137712880536509,0.39911683470196363,0.3991168347019628,-0.39911683470196285,-0.39911683470196285,-0.3991168347019628,-0.9877305338756456,-0.9877305338756457,0.35803285213435715,0.13118690211694967,0.1296598063993,1,2021-12-06
-0.7201681795373586,-0.7201681795373583,-1.171913428450352,-1.171913428450352,-1.1719134284503518,-1.171913428450352,-1.0772191060811471,-1.0772191060811471,-0.5966537398390945,-0.5966537398390945,-0.5966537398390946,-1.126552629832927,-1.126552629832927,0.23400733081418204,0.23400733081418215,0.8576204079598082,0.8576204079598081,-0.26100353245516306,-0.26100353245516306,-0.2533723166886974,-0.2533723166886973,-0.4720142842790002,-0.40083351710296133,-0.40083351710296133,-0.4008335171029614,-0.4008335171029614,-0.5966537398390945,-0.31977063540430195,-0.3197706354043019,-0.5966537398390945,-0.5966537398390946,-0.694548652506796,-0.694548652506796,-0.3991168347019628,-0.39911683470196285,-0.39911683470196285,-0.3991168347019628,-0.3991168347019628,0.8576204079598081,0.8576204079598081,0.39911683470196363,0.3991168347019628,-0.39911683470196285,-0.39911683470196285,-0.3991168347019628,-0.16003333644597387,-0.16003333644597384,-0.694548652506796,-0.9640490264526441,-0.9660926751320393,1,2021-12-07
-0.3400345683653563,-0.3400345683653562,-0.5714393269163299,-0.57143932691633,-0.5714393269163298,-0.57143932691633,-1.0772191060811471,-1.0772191060811471,-0.5966537398390945,-0.5966537398390945,-0.5966537398390946,1.1255603802607044,1.1255603802607042,-0.3607653347388865,-0.3607653347388864,-0.7137712880536509,-0.7137712880536509,-0.26100353245516306,-0.26100353245516306,-0.2533723166886974,-0.2533723166886973,-0.127623279630793,-0.40083351710296133,-0.40083351710296133,-0.4008335171029614,-0.4008335171029614,-0.5966537398390945,-0.31977063540430195,-0.3197706354043019,-0.5966537398390945,-0.5966537398390946,1.4106143567755105,1.4106143567755103,-0.3991168347019628,-0.39911683470196285,-0.39911683470196285,-0.3991168347019628,-0.3991168347019628,-0.7137712880536509,-0.7137712880536509,0.39911683470196363,0.3991168347019628,-0.39911683470196285,-0.39911683470196285,-0.3991168347019628,0.8921157270810598,0.8921157270810598,1.4106143567755103,1.2264228306865435,1.2254122879306393,0,2021-12-08
-0.4887491485668407,-0.4887491485668407,-0.17610025632389203,-0.17610025632389206,-0.17610025632389192,-0.17610025632389198,-1.0772191060811471,-1.0772191060811471,-0.5966537398390945,-0.5966537398390945,-0.5966537398390946,-0.00049612478611147,-0.000496124786111486,-0.3446787489024009,-0.3446787489024008,0.8576204079598082,0.8576204079598081,-0.26100353245516306,-0.26100353245516306,-0.2533723166886974,-0.2533723166886973,-0.16422055218547696,-0.40083351710296133,-0.40083351710296133,-0.4008335171029614,-0.4008335171029614,-0.5966537398390945,-0.31977063540430195,-0.3197706354043019,-0.5966537398390945,-0.5966537398390946,0.3580328521343571,0.35803285213435715,-0.3991168347019628,-0.39911683470196285,-0.39911683470196285,-0.3991168347019628,-0.3991168347019628,0.8576204079598081,0.8576204079598081,0.39911683470196363,0.3991168347019628,-0.39911683470196285,-0.39911683470196285,-0.3991168347019628,0.8668691044532383,0.8668691044532383,0.35803285213435715,0.18594869854542936,0.1296598063993,0,2021-12-09
-0.22984628696177736,-0.22984628696177736,0.09227283375616555,0.09227283375616552,0.09227283375616552,0.09227283375616549,0.928316249085049,0.928316249085049,0.9761766079936257,0.9761766079936257,0.9761766079936258,0.0850483862725592,0.0850483862725592,-0.5168410852067918,-0.5168410852067917,0.8576204079598082,0.8576204079598081,-0.26100353245516306,-0.26100353245516306,3.946761086881632,3.9467610868816316,-0.17155201624458194,-0.40083351710296133,-0.40083351710296133,-0.4008335171029614,-0.4008335171029614,-0.5966537398390945,-0.31977063540430195,-0.3197706354043019,-0.5966537398390945,-0.5966537398390946,1.5705398485432327,1.5705398485432327,4.232467114454282,-0.39911683470196285,-0.39911683470196285,-0.3991168347019628,-0.3991168347019628,0.8576204079598081,0.8576204079598081,-4.232467114454281,-4.232467114454281,4.232467114454281,4.232467114454281,4.232467114454282,1.04992858436618,1.04992858436618,1.5705398485432327,1.2811846271150231,1.2254122879306393,1,2021-12-10
-0.23388127239501613,-0.23388127239501613,0.4246537968701092,0.4246537968701092,0.4246537968701092,0.4246537968701091,0.928316249085049,0.928316249085049,0.9761766079936257,0.9761766079936257,0.9761766079936258,1.210545776868011,1.210545776868011,-0.7987952867737379,-0.7987952867737378,0.976996241867484,0.9769962418674841,-0.26100353245516306,-0.26100353245516306,-0.2533723166886974,-0.2533723166886973,0.04670826005956237,-0.40083351710296133,-0.40083351710296133,-0.4008335171029614,-0.4008335171029614,0.9761766079936257,-0.31977063540430195,-0.3197706354043019,0.9761766079936257,0.9761766079936257,1.5700172162171944,1.5700172162171946,-0.3991168347019628,4.232467114454282,4.232467114454282,4.232467114454281,4.232467114454281,0.9769962418674841,0.9769962418674841,0.39911683470196363,0.3991168347019628,-0.39911683470196285,-0.39911683470196285,-0.3991168347019628,0.710399311409594,0.710399311409594,1.5700172162171946,0.18594869854542936,0.1296598063993,0,2021-12-13
0.2090499366253334,0.20904993662533336,0.5984428614667051,0.598442861466705,0.5984428614667051,0.5984428614667052,0.928316249085049,0.928316249085049,-0.5966537398390945,-0.5966537398390945,-0.5966537398390946,-2.4231390425457207,-2.42313904254572,-0.7583050221251182,-0.7583050221251181,2.666983537580072,2.666983537580072,-0.26100353245516306,-0.26100353245516306,-0.2533723166886974,-0.2533723166886973,0.04445693311358652,4.19827443154726,4.19827443154726,4.198274431547259,4.198274431547259,0.9761766079936257,-0.31977063540430195,-0.3197706354043019,0.9761766079936257,0.9761766079936257,-0.694548652506796,-0.694548652506796,-0.3991168347019628,-0.39911683470196285,-0.39911683470196285,-0.3991168347019628,-0.3991168347019628,2.6669835375800726,2.666983537580072,0.39911683470196363,0.3991168347019628,-0.39911683470196285,-0.39911683470196285,-0.3991168347019628,0.4308319292401146,0.4308319292401146,-0.694548652506796,-0.9640490264526441,-0.9660926751320393,1,2021-12-14
1.0184067668554413,1.0184067668554413,0.9469554298515198,0.9469554298515197,0.9469554298515197,0.9469554298515198,0.928316249085049,0.928316249085049,-0.5966537398390945,-0.5966537398390945,-0.5966537398390946,-0.00049612478611147,-0.000496124786111486,-0.7639485740783634,-0.7639485740783631,-0.7137712880536509,-0.7137712880536509,-0.26100353245516306,-0.26100353245516306,-0.2533723166886974,-0.2533723166886973,0.3898138660119975,-0.40083351710296133,-0.40083351710296133,-0.4008335171029614,-0.4008335171029614,-0.5966537398390945,-0.31977063540430195,-0.3197706354043019,-0.5966537398390945,-0.5966537398390946,-0.694548652506796,-0.694548652506796,-0.3991168347019628,-0.39911683470196285,-0.39911683470196285,-0.3991168347019628,-0.3991168347019628,-0.7137712880536509,-0.7137712880536509,0.39911683470196363,0.3991168347019628,-0.39911683470196285,-0.39911683470196285,-0.3991168347019628,0.42659036615753265,0.4265903661575326,-0.694548652506796,0.07642510568846998,0.1296598063993,0,2021-12-15
0.7799582232846349,0.7799582232846348,0.902496700224989,0.9024967002249887,0.9024967002249888,0.9024967002249888,0.928316249085049,0.928316249085049,-0.5966537398390945,-0.5966537398390945,-0.5966537398390946,-0.00049612478611147,-0.000496124786111486,-0.4877617544147854,-0.48776175441478536,-0.7137712880536509,-0.7137712880536509,-0.26100353245516306,-0.26100353245516306,-0.2533723166886974,-0.2533723166886973,0.11033746205905913,-0.40083351710296133,-0.40083351710296133,-0.4008335171029614,-0.4008335171029614,-0.5966537398390945,-0.31977063540430195,-0.3197706354043019,-0.5966537398390945,-0.5966537398390946,-0.694548652506796,-0.694548652506796,-0.3991168347019628,-0.39911683470196285,-0.39911683470196285,-0.3991168347019628,-0.3991168347019628,-0.7137712880536509,-0.7137712880536509,0.39911683470196363,0.3991168347019628,-0.39911683470196285,-0.39911683470196285,-0.3991168347019628,0.15080420456264368,0.15080420456264368,-0.694548652506796,-0.9640490264526441,-0.9660926751320393,0,2021-12-16
0.8804604915904202,0.8804604915904202,0.7974522709210686,0.7974522709210685,0.7974522709210685,0.7974522709210686,0.928316249085049,0.928316249085049,-0.5966537398390945,-0.5966537398390945,-0.5966537398390946,1.1255603802607044,1.1255603802607042,-0.4757507111612272,-0.47575071116122714,-0.7137712880536509,-0.7137712880536509,-0.26100353245516306,-0.26100353245516306,-0.2533723166886974,-0.2533723166886973,0.07302395760406533,-0.40083351710296133,-0.40083351710296133,-0.4008335171029614,-0.4008335171029614,-0.5966537398390945,-0.31977063540430195,-0.3197706354043019,-0.5966537398390945,-0.5966537398390946,0.3580328521343571,0.35803285213435715,-0.3991168347019628,-0.39911683470196285,-0.39911683470196285,-0.3991168347019628,-0.3991168347019628,-0.7137712880536509,-0.7137712880536509,0.39911683470196363,0.3991168347019628,-0.39911683470196285,-0.39911683470196285,-0.3991168347019628,0.1030081550590717,0.10300815505907161,0.35803285213435715,0.18594869854542936,0.1296598063993,0,2021-12-17
0.1551464768055208,0.15514647680552068,0.42067253086302736,0.42067253086302736,0.42067253086302736,0.4206725308630274,0.928316249085049,0.928316249085049,-0.5966537398390945,-0.5966537398390945,-0.5966537398390946,-1.126552629832927,-1.126552629832927,-0.3550014482971348,-0.3550014482971347,0.8576204079598082,0.8576204079598081,-0.26100353245516306,-0.26100353245516306,-0.2533723166886974,-0.2533723166886973,-0.2457030827671512,-0.40083351710296133,-0.40083351710296133,-0.4008335171029614,-0.4008335171029614,-0.5966537398390945,-0.31977063540430195,-0.3197706354043019,-0.5966537398390945,-0.5966537398390946,-0.694548652506796,-0.694548652506796,-0.3991168347019628,-0.39911683470196285,-0.39911683470196285,-0.3991168347019628,-0.3991168347019628,0.8576204079598081,0.8576204079598081,0.39911683470196363,0.3991168347019628,-0.39911683470196285,-0.39911683470196285,-0.3991168347019628,-0.492919351611501,-0.4929193516115011,-0.694548652506796,-0.9640490264526441,-0.9660926751320393,1,2021-12-20
0.2848045897983676,0.28480458979836754,0.45342501798403034,0.45342501798403034,0.4534250179840303,0.45342501798403034,0.928316249085049,0.928316249085049,-0.5966537398390945,-0.5966537398390945,-0.5966537398390946,-0.00049612478611147,-0.000496124786111486,-0.07489422532357994,-0.0748942253235798,-0.7137712880536509,-0.7137712880536509,-0.26100353245516306,-0.26100353245516306,-0.2533723166886974,-0.2533723166886973,0.14952343170841242,-0.40083351710296133,-0.40083351710296133,-0.4008335171029614,-0.4008335171029614,-0.5966537398390945,-0.31977063540430195,-0.3197706354043019,-0.5966537398390945,-0.5966537398390946,-0.694548652506796,-0.694548652506796,-0.3991168347019628,-0.39911683470196285,-0.39911683470196285,-0.3991168347019628,-0.3991168347019628,-0.7137712880536509,-0.7137712880536509,0.39911683470196363,0.3991168347019628,-0.39911683470196285,-0.39911683470196285,-0.3991168347019628,-0.06196235342046018,-0.06196235342046016,-0.694548652506796,-0.9640490264526441,-0.9660926751320393,0,2021-12-21
-0.11893837318468757,-0.11893837318468754,0.3296330529954006,0.3296330529954006,0.3296330529954006,0.3296330529954006,0.928316249085049,0.928316249085049,-0.5966537398390945,-0.5966537398390945,-0.5966537398390946,0.5586183265777493,0.5586183265777493,-0.2794774607675426,-0.27947746076754243,-0.7137712880536509,-0.7137712880536509,-0.26100353245516306,-0.26100353245516306,-0.2533723166886974,-0.2533723166886973,0.001311203230825597,-0.40083351710296133,-0.40083351710296133,-0.4008335171029614,-0.4008335171029614,-0.5966537398390945,-0.31977063540430195,-0.3197706354043019,-0.5966537398390945,-0.5966537398390946,-0.17191632646848753,-0.17191632646848753,-0.3991168347019628,-0.39911683470196285,-0.39911683470196285,-0.3991168347019628,-0.3991168347019628,-0.7137712880536509,-0.7137712880536509,0.39911683470196363,0.3991168347019628,-0.39911683470196285,-0.39911683470196285,-0.3991168347019628,-0.5806746696635384,-0.5806746696635384,-0.17191632646848753,0.13118690211694967,0.1296598063993,1,2021-12-22
0.07111296158455395,0.07111296158455398,0.39378952373927983,0.39378952373927983,0.3937895237392798,0.39378952373927983,0.928316249085049,0.928316249085049,-0.5966537398390945,-0.5966537398390945,-0.5966537398390946,-0.5596105761499722,-0.5596105761499723,-0.2698098320776724,-0.2698098320776723,0.06646292049325045,0.0664629204932504,-0.26100353245516306,-0.26100353245516306,-0.2533723166886974,-0.2533723166886973,0.22281095011666413,-0.40083351710296133,-0.40083351710296133,-0.4008335171029614,-0.4008335171029614,-0.5966537398390945,-0.31977063540430195,-0.3197706354043019,-0.5966537398390945,-0.5966537398390946,-0.694548652506796,-0.694548652506796,-0.3991168347019628,-0.39911683470196285,-0.39911683470196285,-0.3991168347019628,-0.3991168347019628,0.0664629204932504,0.0664629204932504,0.39911683470196363,0.3991168347019628,-0.39911683470196285,-0.39911683470196285,-0.3991168347019628,-0.0674729608941227,-0.06747296089412264,-0.694548652506796,-0.9640490264526441,-0.9660926751320393,1,2021-12-23
0.44964296268640774,0.44964296268640763,0.7733501414399909,0.7733501414399909,0.7733501414399909,0.7733501414399911,0.928316249085049,0.928316249085049,-0.5966537398390945,-0.5966537398390945,-0.5966537398390946,-0.00049612478611147,-0.000496124786111486,-0.031482364837319296,-0.03148236483731913,-0.7137712880536509,-0.7137712880536509,-0.26100353245516306,-0.26100353245516306,-0.2533723166886974,-0.2533723166886973,0.6695639380663178,-0.40083351710296133,-0.40083351710296133,-0.4008335171029614,-0.4008335171029614,-0.5966537398390945,-0.31977063540430195,-0.3197706354043019,-0.5966537398390945,-0.5966537398390946,-0.694548652506796,-0.694548652506796,-0.3991168347019628,-0.39911683470196285,-0.39911683470196285,-0.3991168347019628,-0.3991168347019628,-0.7137712880536509,-0.7137712880536509,0.39911683470196363,0.3991168347019628,-0.39911683470196285,-0.39911683470196285,-0.3991168347019628,0.48029272914718396,0.48029272914718396,-0.694548652506796,-0.9640490264526441,-0.9660926751320393,1,2021-12-27
0.2823569896498745,0.28235698964987443,0.9709955347477186,0.9709955347477185,0.9709955347477185,0.9709955347477187,0.928316249085049,0.928316249085049,-0.5966537398390945,-0.5966537398390945,-0.5966537398390946,-0.00049612478611147,-0.000496124786111486,-0.4006903860009626,-0.40069038600096246,-0.7137712880536509,-0.7137712880536509,-0.26100353245516306,-0.26100353245516306,-0.2533723166886974,-0.2533723166886973,0.652560975258272,-0.40083351710296133,-0.40083351710296133,-0.4008335171029614,-0.4008335171029614,-0.5966537398390945,-0.31977063540430195,-0.3197706354043019,-0.5966537398390945,-0.5966537398390946,-0.694548652506796,-0.694548652506796,-0.3991168347019628,-0.39911683470196285,-0.39911683470196285,-0.3991168347019628,-0.3991168347019628,-0.7137712880536509,-0.7137712880536509,0.39911683470196363,0.3991168347019628,-0.39911683470196285,-0.39911683470196285,-0.3991168347019628,0.885389790542392,0.885389790542392,-0.694548652506796,0.13118690211694967,0.1296598063993,0,2021-12-28
0.1973175802647836,0.19731758026478358,0.9329763753324832,0.932976375332483,0.9329763753324829,0.9329763753324832,0.928316249085049,0.928316249085049,-0.5966537398390945,-0.5966537398390945,-0.5966537398390946,0.8420893534192267,0.8420893534192267,-0.39399313806162334,-0.3939931380616233,-0.7137712880536509,-0.7137712880536509,-0.26100353245516306,-0.26100353245516306,-0.2533723166886974,-0.2533723166886973,0.46836776587353574,-0.40083351710296133,-0.40083351710296133,-0.4008335171029614,-0.4008335171029614,-0.5966537398390945,-0.31977063540430195,-0.3197706354043019,-0.5966537398390945,-0.5966537398390946,0.8806651781726657,0.8806651781726657,0.6847100881260487,-0.39911683470196285,-0.39911683470196285,-0.3991168347019628,-0.3991168347019628,-0.7137712880536509,-0.7137712880536509,-0.6847100881260477,-0.6847100881260485,0.6847100881260487,0.6847100881260487,0.6847100881260487,0.3138987270557633,0.3138987270557633,0.8806651781726657,1.2264228306865435,1.2254122879306393,1,2021-12-29
-0.02558718397248057,-0.025587183972480523,0.9013645205507985,0.9013645205507984,0.9013645205507984,0.9013645205507985,0.928316249085049,0.928316249085049,-0.5966537398390945,-0.5966537398390945,-0.5966537398390946,0.28297490205536574,0.28297490205536535,-0.5244304503383307,-0.5244304503383306,0.46204166422652937,0.46204166422652926,2.514632952805818,2.5146329528058184,-0.2533723166886974,-0.2533723166886973,0.4539411679381016,-0.40083351710296133,-0.40083351710296133,-0.4008335171029614,-0.4008335171029614,-0.5966537398390945,-0.31977063540430195,-0.3197706354043019,-0.5966537398390945,-0.5966537398390946,0.3580328521343571,0.35803285213435715,-0.3991168347019628,0.6847100881260487,0.6847100881260487,0.6847100881260487,0.6847100881260487,0.46204166422652926,0.46204166422652926,0.39911683470196363,0.3991168347019628,-0.39911683470196285,-0.39911683470196285,-0.3991168347019628,0.5557719855168087,0.5557719855168087,0.35803285213435715,0.13118690211694967,0.1296598063993,0,2021-12-30
-0.06608655721622762,-0.06608655721622754,0.5636923618026805,0.5636923618026803,0.5636923618026803,0.5636923618026803,0.928316249085049,0.928316249085049,-0.5966537398390945,-0.5966537398390945,-0.5966537398390946,-1.126552629832927,-1.126552629832927,-0.2643598990221122,-0.26435989902211204,0.8576204079598082,0.8576204079598081,-0.26100353245516306,-0.26100353245516306,-0.2533723166886974,-0.2533723166886973,0.05223725345067137,0.6753937672254355,0.6753937672254355,0.6753937672254355,0.6753937672254355,-0.5966537398390945,-0.31977063540430195,-0.3197706354043019,-0.5966537398390945,-0.5966537398390946,-0.694548652506796,-0.694548652506796,-0.3991168347019628,-0.39911683470196285,-0.39911683470196285,-0.3991168347019628,-0.3991168347019628,0.8576204079598081,0.8576204079598081,0.39911683470196363,0.3991168347019628,-0.39911683470196285,-0.39911683470196285,-0.3991168347019628,-0.03264017507487836,-0.03264017507487827,-0.694548652506796,0.13118690211694967,0.1296598063993,1,2021-12-31
0.04614555888705232,0.046145558887052324,0.3854384240398864,0.3854384240398864,0.3854384240398864,0.3854384240398864,0.928316249085049,0.928316249085049,-0.5966537398390945,-0.5966537398390945,-0.5966537398390946,1.1255603802607044,1.1255603802607042,-0.7420941443170899,-0.7420941443170898,-0.7137712880536509,-0.7137712880536509,-0.26100353245516306,-0.26100353245516306,-0.2533723166886974,-0.2533723166886973,0.07737965610070202,-0.40083351710296133,-0.40083351710296133,-0.4008335171029614,-0.4008335171029614,-0.5966537398390945,-0.31977063540430195,-0.3197706354043019,-0.5966537398390945,-0.5966537398390946,0.3580328521343571,0.35803285213435715,-0.3991168347019628,-0.39911683470196285,-0.39911683470196285,-0.3991168347019628,-0.3991168347019628,-0.7137712880536509,-0.7137712880536509,0.39911683470196363,0.3991168347019628,-0.39911683470196285,-0.39911683470196285,-0.3991168347019628,-0.41771234870984814,-0.4177123487098482,0.35803285213435715,0.18594869854542936,0.1296598063993,0,2022-01-03
0.27075887104874896,0.2707588710487489,0.17760531352867695,0.17760531352867692,0.17760531352867687,0.17760531352867692,0.928316249085049,0.928316249085049,-0.5966537398390945,-0.5966537398390945,-0.5966537398390946,-0.00049612478611147,-0.000496124786111486,-0.7568461190891648,-0.7568461190891647,0.8576204079598082,0.8576204079598081,2.514632952805818,2.5146329528058184,-0.2533723166886974,-0.2533723166886973,-0.04849026068552223,-0.40083351710296133,-0.40083351710296133,-0.4008335171029614,-0.4008335171029614,-0.5966537398390945,-0.31977063540430195,-0.3197706354043019,-0.5966537398390945,-0.5966537398390946,0.3580328521343571,0.35803285213435715,-0.3991168347019628,-0.39911683470196285,-0.39911683470196285,-0.3991168347019628,-0.3991168347019628,0.8576204079598081,0.8576204079598081,0.39911683470196363,0.3991168347019628,-0.39911683470196285,-0.39911683470196285,-0.3991168347019628,-0.5075112635451869,-0.5075112635451869,0.35803285213435715,0.18594869854542936,0.1296598063993,0,2022-01-04
-0.4553774152542762,-0.45537741525427616,-0.37816072583709415,-0.37816072583709415,-0.3781607258370941,-0.37816072583709415,-1.0772191060811471,-1.0772191060811471,1.7625917819099859,1.7625917819099859,1.7625917819099859,1.2960902879266818,1.2960902879266816,-0.384848828959217,-0.38484882895921696,0.8576204079598082,0.8576204079598081,-0.26100353245516306,-0.26100353245516306,-0.2533723166886974,-0.2533723166886973,-0.5778732025300961,-0.40083351710296133,-0.40083351710296133,-0.4008335171029614,-0.4008335171029614,-0.5966537398390945,-0.31977063540430195,-0.3197706354043019,-0.5966537398390945,-0.5966537398390946,1.5700172162171944,1.5700172162171946,-0.3991168347019628,-0.39911683470196285,-0.39911683470196285,-0.3991168347019628,-0.3991168347019628,0.8576204079598081,0.8576204079598081,0.39911683470196363,0.3991168347019628,-0.39911683470196285,-0.39911683470196285,-0.3991168347019628,-0.9132791203744158,-0.9132791203744158,1.5700172162171946,0.18594869854542936,0.1296598063993,1,2022-01-05
-0.046218506679657885,-0.04621850667965784,-0.4440699158275866,-0.4440699158275866,-0.4440699158275865,-0.4440699158275867,-1.0772191060811471,-1.0772191060811471,-0.5966537398390945,-0.5966537398390945,-0.5966537398390946,-2.4231390425457207,-2.42313904254572,-0.05138160126969608,-0.05138160126969598,2.666983537580072,2.666983537580072,-0.26100353245516306,-0.26100353245516306,-0.2533723166886974,-0.2533723166886973,-0.22876752735887923,-0.40083351710296133,-0.40083351710296133,-0.4008335171029614,-0.4008335171029614,1.7625917819099859,-0.31977063540430195,-0.3197706354043019,1.7625917819099859,1.762591781909986,-0.694548652506796,-0.694548652506796,-0.3991168347019628,-0.39911683470196285,-0.39911683470196285,-0.3991168347019628,-0.3991168347019628,2.6669835375800726,2.666983537580072,0.39911683470196363,0.3991168347019628,-0.39911683470196285,-0.39911683470196285,-0.3991168347019628,-0.6071726479953964,-0.6071726479953964,-0.694548652506796,-0.9640490264526441,-0.9660926751320393,0,2022-01-06
-0.2318250100873619,-0.23182501008736192,-0.49272752023150534,-0.49272752023150523,-0.49272752023150523,-0.49272752023150523,-1.0772191060811471,-1.0772191060811471,0.9761766079936257,0.9761766079936257,0.9761766079936258,0.3724332142735836,0.3724332142735836,-0.15283058508862749,-0.15283058508862732,-0.7137712880536509,-0.7137712880536509,-0.26100353245516306,-0.26100353245516306,-0.2533723166886974,-0.2533723166886973,-0.2614446836324714,-0.40083351710296133,-0.40083351710296133,-0.4008335171029614,-0.4008335171029614,-0.5966537398390945,-0.31977063540430195,-0.3197706354043019,-0.5966537398390945,-0.5966537398390946,-0.3459528910392444,-0.3459528910392443,-0.3991168347019628,-0.39911683470196285,-0.39911683470196285,-0.3991168347019628,-0.3991168347019628,-0.7137712880536509,-0.7137712880536509,0.39911683470196363,0.3991168347019628,-0.39911683470196285,-0.39911683470196285,-0.3991168347019628,-0.2885685991914814,-0.2885685991914814,-0.3459528910392443,0.18594869854542936,0.1296598063993,0,2022-01-07
-0.7081828580859915,-0.7081828580859912,-0.6271021800740021,-0.6271021800740022,-0.6271021800740022,-0.6271021800740023,-1.0772191060811471,-1.0772191060811471,0.9761766079936257,0.9761766079936257,0.9761766079936258,0.3763470154331306,0.37634701543313065,-0.17438078909992885,-0.17438078909992874,-0.19335507095286766,-0.19335507095286777,-0.26100353245516306,-0.26100353245516306,-0.2533723166886974,-0.2533723166886973,-0.4163111348991265,-0.40083351710296133,-0.40083351710296133,-0.4008335171029614,-0.4008335171029614,0.9761766079936257,-0.31977063540430195,-0.3197706354043019,0.9761766079936257,0.9761766079936257,0.7071512459279472,0.7071512459279472,1.0414508883874305,-0.39911683470196285,-0.39911683470196285,-0.3991168347019628,-0.3991168347019628,-0.19335507095286772,-0.19335507095286777,-1.0414508883874305,-1.0414508883874296,1.0414508883874307,1.0414508883874307,1.0414508883874305,-0.5520999681532738,-0.5520999681532738,0.7071512459279472,1.2264228306865435,1.2254122879306393,1,2022-01-10
-0.5031532454908355,-0.5031532454908355,-0.47780578335360385,-0.47780578335360385,-0.4778057833536038,-0.47780578335360385,-1.0772191060811471,-1.0772191060811471,-0.5966537398390945,-0.5966537398390945,-0.5966537398390946,0.37578790098176673,0.3757879009817668,-0.021919138511379156,-0.021919138511379034,0.3325227856077437,0.3325227856077436,-0.26100353245516306,-0.26100353245516306,-0.2533723166886974,-0.2533723166886973,-0.14779339917427456,-0.40083351710296133,-0.40083351710296133,-0.4008335171029614,-0.4008335171029614,0.9761766079936257,-0.31977063540430195,-0.3197706354043019,0.9761766079936257,0.9761766079936257,0.3580328521343571,0.35803285213435715,-0.3991168347019628,1.0414508883874305,1.0414508883874305,1.0414508883874307,1.0414508883874307,0.3325227856077436,0.3325227856077436,0.39911683470196363,0.3991168347019628,-0.39911683470196285,-0.39911683470196285,-0.3991168347019628,-0.1802552475566048,-0.18025524755660474,0.35803285213435715,0.13118690211694967,0.1296598063993,0,2022-01-11
-0.43513716032211985,-0.4351371603221198,-0.4008055194467458,-0.40080551944674586,-0.40080551944674575,-0.40080551944674575,-1.0772191060811471,-1.0772191060811471,0.9761766079936257,0.9761766079936257,0.9761766079936258,-0.37678015055398983,-0.3767801505539898,-0.5361201211121488,-0.5361201211121486,0.8576204079598082,0.8576204079598081,-0.26100353245516306,-0.26100353245516306,-0.2533723166886974,-0.2533723166886973,-0.19404592696398787,1.0296331523042384,1.0296331523042384,1.0296331523042384,1.0296331523042384,-0.5966537398390945,-0.31977063540430195,-0.3197706354043019,-0.5966537398390945,-0.5966537398390946,0.7071512459279472,0.7071512459279472,1.0414508883874305,-0.39911683470196285,-0.39911683470196285,-0.3991168347019628,-0.3991168347019628,0.8576204079598081,0.8576204079598081,-1.0414508883874305,-1.0414508883874296,1.0414508883874307,1.0414508883874307,1.0414508883874305,0.34255725056138375,0.3425572505613837,0.7071512459279472,1.2811846271150231,1.2254122879306393,0,2022-01-12
-0.7037473437571123,-0.7037473437571121,-0.558468889465404,-0.5584688894654041,-0.558468889465404,-0.5584688894654041,-1.0772191060811471,-1.0772191060811471,0.9761766079936257,0.9761766079936257,0.9761766079936258,-0.28452626607895276,-0.2845262660789527,-0.6021847800869319,-0.6021847800869317,0.3325227856077437,0.3325227856077436,-0.26100353245516306,-0.26100353245516306,-0.2533723166886974,-0.2533723166886973,-0.45125406292412334,-0.40083351710296133,-0.40083351710296133,-0.4008335171029614,-0.4008335171029614,0.9761766079936257,-0.31977063540430195,-0.3197706354043019,0.9761766079936257,0.9761766079936257,0.1761568026730258,0.17615680267302583,-0.04237603444058102,1.0414508883874305,1.0414508883874305,1.0414508883874307,1.0414508883874307,0.3325227856077436,0.3325227856077436,0.04237603444058254,0.04237603444058178,-0.042376034440580974,-0.042376034440580974,-0.04237603444058102,-0.3557782577087079,-0.3557782577087079,0.17615680267302583,1.2811846271150231,1.2254122879306393,1,2022-01-13
-0.2651441044338332,-0.2651441044338332,-0.4531768555262278,-0.45317685552622783,-0.45317685552622766,-0.4531768555262278,-1.0772191060811471,-1.0772191060811471,-0.5966537398390945,-0.5966537398390945,-0.5966537398390946,0.659818042274608,0.659818042274608,-0.4551348903962007,-0.45513489039620064,-0.0638361923340821,-0.06383619233408216,-0.26100353245516306,-0.26100353245516306,-0.2533723166886974,-0.2533723166886973,-0.21356942638537899,1.0296331523042384,1.0296331523042384,1.0296331523042384,1.0296331523042384,0.9761766079936257,-0.31977063540430195,-0.3197706354043019,0.9761766079936257,0.9761766079936257,0.3580328521343571,0.35803285213435715,-0.3991168347019628,-0.04237603444058108,-0.04237603444058108,-0.042376034440580974,-0.042376034440580974,-0.06383619233408212,-0.06383619233408216,0.39911683470196363,0.3991168347019628,-0.39911683470196285,-0.39911683470196285,-0.3991168347019628,-0.0778480266615737,-0.07784802666157369,0.35803285213435715,0.13118690211694967,0.1296598063993,0,2022-01-14
-0.797912316806358,-0.7979123168063578,-0.8170300909209307,-0.8170300909209308,-0.8170300909209307,-0.8170300909209309,-1.0772191060811471,-1.0772191060811471,3.3354221297427062,3.3354221297427062,3.3354221297427067,-0.19450883940937128,-0.19450883940937116,0.010917114787088247,0.01091711478708836,0.8576204079598082,0.8576204079598081,-0.26100353245516306,-0.26100353245516306,-0.2533723166886974,-0.2533723166886973,-0.768885332179891,-0.04659413202415848,-0.04659413202415848,-0.046594132024158456,-0.046594132024158456,-0.5966537398390945,-0.31977063540430195,-0.3197706354043019,-0.5966537398390945,-0.5966537398390946,1.9191356100107837,1.9191356100107844,3.127477601780256,-0.39911683470196285,-0.39911683470196285,-0.3991168347019628,-0.3991168347019628,0.8576204079598081,0.8576204079598081,-3.127477601780256,-3.1274776017802575,3.127477601780256,3.127477601780256,3.127477601780256,-0.5416408075702687,-0.5416408075702686,1.9191356100107844,2.3764205556846165,2.321164769461979,1,2022-01-18
-0.6857784583479078,-0.6857784583479077,-0.9553279935784785,-0.9553279935784786,-0.9553279935784785,-0.9553279935784788,-1.0772191060811471,-1.0772191060811471,-0.5966537398390945,-0.5966537398390945,-0.5966537398390946,-0.9325399152096675,-0.9325399152096673,-0.15350170093254487,-0.15350170093254473,0.5868791375940333,0.5868791375940333,-0.26100353245516306,-0.26100353245516306,-0.2533723166886974,-0.2533723166886973,-0.6952371570039814,-0.40083351710296133,-0.40083351710296133,-0.4008335171029614,-0.4008335171029614,3.3354221297427062,-0.31977063540430195,-0.3197706354043019,3.3354221297427062,3.335422129742706,-0.694548652506796,-0.694548652506796,-0.3991168347019628,3.127477601780256,3.127477601780256,3.1274776017802557,3.1274776017802557,0.5868791375940334,0.5868791375940333,0.39911683470196363,0.3991168347019628,-0.39911683470196285,-0.39911683470196285,-0.3991168347019628,-0.753519518958095,-0.7535195189580949,-0.694548652506796,-0.9640490264526441,-0.9660926751320393,0,2022-01-19
-0.38127869480821713,-0.38127869480821713,-1.0896511229435086,-1.0896511229435086,-1.0896511229435082,-1.0896511229435089,-1.0772191060811471,-1.0772191060811471,0.9761766079936257,0.9761766079936257,0.9761766079936258,0.3724332142735836,0.3724332142735836,-0.16507379447467893,-0.16507379447467876,-0.7137712880536509,-0.7137712880536509,-0.26100353245516306,-0.26100353245516306,-0.2533723166886974,-0.2533723166886973,-0.7890834534411976,3.1010329464091027,3.1010329464091027,3.101032946409102,3.101032946409102,-0.5966537398390945,-0.31977063540430195,-0.3197706354043019,-0.5966537398390945,-0.5966537398390946,-0.3459528910392444,-0.3459528910392443,-0.3991168347019628,-0.39911683470196285,-0.39911683470196285,-0.3991168347019628,-0.3991168347019628,-0.7137712880536509,-0.7137712880536509,0.39911683470196363,0.3991168347019628,-0.39911683470196285,-0.39911683470196285,-0.3991168347019628,-0.8431600453001232,-0.8431600453001232,-0.3459528910392443,0.13118690211694967,0.1296598063993,0,2022-01-20
-1.1138568258946198,-1.1138568258946198,-1.5521748762991538,-1.5521748762991538,-1.5521748762991538,-1.552174876299154,-1.0772191060811471,-1.0772191060811471,0.9761766079936257,0.9761766079936257,0.9761766079936258,0.09231687414028933,0.0923168741402894,0.07506897976552354,0.0750689797655237,-0.19335507095286766,-0.19335507095286777,-0.26100353245516306,-0.26100353245516306,-0.2533723166886974,-0.2533723166886973,-1.3106035868499948,-0.40083351710296133,-0.40083351710296133,-0.4008335171029614,-0.4008335171029614,0.9761766079936257,-0.31977063540430195,-0.3197706354043019,0.9761766079936257,0.9761766079936257,0.1761568026730258,0.17615680267302583,-0.04237603444058102,-0.39911683470196285,-0.39911683470196285,-0.3991168347019628,-0.3991168347019628,-0.19335507095286772,-0.19335507095286777,0.04237603444058254,0.04237603444058178,-0.042376034440580974,-0.042376034440580974,-0.04237603444058102,-1.166125508757362,-1.1661255087573619,0.17615680267302583,1.2264228306865435,1.2254122879306393,1,2022-01-21
-0.9037062298774813,-0.9037062298774811,-1.571156596062446,-1.5711565960624463,-1.571156596062446,-1.5711565960624463,-1.0772191060811471,-1.0772191060811471,-0.5966537398390945,-0.5966537398390945,-0.5966537398390946,-0.4662384627722075,-0.46623846277220754,0.10273458020296548,0.10273458020296558,-0.0638361923340821,-0.06383619233408216,-0.26100353245516306,-0.26100353245516306,-0.2533723166886974,-0.2533723166886973,-1.0181481792022458,-0.40083351710296133,-0.40083351710296133,-0.4008335171029614,-0.4008335171029614,0.9761766079936257,-0.31977063540430195,-0.3197706354043019,0.9761766079936257,0.9761766079936257,-0.694548652506796,-0.694548652506796,-0.3991168347019628,-0.04237603444058108,-0.04237603444058108,-0.042376034440580974,-0.042376034440580974,-0.06383619233408212,-0.06383619233408216,0.39911683470196363,0.3991168347019628,-0.39911683470196285,-0.39911683470196285,-0.3991168347019628,-1.1429499535655627,-1.1429499535655627,-0.694548652506796,0.13118690211694967,0.1296598063993,0,2022-01-24
-1.0798833633742309,-1.0798833633742309,-1.7705689183037647,-1.7705689183037647,-1.7705689183037643,-1.770568918303765,-1.0772191060811471,-1.0772191060811471,-0.5966537398390945,-0.5966537398390945,-0.5966537398390946,-0.00049612478611147,-0.000496124786111486,-0.06101981801875622,-0.0610198180187561,-0.7137712880536509,-0.7137712880536509,-0.26100353245516306,-0.26100353245516306,-0.2533723166886974,-0.2533723166886973,-1.2975304297522219,-0.04659413202415848,-0.04659413202415848,-0.046594132024158456,-0.046594132024158456,-0.5966537398390945,-0.31977063540430195,-0.3197706354043019,-0.5966537398390945,-0.5966537398390946,-0.694548652506796,-0.694548652506796,-0.3991168347019628,-0.39911683470196285,-0.39911683470196285,-0.3991168347019628,-0.3991168347019628,-0.7137712880536509,-0.7137712880536509,0.39911683470196363,0.3991168347019628,-0.39911683470196285,-0.39911683470196285,-0.3991168347019628,-0.9412630926864168,-0.941263092686417,-0.694548652506796,-0.9640490264526441,-0.9660926751320393,0,2022-01-25
-1.4624256405915912,-1.4624256405915907,-1.968833860548539,-1.968833860548539,-1.9688338605485383,-1.9688338605485391,-1.0772191060811471,-1.0772191060811471,0.9761766079936257,0.9761766079936257,0.9761766079936258,0.46524621319998444,0.4652462131999845,-0.15309270467695765,-0.15309270467695751,-0.7137712880536509,-0.7137712880536509,-0.26100353245516306,-0.26100353245516306,-0.2533723166886974,-0.2533723166886973,-1.4363000263896382,-0.40083351710296133,-0.40083351710296133,-0.4008335171029614,-0.4008335171029614,-0.5966537398390945,-0.31977063540430195,-0.3197706354043019,-0.5966537398390945,-0.5966537398390946,0.1761568026730258,0.17615680267302583,-0.04237603444058102,-0.39911683470196285,-0.39911683470196285,-0.3991168347019628,-0.3991168347019628,-0.7137712880536509,-0.7137712880536509,0.04237603444058254,0.04237603444058178,-0.042376034440580974,-0.042376034440580974,-0.04237603444058102,-1.2678083854052589,-1.2678083854052589,0.17615680267302583,1.2264228306865435,1.2254122879306393,1,2022-01-26
-1.4288154903165267,-1.4288154903165262,-1.9699957353445898,-1.9699957353445898,-1.9699957353445896,-1.9699957353445898,-1.0772191060811471,-1.0772191060811471,-0.5966537398390945,-0.5966537398390945,-0.5966537398390946,0.09287598859165316,0.09287598859165326,-0.09388202838329225,-0.09388202838329207,-0.0638361923340821,-0.06383619233408216,-0.26100353245516306,-0.26100353245516306,-0.2533723166886974,-0.2533723166886973,-1.3389431419832099,-0.40083351710296133,-0.40083351710296133,-0.4008335171029614,-0.4008335171029614,0.9761766079936257,-0.31977063540430195,-0.3197706354043019,0.9761766079936257,0.9761766079936257,-0.17191632646848753,-0.17191632646848753,-0.3991168347019628,-0.04237603444058108,-0.04237603444058108,-0.042376034440580974,-0.042376034440580974,-0.06383619233408212,-0.06383619233408216,0.39911683470196363,0.3991168347019628,-0.39911683470196285,-0.39911683470196285,-0.3991168347019628,-1.1334515162015577,-1.1334515162015577,-0.17191632646848753,0.13118690211694967,0.1296598063993,1,2022-01-27
-0.9752092077402912,-0.9752092077402911,-1.611328923535293,-1.611328923535293,-1.6113289235352928,-1.611328923535293,-1.0772191060811471,-1.0772191060811471,-0.5966537398390945,-0.5966537398390945,-0.5966537398390946,-0.5596105761499722,-0.5596105761499723,-0.16500326107085295,-0.16500326107085278,0.06646292049325045,0.0664629204932504,-0.26100353245516306,-0.26100353245516306,-0.2533723166886974,-0.2533723166886973,-0.9369978792059726,-0.04659413202415848,-0.04659413202415848,-0.046594132024158456,-0.046594132024158456,-0.5966537398390945,-0.31977063540430195,-0.3197706354043019,-0.5966537398390945,-0.5966537398390946,-0.694548652506796,-0.694548652506796,-0.3991168347019628,-0.39911683470196285,-0.39911683470196285,-0.3991168347019628,-0.3991168347019628,0.0664629204932504,0.0664629204932504,0.39911683470196363,0.3991168347019628,-0.39911683470196285,-0.39911683470196285,-0.3991168347019628,-0.1559415432128807,-0.15594154321288067,-0.694548652506796,-0.9640490264526441,-0.9660926751320393,1,2022-01-28
-0.7517997569767667,-0.7517997569767666,-0.8952287816394859,-0.895228781639486,-0.895228781639486,-0.8952287816394862,-1.0772191060811471,-1.0772191060811471,-0.5966537398390945,-0.5966537398390945,-0.5966537398390946,-0.00049612478611147,-0.000496124786111486,0.13792955447317742,0.1379295544731775,-0.7137712880536509,-0.7137712880536509,-0.26100353245516306,-0.26100353245516306,-0.2533723166886974,-0.2533723166886973,-0.37167340423492834,-0.40083351710296133,-0.40083351710296133,-0.4008335171029614,-0.4008335171029614,-0.5966537398390945,-0.31977063540430195,-0.3197706354043019,-0.5966537398390945,-0.5966537398390946,-0.694548652506796,-0.694548652506796,-0.3991168347019628,-0.39911683470196285,-0.39911683470196285,-0.3991168347019628,-0.3991168347019628,-0.7137712880536509,-0.7137712880536509,0.39911683470196363,0.3991168347019628,-0.39911683470196285,-0.39911683470196285,-0.3991168347019628,0.14073947868284103,0.14073947868284098,-0.694548652506796,-0.9640490264526441,-0.9660926751320393,1,2022-01-31
-0.08488224321502102,-0.08488224321502101,-0.18141910678248852,-0.18141910678248854,-0.18141910678248854,-0.18141910678248843,-1.0772191060811471,-1.0772191060811471,-0.5966537398390945,-0.5966537398390945,-0.5966537398390946,-0.00049612478611147,-0.000496124786111486,-0.1882560706087269,-0.18825607060872673,-0.7137712880536509,-0.7137712880536509,-0.26100353245516306,-0.26100353245516306,-0.2533723166886974,-0.2533723166886973,-0.07109617559341191,-0.40083351710296133,-0.40083351710296133,-0.4008335171029614,-0.4008335171029614,-0.5966537398390945,-0.31977063540430195,-0.3197706354043019,-0.5966537398390945,-0.5966537398390946,-0.694548652506796,-0.694548652506796,-0.3991168347019628,-0.39911683470196285,-0.39911683470196285,-0.3991168347019628,-0.3991168347019628,-0.7137712880536509,-0.7137712880536509,0.39911683470196363,0.3991168347019628,-0.39911683470196285,-0.39911683470196285,-0.3991168347019628,0.8699526800369639,0.869952680036964,-0.694548652506796,-0.9640490264526441,-0.9660926751320393,1,2022-02-01
0.005784300881762173,0.005784300881762237,0.43675614636155935,0.43675614636155935,0.43675614636155935,0.43675614636155946,0.928316249085049,0.928316249085049,-0.5966537398390945,-0.5966537398390945,-0.5966537398390946,-0.00049612478611147,-0.000496124786111486,-0.6329171128505777,-0.6329171128505776,-0.7137712880536509,-0.7137712880536509,-0.26100353245516306,-0.26100353245516306,-0.2533723166886974,-0.2533723166886973,0.13926011055866758,-0.40083351710296133,-0.40083351710296133,-0.4008335171029614,-0.4008335171029614,-0.5966537398390945,-0.31977063540430195,-0.3197706354043019,-0.5966537398390945,-0.5966537398390946,-0.694548652506796,-0.694548652506796,-0.3991168347019628,-0.39911683470196285,-0.39911683470196285,-0.3991168347019628,-0.3991168347019628,-0.7137712880536509,-0.7137712880536509,0.39911683470196363,0.3991168347019628,-0.39911683470196285,-0.39911683470196285,-0.3991168347019628,1.3780369002016117,1.3780369002016117,-0.694548652506796,-0.9640490264526441,-0.9660926751320393,0,2022-02-02
-2.9369310661706787,-2.936931066170678,-1.968505815977334,-1.9685058159773334,-1.9685058159773337,-1.9685058159773334,-1.0772191060811471,-1.0772191060811471,-0.5966537398390945,-0.5966537398390945,-0.5966537398390946,1.1255603802607044,1.1255603802607042,5.8206269582301395,5.8206269582301395,-0.7137712880536509,-0.7137712880536509,-0.26100353245516306,-0.26100353245516306,-0.2533723166886974,-0.2533723166886973,-3.5465902193786394,-0.40083351710296133,-0.40083351710296133,-0.4008335171029614,-0.4008335171029614,-0.5966537398390945,2.3860425190751005,2.3860425190751005,-0.5966537398390945,-0.5966537398390946,0.3580328521343571,0.35803285213435715,-0.3991168347019628,-0.39911683470196285,-0.39911683470196285,-0.3991168347019628,-0.3991168347019628,-0.7137712880536509,-0.7137712880536509,0.39911683470196363,0.3991168347019628,-0.39911683470196285,-0.39911683470196285,-0.3991168347019628,-3.0118200141277964,-3.0118200141277964,0.35803285213435715,0.13118690211694967,0.1296598063993,0,2022-02-03
-2.585947469781479,-2.585947469781479,-3.361588728756806,-3.361588728756806,-3.361588728756806,-3.3615887287568063,-1.0772191060811471,-1.0772191060811471,-0.5966537398390945,-0.5966537398390945,-0.5966537398390946,-1.126552629832927,-1.126552629832927,5.680350211615782,5.680350211615781,0.8576204079598082,0.8576204079598081,-0.26100353245516306,-0.26100353245516306,-0.2533723166886974,-0.2533723166886973,-3.410149931557305,-0.40083351710296133,-0.40083351710296133,-0.4008335171029614,-0.4008335171029614,-0.5966537398390945,-0.31977063540430195,-0.3197706354043019,-0.5966537398390945,-0.5966537398390946,-0.694548652506796,-0.694548652506796,-0.3991168347019628,-0.39911683470196285,-0.39911683470196285,-0.3991168347019628,-0.3991168347019628,0.8576204079598081,0.8576204079598081,0.39911683470196363,0.3991168347019628,-0.39911683470196285,-0.39911683470196285,-0.3991168347019628,-3.3324026458836293,-3.3324026458836293,-0.694548652506796,-0.9640490264526441,-0.9660926751320393,0,2022-02-04
-3.192281059758981,-3.19228105975898,-4.417541896698073,-4.417541896698071,-4.417541896698073,-4.417541896698072,-1.0772191060811471,-1.0772191060811471,-0.5966537398390945,-0.5966537398390945,-0.5966537398390946,-0.00049612478611147,-0.000496124786111486,5.248366222308836,5.248366222308837,-0.7137712880536509,-0.7137712880536509,-0.26100353245516306,-0.26100353245516306,-0.2533723166886974,-0.2533723166886973,-3.790569667964507,-0.40083351710296133,-0.40083351710296133,-0.4008335171029614,-0.4008335171029614,-0.5966537398390945,-0.31977063540430195,-0.3197706354043019,-0.5966537398390945,-0.5966537398390946,-0.694548652506796,-0.694548652506796,-0.3991168347019628,-0.39911683470196285,-0.39911683470196285,-0.3991168347019628,-0.3991168347019628,-0.7137712880536509,-0.7137712880536509,0.39911683470196363,0.3991168347019628,-0.39911683470196285,-0.39911683470196285,-0.3991168347019628,-4.361896528743877,-4.361896528743878,-0.694548652506796,-0.9640490264526441,-0.9660926751320393,0,2022-02-07
-3.135391819564727,-3.1353918195647266,-4.952223383135127,-4.952223383135127,-4.952223383135127,-4.952223383135128,-1.0772191060811471,-1.0772191060811471,2.549006955826346,2.549006955826346,2.5490069558263464,0.6072612838464052,0.6072612838464052,4.962010788030852,4.962010788030853,-0.7137712880536509,-0.7137712880536509,-0.26100353245516306,-0.26100353245516306,-0.2533723166886974,-0.2533723166886973,-3.8255846664589748,-0.40083351710296133,-0.40083351710296133,-0.4008335171029614,-0.4008335171029614,-0.5966537398390945,1.1406161068594072,1.1406161068594076,-0.5966537398390945,-0.5966537398390946,1.5778567011077693,1.577856701107769,0.5652926168521115,-0.39911683470196285,-0.39911683470196285,-0.3991168347019628,-0.3991168347019628,-0.7137712880536509,-0.7137712880536509,-0.5652926168521103,-0.5652926168521112,0.5652926168521116,0.5652926168521116,0.5652926168521115,-4.782867316858962,-4.782867316858962,1.577856701107769,3.4716564842542104,3.4169172509933183,1,2022-02-08
-2.5248284574644493,-2.5248284574644493,-4.577539572129489,-4.577539572129489,-4.57753957212949,-4.577539572129491,-1.0772191060811471,-1.0772191060811471,-0.5966537398390945,-0.5966537398390945,-0.5966537398390946,-0.6082535334186281,-0.6082535334186282,5.426076591873594,5.426076591873593,0.1343432966368308,0.13434329663683078,-0.26100353245516306,-0.26100353245516306,-0.2533723166886974,-0.2533723166886973,-3.0641499304808386,-0.40083351710296133,-0.40083351710296133,-0.4008335171029614,-0.4008335171029614,2.549006955826346,-0.31977063540430195,-0.3197706354043019,2.549006955826346,2.549006955826346,-0.694548652506796,-0.694548652506796,-0.3991168347019628,0.5652926168521115,0.5652926168521115,0.5652926168521115,0.5652926168521115,0.13434329663683078,0.13434329663683078,0.39911683470196363,0.3991168347019628,-0.39911683470196285,-0.39911683470196285,-0.3991168347019628,-4.357340505902749,-4.357340505902748,-0.694548652506796,-0.9640490264526441,-0.9660926751320393,0,2022-02-09
-2.6763305127081574,-2.676330512708158,-4.159277301332525,-4.159277301332525,-4.159277301332524,-4.1592773013325255,-1.0772191060811471,-1.0772191060811471,2.549006955826346,2.549006955826346,2.5490069558263464,0.3724332142735836,0.3724332142735836,0.7450481285849532,0.7450481285849533,-0.7137712880536509,-0.7137712880536509,-0.26100353245516306,-0.26100353245516306,-0.2533723166886974,-0.2533723166886973,-3.0523588816806053,0.5568136340846498,0.5568136340846498,0.5568136340846498,0.5568136340846498,-0.5966537398390945,0.5763452404833651,0.5763452404833651,-0.5966537398390945,-0.5966537398390946,0.002642870428307339,0.002642870428307394,-0.3991168347019628,-0.39911683470196285,-0.39911683470196285,-0.3991168347019628,-0.3991168347019628,-0.7137712880536509,-0.7137712880536509,0.39911683470196363,0.3991168347019628,-0.39911683470196285,-0.39911683470196285,-0.3991168347019628,-0.7012155967354644,-0.7012155967354644,0.002642870428307394,1.2811846271150231,1.2254122879306393,0,2022-02-10
-3.202057241572314,-3.2020572415723136,-3.8769164875207474,-3.8769164875207474,-3.8769164875207474,-3.8769164875207487,-1.0772191060811471,-1.0772191060811471,0.9761766079936257,0.9761766079936257,0.9761766079936258,-0.00049612478611147,-0.000496124786111486,0.854787100686901,0.8547871006869011,-0.19335507095286766,-0.19335507095286777,-0.26100353245516306,-0.26100353245516306,-0.2533723166886974,-0.2533723166886973,-3.2690486841117066,-0.40083351710296133,-0.40083351710296133,-0.4008335171029614,-0.4008335171029614,2.549006955826346,0.5763452404833651,0.5763452404833651,2.549006955826346,2.549006955826346,-0.3459528910392444,-0.3459528910392443,-0.3991168347019628,-0.39911683470196285,-0.39911683470196285,-0.3991168347019628,-0.3991168347019628,-0.19335507095286772,-0.19335507095286777,0.39911683470196363,0.3991168347019628,-0.39911683470196285,-0.39911683470196285,-0.3991168347019628,-1.205307799969173,-1.205307799969173,-0.3459528910392443,0.13118690211694967,0.1296598063993,0,2022-02-11
-3.5731398625505224,-3.573139862550522,-3.4667673610753513,-3.466767361075353,-3.4667673610753518,-3.4667673610753535,-1.0772191060811471,-1.0772191060811471,-0.5966537398390945,-0.5966537398390945,-0.5966537398390946,-0.3734254638458066,-0.3734254638458066,0.5413791405451519,0.541379140545152,-0.19335507095286766,-0.19335507095286777,-0.26100353245516306,-0.26100353245516306,-0.2533723166886974,-0.2533723166886973,-3.135074924882999,-0.40083351710296133,-0.40083351710296133,-0.4008335171029614,-0.4008335171029614,0.9761766079936257,-0.31977063540430195,-0.3197706354043019,0.9761766079936257,0.9761766079936257,-0.694548652506796,-0.694548652506796,-0.3991168347019628,-0.39911683470196285,-0.39911683470196285,-0.3991168347019628,-0.3991168347019628,-0.19335507095286772,-0.19335507095286777,0.39911683470196363,0.3991168347019628,-0.39911683470196285,-0.39911683470196285,-0.3991168347019628,-0.5692512525767173,-0.5692512525767172,-0.694548652506796,-0.9640490264526441,-0.9660926751320393,1,2022-02-14
-3.5976233770330497,-3.5976233770330484,-2.821094748517141,-2.8210947485171394,-2.821094748517142,-2.82109474851714,-1.0772191060811471,-1.0772191060811471,0.9761766079936257,0.9761766079936257,0.9761766079936258,0.49935219473317993,0.49935219473318,0.5334903450058031,0.5334903450058033,-0.7137712880536509,-0.7137712880536509,-0.26100353245516306,-0.26100353245516306,-0.2533723166886974,-0.2533723166886973,-2.760281944445428,-0.40083351710296133,-0.40083351710296133,-0.4008335171029614,-0.4008335171029614,-0.5966537398390945,0.8813202087389878,0.881320208738988,-0.5966537398390945,-0.5966537398390946,0.7071512459279472,0.7071512459279472,1.1517986782987901,-0.39911683470196285,-0.39911683470196285,-0.3991168347019628,-0.3991168347019628,-0.7137712880536509,-0.7137712880536509,-1.1517986782987897,-1.1517986782987906,1.1517986782987903,1.1517986782987903,1.1517986782987901,-0.026371203369761745,-0.026371203369761665,0.7071512459279472,2.266896962827657,2.321164769461979,0,2022-02-15
-3.8514031259141346,-3.851403125914134,-2.310068143017198,-2.3100681430171996,-2.310068143017198,-2.3100681430172,-1.0772191060811471,-1.0772191060811471,-0.5966537398390945,-0.5966537398390945,-0.5966537398390946,0.05877000705845771,0.05877000705845775,-0.34793852928805924,-0.34793852928805913,-0.01624190561272113,-0.016241905612721232,-0.26100353245516306,-0.26100353245516306,-0.2533723166886974,-0.2533723166886973,-2.7746512135130614,-0.40083351710296133,-0.40083351710296133,-0.4008335171029614,-0.4008335171029614,0.9761766079936257,1.0237314273957987,1.0237314273957987,0.9761766079936257,0.9761766079936257,-0.17191632646848753,-0.17191632646848753,-0.3991168347019628,1.1517986782987901,1.1517986782987901,1.1517986782987901,1.1517986782987901,-0.016241905612721153,-0.016241905612721232,0.39911683470196363,0.3991168347019628,-0.39911683470196285,-0.39911683470196285,-0.3991168347019628,-1.0939079321748848,-1.0939079321748848,-0.17191632646848753,0.13118690211694967,0.1296598063993,0,2022-02-16
-1.5478689911364556,-1.5478689911364554,-2.0485020326297594,-2.0485020326297576,-2.0485020326297594,-2.0485020326297576,-1.0772191060811471,-1.0772191060811471,-0.5966537398390945,-0.5966537398390945,-0.5966537398390946,-0.5596105761499722,-0.5596105761499723,-0.14168558781197635,-0.14168558781197615,0.06646292049325045,0.0664629204932504,-0.26100353245516306,-0.26100353245516306,-0.2533723166886974,-0.2533723166886973,-3.0159166850417307,1.1392071993836985,1.1392071993836985,1.1392071993836985,1.1392071993836985,-0.5966537398390945,-0.31977063540430195,-0.3197706354043019,-0.5966537398390945,-0.5966537398390946,-0.694548652506796,-0.694548652506796,-0.3991168347019628,-0.39911683470196285,-0.39911683470196285,-0.3991168347019628,-0.3991168347019628,0.0664629204932504,0.0664629204932504,0.39911683470196363,0.3991168347019628,-0.39911683470196285,-0.39911683470196285,-0.3991168347019628,-1.43729392318522,-1.4372939231852202,-0.694548652506796,-0.9640490264526441,-0.9660926751320393,0,2022-02-17
-1.5939935809926515,-1.5939935809926515,-1.7133751647689819,-1.7133751647689819,-1.7133751647689814,-1.713375164768982,-1.0772191060811471,-1.0772191060811471,0.9761766079936257,0.9761766079936257,0.9761766079936258,2.4221467929734977,2.422146792973497,-0.27942562391250325,-0.2794256239125031,-0.7137712880536509,-0.7137712880536509,-0.26100353245516306,-0.26100353245516306,3.946761086881632,3.9467610868816316,-2.887097140591091,-0.40083351710296133,-0.40083351710296133,-0.4008335171029614,-0.4008335171029614,-0.5966537398390945,5.501623802708534,5.501623802708535,-0.5966537398390945,-0.5966537398390946,1.5700172162171944,1.5700172162171946,-0.3991168347019628,-0.39911683470196285,-0.39911683470196285,-0.3991168347019628,-0.3991168347019628,-0.7137712880536509,-0.7137712880536509,0.39911683470196363,0.3991168347019628,-0.39911683470196285,-0.39911683470196285,-0.3991168347019628,-1.0081913543033372,-1.0081913543033374,1.5700172162171946,0.18594869854542936,0.1296598063993,0,2022-02-18
-1.265829313732599,-1.2658293137325989,-1.428936030100207,-1.4289360301002072,-1.4289360301002065,-1.4289360301002072,-1.0772191060811471,-1.0772191060811471,0.9761766079936257,0.9761766079936257,0.9761766079936258,-2.2369539302415546,-2.2369539302415546,-0.2744664255569201,-0.27446642555691986,2.666983537580072,2.666983537580072,-0.26100353245516306,-0.26100353245516306,-0.2533723166886974,-0.2533723166886973,-2.8751143744378216,-0.40083351710296133,-0.40083351710296133,-0.4008335171029614,-0.4008335171029614,0.9761766079936257,0.1276155515081315,0.12761555150813164,0.9761766079936257,0.9761766079936257,-0.3464755233652827,-0.34647552336528253,0.3128531522603712,-0.39911683470196285,-0.39911683470196285,-0.3991168347019628,-0.3991168347019628,2.6669835375800726,2.666983537580072,-0.3128531522603708,-0.3128531522603716,0.31285315226037114,0.31285315226037114,0.3128531522603712,-1.1714683854544405,-1.1714683854544405,-0.34647552336528253,1.1716610342580638,1.2254122879306393,0,2022-02-22
-1.233914691971009,-1.2339146919710087,-1.1732099229940036,-1.1732099229940018,-1.1732099229940036,-1.173209922994002,-1.0772191060811471,-1.0772191060811471,-0.5966537398390945,-0.5966537398390945,-0.5966537398390946,-0.1866812370902772,-0.18668123709027712,-0.7469296815464241,-0.7469296815464239,-0.45395329660753264,-0.45395329660753275,-0.26100353245516306,-0.26100353245516306,-0.2533723166886974,-0.2533723166886973,-2.8480056572240033,-0.40083351710296133,-0.40083351710296133,-0.4008335171029614,-0.4008335171029614,0.9761766079936257,-0.31977063540430195,-0.3197706354043019,0.9761766079936257,0.9761766079936257,-0.694548652506796,-0.694548652506796,-0.3991168347019628,0.31285315226037114,0.31285315226037114,0.3128531522603711,0.3128531522603711,-0.4539532966075327,-0.45395329660753275,0.39911683470196363,0.3991168347019628,-0.39911683470196285,-0.39911683470196285,-0.3991168347019628,-1.6309702443911207,-1.6309702443911207,-0.694548652506796,-0.9640490264526441,-0.9660926751320393,1,2022-02-23
-1.3073756901704663,-1.3073756901704663,-0.526668016396939,-0.526668016396939,-0.5266680163969389,-0.5266680163969389,-1.0772191060811471,-1.0772191060811471,0.9761766079936257,0.9761766079936257,0.9761766079936258,1.211104891319375,1.211104891319375,0.40466658082714174,0.4046665808271419,-0.7137712880536509,-0.7137712880536509,-0.26100353245516306,-0.26100353245516306,-0.2533723166886974,-0.2533723166886973,-2.098461959805084,0.3061442387110902,0.3061442387110902,0.3061442387110902,0.3061442387110902,-0.5966537398390945,2.591598334683516,2.5915983346835163,-0.5966537398390945,-0.5966537398390946,1.5705398485432327,1.5705398485432327,4.232467114454282,-0.39911683470196285,-0.39911683470196285,-0.3991168347019628,-0.3991168347019628,-0.7137712880536509,-0.7137712880536509,-4.232467114454281,-4.232467114454281,4.232467114454281,4.232467114454281,4.232467114454282,-0.7092618596541349,-0.709261859654135,1.5705398485432327,1.2264228306865435,1.2254122879306393,1,2022-02-24
-0.9894445629075084,-0.9894445629075083,0.12620852209806696,0.12620852209806693,0.1262085220980669,0.12620852209806688,0.928316249085049,0.928316249085049,-0.5966537398390945,-0.5966537398390945,-0.5966537398390946,-0.6529826895277371,-0.652982689527737,0.12494456660903966,0.12494456660903976,0.976996241867484,0.9769962418674841,-0.26100353245516306,-0.26100353245516306,-0.2533723166886974,-0.2533723166886973,-1.707003039300123,-0.40083351710296133,-0.40083351710296133,-0.4008335171029614,-0.4008335171029614,0.9761766079936257,1.0237314273957987,1.0237314273957987,0.9761766079936257,0.9761766079936257,-0.17191632646848753,-0.17191632646848753,-0.3991168347019628,4.232467114454282,4.232467114454282,4.232467114454281,4.232467114454281,0.9769962418674841,0.9769962418674841,0.39911683470196363,0.3991168347019628,-0.39911683470196285,-0.39911683470196285,-0.3991168347019628,0.11945278644652312,0.1194527864465231,-0.17191632646848753,0.13118690211694967,0.1296598063993,1,2022-02-25
-0.5550703933007641,-0.555070393300764,0.671979343040764,0.6719793430407639,0.6719793430407638,0.671979343040764,0.928316249085049,0.928316249085049,-0.5966537398390945,-0.5966537398390945,-0.5966537398390946,-0.00049612478611147,-0.000496124786111486,0.09178184858854893,0.09178184858854904,0.06646292049325045,0.0664629204932504,-0.26100353245516306,-0.26100353245516306,-0.2533723166886974,-0.2533723166886973,-1.4261606742795947,4.19827443154726,4.19827443154726,4.198274431547259,4.198274431547259,-0.5966537398390945,1.0237314273957987,1.0237314273957987,-0.5966537398390945,-0.5966537398390946,-0.17191632646848753,-0.17191632646848753,-0.3991168347019628,-0.39911683470196285,-0.39911683470196285,-0.3991168347019628,-0.3991168347019628,0.0664629204932504,0.0664629204932504,0.39911683470196363,0.3991168347019628,-0.39911683470196285,-0.39911683470196285,-0.3991168347019628,0.2755214119906958,0.2755214119906958,-0.17191632646848753,0.13118690211694967,0.1296598063993,0,2022-02-28
-0.8550896293860615,-0.8550896293860613,0.8547924142330999,0.8547924142331016,0.8547924142330998,0.8547924142331018,0.928316249085049,0.928316249085049,2.549006955826346,2.549006955826346,2.5490069558263464,0.8381755522596797,0.8381755522596797,0.33148118988560515,0.3314811898856053,0.06646292049325045,0.0664629204932504,-0.26100353245516306,-0.26100353245516306,3.946761086881632,3.9467610868816316,-1.5873094650745088,-0.40083351710296133,-0.40083351710296133,-0.4008335171029614,-0.4008335171029614,-0.5966537398390945,3.0389845215959497,3.0389845215959497,-0.5966537398390945,-0.5966537398390946,1.9186129776847458,1.9186129776847463,3.5204971274919474,-0.39911683470196285,-0.39911683470196285,-0.3991168347019628,-0.3991168347019628,0.0664629204932504,0.0664629204932504,-3.5204971274919465,-3.520497127491948,3.5204971274919474,3.5204971274919474,3.5204971274919474,0.02298400877914769,0.022984008779147806,1.9186129776847463,1.2811846271150231,1.2254122879306393,1,2022-03-01
-0.7763354345828168,-0.7763354345828167,1.197765920279049,1.197765920279049,1.197765920279049,1.1977659202790492,0.928316249085049,0.928316249085049,0.9761766079936257,0.9761766079936257,0.9761766079936258,0.09287598859165316,0.09287598859165269,0.26664898812873106,0.26664898812873117,1.236814233313602,1.236814233313602,-0.26100353245516306,-0.26100353245516306,-0.2533723166886974,-0.2533723166886973,-0.9692995882808558,-0.40083351710296133,-0.40083351710296133,-0.4008335171029614,-0.4008335171029614,2.549006955826346,3.263349366083567,3.2633493660835664,2.549006955826346,2.549006955826346,2.0931721745815417,2.0931721745815413,3.163756327230566,3.5204971274919474,3.5204971274919474,3.520497127491947,3.520497127491947,1.2368142333136023,1.236814233313602,-3.1637563272305655,-3.163756327230567,3.163756327230566,3.163756327230566,3.163756327230566,0.6556534075574479,0.655653407557448,2.0931721745815413,1.2811846271150231,1.2254122879306393,0,2022-03-02
-0.8255498836560964,-0.8255498836560964,1.2999006581529342,1.2999006581529342,1.2999006581529342,1.2999006581529344,0.928316249085049,0.928316249085049,0.9761766079936257,0.9761766079936257,0.9761766079936258,-1.118725027513833,-1.118725027513833,-0.017678731298563708,-0.017678731298563545,1.3671133461409346,1.3671133461409346,-0.26100353245516306,-0.26100353245516306,-0.2533723166886974,-0.2533723166886973,-0.9364990662673648,3.491296675733207,3.491296675733207,3.491296675733207,3.491296675733207,0.9761766079936257,0.5763452404833651,0.5763452404833651,0.9761766079936257,0.9761766079936257,-0.3459528910392444,-0.3459528910392443,-0.3991168347019628,3.163756327230566,3.163756327230566,3.1637563272305655,3.1637563272305655,1.3671133461409348,1.3671133461409346,0.39911683470196363,0.3991168347019628,-0.39911683470196285,-0.39911683470196285,-0.3991168347019628,-0.42125144052687447,-0.4212514405268744,-0.3459528910392443,0.18594869854542936,0.1296598063993,0,2022-03-03
-0.5326676182751079,-0.5326676182751078,1.3159192056525608,1.3159192056525608,1.3159192056525608,1.3159192056525615,0.928316249085049,0.928316249085049,-0.5966537398390945,-0.5966537398390945,-0.5966537398390946,0.18568898751805404,0.18568898751805418,-0.13049262069848308,-0.13049262069848294,-0.19335507095286766,-0.19335507095286777,-0.26100353245516306,-0.26100353245516306,-0.2533723166886974,-0.2533723166886973,-1.0124248121337327,3.1370572906544045,3.1370572906544045,3.1370572906544045,3.1370572906544045,0.9761766079936257,-0.31977063540430195,-0.3197706354043019,0.9761766079936257,0.9761766079936257,-0.17191632646848753,-0.17191632646848753,-0.3991168347019628,-0.39911683470196285,-0.39911683470196285,-0.3991168347019628,-0.3991168347019628,-0.19335507095286772,-0.19335507095286777,0.39911683470196363,0.3991168347019628,-0.39911683470196285,-0.39911683470196285,-0.3991168347019628,-0.8339799965294206,-0.8339799965294205,-0.17191632646848753,0.13118690211694967,0.1296598063993,0,2022-03-04
-1.1428424469602438,-1.1428424469602438,0.9562348086217208,0.9562348086217207,0.9562348086217207,0.9562348086217208,0.928316249085049,0.928316249085049,-0.5966537398390945,-0.5966537398390945,-0.5966537398390946,-0.5596105761499722,-0.5596105761499723,0.33478652139333637,0.3347865213933365,0.06646292049325045,0.0664629204932504,-0.26100353245516306,-0.26100353245516306,-0.2533723166886974,-0.2533723166886973,-1.706878677235292,-0.40083351710296133,-0.40083351710296133,-0.4008335171029614,-0.4008335171029614,-0.5966537398390945,-0.31977063540430195,-0.3197706354043019,-0.5966537398390945,-0.5966537398390946,-0.694548652506796,-0.694548652506796,-0.3991168347019628,-0.39911683470196285,-0.39911683470196285,-0.3991168347019628,-0.3991168347019628,0.0664629204932504,0.0664629204932504,0.39911683470196363,0.3991168347019628,-0.39911683470196285,-0.39911683470196285,-0.3991168347019628,-1.7767229079552103,-1.7767229079552105,-0.694548652506796,-0.9640490264526441,-0.9660926751320393,1,2022-03-07
-0.7765334303425498,-0.7765334303425497,0.8836375878213886,0.8836375878213885,0.8836375878213885,0.8836375878213886,0.928316249085049,0.928316249085049,-0.5966537398390945,-0.5966537398390945,-0.5966537398390946,-0.00049612478611147,-0.000496124786111486,0.4999057787890307,0.4999057787890307,-0.7137712880536509,-0.7137712880536509,-0.26100353245516306,-0.26100353245516306,-0.2533723166886974,-0.2533723166886973,-1.4098402579979383,-0.40083351710296133,-0.40083351710296133,-0.4008335171029614,-0.4008335171029614,-0.5966537398390945,-0.31977063540430195,-0.3197706354043019,-0.5966537398390945,-0.5966537398390946,-0.694548652506796,-0.694548652506796,-0.3991168347019628,-0.39911683470196285,-0.39911683470196285,-0.3991168347019628,-0.3991168347019628,-0.7137712880536509,-0.7137712880536509,0.39911683470196363,0.3991168347019628,-0.39911683470196285,-0.39911683470196285,-0.3991168347019628,-1.067055697613243,-1.067055697613243,-0.694548652506796,-0.9640490264526441,-0.9660926751320393,1,2022-03-08
-0.11231108269992648,-0.11231108269992642,1.1696807509289007,1.1696807509289007,1.1696807509289007,1.1696807509289007,0.928316249085049,0.928316249085049,-0.5966537398390945,-0.5966537398390945,-0.5966537398390946,-0.00049612478611147,-0.000496124786111486,0.8375020153310543,0.8375020153310544,-0.7137712880536509,-0.7137712880536509,-0.26100353245516306,-0.26100353245516306,-0.2533723166886974,-0.2533723166886973,-0.7795984216445186,-0.40083351710296133,-0.40083351710296133,-0.4008335171029614,-0.4008335171029614,-0.5966537398390945,-0.31977063540430195,-0.3197706354043019,-0.5966537398390945,-0.5966537398390946,-0.694548652506796,-0.694548652506796,-0.3991168347019628,-0.39911683470196285,-0.39911683470196285,-0.3991168347019628,-0.3991168347019628,-0.7137712880536509,-0.7137712880536509,0.39911683470196363,0.3991168347019628,-0.39911683470196285,-0.39911683470196285,-0.3991168347019628,-0.7834799885707567,-0.7834799885707566,-0.694548652506796,-0.9640490264526441,-0.9660926751320393,0,2022-03-09
-0.7917085459087455,-0.7917085459087454,1.2852059775202238,1.2852059775202238,1.285205977520224,1.285205977520224,0.928316249085049,0.928316249085049,-0.5966537398390945,-0.5966537398390945,-0.5966537398390946,-0.00049612478611147,-0.000496124786111486,0.8011625112349733,0.8011625112349735,-0.7137712880536509,-0.7137712880536509,-0.26100353245516306,-0.26100353245516306,-0.2533723166886974,-0.2533723166886973,-0.8859896907948683,-0.40083351710296133,-0.40083351710296133,-0.4008335171029614,-0.4008335171029614,-0.5966537398390945,-0.31977063540430195,-0.3197706354043019,-0.5966537398390945,-0.5966537398390946,-0.694548652506796,-0.694548652506796,-0.3991168347019628,-0.39911683470196285,-0.39911683470196285,-0.3991168347019628,-0.3991168347019628,-0.7137712880536509,-0.7137712880536509,0.39911683470196363,0.3991168347019628,-0.39911683470196285,-0.39911683470196285,-0.3991168347019628,-0.6629347098680896,-0.6629347098680894,-0.694548652506796,0.07642510568846998,0.1296598063993,0,2022-03-10
-1.3468685659069863,-1.3468685659069863,1.143293479416136,1.1432934794161342,1.143293479416136,1.1432934794161345,0.928316249085049,0.928316249085049,-0.5966537398390945,-0.5966537398390945,-0.5966537398390946,0.5586183265777493,0.5586183265777493,0.9454284493451064,0.9454284493451064,-0.7137712880536509,-0.7137712880536509,-0.26100353245516306,-0.26100353245516306,-0.2533723166886974,-0.2533723166886973,-1.2832939019576683,-0.40083351710296133,-0.40083351710296133,-0.4008335171029614,-0.4008335171029614,-0.5966537398390945,-0.31977063540430195,-0.3197706354043019,-0.5966537398390945,-0.5966537398390946,-0.17191632646848753,-0.17191632646848753,-0.3991168347019628,-0.39911683470196285,-0.39911683470196285,-0.3991168347019628,-0.3991168347019628,-0.7137712880536509,-0.7137712880536509,0.39911683470196363,0.3991168347019628,-0.39911683470196285,-0.39911683470196285,-0.3991168347019628,-1.0270489123647015,-1.0270489123647017,-0.17191632646848753,0.13118690211694967,0.1296598063993,0,2022-03-11
-1.4258459312049259,-1.4258459312049259,1.0621490456485163,1.0621490456485163,1.0621490456485163,1.0621490456485165,0.928316249085049,0.928316249085049,1.7625917819099859,1.7625917819099859,1.7625917819099859,1.8630323416096366,1.8630323416096364,0.3304891900590874,0.33048919005908745,0.06646292049325045,0.0664629204932504,-0.26100353245516306,-0.26100353245516306,-0.2533723166886974,-0.2533723166886973,-1.2460280282672056,-0.40083351710296133,-0.40083351710296133,-0.4008335171029614,-0.4008335171029614,-0.5966537398390945,-0.31977063540430195,-0.3197706354043019,-0.5966537398390945,-0.5966537398390946,1.5700172162171944,1.5700172162171946,-0.3991168347019628,-0.39911683470196285,-0.39911683470196285,-0.3991168347019628,-0.3991168347019628,0.0664629204932504,0.0664629204932504,0.39911683470196363,0.3991168347019628,-0.39911683470196285,-0.39911683470196285,-0.3991168347019628,-0.15085851047402263,-0.1508585104740226,1.5700172162171946,0.18594869854542936,0.1296598063993,1,2022-03-14
-0.7535657913536997,-0.7535657913536997,1.2303387494372535,1.2303387494372535,1.2303387494372535,1.2303387494372537,0.928316249085049,0.928316249085049,-0.5966537398390945,-0.5966537398390945,-0.5966537398390946,-1.3272747178725532,-1.327274717872553,0.45793395592072184,0.45793395592072184,2.666983537580072,2.666983537580072,-0.26100353245516306,-0.26100353245516306,-0.2533723166886974,-0.2533723166886973,-0.7797838497226092,-0.40083351710296133,-0.40083351710296133,-0.4008335171029614,-0.4008335171029614,1.7625917819099859,-0.31977063540430195,-0.3197706354043019,1.7625917819099859,1.762591781909986,1.3541700655633728,1.354170065563373,-0.2827225905488848,-0.39911683470196285,-0.39911683470196285,-0.3991168347019628,-0.3991168347019628,2.6669835375800726,2.666983537580072,0.28272259054888504,0.2827225905488843,-0.28272259054888493,-0.28272259054888493,-0.2827225905488848,0.055856757432200484,0.05585675743220047,1.354170065563373,1.2264228306865435,1.2254122879306393,1,2022-03-15
-0.3591925116696214,-0.3591925116696214,1.746686384357905,1.746686384357905,1.746686384357905,1.7466863843579055,0.928316249085049,0.928316249085049,-0.5966537398390945,-0.5966537398390945,-0.5966537398390946,-1.0963604494592787,-1.0963604494592787,0.7772616710466149,0.7772616710466148,0.8154877606982756,0.8154877606982756,-0.26100353245516306,-0.26100353245516306,-0.2533723166886974,-0.2533723166886973,0.10453490899832402,-0.40083351710296133,-0.40083351710296133,-0.4008335171029614,-0.4008335171029614,-0.5966537398390945,-0.31977063540430195,-0.3197706354043019,-0.5966537398390945,-0.5966537398390946,-0.694548652506796,-0.694548652506796,-0.3991168347019628,-0.2827225905488848,-0.2827225905488848,-0.2827225905488849,-0.2827225905488849,0.8154877606982756,0.8154877606982756,0.39911683470196363,0.3991168347019628,-0.39911683470196285,-0.39911683470196285,-0.3991168347019628,0.3092251272092596,0.30922512720925954,-0.694548652506796,-0.9640490264526441,-0.9660926751320393,1,2022-03-16
0.15681929653274398,0.15681929653274387,2.2075028940575696,2.2075028940575705,2.207502894057569,2.2075028940575705,0.928316249085049,0.928316249085049,-0.5966537398390945,-0.5966537398390945,-0.5966537398390946,-0.00049612478611147,-0.000496124786111486,0.6759868358793537,0.6759868358793538,-0.7137712880536509,-0.7137712880536509,-0.26100353245516306,-0.26100353245516306,-0.2533723166886974,-0.2533723166886973,0.43623271711639233,-0.2852554126492841,-0.2852554126492841,-0.28525541264928417,-0.28525541264928417,-0.5966537398390945,-0.31977063540430195,-0.3197706354043019,-0.5966537398390945,-0.5966537398390946,-0.694548652506796,-0.694548652506796,-0.3991168347019628,-0.39911683470196285,-0.39911683470196285,-0.3991168347019628,-0.3991168347019628,-0.7137712880536509,-0.7137712880536509,0.39911683470196363,0.3991168347019628,-0.39911683470196285,-0.39911683470196285,-0.3991168347019628,0.8987437625427509,0.8987437625427509,-0.694548652506796,-0.9640490264526441,-0.9660926751320393,1,2022-03-17
0.8157848326929814,0.8157848326929813,2.750040240290528,2.750040240290528,2.7500402402905277,2.750040240290529,0.928316249085049,0.928316249085049,-0.5966537398390945,-0.5966537398390945,-0.5966537398390946,0.5586183265777493,0.5586183265777493,-0.05331777718377775,-0.05331777718377763,-0.7137712880536509,-0.7137712880536509,-0.26100353245516306,-0.26100353245516306,-0.2533723166886974,-0.2533723166886973,1.019358983563124,-0.40083351710296133,-0.40083351710296133,-0.4008335171029614,-0.4008335171029614,-0.5966537398390945,1.0237314273957987,1.0237314273957987,-0.5966537398390945,-0.5966537398390946,-0.17191632646848753,-0.17191632646848753,-0.3991168347019628,-0.39911683470196285,-0.39911683470196285,-0.3991168347019628,-0.3991168347019628,-0.7137712880536509,-0.7137712880536509,0.39911683470196363,0.3991168347019628,-0.39911683470196285,-0.39911683470196285,-0.3991168347019628,2.252643717541862,2.252643717541862,-0.17191632646848753,0.13118690211694967,0.1296598063993,0,2022-03-18
1.3372504450644627,1.3372504450644622,2.860855100040313,2.860855100040313,2.8608551000403124,2.860855100040313,0.928316249085049,0.928316249085049,1.7625917819099859,1.7625917819099859,1.7625917819099859,0.9315476656374442,0.9315476656374444,0.3238402885886337,0.3238402885886338,0.06646292049325045,0.0664629204932504,-0.26100353245516306,-0.26100353245516306,-0.2533723166886974,-0.2533723166886973,0.6436149116526545,-0.40083351710296133,-0.40083351710296133,-0.4008335171029614,-0.4008335171029614,-0.5966537398390945,3.263349366083567,3.2633493660835664,-0.5966537398390945,-0.5966537398390946,2.0931721745815417,2.0931721745815413,3.163756327230566,-0.39911683470196285,-0.39911683470196285,-0.3991168347019628,-0.3991168347019628,0.0664629204932504,0.0664629204932504,-3.1637563272305655,-3.163756327230567,3.163756327230566,3.163756327230566,3.163756327230566,1.938106665899048,1.9381066658990478,2.0931721745815413,1.2811846271150231,1.2254122879306393,1,2022-03-21
1.4551209196307744,1.455120919630774,3.022264662147574,3.022264662147575,3.022264662147573,3.0222646621475753,0.928316249085049,0.928316249085049,-0.5966537398390945,-0.5966537398390945,-0.5966537398390946,-1.4916543665735282,-1.491654366573528,0.3209420870179441,0.3209420870179442,1.3671133461409346,1.3671133461409346,-0.26100353245516306,-0.26100353245516306,-0.2533723166886974,-0.2533723166886973,0.9547303608998546,-0.40083351710296133,-0.40083351710296133,-0.4008335171029614,-0.4008335171029614,1.7625917819099859,-0.31977063540430195,-0.3197706354043019,1.7625917819099859,1.762591781909986,-0.694548652506796,-0.694548652506796,-0.3991168347019628,3.163756327230566,3.163756327230566,3.1637563272305655,3.1637563272305655,1.3671133461409348,1.3671133461409346,0.39911683470196363,0.3991168347019628,-0.39911683470196285,-0.39911683470196285,-0.3991168347019628,1.8623092599159978,1.8623092599159978,-0.694548652506796,-0.9640490264526441,-0.9660926751320393,0,2022-03-22
0.7391529944090532,0.7391529944090531,2.925817713539719,2.925817713539719,2.925817713539719,2.9258177135397196,0.928316249085049,0.928316249085049,0.9761766079936257,0.9761766079936257,0.9761766079936258,2.4221467929734977,2.422146792973497,0.12049146533793248,0.1204914653379326,-0.7137712880536509,-0.7137712880536509,-0.26100353245516306,-0.26100353245516306,3.946761086881632,3.9467610868816316,0.67284838299974,3.1370572906544045,3.1370572906544045,3.1370572906544045,3.1370572906544045,-0.5966537398390945,5.501623802708534,5.501623802708535,-0.5966537398390945,-0.5966537398390946,1.5700172162171944,1.5700172162171946,-0.3991168347019628,-0.39911683470196285,-0.39911683470196285,-0.3991168347019628,-0.3991168347019628,-0.7137712880536509,-0.7137712880536509,0.39911683470196363,0.3991168347019628,-0.39911683470196285,-0.39911683470196285,-0.3991168347019628,0.6495334804848898,0.6495334804848898,1.5700172162171946,0.18594869854542936,0.1296598063993,1,2022-03-23
1.299404546430872,1.2994045464308714,2.971421957006944,2.971421957006944,2.9714219570069433,2.9714219570069442,0.928316249085049,0.928316249085049,-0.5966537398390945,-0.5966537398390945,-0.5966537398390946,-2.4231390425457207,-2.42313904254572,0.17671301374239443,0.17671301374239456,2.666983537580072,2.666983537580072,-0.26100353245516306,-0.26100353245516306,-0.2533723166886974,-0.2533723166886973,1.058252796245617,-0.40083351710296133,-0.40083351710296133,-0.4008335171029614,-0.4008335171029614,0.9761766079936257,-0.31977063540430195,-0.3197706354043019,0.9761766079936257,0.9761766079936257,-0.694548652506796,-0.694548652506796,-0.3991168347019628,-0.39911683470196285,-0.39911683470196285,-0.3991168347019628,-0.3991168347019628,2.6669835375800726,2.666983537580072,0.39911683470196363,0.3991168347019628,-0.39911683470196285,-0.39911683470196285,-0.3991168347019628,0.7733948353264156,0.7733948353264157,-0.694548652506796,-0.9640490264526441,-0.9660926751320393,1,2022-03-24
1.9518643300479706,1.9518643300479703,2.9700981679342258,2.970098167934227,2.9700981679342253,2.9700981679342267,0.928316249085049,0.928316249085049,-0.5966537398390945,-0.5966537398390945,-0.5966537398390946,-0.00049612478611147,-0.000496124786111486,-0.125973532410645,-0.1259735324106448,-0.7137712880536509,-0.7137712880536509,-0.26100353245516306,-0.26100353245516306,-0.2533723166886974,-0.2533723166886973,1.1730882747985567,-0.40083351710296133,-0.40083351710296133,-0.4008335171029614,-0.4008335171029614,-0.5966537398390945,-0.31977063540430195,-0.3197706354043019,-0.5966537398390945,-0.5966537398390946,-0.694548652506796,-0.694548652506796,-0.3991168347019628,-0.39911683470196285,-0.39911683470196285,-0.3991168347019628,-0.3991168347019628,-0.7137712880536509,-0.7137712880536509,0.39911683470196363,0.3991168347019628,-0.39911683470196285,-0.39911683470196285,-0.3991168347019628,0.29065983802324014,0.2906598380232401,-0.694548652506796,-0.9640490264526441,-0.9660926751320393,1,2022-03-25
2.129752502658822,2.1297525026588215,2.916837382286594,2.916837382286594,2.9168373822865927,2.916837382286594,0.928316249085049,0.928316249085049,-0.5966537398390945,-0.5966537398390945,-0.5966537398390946,-0.00049612478611147,-0.000496124786111486,-0.4689763660086577,-0.46897636600865766,-0.7137712880536509,-0.7137712880536509,-0.26100353245516306,-0.26100353245516306,-0.2533723166886974,-0.2533723166886973,1.2490431908097785,-0.40083351710296133,-0.40083351710296133,-0.4008335171029614,-0.4008335171029614,-0.5966537398390945,-0.31977063540430195,-0.3197706354043019,-0.5966537398390945,-0.5966537398390946,-0.694548652506796,-0.694548652506796,-0.3991168347019628,-0.39911683470196285,-0.39911683470196285,-0.3991168347019628,-0.3991168347019628,-0.7137712880536509,-0.7137712880536509,0.39911683470196363,0.3991168347019628,-0.39911683470196285,-0.39911683470196285,-0.3991168347019628,0.7851601479737816,0.7851601479737816,-0.694548652506796,-0.9640490264526441,-0.9660926751320393,1,2022-03-28
2.117978772741267,2.117978772741267,2.974852364859037,2.974852364859037,2.9748523648590366,2.9748523648590366,0.928316249085049,0.928316249085049,1.7625917819099859,1.7625917819099859,1.7625917819099859,2.4221467929734977,2.422146792973497,-0.4261404804104741,-0.426140480410474,-0.7137712880536509,-0.7137712880536509,-0.26100353245516306,-0.26100353245516306,-0.2533723166886974,-0.2533723166886973,1.5844406467562548,-0.40083351710296133,-0.40083351710296133,-0.4008335171029614,-0.4008335171029614,-0.5966537398390945,5.501623802708534,5.501623802708535,-0.5966537398390945,-0.5966537398390946,1.5700172162171944,1.5700172162171946,-0.3991168347019628,-0.39911683470196285,-0.39911683470196285,-0.3991168347019628,-0.3991168347019628,-0.7137712880536509,-0.7137712880536509,0.39911683470196363,0.3991168347019628,-0.39911683470196285,-0.39911683470196285,-0.3991168347019628,0.8422203315082354,0.8422203315082354,1.5700172162171946,0.18594869854542936,0.1296598063993,0,2022-03-29
1.2331199741472867,1.2331199741472862,2.820870299740773,2.820870299740773,2.8208702997407724,2.8208702997407733,0.928316249085049,0.928316249085049,2.549006955826346,2.549006955826346,2.5490069558263464,-0.621672280251361,-0.6216722802513609,-0.5488400847436329,-0.5488400847436328,2.666983537580072,2.666983537580072,-0.26100353245516306,-0.26100353245516306,3.946761086881632,3.9467610868816316,1.3691787895312835,-0.40083351710296133,-0.40083351710296133,-0.4008335171029614,-0.4008335171029614,1.7625917819099859,-0.31977063540430195,-0.3197706354043019,1.7625917819099859,1.762591781909986,4.357215410979493,4.357215410979493,2.510739269124986,-0.39911683470196285,-0.39911683470196285,-0.3991168347019628,-0.3991168347019628,2.6669835375800726,2.666983537580072,-2.510739269124985,-2.510739269124986,2.5107392691249864,2.5107392691249864,2.510739269124986,0.9399147821463539,0.9399147821463539,4.357215410979493,2.431182352113096,2.321164769461979,0,2022-03-30
0.676763691387177,0.6767636913871768,2.421331093310229,2.421331093310229,2.4213310933102288,2.421331093310229,0.928316249085049,0.928316249085049,-0.5966537398390945,-0.5966537398390945,-0.5966537398390946,-1.801962887080471,-1.8019628870804707,-0.31069338605471736,-0.3106933860547172,1.8001433318844648,1.8001433318844646,-0.26100353245516306,-0.26100353245516306,-0.2533723166886974,-0.2533723166886973,0.917762615722806,-0.40083351710296133,-0.40083351710296133,-0.4008335171029614,-0.4008335171029614,2.549006955826346,-0.31977063540430195,-0.3197706354043019,2.549006955826346,2.549006955826346,-0.694548652506796,-0.694548652506796,-0.3991168347019628,2.510739269124986,2.510739269124986,2.510739269124986,2.510739269124986,1.800143331884465,1.8001433318844646,0.39911683470196363,0.3991168347019628,-0.39911683470196285,-0.39911683470196285,-0.3991168347019628,0.10990856823600034,0.10990856823600029,-0.694548652506796,0.13118690211694967,0.1296598063993,1,2022-03-31
0.3225754363705599,0.32257543637055985,2.1452520298274522,2.1452520298274522,2.1452520298274522,2.1452520298274527,0.928316249085049,0.928316249085049,0.9761766079936257,0.9761766079936257,0.9761766079936258,0.3724332142735836,0.3724332142735836,-0.30535380756748026,-0.3053538075674801,-0.7137712880536509,-0.7137712880536509,-0.26100353245516306,-0.26100353245516306,-0.2533723166886974,-0.2533723166886973,0.9972960003064912,2.488619094238969,2.488619094238969,2.4886190942389685,2.4886190942389685,-0.5966537398390945,-0.31977063540430195,-0.3197706354043019,-0.5966537398390945,-0.5966537398390946,-0.3459528910392444,-0.3459528910392443,-0.3991168347019628,-0.39911683470196285,-0.39911683470196285,-0.3991168347019628,-0.3991168347019628,-0.7137712880536509,-0.7137712880536509,0.39911683470196363,0.3991168347019628,-0.39911683470196285,-0.39911683470196285,-0.3991168347019628,0.12436873620672513,0.12436873620672508,-0.3459528910392443,0.13118690211694967,0.1296598063993,1,2022-04-01
1.0854590144341907,1.0854590144341905,2.171131424659417,2.171131424659417,2.1711314246594164,2.171131424659417,0.928316249085049,0.928316249085049,-0.5966537398390945,-0.5966537398390945,-0.5966537398390946,0.752631041201009,0.752631041201009,0.0480749658281064,0.04807496582810652,-0.19335507095286766,-0.19335507095286777,-0.26100353245516306,-0.26100353245516306,-0.2533723166886974,-0.2533723166886973,1.4399056779286479,-0.40083351710296133,-0.40083351710296133,-0.4008335171029614,-0.4008335171029614,0.9761766079936257,-0.31977063540430195,-0.3197706354043019,0.9761766079936257,0.9761766079936257,0.3580328521343571,0.35803285213435715,-0.3991168347019628,-0.39911683470196285,-0.39911683470196285,-0.3991168347019628,-0.3991168347019628,-0.19335507095286772,-0.19335507095286777,0.39911683470196363,0.3991168347019628,-0.39911683470196285,-0.39911683470196285,-0.3991168347019628,0.6160424078098977,0.6160424078098977,0.35803285213435715,0.13118690211694967,0.1296598063993,0,2022-04-04
0.6796160394058078,0.6796160394058078,2.0157839747647746,2.0157839747647746,2.0157839747647746,2.015783974764775,0.928316249085049,0.928316249085049,0.9761766079936257,0.9761766079936257,0.9761766079936258,-0.7536232907732319,-0.7536232907732319,-0.03312109267250059,-0.03312109267250041,0.8576204079598082,0.8576204079598081,-0.26100353245516306,-0.26100353245516306,-0.2533723166886974,-0.2533723166886973,1.1483732948666612,-0.40083351710296133,-0.40083351710296133,-0.4008335171029614,-0.4008335171029614,-0.5966537398390945,-0.31977063540430195,-0.3197706354043019,-0.5966537398390945,-0.5966537398390946,-0.3459528910392444,-0.3459528910392443,-0.3991168347019628,-0.39911683470196285,-0.39911683470196285,-0.3991168347019628,-0.3991168347019628,0.8576204079598081,0.8576204079598081,0.39911683470196363,0.3991168347019628,-0.39911683470196285,-0.39911683470196285,-0.3991168347019628,0.04781242033717126,0.04781242033717123,-0.3459528910392443,0.13118690211694967,0.1296598063993,0,2022-04-05
0.40738241823321963,0.4073824182332195,1.537246867249831,1.537246867249831,1.5372468672498307,1.5372468672498314,0.928316249085049,0.928316249085049,-0.5966537398390945,-0.5966537398390945,-0.5966537398390946,-0.3734254638458066,-0.3734254638458066,0.28137194628628526,0.28137194628628537,-0.19335507095286766,-0.19335507095286777,-0.26100353245516306,-0.26100353245516306,-0.2533723166886974,-0.2533723166886973,0.48965907899355016,-0.40083351710296133,-0.40083351710296133,-0.4008335171029614,-0.4008335171029614,0.9761766079936257,-0.31977063540430195,-0.3197706354043019,0.9761766079936257,0.9761766079936257,-0.694548652506796,-0.694548652506796,-0.3991168347019628,-0.39911683470196285,-0.39911683470196285,-0.3991168347019628,-0.3991168347019628,-0.19335507095286772,-0.19335507095286777,0.39911683470196363,0.3991168347019628,-0.39911683470196285,-0.39911683470196285,-0.3991168347019628,-0.38585190855904583,-0.38585190855904583,-0.694548652506796,-0.9640490264526441,-0.9660926751320393,0,2022-04-06
0.05932962801236592,0.059329628012365944,1.1465607652986962,1.1465607652986962,1.1465607652986962,1.1465607652986962,0.928316249085049,0.928316249085049,-0.5966537398390945,-0.5966537398390945,-0.5966537398390946,0.5614138988345687,0.5614138988345686,0.15764415245718374,0.15764415245718386,-0.7137712880536509,-0.7137712880536509,-0.26100353245516306,-0.26100353245516306,-0.2533723166886974,-0.2533723166886973,0.3709195623192033,-0.40083351710296133,-0.40083351710296133,-0.4008335171029614,-0.4008335171029614,-0.5966537398390945,-0.31977063540430195,-0.3197706354043019,-0.5966537398390945,-0.5966537398390946,0.8811878104987039,0.8811878104987039,1.123078020650628,-0.39911683470196285,-0.39911683470196285,-0.3991168347019628,-0.3991168347019628,-0.7137712880536509,-0.7137712880536509,-1.1230780206506275,-1.1230780206506283,1.1230780206506283,1.1230780206506283,1.123078020650628,-0.04262262213028498,-0.04262262213028495,0.8811878104987039,2.266896962827657,2.321164769461979,0,2022-04-07
-0.0891053818286256,-0.0891053818286256,0.8198780181937128,0.8198780181937125,0.8198780181937126,0.8198780181937126,0.928316249085049,0.928316249085049,0.9761766079936257,0.9761766079936257,0.9761766079936258,1.8602367693528168,1.8602367693528172,0.12405663944793237,0.12405663944793245,0.07036409153598487,0.0703640915359849,-0.26100353245516306,-0.26100353245516306,3.946761086881632,3.9467610868816316,0.21249278139933625,-0.40083351710296133,-0.40083351710296133,-0.4008335171029614,-0.4008335171029614,-0.5966537398390945,-0.31977063540430195,-0.3197706354043019,-0.5966537398390945,-0.5966537398390946,1.5700172162171944,1.5700172162171946,-0.3991168347019628,1.123078020650628,1.123078020650628,1.1230780206506281,1.1230780206506281,0.07036409153598486,0.0703640915359849,0.39911683470196363,0.3991168347019628,-0.39911683470196285,-0.39911683470196285,-0.3991168347019628,-0.25291702574627145,-0.2529170257462715,1.5700172162171946,0.18594869854542936,0.1296598063993,0,2022-04-08
-0.4766520700062633,-0.47665207000626325,0.3761284938448288,0.37612849384482894,0.37612849384482877,0.37612849384482894,0.928316249085049,0.928316249085049,-0.5966537398390945,-0.5966537398390945,-0.5966537398390946,-1.2970825374989046,-1.2970825374989046,-0.549130807176984,-0.5491308071769838,2.666983537580072,2.666983537580072,-0.26100353245516306,-0.26100353245516306,-0.2533723166886974,-0.2533723166886973,-0.2696897346882598,1.1106879268561678,1.1106879268561678,1.110687926856168,1.110687926856168,0.9761766079936257,-0.31977063540430195,-0.3197706354043019,0.9761766079936257,0.9761766079936257,0.3580328521343571,0.35803285213435715,-0.3991168347019628,-0.39911683470196285,-0.39911683470196285,-0.3991168347019628,-0.3991168347019628,2.6669835375800726,2.666983537580072,0.39911683470196363,0.3991168347019628,-0.39911683470196285,-0.39911683470196285,-0.3991168347019628,-1.2135287163506396,-1.2135287163506399,0.35803285213435715,0.13118690211694967,0.1296598063993,0,2022-04-11
-0.8904138751536156,-0.8904138751536156,-0.00209621405578323,-0.002096214055783255,-0.0020962140557831185,-0.002096214055783135,0.928316249085049,0.928316249085049,-0.5966537398390945,-0.5966537398390945,-0.5966537398390946,-0.8469954041509966,-0.8469954041509961,-0.5592638727517101,-0.55926387275171,0.8576204079598082,0.8576204079598081,-0.26100353245516306,-0.26100353245516306,-0.2533723166886974,-0.2533723166886973,-0.4910909747730192,-0.40083351710296133,-0.40083351710296133,-0.4008335171029614,-0.4008335171029614,-0.5966537398390945,-0.31977063540430195,-0.3197706354043019,-0.5966537398390945,-0.5966537398390946,-0.17191632646848753,-0.17191632646848753,0.6695939525217529,-0.39911683470196285,-0.39911683470196285,-0.3991168347019628,-0.3991168347019628,0.8576204079598081,0.8576204079598081,-0.6695939525217518,-0.6695939525217527,0.669593952521753,0.669593952521753,0.6695939525217529,-1.241193445533012,-1.241193445533012,-0.17191632646848753,1.1716610342580638,1.2254122879306393,1,2022-04-12
-0.7549660479508846,-0.7549660479508845,-0.21540230629945553,-0.2154023062994555,-0.21540230629945548,-0.2154023062994554,-1.0772191060811471,-1.0772191060811471,-0.5966537398390945,-0.5966537398390945,-0.5966537398390946,-0.280053350468042,-0.28005335046804186,-0.7639093653980193,-0.7639093653980192,-0.32365418378020017,-0.3236541837802002,-0.26100353245516306,-0.26100353245516306,-0.2533723166886974,-0.2533723166886973,-0.471824821157178,-0.40083351710296133,-0.40083351710296133,-0.4008335171029614,-0.4008335171029614,-0.5966537398390945,-0.31977063540430195,-0.3197706354043019,-0.5966537398390945,-0.5966537398390946,-0.694548652506796,-0.694548652506796,-0.3991168347019628,0.6695939525217529,0.6695939525217529,0.6695939525217529,0.6695939525217529,-0.3236541837802003,-0.3236541837802002,0.39911683470196363,0.3991168347019628,-0.39911683470196285,-0.39911683470196285,-0.3991168347019628,-0.6474956265446249,-0.6474956265446249,-0.694548652506796,-0.9640490264526441,-0.9660926751320393,0,2022-04-13
-0.7360976254686942,-0.7360976254686942,-0.4995682311202185,-0.4995682311202185,-0.4995682311202183,-0.4995682311202185,-1.0772191060811471,-1.0772191060811471,-0.5966537398390945,-0.5966537398390945,-0.5966537398390946,0.5586183265777493,0.5586183265777493,-0.7070357967177289,-0.7070357967177288,-0.7137712880536509,-0.7137712880536509,-0.26100353245516306,-0.26100353245516306,-0.2533723166886974,-0.2533723166886973,-0.7903351700166473,0.6603836237898931,0.6603836237898931,0.6603836237898931,0.6603836237898931,-0.5966537398390945,-0.31977063540430195,-0.3197706354043019,-0.5966537398390945,-0.5966537398390946,-0.17191632646848753,-0.17191632646848753,-0.3991168347019628,-0.39911683470196285,-0.39911683470196285,-0.3991168347019628,-0.3991168347019628,-0.7137712880536509,-0.7137712880536509,0.39911683470196363,0.3991168347019628,-0.39911683470196285,-0.39911683470196285,-0.3991168347019628,-0.9518902971368867,-0.9518902971368866,-0.17191632646848753,0.13118690211694967,0.1296598063993,1,2022-04-14
-0.8250078318326951,-0.8250078318326951,-0.6348756917861182,-0.6348756917861185,-0.6348756917861182,-0.6348756917861185,-1.0772191060811471,-1.0772191060811471,-0.5966537398390945,-0.5966537398390945,-0.5966537398390946,-0.5596105761499722,-0.5596105761499723,-0.6417530163635036,-0.6417530163635036,0.06646292049325045,0.0664629204932504,-0.26100353245516306,-0.26100353245516306,-0.2533723166886974,-0.2533723166886973,-0.7344944128144958,-0.40083351710296133,-0.40083351710296133,-0.4008335171029614,-0.4008335171029614,-0.5966537398390945,-0.31977063540430195,-0.3197706354043019,-0.5966537398390945,-0.5966537398390946,-0.694548652506796,-0.694548652506796,-0.3991168347019628,-0.39911683470196285,-0.39911683470196285,-0.3991168347019628,-0.3991168347019628,0.0664629204932504,0.0664629204932504,0.39911683470196363,0.3991168347019628,-0.39911683470196285,-0.39911683470196285,-0.3991168347019628,-0.8717419900330541,-0.8717419900330541,-0.694548652506796,-0.9640490264526441,-0.9660926751320393,1,2022-04-18
-0.9187374476271771,-0.9187374476271772,-0.47304939099406385,-0.4730493909940638,-0.4730493909940637,-0.4730493909940638,-1.0772191060811471,-1.0772191060811471,-0.5966537398390945,-0.5966537398390945,-0.5966537398390946,-0.00049612478611147,-0.000496124786111486,-0.3031260363099295,-0.3031260363099294,-0.7137712880536509,-0.7137712880536509,-0.26100353245516306,-0.26100353245516306,-0.2533723166886974,-0.2533723166886973,-0.32944203611269535,-0.40083351710296133,-0.40083351710296133,-0.4008335171029614,-0.4008335171029614,-0.5966537398390945,-0.31977063540430195,-0.3197706354043019,-0.5966537398390945,-0.5966537398390946,-0.694548652506796,-0.694548652506796,-0.3991168347019628,-0.39911683470196285,-0.39911683470196285,-0.3991168347019628,-0.3991168347019628,-0.7137712880536509,-0.7137712880536509,0.39911683470196363,0.3991168347019628,-0.39911683470196285,-0.39911683470196285,-0.3991168347019628,-0.023298826967228476,-0.02329882696722841,-0.694548652506796,-0.9640490264526441,-0.9660926751320393,0,2022-04-19
-1.6514397876214069,-1.6514397876214066,-0.9017345070534832,-0.9017345070534833,-0.9017345070534833,-0.9017345070534835,-1.0772191060811471,-1.0772191060811471,0.9761766079936257,0.9761766079936257,0.9761766079936258,0.3724332142735836,0.3724332142735836,0.8844767572381782,0.8844767572381783,-0.7137712880536509,-0.7137712880536509,-0.26100353245516306,-0.26100353245516306,-0.2533723166886974,-0.2533723166886973,-1.3741638656785287,-0.40083351710296133,-0.40083351710296133,-0.4008335171029614,-0.4008335171029614,-0.5966537398390945,-0.31977063540430195,-0.3197706354043019,-0.5966537398390945,-0.5966537398390946,-0.3459528910392444,-0.3459528910392443,-0.3991168347019628,-0.39911683470196285,-0.39911683470196285,-0.3991168347019628,-0.3991168347019628,-0.7137712880536509,-0.7137712880536509,0.39911683470196363,0.3991168347019628,-0.39911683470196285,-0.39911683470196285,-0.3991168347019628,-1.0549514148401469,-1.054951414840147,-0.3459528910392443,0.13118690211694967,0.1296598063993,0,2022-04-20
-1.9036078464159172,-1.903607846415917,-1.5270139418719062,-1.5270139418719062,-1.5270139418719058,-1.527013941871906,-1.0772191060811471,-1.0772191060811471,0.9761766079936257,0.9761766079936257,0.9761766079936258,-0.00049612478611147,-0.000496124786111486,1.095201115372967,1.0952011153729673,-0.19335507095286766,-0.19335507095286777,-0.26100353245516306,-0.26100353245516306,-0.2533723166886974,-0.2533723166886973,-2.1051262655561507,-0.40083351710296133,-0.40083351710296133,-0.4008335171029614,-0.4008335171029614,0.9761766079936257,-0.31977063540430195,-0.3197706354043019,0.9761766079936257,0.9761766079936257,-0.3459528910392444,-0.3459528910392443,-0.3991168347019628,-0.39911683470196285,-0.39911683470196285,-0.3991168347019628,-0.3991168347019628,-0.19335507095286772,-0.19335507095286777,0.39911683470196363,0.3991168347019628,-0.39911683470196285,-0.39911683470196285,-0.3991168347019628,-1.9826412341809168,-1.982641234180917,-0.3459528910392443,0.13118690211694967,0.1296598063993,0,2022-04-21
-2.0899628937853487,-2.089962893785349,-1.9638505249030092,-1.9638505249030092,-1.963850524903009,-1.9638505249030094,-1.0772191060811471,-1.0772191060811471,-0.5966537398390945,-0.5966537398390945,-0.5966537398390946,-0.3734254638458066,-0.3734254638458066,1.096742685292603,1.0967426852926032,-0.19335507095286766,-0.19335507095286777,-0.26100353245516306,-0.26100353245516306,-0.2533723166886974,-0.2533723166886973,-2.265509257816869,-0.40083351710296133,-0.40083351710296133,-0.4008335171029614,-0.4008335171029614,0.9761766079936257,-0.31977063540430195,-0.3197706354043019,0.9761766079936257,0.9761766079936257,-0.694548652506796,-0.694548652506796,-0.3991168347019628,-0.39911683470196285,-0.39911683470196285,-0.3991168347019628,-0.3991168347019628,-0.19335507095286772,-0.19335507095286777,0.39911683470196363,0.3991168347019628,-0.39911683470196285,-0.39911683470196285,-0.3991168347019628,-1.9647585088431871,-1.9647585088431867,-0.694548652506796,-0.9640490264526441,-0.9660926751320393,1,2022-04-22
-1.9170193594003275,-1.9170193594003275,-2.030683851194205,-2.030683851194205,-2.0306838511942047,-2.030683851194205,-1.0772191060811471,-1.0772191060811471,1.7625917819099859,1.7625917819099859,1.7625917819099859,1.7439409634691343,1.7439409634691343,1.227259012836999,1.2272590128369991,-0.7137712880536509,-0.7137712880536509,-0.26100353245516306,-0.26100353245516306,-0.2533723166886974,-0.2533723166886973,-1.9763432244048638,-0.40083351710296133,-0.40083351710296133,-0.4008335171029614,-0.4008335171029614,-0.5966537398390945,-0.31977063540430195,-0.3197706354043019,-0.5966537398390945,-0.5966537398390946,2.5666770619722485,2.5666770619722485,2.194812034995203,-0.39911683470196285,-0.39911683470196285,-0.3991168347019628,-0.3991168347019628,-0.7137712880536509,-0.7137712880536509,-2.1948120349952016,-2.1948120349952025,2.1948120349952034,2.1948120349952034,2.194812034995203,-1.7946495709611423,-1.7946495709611423,2.5666770619722485,1.2811846271150231,1.2254122879306393,0,2022-04-25
-1.9747825067974585,-1.9747825067974585,-2.150409082488732,-2.150409082488732,-2.150409082488732,-2.1504090824887325,-1.0772191060811471,-1.0772191060811471,-0.5966537398390945,-0.5966537398390945,-0.5966537398390946,-1.7449332130413573,-1.744933213041357,0.6207365348373272,0.6207365348373273,1.720559442612681,1.720559442612681,-0.26100353245516306,-0.26100353245516306,-0.2533723166886974,-0.2533723166886973,-2.257089767930892,-0.40083351710296133,-0.40083351710296133,-0.4008335171029614,-0.4008335171029614,1.7625917819099859,-0.31977063540430195,-0.3197706354043019,1.7625917819099859,1.762591781909986,-0.694548652506796,-0.694548652506796,-0.3991168347019628,2.194812034995203,2.194812034995203,2.194812034995203,2.194812034995203,1.720559442612681,1.720559442612681,0.39911683470196363,0.3991168347019628,-0.39911683470196285,-0.39911683470196285,-0.3991168347019628,-2.6214322990436374,-2.6214322990436374,-0.694548652506796,-0.9640490264526441,-0.9660926751320393,0,2022-04-26
-2.189735696679227,-2.189735696679227,-2.2908600452608967,-2.290860045260897,-2.290860045260896,-2.2908600452608976,-1.0772191060811471,-1.0772191060811471,-0.5966537398390945,-0.5966537398390945,-0.5966537398390946,-0.00049612478611147,-0.000496124786111486,0.14327872178697648,0.14327872178697665,-0.7137712880536509,-0.7137712880536509,-0.26100353245516306,-0.26100353245516306,-0.2533723166886974,-0.2533723166886973,-2.5062691228730727,2.174907096436131,2.174907096436131,2.1749070964361303,2.1749070964361303,-0.5966537398390945,-0.31977063540430195,-0.3197706354043019,-0.5966537398390945,-0.5966537398390946,-0.694548652506796,-0.694548652506796,-0.3991168347019628,-0.39911683470196285,-0.39911683470196285,-0.3991168347019628,-0.3991168347019628,-0.7137712880536509,-0.7137712880536509,0.39911683470196363,0.3991168347019628,-0.39911683470196285,-0.39911683470196285,-0.3991168347019628,-2.0109801157228007,-2.0109801157228007,-0.694548652506796,0.07642510568846998,0.1296598063993,1,2022-04-27
-0.603417870289604,-0.6034178702896039,-1.2241774689877978,-1.2241774689877978,-1.2241774689877976,-1.2241774689877978,-1.0772191060811471,-1.0772191060811471,0.9761766079936257,0.9761766079936257,0.9761766079936258,0.3724332142735836,0.3724332142735836,3.57275272879792,3.57275272879792,-0.7137712880536509,-0.7137712880536509,-0.26100353245516306,-0.26100353245516306,-0.2533723166886974,-0.2533723166886973,-0.3423832400079835,-0.40083351710296133,-0.40083351710296133,-0.4008335171029614,-0.4008335171029614,-0.5966537398390945,0.5763452404833651,0.5763452404833651,-0.5966537398390945,-0.5966537398390946,-0.3459528910392444,-0.3459528910392443,-0.3991168347019628,-0.39911683470196285,-0.39911683470196285,-0.3991168347019628,-0.3991168347019628,-0.7137712880536509,-0.7137712880536509,0.39911683470196363,0.3991168347019628,-0.39911683470196285,-0.39911683470196285,-0.3991168347019628,1.3417944143443112,1.341794414344311,-0.3459528910392443,0.13118690211694967,0.1296598063993,0,2022-04-28
-0.638861450494158,-0.6388614504941578,-0.6373856497488436,-0.6373856497488437,-0.6373856497488437,-0.6373856497488438,-1.0772191060811471,-1.0772191060811471,-0.5966537398390945,-0.5966537398390945,-0.5966537398390946,-0.3734254638458066,-0.3734254638458066,3.604001298296876,3.6040012982968768,-0.19335507095286766,-0.19335507095286777,-0.26100353245516306,-0.26100353245516306,-0.2533723166886974,-0.2533723166886973,-0.6295179188828586,-0.40083351710296133,-0.40083351710296133,-0.4008335171029614,-0.4008335171029614,0.9761766079936257,-0.31977063540430195,-0.3197706354043019,0.9761766079936257,0.9761766079936257,-0.694548652506796,-0.694548652506796,-0.3991168347019628,-0.39911683470196285,-0.39911683470196285,-0.3991168347019628,-0.3991168347019628,-0.19335507095286772,-0.19335507095286777,0.39911683470196363,0.3991168347019628,-0.39911683470196285,-0.39911683470196285,-0.3991168347019628,1.2653068117575572,1.265306811757557,-0.694548652506796,-0.9640490264526441,-0.9660926751320393,1,2022-04-29
-0.09580574828586852,-0.09580574828586845,0.14195319555112298,0.14195319555112296,0.14195319555112293,0.1419531955511229,0.928316249085049,0.928316249085049,-0.5966537398390945,-0.5966537398390945,-0.5966537398390946,-0.00049612478611147,-0.000496124786111486,3.6659103413430483,3.6659103413430487,-0.7137712880536509,-0.7137712880536509,-0.26100353245516306,-0.26100353245516306,-0.2533723166886974,-0.2533723166886973,0.14987176085883272,-0.40083351710296133,-0.40083351710296133,-0.4008335171029614,-0.4008335171029614,-0.5966537398390945,-0.31977063540430195,-0.3197706354043019,-0.5966537398390945,-0.5966537398390946,-0.694548652506796,-0.694548652506796,-0.3991168347019628,-0.39911683470196285,-0.39911683470196285,-0.3991168347019628,-0.3991168347019628,-0.7137712880536509,-0.7137712880536509,0.39911683470196363,0.3991168347019628,-0.39911683470196285,-0.39911683470196285,-0.3991168347019628,1.8757970411587708,1.8757970411587708,-0.694548652506796,-0.9640490264526441,-0.9660926751320393,1,2022-05-02
-0.3905929153748532,-0.3905929153748532,0.6802829717556313,0.6802829717556312,0.6802829717556312,0.6802829717556313,0.928316249085049,0.928316249085049,-0.5966537398390945,-0.5966537398390945,-0.5966537398390946,0.5323399473636479,0.5323399473636478,3.4015884374264718,3.4015884374264713,-0.7137712880536509,-0.7137712880536509,-0.26100353245516306,-0.26100353245516306,-0.2533723166886974,-0.2533723166886973,0.2891169242358251,-0.40083351710296133,-0.40083351710296133,-0.4008335171029614,-0.4008335171029614,-0.5966537398390945,0.960586830444194,0.9605868304441939,-0.5966537398390945,-0.5966537398390946,0.30158856092221975,0.3015885609222198,1.6385382447571162,-0.39911683470196285,-0.39911683470196285,-0.3991168347019628,-0.3991168347019628,-0.7137712880536509,-0.7137712880536509,-1.6385382447571157,-1.6385382447571168,1.6385382447571164,1.6385382447571164,1.6385382447571162,2.523066781397356,2.5230667813973557,0.3015885609222198,1.2264228306865435,1.2254122879306393,1,2022-05-03
1.185147387728647,1.1851473877286467,1.3818104247801168,1.381810424780117,1.3818104247801166,1.3818104247801175,0.928316249085049,0.928316249085049,-0.5966537398390945,-0.5966537398390945,-0.5966537398390946,-0.5333321969358708,-0.5333321969358708,2.900687085626736,2.900687085626736,0.029791912691545994,0.02979191269154596,-0.26100353245516306,-0.26100353245516306,-0.2533723166886974,-0.2533723166886973,1.1083892182021995,-0.40083351710296133,-0.40083351710296133,-0.4008335171029614,-0.4008335171029614,-0.5966537398390945,-0.31977063540430195,-0.3197706354043019,-0.5966537398390945,-0.5966537398390946,-0.694548652506796,-0.694548652506796,-0.3991168347019628,1.6385382447571162,1.6385382447571162,1.6385382447571162,1.6385382447571162,0.02979191269154593,0.02979191269154596,0.39911683470196363,0.3991168347019628,-0.39911683470196285,-0.39911683470196285,-0.3991168347019628,4.119666937580136,4.119666937580136,-0.694548652506796,-0.9640490264526441,-0.9660926751320393,0,2022-05-04
1.102972311220085,1.102972311220085,1.275231477677851,1.275231477677851,1.2752314776778513,1.2752314776778515,0.928316249085049,0.928316249085049,-0.5966537398390945,-0.5966537398390945,-0.5966537398390946,-0.00049612478611147,-0.000496124786111486,1.51055484324808,1.5105548432480802,-0.7137712880536509,-0.7137712880536509,-0.26100353245516306,-0.26100353245516306,-0.2533723166886974,-0.2533723166886973,0.11190619627838312,1.622533818008167,1.622533818008167,1.622533818008167,1.622533818008167,-0.5966537398390945,-0.31977063540430195,-0.3197706354043019,-0.5966537398390945,-0.5966537398390946,-0.694548652506796,-0.694548652506796,-0.3991168347019628,-0.39911683470196285,-0.39911683470196285,-0.3991168347019628,-0.3991168347019628,-0.7137712880536509,-0.7137712880536509,0.39911683470196363,0.3991168347019628,-0.39911683470196285,-0.39911683470196285,-0.3991168347019628,0.10517710873079263,0.10517710873079256,-0.694548652506796,0.07642510568846998,0.1296598063993,0,2022-05-05
1.0953095313214034,1.095309531321403,1.0134519064426208,1.0134519064426208,1.0134519064426206,1.013451906442621,0.928316249085049,0.928316249085049,-0.5966537398390945,-0.5966537398390945,-0.5966537398390946,-0.00049612478611147,-0.000496124786111486,1.4813317692863197,1.4813317692863202,-0.7137712880536509,-0.7137712880536509,-0.26100353245516306,-0.26100353245516306,-0.2533723166886974,-0.2533723166886973,-0.13545278447261597,-0.40083351710296133,-0.40083351710296133,-0.4008335171029614,-0.4008335171029614,-0.5966537398390945,-0.31977063540430195,-0.3197706354043019,-0.5966537398390945,-0.5966537398390946,-0.694548652506796,-0.694548652506796,-0.3991168347019628,-0.39911683470196285,-0.39911683470196285,-0.3991168347019628,-0.3991168347019628,-0.7137712880536509,-0.7137712880536509,0.39911683470196363,0.3991168347019628,-0.39911683470196285,-0.39911683470196285,-0.3991168347019628,0.16687432504374197,0.16687432504374192,-0.694548652506796,0.07642510568846998,0.1296598063993,0,2022-05-06
0.4437705751211576,0.4437705751211575,0.5656043900150528,0.5656043900150529,0.5656043900150528,0.565604390015053,0.928316249085049,0.928316249085049,0.9761766079936257,0.9761766079936257,0.9761766079936258,0.3724332142735836,0.3724332142735836,1.1499143697483538,1.1499143697483538,-0.7137712880536509,-0.7137712880536509,-0.26100353245516306,-0.26100353245516306,-0.2533723166886974,-0.2533723166886973,-0.5758855079776868,-0.40083351710296133,-0.40083351710296133,-0.4008335171029614,-0.4008335171029614,-0.5966537398390945,0.5763452404833651,0.5763452404833651,-0.5966537398390945,-0.5966537398390946,-0.3459528910392444,-0.3459528910392443,-0.3991168347019628,-0.39911683470196285,-0.39911683470196285,-0.3991168347019628,-0.3991168347019628,-0.7137712880536509,-0.7137712880536509,0.39911683470196363,0.3991168347019628,-0.39911683470196285,-0.39911683470196285,-0.3991168347019628,-1.1550417117937322,-1.1550417117937326,-0.3459528910392443,0.13118690211694967,0.1296598063993,1,2022-05-09
0.9310151852713999,0.9310151852713996,0.31875447240979676,0.31875447240979676,0.3187544724097967,0.31875447240979676,0.928316249085049,0.928316249085049,-0.5966537398390945,-0.5966537398390945,-0.5966537398390946,0.18568898751805404,0.18568898751805418,1.167997760114483,1.167997760114483,-0.19335507095286766,-0.19335507095286777,-0.26100353245516306,-0.26100353245516306,-0.2533723166886974,-0.2533723166886973,-0.4097869691893164,-0.40083351710296133,-0.40083351710296133,-0.4008335171029614,-0.4008335171029614,0.9761766079936257,1.0237314273957987,1.0237314273957987,0.9761766079936257,0.9761766079936257,-0.17191632646848753,-0.17191632646848753,-0.3991168347019628,-0.39911683470196285,-0.39911683470196285,-0.3991168347019628,-0.3991168347019628,-0.19335507095286772,-0.19335507095286777,0.39911683470196363,0.3991168347019628,-0.39911683470196285,-0.39911683470196285,-0.3991168347019628,-1.111850959281958,-1.1118509592819583,-0.17191632646848753,0.13118690211694967,0.1296598063993,0,2022-05-10
0.7783446577559354,0.7783446577559353,-0.12978622134096346,-0.1297862213409635,-0.1297862213409635,-0.1297862213409635,-1.0772191060811471,-1.0772191060811471,0.9761766079936257,0.9761766079936257,0.9761766079936258,-0.1866812370902772,-0.18668123709027712,0.14508748296685275,0.1450874829668529,0.06646292049325045,0.0664629204932504,-0.26100353245516306,-0.26100353245516306,-0.2533723166886974,-0.2533723166886973,-0.9554228895055151,-0.40083351710296133,-0.40083351710296133,-0.4008335171029614,-0.4008335171029614,-0.5966537398390945,0.5763452404833651,0.5763452404833651,-0.5966537398390945,-0.5966537398390946,-0.3459528910392444,-0.3459528910392443,-0.3991168347019628,-0.39911683470196285,-0.39911683470196285,-0.3991168347019628,-0.3991168347019628,0.0664629204932504,0.0664629204932504,0.39911683470196363,0.3991168347019628,-0.39911683470196285,-0.39911683470196285,-0.3991168347019628,-2.437351175620764,-2.4373511756207638,-0.3459528910392443,0.13118690211694967,0.1296598063993,1,2022-05-11
-0.9135701816235607,-0.9135701816235605,-0.3063722567087257,-0.3063722567087257,-0.30637225670872564,-0.30637225670872575,-1.0772191060811471,-1.0772191060811471,-0.5966537398390945,-0.5966537398390945,-0.5966537398390946,-0.3734254638458066,-0.3734254638458066,0.0399911560961791,0.03999115609617922,-0.19335507095286766,-0.19335507095286777,-0.26100353245516306,-0.26100353245516306,-0.2533723166886974,-0.2533723166886973,-0.6965719656439707,-0.40083351710296133,-0.40083351710296133,-0.4008335171029614,-0.4008335171029614,0.9761766079936257,-0.31977063540430195,-0.3197706354043019,0.9761766079936257,0.9761766079936257,-0.694548652506796,-0.694548652506796,-0.3991168347019628,-0.39911683470196285,-0.39911683470196285,-0.3991168347019628,-0.3991168347019628,-0.19335507095286772,-0.19335507095286777,0.39911683470196363,0.3991168347019628,-0.39911683470196285,-0.39911683470196285,-0.3991168347019628,-1.3241433113900336,-1.3241433113900336,-0.694548652506796,0.13118690211694967,0.1296598063993,1,2022-05-12
-0.21977873333272963,-0.21977873333272957,-0.14238505091267367,-0.14238505091267323,-0.14238505091267356,-0.14238505091267312,-1.0772191060811471,-1.0772191060811471,-0.5966537398390945,-0.5966537398390945,-0.5966537398390946,-0.00049612478611147,-0.000496124786111486,0.5662407983818446,0.5662407983818449,-0.7137712880536509,-0.7137712880536509,-0.26100353245516306,-0.26100353245516306,-0.2533723166886974,-0.2533723166886973,-0.12700689737348328,-0.40083351710296133,-0.40083351710296133,-0.4008335171029614,-0.4008335171029614,-0.5966537398390945,-0.31977063540430195,-0.3197706354043019,-0.5966537398390945,-0.5966537398390946,-0.694548652506796,-0.694548652506796,-0.3991168347019628,-0.39911683470196285,-0.39911683470196285,-0.3991168347019628,-0.3991168347019628,-0.7137712880536509,-0.7137712880536509,0.39911683470196363,0.3991168347019628,-0.39911683470196285,-0.39911683470196285,-0.3991168347019628,-0.466329060924036,-0.466329060924036,-0.694548652506796,-0.9640490264526441,-0.9660926751320393,1,2022-05-13
-0.7106005948059219,-0.710600594805922,0.031046313219967873,0.03104631321996785,0.031046313219967973,0.031046313219967956,0.928316249085049,0.928316249085049,0.9761766079936257,0.9761766079936257,0.9761766079936258,0.3724332142735836,0.3724332142735836,0.2865553797364037,0.28655537973640377,-0.7137712880536509,-0.7137712880536509,-0.26100353245516306,-0.26100353245516306,-0.2533723166886974,-0.2533723166886973,0.013749384439835841,-0.40083351710296133,-0.40083351710296133,-0.4008335171029614,-0.4008335171029614,-0.5966537398390945,0.5763452404833651,0.5763452404833651,-0.5966537398390945,-0.5966537398390946,-0.3459528910392444,-0.3459528910392443,-0.3991168347019628,-0.39911683470196285,-0.39911683470196285,-0.3991168347019628,-0.3991168347019628,-0.7137712880536509,-0.7137712880536509,0.39911683470196363,0.3991168347019628,-0.39911683470196285,-0.39911683470196285,-0.3991168347019628,0.21327730776337567,0.21327730776337567,-0.3459528910392443,0.13118690211694967,0.1296598063993,1,2022-05-16
-0.6182544286515319,-0.6182544286515317,0.23925746241302046,0.2392574624130202,0.23925746241302034,0.23925746241302023,0.928316249085049,0.928316249085049,0.9761766079936257,0.9761766079936257,0.9761766079936258,2.0492174539138017,2.049217453913802,0.30014411520545764,0.3001441152054577,-0.19335507095286766,-0.19335507095286777,-0.26100353245516306,-0.26100353245516306,-0.2533723166886974,-0.2533723166886973,0.2536386464057468,-0.40083351710296133,-0.40083351710296133,-0.4008335171029614,-0.4008335171029614,0.9761766079936257,5.501623802708534,5.501623802708535,0.9761766079936257,0.9761766079936257,1.5700172162171944,1.5700172162171946,-0.3991168347019628,-0.39911683470196285,-0.39911683470196285,-0.3991168347019628,-0.3991168347019628,-0.19335507095286772,-0.19335507095286777,0.39911683470196363,0.3991168347019628,-0.39911683470196285,-0.39911683470196285,-0.3991168347019628,0.2986301508995361,0.2986301508995361,1.5700172162171946,0.18594869854542936,0.1296598063993,0,2022-05-17
-1.6967237401004835,-1.6967237401004835,0.03222619780336231,0.032226197803362285,0.03222619780336242,0.03222619780336241,0.928316249085049,0.928316249085049,-0.5966537398390945,-0.5966537398390945,-0.5966537398390946,-2.4231390425457207,-2.42313904254572,0.44329277851544757,0.4432927785154477,2.666983537580072,2.666983537580072,-0.26100353245516306,-0.26100353245516306,-0.2533723166886974,-0.2533723166886973,-0.46755074674457686,-0.40083351710296133,-0.40083351710296133,-0.4008335171029614,-0.4008335171029614,0.9761766079936257,-0.31977063540430195,-0.3197706354043019,0.9761766079936257,0.9761766079936257,-0.694548652506796,-0.694548652506796,-0.3991168347019628,-0.39911683470196285,-0.39911683470196285,-0.3991168347019628,-0.3991168347019628,2.6669835375800726,2.666983537580072,0.39911683470196363,0.3991168347019628,-0.39911683470196285,-0.39911683470196285,-0.3991168347019628,0.19847238640108433,0.19847238640108433,-0.694548652506796,-0.9640490264526441,-0.9660926751320393,0,2022-05-18
-1.0398582187599725,-1.0398582187599725,-0.11473899896121148,-0.1147389989612115,-0.11473899896121148,-0.1147389989612115,-1.0772191060811471,-1.0772191060811471,-0.5966537398390945,-0.5966537398390945,-0.5966537398390946,-0.00049612478611147,-0.000496124786111486,0.42907627648111685,0.429076276481117,-0.7137712880536509,-0.7137712880536509,-0.26100353245516306,-0.26100353245516306,-0.2533723166886974,-0.2533723166886973,-0.5476215229102822,-0.40083351710296133,-0.40083351710296133,-0.4008335171029614,-0.4008335171029614,-0.5966537398390945,-0.31977063540430195,-0.3197706354043019,-0.5966537398390945,-0.5966537398390946,-0.694548652506796,-0.694548652506796,-0.3991168347019628,-0.39911683470196285,-0.39911683470196285,-0.3991168347019628,-0.3991168347019628,-0.7137712880536509,-0.7137712880536509,0.39911683470196363,0.3991168347019628,-0.39911683470196285,-0.39911683470196285,-0.3991168347019628,-0.0789100949733079,-0.07891009497330788,-0.694548652506796,-0.9640490264526441,-0.9660926751320393,1,2022-05-19
-0.6842639227083476,-0.6842639227083475,-0.11108746386135591,-0.11108746386135568,-0.11108746386135582,-0.1110874638613556,-1.0772191060811471,-1.0772191060811471,0.9761766079936257,0.9761766079936257,0.9761766079936258,0.46524621319998444,0.4652462131999845,0.08389942182552249,0.08389942182552255,-0.7137712880536509,-0.7137712880536509,-0.26100353245516306,-0.26100353245516306,-0.2533723166886974,-0.2533723166886973,-0.4181924097937113,-0.40083351710296133,-0.40083351710296133,-0.4008335171029614,-0.4008335171029614,-0.5966537398390945,0.7993665829081819,0.7993665829081819,-0.5966537398390945,-0.5966537398390946,0.1761568026730258,0.17615680267302583,-0.04237603444058102,-0.39911683470196285,-0.39911683470196285,-0.3991168347019628,-0.3991168347019628,-0.7137712880536509,-0.7137712880536509,0.04237603444058254,0.04237603444058178,-0.042376034440580974,-0.042376034440580974,-0.04237603444058102,-0.47092155386827245,-0.47092155386827245,0.17615680267302583,1.2264228306865435,1.2254122879306393,1,2022-05-20
-0.11401490546250065,-0.11401490546250055,0.001411041347212953,0.0014110413472131864,0.0014110413472130704,0.0014110413472132955,0.928316249085049,0.928316249085049,1.7625917819099859,1.7625917819099859,1.7625917819099859,1.9564044549874016,1.9564044549874011,0.1350819723852518,0.1350819723852519,-0.0638361923340821,-0.06383619233408216,-0.26100353245516306,-0.26100353245516306,-0.2533723166886974,-0.2533723166886973,-0.2570251629243153,-0.40083351710296133,-0.40083351710296133,-0.4008335171029614,-0.4008335171029614,0.9761766079936257,5.501623802708534,5.501623802708535,0.9761766079936257,0.9761766079936257,1.5700172162171944,1.5700172162171946,-0.3991168347019628,-0.04237603444058108,-0.04237603444058108,-0.042376034440580974,-0.042376034440580974,-0.06383619233408212,-0.06383619233408216,0.39911683470196363,0.3991168347019628,-0.39911683470196285,-0.39911683470196285,-0.3991168347019628,-0.37184707829805047,-0.3718470782980505,1.5700172162171946,0.18594869854542936,0.1296598063993,0,2022-05-23
-1.0540309033191784,-1.0540309033191784,-0.4030065580564686,-0.4030065580564686,-0.40300655805646846,-0.4030065580564687,-1.0772191060811471,-1.0772191060811471,0.9761766079936257,0.9761766079936257,0.9761766079936258,-0.00049612478611147,-0.000496124786111486,0.8423124449049508,0.8423124449049509,2.666983537580072,2.666983537580072,-0.26100353245516306,-0.26100353245516306,-0.2533723166886974,-0.2533723166886973,-1.3345415056272674,-0.04659413202415848,-0.04659413202415848,-0.046594132024158456,-0.046594132024158456,1.7625917819099859,5.501623802708534,5.501623802708535,1.7625917819099859,1.762591781909986,1.5700172162171944,1.5700172162171946,-0.3991168347019628,-0.39911683470196285,-0.39911683470196285,-0.3991168347019628,-0.3991168347019628,2.6669835375800726,2.666983537580072,0.39911683470196363,0.3991168347019628,-0.39911683470196285,-0.39911683470196285,-0.3991168347019628,-1.6807966533229022,-1.6807966533229022,1.5700172162171946,0.18594869854542936,0.1296598063993,1,2022-05-24
-0.41006324390872406,-0.410063243908724,-0.5347823634348299,-0.53478236343483,-0.5347823634348299,-0.5347823634348301,-1.0772191060811471,-1.0772191060811471,0.9761766079936257,0.9761766079936257,0.9761766079936258,-1.6157777747763056,-1.6157777747763051,0.7547168440154227,0.7547168440154229,2.666983537580072,2.666983537580072,-0.26100353245516306,-0.26100353245516306,3.946761086881632,3.9467610868816316,-1.1804918072020447,-0.40083351710296133,-0.40083351710296133,-0.4008335171029614,-0.4008335171029614,0.9761766079936257,1.6202463432790433,1.6202463432790433,0.9761766079936257,0.9761766079936257,1.569494583891156,1.569494583891156,3.3829402934928554,-0.39911683470196285,-0.39911683470196285,-0.3991168347019628,-0.3991168347019628,2.6669835375800726,2.666983537580072,-3.3829402934928545,-3.3829402934928554,3.3829402934928554,3.3829402934928554,3.3829402934928554,-0.7466116290925117,-0.7466116290925117,1.569494583891156,2.321658759256137,2.321164769461979,1,2022-05-25
-0.09205047773605347,-0.09205047773605343,-0.31523543084349004,-0.31523543084349004,-0.31523543084349,-0.31523543084349,-1.0772191060811471,-1.0772191060811471,-0.5966537398390945,-0.5966537398390945,-0.5966537398390946,-0.24874294119166565,-0.2487429411916651,1.1090350114133762,1.1090350114133765,0.41288690908807457,0.41288690908807446,-0.26100353245516306,-0.26100353245516306,-0.2533723166886974,-0.2533723166886973,-0.571213356128404,-0.40083351710296133,-0.40083351710296133,-0.4008335171029614,-0.4008335171029614,0.9761766079936257,1.0237314273957987,1.0237314273957987,0.9761766079936257,0.9761766079936257,-0.17191632646848753,-0.17191632646848753,-0.3991168347019628,3.3829402934928554,3.3829402934928554,3.382940293492855,3.382940293492855,0.41288690908807446,0.41288690908807446,0.39911683470196363,0.3991168347019628,-0.39911683470196285,-0.39911683470196285,-0.3991168347019628,-0.05590972667223782,-0.05590972667223781,-0.17191632646848753,0.13118690211694967,0.1296598063993,1,2022-05-26
-0.31434979831758786,-0.31434979831758775,-0.027522410320637486,-0.027522410320637514,-0.027522410320637458,-0.027522410320637476,0.928316249085049,0.928316249085049,-0.5966537398390945,-0.5966537398390945,-0.5966537398390946,-0.5596105761499722,-0.5596105761499723,1.1356241379043992,1.1356241379043992,0.06646292049325045,0.0664629204932504,-0.26100353245516306,-0.26100353245516306,-0.2533723166886974,-0.2533723166886973,-0.2999197550755533,3.3547043704697703,3.3547043704697703,3.3547043704697703,3.3547043704697703,-0.5966537398390945,-0.31977063540430195,-0.3197706354043019,-0.5966537398390945,-0.5966537398390946,-0.694548652506796,-0.694548652506796,-0.3991168347019628,-0.39911683470196285,-0.39911683470196285,-0.3991168347019628,-0.3991168347019628,0.0664629204932504,0.0664629204932504,0.39911683470196363,0.3991168347019628,-0.39911683470196285,-0.39911683470196285,-0.3991168347019628,0.0417667810657498,0.04176678106574978,-0.694548652506796,-0.9640490264526441,-0.9660926751320393,0,2022-05-27
-0.4778387266573823,-0.47783872665738225,0.12399464087477716,0.12399464087477713,0.12399464087477712,0.12399464087477712,0.928316249085049,0.928316249085049,0.9761766079936257,0.9761766079936257,0.9761766079936258,0.3724332142735836,0.3724332142735836,1.1169957096312542,1.1169957096312542,-0.7137712880536509,-0.7137712880536509,-0.26100353245516306,-0.26100353245516306,-0.2533723166886974,-0.2533723166886973,-0.34545083595870263,-0.40083351710296133,-0.40083351710296133,-0.4008335171029614,-0.4008335171029614,-0.5966537398390945,0.5763452404833651,0.5763452404833651,-0.5966537398390945,-0.5966537398390946,-0.3459528910392444,-0.3459528910392443,-0.3991168347019628,-0.39911683470196285,-0.39911683470196285,-0.3991168347019628,-0.3991168347019628,-0.7137712880536509,-0.7137712880536509,0.39911683470196363,0.3991168347019628,-0.39911683470196285,-0.39911683470196285,-0.3991168347019628,-0.2831265489804718,-0.2831265489804718,-0.3459528910392443,0.13118690211694967,0.1296598063993,0,2022-05-31
-0.8972916195659232,-0.8972916195659232,0.06661284195220782,0.0666128419522078,0.06661284195220789,0.06661284195220787,0.928316249085049,0.928316249085049,4.908252477575426,4.908252477575426,4.908252477575426,1.3659795943471644,1.3659795943471644,0.03861625922148776,0.03861625922148793,-0.19335507095286766,-0.19335507095286777,-0.26100353245516306,-0.26100353245516306,3.946761086881632,3.9467610868816316,-0.6263391797159041,-0.40083351710296133,-0.40083351710296133,-0.4008335171029614,-0.4008335171029614,0.9761766079936257,3.8598642819668103,3.859864281966811,0.9761766079936257,0.9761766079936257,4.183178846408737,4.183178846408737,2.800969072727466,-0.39911683470196285,-0.39911683470196285,-0.3991168347019628,-0.3991168347019628,-0.19335507095286772,-0.19335507095286777,-2.800969072727465,-2.800969072727466,2.800969072727466,2.800969072727466,2.800969072727466,0.5331085404798611,0.5331085404798611,4.183178846408737,2.431182352113096,2.321164769461979,1,2022-06-01
0.2751909438362827,0.27519094383628256,0.3808108809972314,0.3808108809972314,0.3808108809972314,0.38081088099723137,0.928316249085049,0.928316249085049,-0.5966537398390945,-0.5966537398390945,-0.5966537398390946,-1.1807867316152214,-1.180786731615221,0.45327097454308457,0.4532709745430847,1.7135373347357585,1.7135373347357588,-0.26100353245516306,-0.26100353245516306,-0.2533723166886974,-0.2533723166886973,0.2105839734631476,-0.40083351710296133,-0.40083351710296133,-0.4008335171029614,-0.4008335171029614,4.908252477575426,1.0237314273957987,1.0237314273957987,4.908252477575426,4.908252477575426,-0.17191632646848753,-0.17191632646848753,-0.3991168347019628,2.800969072727466,2.800969072727466,2.8009690727274656,2.8009690727274656,1.713537334735759,1.7135373347357588,0.39911683470196363,0.3991168347019628,-0.39911683470196285,-0.39911683470196285,-0.3991168347019628,1.1575893695584274,1.1575893695584274,-0.17191632646848753,0.13118690211694967,0.1296598063993,0,2022-06-02
-0.1453904445518446,-0.14539044455184463,0.3096585247847247,0.30965852478472494,0.3096585247847247,0.30965852478472505,0.928316249085049,0.928316249085049,-0.5966537398390945,-0.5966537398390945,-0.5966537398390946,-0.280053350468042,-0.28005335046804186,0.6863135713339029,0.686313571333903,0.06646292049325045,0.0664629204932504,-0.26100353245516306,-0.26100353245516306,-0.2533723166886974,-0.2533723166886973,-0.3192738324217651,2.7768138482013844,2.7768138482013844,2.776813848201385,2.776813848201385,-0.5966537398390945,0.35198039599574826,0.35198039599574843,-0.5966537398390945,-0.5966537398390946,-0.17191632646848753,-0.17191632646848753,0.6695939525217529,-0.39911683470196285,-0.39911683470196285,-0.3991168347019628,-0.3991168347019628,0.0664629204932504,0.0664629204932504,-0.6695939525217518,-0.6695939525217527,0.669593952521753,0.669593952521753,0.6695939525217529,-0.15017472426275347,-0.15017472426275344,-0.17191632646848753,1.2264228306865435,1.2254122879306393,1,2022-06-03
-0.07358360768580925,-0.07358360768580922,0.3791592899663109,0.3791592899663109,0.3791592899663109,0.3791592899663109,0.928316249085049,0.928316249085049,-0.5966537398390945,-0.5966537398390945,-0.5966537398390946,-0.280053350468042,-0.28005335046804186,0.6857855641534399,0.6857855641534399,-0.32365418378020017,-0.3236541837802002,-0.26100353245516306,-0.26100353245516306,-0.2533723166886974,-0.2533723166886973,-0.02815609035497827,-0.40083351710296133,-0.40083351710296133,-0.4008335171029614,-0.4008335171029614,-0.5966537398390945,-0.31977063540430195,-0.3197706354043019,-0.5966537398390945,-0.5966537398390946,-0.694548652506796,-0.694548652506796,-0.3991168347019628,0.6695939525217529,0.6695939525217529,0.6695939525217529,0.6695939525217529,-0.3236541837802003,-0.3236541837802002,0.39911683470196363,0.3991168347019628,-0.39911683470196285,-0.39911683470196285,-0.3991168347019628,-0.1513009875439722,-0.1513009875439721,-0.694548652506796,-0.9640490264526441,-0.9660926751320393,1,2022-06-06
-0.14867291701730279,-0.14867291701730276,0.4642824700842755,0.46428247008427576,0.4642824700842755,0.4642824700842758,0.928316249085049,0.928316249085049,0.9761766079936257,0.9761766079936257,0.9761766079936258,2.4221467929734977,2.422146792973497,0.6782415301612973,0.6782415301612975,-0.7137712880536509,-0.7137712880536509,-0.26100353245516306,-0.26100353245516306,3.946761086881632,3.9467610868816316,0.07741800967324028,0.6603836237898931,0.6603836237898931,0.6603836237898931,0.6603836237898931,-0.5966537398390945,5.501623802708534,5.501623802708535,-0.5966537398390945,-0.5966537398390946,1.5700172162171944,1.5700172162171946,-0.3991168347019628,-0.39911683470196285,-0.39911683470196285,-0.3991168347019628,-0.3991168347019628,-0.7137712880536509,-0.7137712880536509,0.39911683470196363,0.3991168347019628,-0.39911683470196285,-0.39911683470196285,-0.3991168347019628,0.07460773509466741,0.07460773509466735,1.5700172162171946,0.18594869854542936,0.1296598063993,1,2022-06-07
0.8453203153947734,0.8453203153947731,0.5401532147525763,0.540153214752576,0.5401532147525763,0.5401532147525762,0.928316249085049,0.928316249085049,-0.5966537398390945,-0.5966537398390945,-0.5966537398390946,-1.8640245911818598,-1.8640245911818594,0.4822595254181398,0.4822595254181399,2.666983537580072,2.666983537580072,-0.26100353245516306,-0.26100353245516306,-0.2533723166886974,-0.2533723166886973,0.154405217047872,-0.40083351710296133,-0.40083351710296133,-0.4008335171029614,-0.4008335171029614,0.9761766079936257,1.0237314273957987,1.0237314273957987,0.9761766079936257,0.9761766079936257,-0.17191632646848753,-0.17191632646848753,-0.3991168347019628,-0.39911683470196285,-0.39911683470196285,-0.3991168347019628,-0.3991168347019628,2.6669835375800726,2.666983537580072,0.39911683470196363,0.3991168347019628,-0.39911683470196285,-0.39911683470196285,-0.3991168347019628,0.5605515414762887,0.5605515414762887,-0.17191632646848753,0.13118690211694967,0.1296598063993,0,2022-06-08
-0.10468642974467812,-0.10468642974467803,0.1574347564729447,0.15743475647294447,0.1574347564729446,0.1574347564729445,0.928316249085049,0.928316249085049,-0.5966537398390945,-0.5966537398390945,-0.5966537398390946,-0.5596105761499722,-0.5596105761499723,0.5783561930742198,0.5783561930742199,0.06646292049325045,0.0664629204932504,-0.26100353245516306,-0.26100353245516306,-0.2533723166886974,-0.2533723166886973,-0.7635464024252029,-0.40083351710296133,-0.40083351710296133,-0.4008335171029614,-0.4008335171029614,-0.5966537398390945,-0.31977063540430195,-0.3197706354043019,-0.5966537398390945,-0.5966537398390946,-0.694548652506796,-0.694548652506796,-0.3991168347019628,-0.39911683470196285,-0.39911683470196285,-0.3991168347019628,-0.3991168347019628,0.0664629204932504,0.0664629204932504,0.39911683470196363,0.3991168347019628,-0.39911683470196285,-0.39911683470196285,-0.3991168347019628,-1.2166192929930104,-1.2166192929930104,-0.694548652506796,-0.9640490264526441,-0.9660926751320393,0,2022-06-09
-1.0651865183771363,-1.0651865183771367,-0.3548494320365343,-0.3548494320365343,-0.35484943203653424,-0.35484943203653424,-1.0772191060811471,-1.0772191060811471,-0.5966537398390945,-0.5966537398390945,-0.5966537398390946,1.1255603802607044,1.1255603802607042,0.6344808164515583,0.6344808164515584,-0.7137712880536509,-0.7137712880536509,-0.26100353245516306,-0.26100353245516306,-0.2533723166886974,-0.2533723166886973,-1.3346806053213887,-0.40083351710296133,-0.40083351710296133,-0.4008335171029614,-0.4008335171029614,-0.5966537398390945,2.3860425190751005,2.3860425190751005,-0.5966537398390945,-0.5966537398390946,0.3580328521343571,0.35803285213435715,-0.3991168347019628,-0.39911683470196285,-0.39911683470196285,-0.3991168347019628,-0.3991168347019628,-0.7137712880536509,-0.7137712880536509,0.39911683470196363,0.3991168347019628,-0.39911683470196285,-0.39911683470196285,-0.3991168347019628,-1.2924684673249882,-1.2924684673249884,0.35803285213435715,0.18594869854542936,0.1296598063993,0,2022-06-10
-1.9085086380382221,-1.908508638038222,-1.0153031498031615,-1.0153031498031617,-1.0153031498031615,-1.0153031498031617,-1.0772191060811471,-1.0772191060811471,-0.5966537398390945,-0.5966537398390945,-0.5966537398390946,-0.00049612478611147,-0.000496124786111486,0.6001449824518696,0.6001449824518698,0.8576204079598082,0.8576204079598081,-0.26100353245516306,-0.26100353245516306,-0.2533723166886974,-0.2533723166886973,-2.0653151737676065,-0.40083351710296133,-0.40083351710296133,-0.4008335171029614,-0.4008335171029614,-0.5966537398390945,2.3860425190751005,2.3860425190751005,-0.5966537398390945,-0.5966537398390946,0.3580328521343571,0.35803285213435715,-0.3991168347019628,-0.39911683470196285,-0.39911683470196285,-0.3991168347019628,-0.3991168347019628,0.8576204079598081,0.8576204079598081,0.39911683470196363,0.3991168347019628,-0.39911683470196285,-0.39911683470196285,-0.3991168347019628,-2.4252602552011253,-2.4252602552011253,0.35803285213435715,0.13118690211694967,0.1296598063993,0,2022-06-13
-1.866110307308932,-1.8661103073089322,-1.377813700502092,-1.377813700502092,-1.377813700502092,-1.3778137005020923,-1.0772191060811471,-1.0772191060811471,-0.5966537398390945,-0.5966537398390945,-0.5966537398390946,-1.126552629832927,-1.126552629832927,0.4500194881485354,0.4500194881485354,0.8576204079598082,0.8576204079598081,-0.26100353245516306,-0.26100353245516306,-0.2533723166886974,-0.2533723166886973,-1.986908635202338,-0.40083351710296133,-0.40083351710296133,-0.4008335171029614,-0.4008335171029614,-0.5966537398390945,-0.31977063540430195,-0.3197706354043019,-0.5966537398390945,-0.5966537398390946,-0.694548652506796,-0.694548652506796,-0.3991168347019628,-0.39911683470196285,-0.39911683470196285,-0.3991168347019628,-0.3991168347019628,0.8576204079598081,0.8576204079598081,0.39911683470196363,0.3991168347019628,-0.39911683470196285,-0.39911683470196285,-0.3991168347019628,-2.5581649131904642,-2.5581649131904642,-0.694548652506796,-0.9640490264526441,-0.9660926751320393,1,2022-06-14
-1.2743413984999812,-1.2743413984999812,-1.3295741126759706,-1.3295741126759706,-1.3295741126759704,-1.3295741126759706,-1.0772191060811471,-1.0772191060811471,-0.5966537398390945,-0.5966537398390945,-0.5966537398390946,-0.00049612478611147,-0.000496124786111486,1.0020178662603052,1.0020178662603054,-0.7137712880536509,-0.7137712880536509,-0.26100353245516306,-0.26100353245516306,-0.2533723166886974,-0.2533723166886973,-1.4472417442833998,-0.40083351710296133,-0.40083351710296133,-0.4008335171029614,-0.4008335171029614,-0.5966537398390945,-0.31977063540430195,-0.3197706354043019,-0.5966537398390945,-0.5966537398390946,-0.694548652506796,-0.694548652506796,-0.3991168347019628,-0.39911683470196285,-0.39911683470196285,-0.3991168347019628,-0.3991168347019628,-0.7137712880536509,-0.7137712880536509,0.39911683470196363,0.3991168347019628,-0.39911683470196285,-0.39911683470196285,-0.3991168347019628,-2.188470530973937,-2.188470530973937,-0.694548652506796,-0.9640490264526441,-0.9660926751320393,0,2022-06-15
-2.2807377902993857,-2.2807377902993857,-1.4863949342100273,-1.4863949342100273,-1.4863949342100269,-1.4863949342100273,-1.0772191060811471,-1.0772191060811471,-0.5966537398390945,-0.5966537398390945,-0.5966537398390946,-0.00049612478611147,-0.000496124786111486,0.8593276747799082,0.8593276747799085,-0.7137712880536509,-0.7137712880536509,-0.26100353245516306,-0.26100353245516306,-0.2533723166886974,-0.2533723166886973,-1.9911873931573605,-0.40083351710296133,-0.40083351710296133,-0.4008335171029614,-0.4008335171029614,-0.5966537398390945,-0.31977063540430195,-0.3197706354043019,-0.5966537398390945,-0.5966537398390946,-0.694548652506796,-0.694548652506796,-0.3991168347019628,-0.39911683470196285,-0.39911683470196285,-0.3991168347019628,-0.3991168347019628,-0.7137712880536509,-0.7137712880536509,0.39911683470196363,0.3991168347019628,-0.39911683470196285,-0.39911683470196285,-0.3991168347019628,-1.9900959442473694,-1.9900959442473694,-0.694548652506796,-0.9640490264526441,-0.9660926751320393,1,2022-06-16
-1.7218277890970421,-1.7218277890970424,-1.3875416922539092,-1.3875416922539092,-1.3875416922539088,-1.3875416922539092,-1.0772191060811471,-1.0772191060811471,-0.5966537398390945,-0.5966537398390945,-0.5966537398390946,-0.00049612478611147,-0.000496124786111486,0.9772669468810118,0.9772669468810119,-0.7137712880536509,-0.7137712880536509,-0.26100353245516306,-0.26100353245516306,-0.2533723166886974,-0.2533723166886973,-1.6756497861706319,-0.40083351710296133,-0.40083351710296133,-0.4008335171029614,-0.4008335171029614,-0.5966537398390945,-0.31977063540430195,-0.3197706354043019,-0.5966537398390945,-0.5966537398390946,-0.694548652506796,-0.694548652506796,-0.3991168347019628,-0.39911683470196285,-0.39911683470196285,-0.3991168347019628,-0.3991168347019628,-0.7137712880536509,-0.7137712880536509,0.39911683470196363,0.3991168347019628,-0.39911683470196285,-0.39911683470196285,-0.3991168347019628,-1.1051743722391043,-1.1051743722391045,-0.694548652506796,-0.9640490264526441,-0.9660926751320393,0,2022-06-17
-2.286029262764511,-2.2860292627645107,-1.4444057198939955,-1.4444057198939955,-1.444405719893995,-1.4444057198939955,-1.0772191060811471,-1.0772191060811471,-0.5966537398390945,-0.5966537398390945,-0.5966537398390946,0.5586183265777493,0.5586183265777493,0.6268093380635443,0.6268093380635443,-0.7137712880536509,-0.7137712880536509,-0.26100353245516306,-0.26100353245516306,-0.2533723166886974,-0.2533723166886973,-2.0729234003600054,-0.40083351710296133,-0.40083351710296133,-0.4008335171029614,-0.4008335171029614,-0.5966537398390945,1.0237314273957987,1.0237314273957987,-0.5966537398390945,-0.5966537398390946,-0.17191632646848753,-0.17191632646848753,-0.3991168347019628,-0.39911683470196285,-0.39911683470196285,-0.3991168347019628,-0.3991168347019628,-0.7137712880536509,-0.7137712880536509,0.39911683470196363,0.3991168347019628,-0.39911683470196285,-0.39911683470196285,-0.3991168347019628,-0.7488346635576993,-0.7488346635576993,-0.17191632646848753,0.13118690211694967,0.1296598063993,0,2022-06-21
-2.421135890665599,-2.4211358906655986,-1.4124069038771563,-1.4124069038771563,-1.412406903877156,-1.4124069038771563,-1.0772191060811471,-1.0772191060811471,0.9761766079936257,0.9761766079936257,0.9761766079936258,0.651990439955514,0.651990439955514,0.6210062427753715,0.6210062427753719,0.06646292049325045,0.0664629204932504,-0.26100353245516306,-0.26100353245516306,-0.2533723166886974,-0.2533723166886973,-2.030130251948577,-0.40083351710296133,-0.40083351710296133,-0.4008335171029614,-0.4008335171029614,-0.5966537398390945,2.591598334683516,2.5915983346835163,-0.5966537398390945,-0.5966537398390946,1.5705398485432327,1.5705398485432327,4.232467114454282,-0.39911683470196285,-0.39911683470196285,-0.3991168347019628,-0.3991168347019628,0.0664629204932504,0.0664629204932504,-4.232467114454281,-4.232467114454281,4.232467114454281,4.232467114454281,4.232467114454282,-0.8130736608523107,-0.8130736608523107,1.5705398485432327,1.2811846271150231,1.2254122879306393,1,2022-06-22
-2.2994213000534467,-2.2994213000534467,-1.1886165006075275,-1.1886165006075267,-1.1886165006075275,-1.1886165006075269,-1.0772191060811471,-1.0772191060811471,2.549006955826346,2.549006955826346,2.5490069558263464,-0.9638503244860438,-0.9638503244860436,0.3801345255599743,0.38013452555997435,0.976996241867484,0.9769962418674841,-0.26100353245516306,-0.26100353245516306,-0.2533723166886974,-0.2533723166886973,-1.7210587444526018,-0.40083351710296133,-0.40083351710296133,-0.4008335171029614,-0.4008335171029614,0.9761766079936257,0.2767442804789426,0.2767442804789428,0.9761766079936257,0.9761766079936257,0.0015976057762308983,0.0015976057762308925,0.18285438606342694,4.232467114454282,4.232467114454282,4.232467114454281,4.232467114454281,0.9769962418674841,0.9769962418674841,-0.1828543860634258,-0.1828543860634265,0.18285438606342685,0.18285438606342685,0.18285438606342694,-1.0325260869038726,-1.0325260869038724,0.0015976057762308925,2.3764205556846165,2.321164769461979,1,2022-06-23
-0.9678131770489122,-0.967813177048912,-0.5742916339055524,-0.5742916339055525,-0.5742916339055525,-0.5742916339055527,-1.0772191060811471,-1.0772191060811471,-0.5966537398390945,-0.5966537398390945,-0.5966537398390946,-0.24874294119166565,-0.24874294119166568,0.8999186432633979,0.899918643263398,-0.36734729945882666,-0.3673472994588267,-0.26100353245516306,-0.26100353245516306,-0.2533723166886974,-0.2533723166886973,-0.758776028706348,4.19827443154726,4.19827443154726,4.198274431547259,4.198274431547259,2.549006955826346,-0.31977063540430195,-0.3197706354043019,2.549006955826346,2.549006955826346,-0.694548652506796,-0.694548652506796,-0.3991168347019628,0.1828543860634269,0.1828543860634269,0.18285438606342685,0.18285438606342685,-0.36734729945882666,-0.3673472994588267,0.39911683470196363,0.3991168347019628,-0.39911683470196285,-0.39911683470196285,-0.3991168347019628,0.7932836532112187,0.7932836532112189,-0.694548652506796,-0.9640490264526441,-0.9660926751320393,0,2022-06-24
-0.5077259224410562,-0.5077259224410561,-0.14276978309093116,-0.1427697830909312,-0.14276978309093116,-0.14276978309093105,-1.0772191060811471,-1.0772191060811471,-0.5966537398390945,-0.5966537398390945,-0.5966537398390946,-0.00049612478611147,-0.000496124786111486,0.9208319113847362,0.9208319113847364,-0.7137712880536509,-0.7137712880536509,-0.26100353245516306,-0.26100353245516306,-0.2533723166886974,-0.2533723166886973,-0.72769326534727,0.1770570051654247,0.1770570051654247,0.17705700516542466,0.17705700516542466,-0.5966537398390945,-0.31977063540430195,-0.3197706354043019,-0.5966537398390945,-0.5966537398390946,-0.694548652506796,-0.694548652506796,-0.3991168347019628,-0.39911683470196285,-0.39911683470196285,-0.3991168347019628,-0.3991168347019628,-0.7137712880536509,-0.7137712880536509,0.39911683470196363,0.3991168347019628,-0.39911683470196285,-0.39911683470196285,-0.3991168347019628,0.4499127873248397,0.44991278732483964,-0.694548652506796,-0.9640490264526441,-0.9660926751320393,0,2022-06-27
-0.3622298681901938,-0.36222986819019376,-0.11544788859136083,-0.11544788859136086,-0.11544788859136082,-0.11544788859136083,-1.0772191060811471,-1.0772191060811471,-0.5966537398390945,-0.5966537398390945,-0.5966537398390946,-0.00049612478611147,-0.000496124786111486,1.1115287376175005,1.1115287376175007,-0.7137712880536509,-0.7137712880536509,-0.26100353245516306,-0.26100353245516306,-0.2533723166886974,-0.2533723166886973,-1.3106330644829347,-0.40083351710296133,-0.40083351710296133,-0.4008335171029614,-0.4008335171029614,-0.5966537398390945,-0.31977063540430195,-0.3197706354043019,-0.5966537398390945,-0.5966537398390946,-0.694548652506796,-0.694548652506796,-0.3991168347019628,-0.39911683470196285,-0.39911683470196285,-0.3991168347019628,-0.3991168347019628,-0.7137712880536509,-0.7137712880536509,0.39911683470196363,0.3991168347019628,-0.39911683470196285,-0.39911683470196285,-0.3991168347019628,0.26780090593299083,0.2678009059329907,-0.694548652506796,0.07642510568846998,0.1296598063993,1,2022-06-28
-0.10062937298156126,-0.10062937298156123,0.053593660655406605,0.053593660655406584,0.053593660655406695,0.05359366065540668,0.928316249085049,0.928316249085049,-0.5966537398390945,-0.5966537398390945,-0.5966537398390946,-0.00049612478611147,-0.000496124786111486,1.095331140081877,1.0953311400818773,-0.7137712880536509,-0.7137712880536509,-0.26100353245516306,-0.26100353245516306,-0.2533723166886974,-0.2533723166886973,-0.9315672629509638,-0.40083351710296133,-0.40083351710296133,-0.4008335171029614,-0.4008335171029614,-0.5966537398390945,-0.31977063540430195,-0.3197706354043019,-0.5966537398390945,-0.5966537398390946,-0.694548652506796,-0.694548652506796,-0.3991168347019628,-0.39911683470196285,-0.39911683470196285,-0.3991168347019628,-0.3991168347019628,-0.7137712880536509,-0.7137712880536509,0.39911683470196363,0.3991168347019628,-0.39911683470196285,-0.39911683470196285,-0.3991168347019628,0.7046823146442821,0.7046823146442822,-0.694548652506796,0.13118690211694967,0.1296598063993,0,2022-06-29
-0.6573569977987519,-0.6573569977987518,0.10705809692137061,0.10705809692137058,0.10705809692137057,0.10705809692137055,0.928316249085049,0.928316249085049,-0.5966537398390945,-0.5966537398390945,-0.5966537398390946,-0.00049612478611147,-0.000496124786111486,1.164385656221367,1.164385656221367,-0.7137712880536509,-0.7137712880536509,-0.26100353245516306,-0.26100353245516306,-0.2533723166886974,-0.2533723166886973,-1.047416772335947,-0.40083351710296133,-0.40083351710296133,-0.4008335171029614,-0.4008335171029614,-0.5966537398390945,-0.31977063540430195,-0.3197706354043019,-0.5966537398390945,-0.5966537398390946,-0.694548652506796,-0.694548652506796,-0.3991168347019628,-0.39911683470196285,-0.39911683470196285,-0.3991168347019628,-0.3991168347019628,-0.7137712880536509,-0.7137712880536509,0.39911683470196363,0.3991168347019628,-0.39911683470196285,-0.39911683470196285,-0.3991168347019628,0.1560505678454887,0.1560505678454887,-0.694548652506796,-0.9640490264526441,-0.9660926751320393,0,2022-06-30
-0.17435906432776202,-0.174359064327762,0.13323463955090117,0.13323463955090115,0.13323463955090115,0.13323463955090112,0.928316249085049,0.928316249085049,-0.5966537398390945,-0.5966537398390945,-0.5966537398390946,-0.00049612478611147,-0.000496124786111486,0.0465262902313526,0.046526290231352734,-0.7137712880536509,-0.7137712880536509,-0.26100353245516306,-0.26100353245516306,-0.2533723166886974,-0.2533723166886973,-0.9978633123795672,-0.40083351710296133,-0.40083351710296133,-0.4008335171029614,-0.4008335171029614,-0.5966537398390945,-0.31977063540430195,-0.3197706354043019,-0.5966537398390945,-0.5966537398390946,-0.694548652506796,-0.694548652506796,-0.3991168347019628,-0.39911683470196285,-0.39911683470196285,-0.3991168347019628,-0.3991168347019628,-0.7137712880536509,-0.7137712880536509,0.39911683470196363,0.3991168347019628,-0.39911683470196285,-0.39911683470196285,-0.3991168347019628,-0.9861000973447833,-0.9861000973447832,-0.694548652506796,-0.9640490264526441,-0.9660926751320393,1,2022-07-01
0.19290510111278325,0.1929051011127831,0.4485430769460312,0.4485430769460308,0.4485430769460312,0.44854307694603096,0.928316249085049,0.928316249085049,0.9761766079936257,0.9761766079936257,0.9761766079936258,0.31037151017219494,0.3103715101721951,0.7583993689245545,0.7583993689245546,-0.7137712880536509,-0.7137712880536509,-0.26100353245516306,-0.26100353245516306,-0.2533723166886974,-0.2533723166886973,-0.22152682245592278,-0.40083351710296133,-0.40083351710296133,-0.4008335171029614,-0.4008335171029614,-0.5966537398390945,0.42721651151255385,0.42721651151255396,-0.5966537398390945,-0.5966537398390946,0.17720206732510244,0.1772020673251025,0.3702944675566954,-0.39911683470196285,-0.39911683470196285,-0.3991168347019628,-0.3991168347019628,-0.7137712880536509,-0.7137712880536509,-0.37029446755669365,-0.37029446755669443,0.3702944675566953,0.3702944675566953,0.3702944675566954,-0.19924862664126966,-0.19924862664126963,0.1772020673251025,2.266896962827657,2.321164769461979,1,2022-07-05
0.8029510954916722,0.8029510954916721,0.7114166371543216,0.7114166371543215,0.7114166371543214,0.7114166371543216,0.928316249085049,0.928316249085049,-0.5966537398390945,-0.5966537398390945,-0.5966537398390946,-0.3113637597444181,-0.31136375974441804,0.05680910214865341,0.05680910214865357,-0.27996106810157373,-0.2799610681015738,-0.26100353245516306,-0.26100353245516306,-0.2533723166886974,-0.2533723166886973,0.015426982671976003,-0.40083351710296133,-0.40083351710296133,-0.4008335171029614,-0.4008335171029614,0.9761766079936257,-0.31977063540430195,-0.3197706354043019,0.9761766079936257,0.9761766079936257,-0.694548652506796,-0.694548652506796,-0.3991168347019628,0.3702944675566953,0.3702944675566953,0.37029446755669526,0.37029446755669526,-0.27996106810157373,-0.2799610681015738,0.39911683470196363,0.3991168347019628,-0.39911683470196285,-0.39911683470196285,-0.3991168347019628,0.7754360369710136,0.7754360369710137,-0.694548652506796,-0.9640490264526441,-0.9660926751320393,1,2022-07-06
1.0733222299273715,1.0733222299273713,0.9535399385906291,0.953539938590629,0.953539938590629,0.9535399385906291,0.928316249085049,0.928316249085049,0.9761766079936257,0.9761766079936257,0.9761766079936258,0.3724332142735836,0.3724332142735836,0.03562349301273932,0.03562349301273947,-0.7137712880536509,-0.7137712880536509,-0.26100353245516306,-0.26100353245516306,-0.2533723166886974,-0.2533723166886973,0.32314294109278585,0.36318278376615165,0.36318278376615165,0.3631827837661516,0.3631827837661516,-0.5966537398390945,0.5763452404833651,0.5763452404833651,-0.5966537398390945,-0.5966537398390946,-0.3459528910392444,-0.3459528910392443,-0.3991168347019628,-0.39911683470196285,-0.39911683470196285,-0.3991168347019628,-0.3991168347019628,-0.7137712880536509,-0.7137712880536509,0.39911683470196363,0.3991168347019628,-0.39911683470196285,-0.39911683470196285,-0.3991168347019628,0.6806307467769659,0.6806307467769658,-0.3459528910392443,0.13118690211694967,0.1296598063993,0,2022-07-07
0.750989797996825,0.7509897979968249,1.045259426200414,1.045259426200414,1.045259426200414,1.0452594262004142,0.928316249085049,0.928316249085049,-0.5966537398390945,-0.5966537398390945,-0.5966537398390946,-0.3734254638458066,-0.3734254638458066,-0.07845104224222912,-0.078451042242229,-0.19335507095286766,-0.19335507095286777,-0.26100353245516306,-0.26100353245516306,-0.2533723166886974,-0.2533723166886973,0.3245063574625686,-0.40083351710296133,-0.40083351710296133,-0.4008335171029614,-0.4008335171029614,0.9761766079936257,-0.31977063540430195,-0.3197706354043019,0.9761766079936257,0.9761766079936257,-0.694548652506796,-0.694548652506796,-0.3991168347019628,-0.39911683470196285,-0.39911683470196285,-0.3991168347019628,-0.3991168347019628,-0.19335507095286772,-0.19335507095286777,0.39911683470196363,0.3991168347019628,-0.39911683470196285,-0.39911683470196285,-0.3991168347019628,0.8232099373693749,0.8232099373693749,-0.694548652506796,-0.9640490264526441,-0.9660926751320393,0,2022-07-08
-0.6001484726475953,-0.6001484726475952,0.8158006008277523,0.8158006008277522,0.8158006008277522,0.8158006008277524,0.928316249085049,0.928316249085049,-0.5966537398390945,-0.5966537398390945,-0.5966537398390946,-0.00049612478611147,-0.000496124786111486,0.5737965113551206,0.5737965113551208,-0.7137712880536509,-0.7137712880536509,-0.26100353245516306,-0.26100353245516306,-0.2533723166886974,-0.2533723166886973,-0.2744122848852175,-0.40083351710296133,-0.40083351710296133,-0.4008335171029614,-0.4008335171029614,-0.5966537398390945,-0.31977063540430195,-0.3197706354043019,-0.5966537398390945,-0.5966537398390946,-0.694548652506796,-0.694548652506796,-0.3991168347019628,-0.39911683470196285,-0.39911683470196285,-0.3991168347019628,-0.3991168347019628,-0.7137712880536509,-0.7137712880536509,0.39911683470196363,0.3991168347019628,-0.39911683470196285,-0.39911683470196285,-0.3991168347019628,0.18732431654289528,0.18732431654289525,-0.694548652506796,-0.9640490264526441,-0.9660926751320393,1,2022-07-11
-0.5311713217695135,-0.5311713217695134,0.670609482086039,0.6706094820860389,0.6706094820860389,0.670609482086039,0.928316249085049,0.928316249085049,-0.5966537398390945,-0.5966537398390945,-0.5966537398390946,-0.00049612478611147,-0.000496124786111486,-0.053337498699801714,-0.053337498699801554,-0.7137712880536509,-0.7137712880536509,-0.26100353245516306,-0.26100353245516306,-0.2533723166886974,-0.2533723166886973,-0.1876798304070207,-0.40083351710296133,-0.40083351710296133,-0.4008335171029614,-0.4008335171029614,-0.5966537398390945,-0.31977063540430195,-0.3197706354043019,-0.5966537398390945,-0.5966537398390946,-0.694548652506796,-0.694548652506796,-0.3991168347019628,-0.39911683470196285,-0.39911683470196285,-0.3991168347019628,-0.3991168347019628,-0.7137712880536509,-0.7137712880536509,0.39911683470196363,0.3991168347019628,-0.39911683470196285,-0.39911683470196285,-0.3991168347019628,-0.5266965899830087,-0.5266965899830087,-0.694548652506796,-0.9640490264526441,-0.9660926751320393,1,2022-07-12
0.0830752444674826,0.08307524446748266,0.5786726911387372,0.5786726911387367,0.5786726911387371,0.5786726911387368,0.928316249085049,0.928316249085049,-0.5966537398390945,-0.5966537398390945,-0.5966537398390946,-0.00049612478611147,-0.000496124786111486,-0.10942662219356222,-0.10942662219356204,-0.7137712880536509,-0.7137712880536509,-0.26100353245516306,-0.26100353245516306,-0.2533723166886974,-0.2533723166886973,-0.16521643324346566,-0.40083351710296133,-0.40083351710296133,-0.4008335171029614,-0.4008335171029614,-0.5966537398390945,-0.31977063540430195,-0.3197706354043019,-0.5966537398390945,-0.5966537398390946,-0.694548652506796,-0.694548652506796,-0.3991168347019628,-0.39911683470196285,-0.39911683470196285,-0.3991168347019628,-0.3991168347019628,-0.7137712880536509,-0.7137712880536509,0.39911683470196363,0.3991168347019628,-0.39911683470196285,-0.39911683470196285,-0.3991168347019628,-0.6441069683500585,-0.6441069683500585,-0.694548652506796,-0.9640490264526441,-0.9660926751320393,0,2022-07-13
-0.5224343639734,-0.5224343639733999,0.3377163296351476,0.3377163296351476,0.33771632963514747,0.33771632963514764,0.928316249085049,0.928316249085049,0.9761766079936257,0.9761766079936257,0.9761766079936258,0.46524621319998444,0.4652462131999845,-0.1837097830080876,-0.18370978300808746,-0.7137712880536509,-0.7137712880536509,-0.26100353245516306,-0.26100353245516306,-0.2533723166886974,-0.2533723166886973,-0.6145937488697321,-0.40083351710296133,-0.40083351710296133,-0.4008335171029614,-0.4008335171029614,-0.5966537398390945,0.7993665829081819,0.7993665829081819,-0.5966537398390945,-0.5966537398390946,0.1761568026730258,0.17615680267302583,-0.04237603444058102,-0.39911683470196285,-0.39911683470196285,-0.3991168347019628,-0.3991168347019628,-0.7137712880536509,-0.7137712880536509,0.04237603444058254,0.04237603444058178,-0.042376034440580974,-0.042376034440580974,-0.04237603444058102,-1.3287798986725796,-1.3287798986725798,0.17615680267302583,1.2264228306865435,1.2254122879306393,1,2022-07-14
0.1273635873139566,0.12736358731395653,0.4121068431008301,0.4121068431008301,0.41210684310083007,0.4121068431008302,0.928316249085049,0.928316249085049,-0.5966537398390945,-0.5966537398390945,-0.5966537398390946,-0.4662384627722075,-0.46623846277220754,0.530293957909623,0.5302939579096231,-0.0638361923340821,-0.06383619233408216,-0.26100353245516306,-0.26100353245516306,-0.2533723166886974,-0.2533723166886973,-0.014784572061192576,-0.40083351710296133,-0.40083351710296133,-0.4008335171029614,-0.4008335171029614,0.9761766079936257,-0.31977063540430195,-0.3197706354043019,0.9761766079936257,0.9761766079936257,-0.694548652506796,-0.694548652506796,-0.3991168347019628,-0.04237603444058108,-0.04237603444058108,-0.042376034440580974,-0.042376034440580974,-0.06383619233408212,-0.06383619233408216,0.39911683470196363,0.3991168347019628,-0.39911683470196285,-0.39911683470196285,-0.3991168347019628,-0.6315850573667982,-0.6315850573667982,-0.694548652506796,-0.9640490264526441,-0.9660926751320393,1,2022-07-15
0.39484534955707373,0.3948453495570737,0.5439764606264667,0.5439764606264665,0.5439764606264665,0.5439764606264665,0.928316249085049,0.928316249085049,0.9761766079936257,0.9761766079936257,0.9761766079936258,0.6855373070373457,0.6855373070373457,0.10453983894950226,0.10453983894950239,-0.7137712880536509,-0.7137712880536509,-0.26100353245516306,-0.26100353245516306,-0.2533723166886974,-0.2533723166886973,0.1776959418792839,-0.04659413202415848,-0.04659413202415848,-0.046594132024158456,-0.046594132024158456,-0.5966537398390945,1.3287063956514213,1.3287063956514216,-0.5966537398390945,-0.5966537398390946,1.2292609396402174,1.2292609396402172,0.662035884719605,-0.39911683470196285,-0.39911683470196285,-0.3991168347019628,-0.3991168347019628,-0.7137712880536509,-0.7137712880536509,-0.6620358847196047,-0.6620358847196055,0.6620358847196051,0.6620358847196051,0.662035884719605,0.32231799830953545,0.3223179983095354,1.2292609396402172,2.321658759256137,2.321164769461979,1,2022-07-18
0.3963870814060644,0.3963870814060643,0.90131190514702,0.9013119051470199,0.9013119051470199,0.90131190514702,0.928316249085049,0.928316249085049,-0.5966537398390945,-0.5966537398390945,-0.5966537398390946,-0.12741510524570793,-0.12741510524570734,0.4713178939776479,0.4713178939776482,0.243576085833397,0.24357608583339696,-0.26100353245516306,-0.26100353245516306,-0.2533723166886974,-0.2533723166886973,0.8663380415689674,-0.40083351710296133,-0.40083351710296133,-0.4008335171029614,-0.4008335171029614,0.9761766079936257,1.0237314273957987,1.0237314273957987,0.9761766079936257,0.9761766079936257,-0.17191632646848753,-0.17191632646848753,-0.3991168347019628,0.662035884719605,0.662035884719605,0.662035884719605,0.662035884719605,0.243576085833397,0.24357608583339696,0.39911683470196363,0.3991168347019628,-0.39911683470196285,-0.39911683470196285,-0.3991168347019628,1.0796247339880412,1.079624733988041,-0.17191632646848753,0.13118690211694967,0.1296598063993,1,2022-07-19
0.7742248498002148,0.7742248498002146,1.3384013269116684,1.3384013269116681,1.3384013269116686,1.3384013269116686,0.928316249085049,0.928316249085049,0.9761766079936257,0.9761766079936257,0.9761766079936258,-0.09386823816387631,-0.09386823816387624,0.506487202184506,0.5064872021845064,0.06646292049325045,0.0664629204932504,-0.26100353245516306,-0.26100353245516306,-0.2533723166886974,-0.2533723166886973,1.3760059082709741,0.6528785520721219,0.6528785520721219,0.6528785520721218,0.6528785520721218,-0.5966537398390945,0.7993665829081819,0.7993665829081819,-0.5966537398390945,-0.5966537398390946,0.1761568026730258,0.17615680267302583,-0.04237603444058102,-0.39911683470196285,-0.39911683470196285,-0.3991168347019628,-0.3991168347019628,0.0664629204932504,0.0664629204932504,0.04237603444058254,0.04237603444058178,-0.042376034440580974,-0.042376034440580974,-0.04237603444058102,1.7360177886516563,1.7360177886516563,0.17615680267302583,1.2811846271150231,1.2254122879306393,1,2022-07-20
0.6076747879522091,0.607674787952209,1.5620681664122416,1.5620681664122416,1.5620681664122418,1.562068166412242,0.928316249085049,0.928316249085049,0.9761766079936257,0.9761766079936257,0.9761766079936258,-0.09330912371251236,-0.09330912371251238,-0.22910544247014267,-0.22910544247014256,-0.0638361923340821,-0.06383619233408216,-0.26100353245516306,-0.26100353245516306,-0.2533723166886974,-0.2533723166886973,1.2541780778908542,-0.40083351710296133,-0.40083351710296133,-0.4008335171029614,-0.4008335171029614,0.9761766079936257,0.5763452404833651,0.5763452404833651,0.9761766079936257,0.9761766079936257,-0.3459528910392444,-0.3459528910392443,-0.3991168347019628,-0.04237603444058108,-0.04237603444058108,-0.042376034440580974,-0.042376034440580974,-0.06383619233408212,-0.06383619233408216,0.39911683470196363,0.3991168347019628,-0.39911683470196285,-0.39911683470196285,-0.3991168347019628,2.328513660013032,2.3285136600130314,-0.3459528910392443,0.13118690211694967,0.1296598063993,0,2022-07-21
-0.221971167276311,-0.221971167276311,1.17761018847697,1.17761018847697,1.17761018847697,1.1776101884769703,0.928316249085049,0.928316249085049,-0.5966537398390945,-0.5966537398390945,-0.5966537398390946,0.752631041201009,0.752631041201009,1.403816695275573,1.4038166952755733,-0.19335507095286766,-0.19335507095286777,-0.26100353245516306,-0.26100353245516306,-0.2533723166886974,-0.2533723166886973,0.022024875017685398,-0.04659413202415848,-0.04659413202415848,-0.046594132024158456,-0.046594132024158456,0.9761766079936257,2.3860425190751005,2.3860425190751005,0.9761766079936257,0.9761766079936257,0.3580328521343571,0.35803285213435715,-0.3991168347019628,-0.39911683470196285,-0.39911683470196285,-0.3991168347019628,-0.3991168347019628,-0.19335507095286772,-0.19335507095286777,0.39911683470196363,0.3991168347019628,-0.39911683470196285,-0.39911683470196285,-0.3991168347019628,0.3381091079746941,0.33810910797469407,0.35803285213435715,0.13118690211694967,0.1296598063993,0,2022-07-22
0.14720807087192136,0.14720807087192123,0.7997545327337724,0.7997545327337721,0.7997545327337723,0.7997545327337722,0.928316249085049,0.928316249085049,-0.5966537398390945,-0.5966537398390945,-0.5966537398390946,-1.126552629832927,-1.126552629832927,1.4338412692000428,1.4338412692000428,0.8576204079598082,0.8576204079598081,-0.26100353245516306,-0.26100353245516306,-0.2533723166886974,-0.2533723166886973,-0.18614197161773394,-0.40083351710296133,-0.40083351710296133,-0.4008335171029614,-0.4008335171029614,-0.5966537398390945,-0.31977063540430195,-0.3197706354043019,-0.5966537398390945,-0.5966537398390946,-0.694548652506796,-0.694548652506796,-0.3991168347019628,-0.39911683470196285,-0.39911683470196285,-0.3991168347019628,-0.3991168347019628,0.8576204079598081,0.8576204079598081,0.39911683470196363,0.3991168347019628,-0.39911683470196285,-0.39911683470196285,-0.3991168347019628,-0.1354969470321677,-0.13549694703216766,-0.694548652506796,0.07642510568846998,0.1296598063993,0,2022-07-25
-0.40121736032450134,-0.4012173603245012,0.28373294786382536,0.28373294786382514,0.28373294786382536,0.2837329478638252,0.928316249085049,0.928316249085049,-0.5966537398390945,-0.5966537398390945,-0.5966537398390946,0.5586183265777493,0.5586183265777493,1.0848962389756414,1.0848962389756414,-0.7137712880536509,-0.7137712880536509,-0.26100353245516306,-0.26100353245516306,-0.2533723166886974,-0.2533723166886973,-0.7832641623791006,-0.40083351710296133,-0.40083351710296133,-0.4008335171029614,-0.4008335171029614,-0.5966537398390945,1.0237314273957987,1.0237314273957987,-0.5966537398390945,-0.5966537398390946,-0.17191632646848753,-0.17191632646848753,-0.3991168347019628,-0.39911683470196285,-0.39911683470196285,-0.3991168347019628,-0.3991168347019628,-0.7137712880536509,-0.7137712880536509,0.39911683470196363,0.3991168347019628,-0.39911683470196285,-0.39911683470196285,-0.3991168347019628,-1.518252106256213,-1.518252106256213,-0.17191632646848753,0.13118690211694967,0.1296598063993,1,2022-07-26
0.30708983352006697,0.3070898335200669,0.2961505716506112,0.2961505716506111,0.29615057165061126,0.2961505716506111,0.928316249085049,0.928316249085049,-0.5966537398390945,-0.5966537398390945,-0.5966537398390946,-0.5596105761499722,-0.5596105761499723,1.567225305289039,1.5672253052890386,0.06646292049325045,0.0664629204932504,-0.26100353245516306,-0.26100353245516306,-0.2533723166886974,-0.2533723166886973,0.0697245485588003,-0.40083351710296133,-0.40083351710296133,-0.4008335171029614,-0.4008335171029614,-0.5966537398390945,-0.31977063540430195,-0.3197706354043019,-0.5966537398390945,-0.5966537398390946,-0.694548652506796,-0.694548652506796,-0.3991168347019628,-0.39911683470196285,-0.39911683470196285,-0.3991168347019628,-0.3991168347019628,0.0664629204932504,0.0664629204932504,0.39911683470196363,0.3991168347019628,-0.39911683470196285,-0.39911683470196285,-0.3991168347019628,-1.2023991313617073,-1.2023991313617075,-0.694548652506796,-0.9640490264526441,-0.9660926751320393,0,2022-07-27
0.07633065103657814,0.07633065103657816,0.0050415039725691625,0.005041503972569138,0.005041503972569274,0.005041503972569257,0.928316249085049,0.928316249085049,-0.5966537398390945,-0.5966537398390945,-0.5966537398390946,-0.00049612478611147,-0.000496124786111486,1.6572173037458127,1.6572173037458124,-0.7137712880536509,-0.7137712880536509,-0.26100353245516306,-0.26100353245516306,-0.2533723166886974,-0.2533723166886973,-0.6723706250979322,-0.40083351710296133,-0.40083351710296133,-0.4008335171029614,-0.4008335171029614,-0.5966537398390945,-0.31977063540430195,-0.3197706354043019,-0.5966537398390945,-0.5966537398390946,-0.694548652506796,-0.694548652506796,-0.3991168347019628,-0.39911683470196285,-0.39911683470196285,-0.3991168347019628,-0.3991168347019628,-0.7137712880536509,-0.7137712880536509,0.39911683470196363,0.3991168347019628,-0.39911683470196285,-0.39911683470196285,-0.3991168347019628,-1.942412781021011,-1.9424127810210114,-0.694548652506796,0.13118690211694967,0.1296598063993,0,2022-07-28
-0.5005950390897148,-0.5005950390897147,-0.22341398745374877,-0.2234139874537488,-0.22341398745374882,-0.22341398745374869,-1.0772191060811471,-1.0772191060811471,1.7625917819099859,1.7625917819099859,1.7625917819099859,1.7741331438427828,1.7741331438427828,1.2022621552031103,1.2022621552031107,-0.7137712880536509,-0.7137712880536509,-0.26100353245516306,-0.26100353245516306,-0.2533723166886974,-0.2533723166886973,-0.8018780730726565,-0.40083351710296133,-0.40083351710296133,-0.4008335171029614,-0.4008335171029614,-0.5966537398390945,3.944504911923217,3.9445049119232176,-0.5966537398390945,-0.5966537398390946,2.623121353184386,2.6231213531843864,2.0799294044025545,-0.39911683470196285,-0.39911683470196285,-0.3991168347019628,-0.3991168347019628,-0.7137712880536509,-0.7137712880536509,-2.079929404402554,-2.079929404402555,2.079929404402555,2.079929404402555,2.0799294044025545,-0.9944327766745334,-0.9944327766745339,2.6231213531843864,1.2811846271150231,1.2254122879306393,1,2022-07-29
-0.6100018728259151,-0.610001872825915,-0.3197383626752101,-0.3197383626752099,-0.31973836267521005,-0.31973836267521,-1.0772191060811471,-1.0772191060811471,-0.5966537398390945,-0.5966537398390945,-0.5966537398390946,-1.7751253934150057,-1.7751253934150055,1.2286394108973395,1.2286394108973395,1.7626920898742136,1.7626920898742138,-0.26100353245516306,-0.26100353245516306,-0.2533723166886974,-0.2533723166886973,-0.7306065146833257,-0.40083351710296133,-0.40083351710296133,-0.4008335171029614,-0.4008335171029614,1.7625917819099859,-0.31977063540430195,-0.3197706354043019,1.7625917819099859,1.762591781909986,-0.694548652506796,-0.694548652506796,-0.3991168347019628,2.0799294044025545,2.0799294044025545,2.0799294044025545,2.0799294044025545,1.762692089874214,1.7626920898742138,0.39911683470196363,0.3991168347019628,-0.39911683470196285,-0.39911683470196285,-0.3991168347019628,-0.6946743703753658,-0.6946743703753658,-0.694548652506796,-0.9640490264526441,-0.9660926751320393,1,2022-08-01
-1.1205405898092728,-1.1205405898092728,-0.3462445844621504,-0.3462445844621506,-0.34624458446215034,-0.3462445844621507,-1.0772191060811471,-1.0772191060811471,0.9761766079936257,0.9761766079936257,0.9761766079936258,0.3724332142735836,0.3724332142735836,0.9493323213328021,0.9493323213328023,-0.7137712880536509,-0.7137712880536509,-0.26100353245516306,-0.26100353245516306,-0.2533723166886974,-0.2533723166886973,-0.6756363212040404,2.060830006326008,2.060830006326008,2.060830006326008,2.060830006326008,-0.5966537398390945,0.5763452404833651,0.5763452404833651,-0.5966537398390945,-0.5966537398390946,-0.3459528910392444,-0.3459528910392443,-0.3991168347019628,-0.39911683470196285,-0.39911683470196285,-0.3991168347019628,-0.3991168347019628,-0.7137712880536509,-0.7137712880536509,0.39911683470196363,0.3991168347019628,-0.39911683470196285,-0.39911683470196285,-0.3991168347019628,0.01626692347341535,0.01626692347341542,-0.3459528910392443,0.13118690211694967,0.1296598063993,1,2022-08-02
-0.9999118082478893,-0.9999118082478891,-0.05271842461104653,-0.052718424611046553,-0.052718424611046553,-0.052718424611046456,-1.0772191060811471,-1.0772191060811471,-0.5966537398390945,-0.5966537398390945,-0.5966537398390946,-0.3734254638458066,-0.3734254638458066,0.705946234423458,0.7059462344234582,-0.19335507095286766,-0.19335507095286777,-0.26100353245516306,-0.26100353245516306,-0.2533723166886974,-0.2533723166886973,0.06547741036685309,-0.40083351710296133,-0.40083351710296133,-0.4008335171029614,-0.4008335171029614,0.9761766079936257,-0.31977063540430195,-0.3197706354043019,0.9761766079936257,0.9761766079936257,-0.694548652506796,-0.694548652506796,-0.3991168347019628,-0.39911683470196285,-0.39911683470196285,-0.3991168347019628,-0.3991168347019628,-0.19335507095286772,-0.19335507095286777,0.39911683470196363,0.3991168347019628,-0.39911683470196285,-0.39911683470196285,-0.3991168347019628,-0.15266316123228918,-0.15266316123228912,-0.694548652506796,-0.9640490264526441,-0.9660926751320393,1,2022-08-03
-0.8949368041432477,-0.8949368041432476,0.20148809955128597,0.20148809955128594,0.20148809955128594,0.20148809955128588,0.928316249085049,0.928316249085049,-0.5966537398390945,-0.5966537398390945,-0.5966537398390946,-0.00049612478611147,-0.000496124786111486,-0.05320867677367691,-0.053208676773676813,-0.7137712880536509,-0.7137712880536509,-0.26100353245516306,-0.26100353245516306,-0.2533723166886974,-0.2533723166886973,0.22410317822641873,-0.40083351710296133,-0.40083351710296133,-0.4008335171029614,-0.4008335171029614,-0.5966537398390945,-0.31977063540430195,-0.3197706354043019,-0.5966537398390945,-0.5966537398390946,-0.694548652506796,-0.694548652506796,-0.3991168347019628,-0.39911683470196285,-0.39911683470196285,-0.3991168347019628,-0.3991168347019628,-0.7137712880536509,-0.7137712880536509,0.39911683470196363,0.3991168347019628,-0.39911683470196285,-0.39911683470196285,-0.3991168347019628,0.8469655263997593,0.8469655263997593,-0.694548652506796,-0.9640490264526441,-0.9660926751320393,0,2022-08-04
-0.25982157353142343,-0.2598215735314234,0.24548264191924854,0.2454826419192485,0.24548264191924843,0.2454826419192485,0.928316249085049,0.928316249085049,-0.5966537398390945,-0.5966537398390945,-0.5966537398390946,-0.00049612478611147,-0.000496124786111486,0.09390392463695643,0.09390392463695656,-0.7137712880536509,-0.7137712880536509,-0.26100353245516306,-0.26100353245516306,-0.2533723166886974,-0.2533723166886973,-0.05607227563344556,-0.40083351710296133,-0.40083351710296133,-0.4008335171029614,-0.4008335171029614,-0.5966537398390945,-0.31977063540430195,-0.3197706354043019,-0.5966537398390945,-0.5966537398390946,-0.694548652506796,-0.694548652506796,-0.3991168347019628,-0.39911683470196285,-0.39911683470196285,-0.3991168347019628,-0.3991168347019628,-0.7137712880536509,-0.7137712880536509,0.39911683470196363,0.3991168347019628,-0.39911683470196285,-0.39911683470196285,-0.3991168347019628,0.6809644690432606,0.6809644690432607,-0.694548652506796,0.13118690211694967,0.1296598063993,1,2022-08-05
0.1297092476848449,0.1297092476848448,0.3714913023410275,0.3714913023410275,0.37149130234102756,0.37149130234102756,0.928316249085049,0.928316249085049,-0.5966537398390945,-0.5966537398390945,-0.5966537398390946,-0.00049612478611147,-0.000496124786111486,0.09734480763279714,0.09734480763279721,-0.7137712880536509,-0.7137712880536509,-0.26100353245516306,-0.26100353245516306,-0.2533723166886974,-0.2533723166886973,0.18097641355522295,-0.40083351710296133,-0.40083351710296133,-0.4008335171029614,-0.4008335171029614,-0.5966537398390945,-0.31977063540430195,-0.3197706354043019,-0.5966537398390945,-0.5966537398390946,-0.694548652506796,-0.694548652506796,-0.3991168347019628,-0.39911683470196285,-0.39911683470196285,-0.3991168347019628,-0.3991168347019628,-0.7137712880536509,-0.7137712880536509,0.39911683470196363,0.3991168347019628,-0.39911683470196285,-0.39911683470196285,-0.3991168347019628,0.8961476356320355,0.8961476356320355,-0.694548652506796,-0.9640490264526441,-0.9660926751320393,0,2022-08-08
0.5529376673501024,0.5529376673501023,0.38181774631865817,0.38181774631865817,0.38181774631865817,0.38181774631865817,0.928316249085049,0.928316249085049,0.9761766079936257,0.9761766079936257,0.9761766079936258,0.3724332142735836,0.3724332142735836,0.19150255273715405,0.19150255273715416,-0.7137712880536509,-0.7137712880536509,-0.26100353245516306,-0.26100353245516306,-0.2533723166886974,-0.2533723166886973,0.011133828424113933,-0.40083351710296133,-0.40083351710296133,-0.4008335171029614,-0.4008335171029614,-0.5966537398390945,0.5763452404833651,0.5763452404833651,-0.5966537398390945,-0.5966537398390946,-0.3459528910392444,-0.3459528910392443,-0.3991168347019628,-0.39911683470196285,-0.39911683470196285,-0.3991168347019628,-0.3991168347019628,-0.7137712880536509,-0.7137712880536509,0.39911683470196363,0.3991168347019628,-0.39911683470196285,-0.39911683470196285,-0.3991168347019628,0.7070238347892294,0.7070238347892294,-0.3459528910392443,0.13118690211694967,0.1296598063993,1,2022-08-09
0.4704009224808508,0.47040092248085075,0.6967290140147073,0.6967290140147071,0.6967290140147072,0.6967290140147072,0.928316249085049,0.928316249085049,-0.5966537398390945,-0.5966537398390945,-0.5966537398390946,-0.3734254638458066,-0.3734254638458066,0.2868669430891713,0.28686694308917143,-0.19335507095286766,-0.19335507095286777,-0.26100353245516306,-0.26100353245516306,-0.2533723166886974,-0.2533723166886973,0.7818517071503531,-0.40083351710296133,-0.40083351710296133,-0.4008335171029614,-0.4008335171029614,0.9761766079936257,-0.31977063540430195,-0.3197706354043019,0.9761766079936257,0.9761766079936257,-0.694548652506796,-0.694548652506796,-0.3991168347019628,-0.39911683470196285,-0.39911683470196285,-0.3991168347019628,-0.3991168347019628,-0.19335507095286772,-0.19335507095286777,0.39911683470196363,0.3991168347019628,-0.39911683470196285,-0.39911683470196285,-0.3991168347019628,0.7745908655402546,0.7745908655402546,-0.694548652506796,-0.9640490264526441,-0.9660926751320393,0,2022-08-10
1.0676371694915425,1.067637169491542,0.834386916311674,0.8343869163116739,0.8343869163116738,0.8343869163116742,0.928316249085049,0.928316249085049,-0.5966537398390945,-0.5966537398390945,-0.5966537398390946,-0.00049612478611147,-0.000496124786111486,0.3357202084863764,0.3357202084863765,-0.7137712880536509,-0.7137712880536509,-0.26100353245516306,-0.26100353245516306,-0.2533723166886974,-0.2533723166886973,0.6227289943701586,-0.40083351710296133,-0.40083351710296133,-0.4008335171029614,-0.4008335171029614,-0.5966537398390945,-0.31977063540430195,-0.3197706354043019,-0.5966537398390945,-0.5966537398390946,-0.694548652506796,-0.694548652506796,-0.3991168347019628,-0.39911683470196285,-0.39911683470196285,-0.3991168347019628,-0.3991168347019628,-0.7137712880536509,-0.7137712880536509,0.39911683470196363,0.3991168347019628,-0.39911683470196285,-0.39911683470196285,-0.3991168347019628,0.5326477460252984,0.5326477460252983,-0.694548652506796,-0.9640490264526441,-0.9660926751320393,1,2022-08-11
1.4095632591835559,1.4095632591835552,0.9784996521845832,0.9784996521845831,0.9784996521845831,0.9784996521845833,0.928316249085049,0.928316249085049,2.549006955826346,2.549006955826346,2.5490069558263464,0.3724332142735836,0.3724332142735836,0.08829989573044887,0.088299895730449,-0.7137712880536509,-0.7137712880536509,-0.26100353245516306,-0.26100353245516306,-0.2533723166886974,-0.2533723166886973,0.8062332954544343,-0.40083351710296133,-0.40083351710296133,-0.4008335171029614,-0.4008335171029614,-0.5966537398390945,0.5763452404833651,0.5763452404833651,-0.5966537398390945,-0.5966537398390946,0.002642870428307339,0.002642870428307394,-0.3991168347019628,-0.39911683470196285,-0.39911683470196285,-0.3991168347019628,-0.3991168347019628,-0.7137712880536509,-0.7137712880536509,0.39911683470196363,0.3991168347019628,-0.39911683470196285,-0.39911683470196285,-0.3991168347019628,1.1328088720286595,1.1328088720286595,0.002642870428307394,1.2811846271150231,1.2254122879306393,1,2022-08-12
1.3704663306745926,1.3704663306745926,1.0307869574586201,1.0307869574586201,1.0307869574586201,1.0307869574586204,0.928316249085049,0.928316249085049,-0.5966537398390945,-0.5966537398390945,-0.5966537398390946,-0.3734254638458066,-0.3734254638458066,0.11992895797859562,0.11992895797859575,-0.19335507095286766,-0.19335507095286777,-0.26100353245516306,-0.26100353245516306,-0.2533723166886974,-0.2533723166886973,0.7780536234241529,-0.40083351710296133,-0.40083351710296133,-0.4008335171029614,-0.4008335171029614,2.549006955826346,-0.31977063540430195,-0.3197706354043019,2.549006955826346,2.549006955826346,-0.694548652506796,-0.694548652506796,-0.3991168347019628,-0.39911683470196285,-0.39911683470196285,-0.3991168347019628,-0.3991168347019628,-0.19335507095286772,-0.19335507095286777,0.39911683470196363,0.3991168347019628,-0.39911683470196285,-0.39911683470196285,-0.3991168347019628,0.8653164650670999,0.8653164650670999,-0.694548652506796,-0.9640490264526441,-0.9660926751320393,0,2022-08-15
1.2491704994624497,1.2491704994624493,0.9609377162560332,0.9609377162560331,0.960937716256033,0.9609377162560332,0.928316249085049,0.928316249085049,-0.5966537398390945,-0.5966537398390945,-0.5966537398390946,-0.00049612478611147,-0.000496124786111486,0.09471726942147295,0.09471726942147307,-0.7137712880536509,-0.7137712880536509,-0.26100353245516306,-0.26100353245516306,-0.2533723166886974,-0.2533723166886973,0.6427479432474834,-0.40083351710296133,-0.40083351710296133,-0.4008335171029614,-0.4008335171029614,-0.5966537398390945,-0.31977063540430195,-0.3197706354043019,-0.5966537398390945,-0.5966537398390946,-0.694548652506796,-0.694548652506796,-0.3991168347019628,-0.39911683470196285,-0.39911683470196285,-0.3991168347019628,-0.3991168347019628,-0.7137712880536509,-0.7137712880536509,0.39911683470196363,0.3991168347019628,-0.39911683470196285,-0.39911683470196285,-0.3991168347019628,0.9020048792329769,0.9020048792329769,-0.694548652506796,-0.9640490264526441,-0.9660926751320393,0,2022-08-16
0.29111858339634544,0.29111858339634533,0.7108767405539197,0.7108767405539196,0.7108767405539196,0.7108767405539198,0.928316249085049,0.928316249085049,0.9761766079936257,0.9761766079936257,0.9761766079936258,0.3724332142735836,0.3724332142735836,-0.5535615071202035,-0.5535615071202034,-0.7137712880536509,-0.7137712880536509,-0.26100353245516306,-0.26100353245516306,-0.2533723166886974,-0.2533723166886973,0.2913072111498856,-0.40083351710296133,-0.40083351710296133,-0.4008335171029614,-0.4008335171029614,-0.5966537398390945,0.5763452404833651,0.5763452404833651,-0.5966537398390945,-0.5966537398390946,-0.3459528910392444,-0.3459528910392443,-0.3991168347019628,-0.39911683470196285,-0.39911683470196285,-0.3991168347019628,-0.3991168347019628,-0.7137712880536509,-0.7137712880536509,0.39911683470196363,0.3991168347019628,-0.39911683470196285,-0.39911683470196285,-0.3991168347019628,-0.3797823188445536,-0.3797823188445536,-0.3459528910392443,0.13118690211694967,0.1296598063993,0,2022-08-17
0.15664348428400493,0.15664348428400485,0.5047377607722775,0.5047377607722775,0.5047377607722775,0.5047377607722775,0.928316249085049,0.928316249085049,0.9761766079936257,0.9761766079936257,0.9761766079936258,2.0492174539138017,2.049217453913802,-0.5517188486994422,-0.5517188486994422,-0.19335507095286766,-0.19335507095286777,-0.26100353245516306,-0.26100353245516306,3.946761086881632,3.9467610868816316,0.31209601913719426,-0.40083351710296133,-0.40083351710296133,-0.4008335171029614,-0.4008335171029614,0.9761766079936257,5.501623802708534,5.501623802708535,0.9761766079936257,0.9761766079936257,1.5700172162171944,1.5700172162171946,-0.3991168347019628,-0.39911683470196285,-0.39911683470196285,-0.3991168347019628,-0.3991168347019628,-0.19335507095286772,-0.19335507095286777,0.39911683470196363,0.3991168347019628,-0.39911683470196285,-0.39911683470196285,-0.3991168347019628,-0.32478912933747295,-0.324789129337473,1.5700172162171946,0.18594869854542936,0.1296598063993,0,2022-08-18
-0.05750775781860894,-0.057507757818608965,0.12197773049350044,0.1219777304935004,0.12197773049350037,0.12197773049350037,0.928316249085049,0.928316249085049,-0.5966537398390945,-0.5966537398390945,-0.5966537398390946,-2.4231390425457207,-2.42313904254572,-0.45429157695176847,-0.4542915769517683,2.666983537580072,2.666983537580072,-0.26100353245516306,-0.26100353245516306,-0.2533723166886974,-0.2533723166886973,-0.24627094780895037,-0.40083351710296133,-0.40083351710296133,-0.4008335171029614,-0.4008335171029614,0.9761766079936257,-0.31977063540430195,-0.3197706354043019,0.9761766079936257,0.9761766079936257,-0.694548652506796,-0.694548652506796,-0.3991168347019628,-0.39911683470196285,-0.39911683470196285,-0.3991168347019628,-0.3991168347019628,2.6669835375800726,2.666983537580072,0.39911683470196363,0.3991168347019628,-0.39911683470196285,-0.39911683470196285,-0.3991168347019628,-1.136930840157927,-1.136930840157927,-0.694548652506796,-0.9640490264526441,-0.9660926751320393,0,2022-08-19
-0.5945656980073812,-0.5945656980073811,-0.2929911907417519,-0.2929911907417519,-0.2929911907417518,-0.29299119074175195,-1.0772191060811471,-1.0772191060811471,-0.5966537398390945,-0.5966537398390945,-0.5966537398390946,-0.00049612478611147,-0.000496124786111486,-0.5561154930428147,-0.5561154930428145,-0.7137712880536509,-0.7137712880536509,-0.26100353245516306,-0.26100353245516306,-0.2533723166886974,-0.2533723166886973,-0.6450483274124021,-0.40083351710296133,-0.40083351710296133,-0.4008335171029614,-0.4008335171029614,-0.5966537398390945,-0.31977063540430195,-0.3197706354043019,-0.5966537398390945,-0.5966537398390946,-0.694548652506796,-0.694548652506796,-0.3991168347019628,-0.39911683470196285,-0.39911683470196285,-0.3991168347019628,-0.3991168347019628,-0.7137712880536509,-0.7137712880536509,0.39911683470196363,0.3991168347019628,-0.39911683470196285,-0.39911683470196285,-0.3991168347019628,-1.5791917239680557,-1.5791917239680557,-0.694548652506796,-0.9640490264526441,-0.9660926751320393,0,2022-08-22
-0.6142538986438134,-0.6142538986438132,-0.6082761734903184,-0.6082761734903185,-0.6082761734903185,-0.6082761734903185,-1.0772191060811471,-1.0772191060811471,-0.5966537398390945,-0.5966537398390945,-0.5966537398390946,-0.00049612478611147,-0.000496124786111486,-0.5974949632781917,-0.5974949632781915,-0.7137712880536509,-0.7137712880536509,-0.26100353245516306,-0.26100353245516306,-0.2533723166886974,-0.2533723166886973,-0.8163837214033255,-0.40083351710296133,-0.40083351710296133,-0.4008335171029614,-0.4008335171029614,-0.5966537398390945,-0.31977063540430195,-0.3197706354043019,-0.5966537398390945,-0.5966537398390946,-0.694548652506796,-0.694548652506796,-0.3991168347019628,-0.39911683470196285,-0.39911683470196285,-0.3991168347019628,-0.3991168347019628,-0.7137712880536509,-0.7137712880536509,0.39911683470196363,0.3991168347019628,-0.39911683470196285,-0.39911683470196285,-0.3991168347019628,-1.6349907268256336,-1.6349907268256334,-0.694548652506796,-0.9640490264526441,-0.9660926751320393,1,2022-08-23
-1.0736920177611762,-1.0736920177611764,-0.7089441499928015,-0.7089441499928016,-0.7089441499928015,-0.7089441499928018,-1.0772191060811471,-1.0772191060811471,0.9761766079936257,0.9761766079936257,0.9761766079936258,0.3724332142735836,0.3724332142735836,-0.2530487965295935,-0.2530487965295934,-0.7137712880536509,-0.7137712880536509,-0.26100353245516306,-0.26100353245516306,-0.2533723166886974,-0.2533723166886973,-0.6096401115712051,-0.40083351710296133,-0.40083351710296133,-0.4008335171029614,-0.4008335171029614,-0.5966537398390945,-0.31977063540430195,-0.3197706354043019,-0.5966537398390945,-0.5966537398390946,-0.3459528910392444,-0.3459528910392443,-0.3991168347019628,-0.39911683470196285,-0.39911683470196285,-0.3991168347019628,-0.3991168347019628,-0.7137712880536509,-0.7137712880536509,0.39911683470196363,0.3991168347019628,-0.39911683470196285,-0.39911683470196285,-0.3991168347019628,-1.0885599870442377,-1.0885599870442377,-0.3459528910392443,0.13118690211694967,0.1296598063993,1,2022-08-24
-0.6714493194849405,-0.6714493194849404,-0.5576160491134082,-0.5576160491134083,-0.5576160491134082,-0.5576160491134085,-1.0772191060811471,-1.0772191060811471,-0.5966537398390945,-0.5966537398390945,-0.5966537398390946,-0.3734254638458066,-0.3734254638458066,0.2558575750989022,0.2558575750989024,-0.19335507095286766,-0.19335507095286777,-0.26100353245516306,-0.26100353245516306,-0.2533723166886974,-0.2533723166886973,-0.17765791846379775,-0.40083351710296133,-0.40083351710296133,-0.4008335171029614,-0.4008335171029614,0.9761766079936257,-0.31977063540430195,-0.3197706354043019,0.9761766079936257,0.9761766079936257,-0.694548652506796,-0.694548652506796,-0.3991168347019628,-0.39911683470196285,-0.39911683470196285,-0.3991168347019628,-0.3991168347019628,-0.19335507095286772,-0.19335507095286777,0.39911683470196363,0.3991168347019628,-0.39911683470196285,-0.39911683470196285,-0.3991168347019628,-0.5936468945664308,-0.5936468945664307,-0.694548652506796,-0.9640490264526441,-0.9660926751320393,0,2022-08-25
-1.290819156431417,-1.2908191564314169,-0.6661384273418725,-0.6661384273418727,-0.6661384273418725,-0.6661384273418728,-1.0772191060811471,-1.0772191060811471,-0.5966537398390945,-0.5966537398390945,-0.5966537398390946,-0.00049612478611147,-0.000496124786111486,0.30371181288527804,0.30371181288527815,-0.7137712880536509,-0.7137712880536509,-0.26100353245516306,-0.26100353245516306,-0.2533723166886974,-0.2533723166886973,-0.7776784485260376,-0.40083351710296133,-0.40083351710296133,-0.4008335171029614,-0.4008335171029614,-0.5966537398390945,-0.31977063540430195,-0.3197706354043019,-0.5966537398390945,-0.5966537398390946,-0.694548652506796,-0.694548652506796,-0.3991168347019628,-0.39911683470196285,-0.39911683470196285,-0.3991168347019628,-0.3991168347019628,-0.7137712880536509,-0.7137712880536509,0.39911683470196363,0.3991168347019628,-0.39911683470196285,-0.39911683470196285,-0.3991168347019628,-0.641121625913933,-0.6411216259139328,-0.694548652506796,-0.9640490264526441,-0.9660926751320393,0,2022-08-26
-1.4762856422818542,-1.4762856422818538,-0.786250287180194,-0.7862502871801942,-0.7862502871801941,-0.7862502871801943,-1.0772191060811471,-1.0772191060811471,-0.5966537398390945,-0.5966537398390945,-0.5966537398390946,-0.00049612478611147,-0.000496124786111486,0.19929346680599905,0.1992934668059992,-0.7137712880536509,-0.7137712880536509,-0.26100353245516306,-0.26100353245516306,-0.2533723166886974,-0.2533723166886973,-0.994228075000353,-0.40083351710296133,-0.40083351710296133,-0.4008335171029614,-0.4008335171029614,-0.5966537398390945,-0.31977063540430195,-0.3197706354043019,-0.5966537398390945,-0.5966537398390946,-0.694548652506796,-0.694548652506796,-0.3991168347019628,-0.39911683470196285,-0.39911683470196285,-0.3991168347019628,-0.3991168347019628,-0.7137712880536509,-0.7137712880536509,0.39911683470196363,0.3991168347019628,-0.39911683470196285,-0.39911683470196285,-0.3991168347019628,-0.4439165439460762,-0.4439165439460762,-0.694548652506796,-0.9640490264526441,-0.9660926751320393,0,2022-08-29
-1.5243215094314817,-1.5243215094314817,-0.8859011328437388,-0.885901132843739,-0.8859011328437388,-0.8859011328437391,-1.0772191060811471,-1.0772191060811471,-0.5966537398390945,-0.5966537398390945,-0.5966537398390946,-0.00049612478611147,-0.000496124786111486,0.20203352711594974,0.20203352711594985,-0.7137712880536509,-0.7137712880536509,-0.26100353245516306,-0.26100353245516306,-0.2533723166886974,-0.2533723166886973,-1.1515346081307545,-0.40083351710296133,-0.40083351710296133,-0.4008335171029614,-0.4008335171029614,-0.5966537398390945,-0.31977063540430195,-0.3197706354043019,-0.5966537398390945,-0.5966537398390946,-0.694548652506796,-0.694548652506796,-0.3991168347019628,-0.39911683470196285,-0.39911683470196285,-0.3991168347019628,-0.3991168347019628,-0.7137712880536509,-0.7137712880536509,0.39911683470196363,0.3991168347019628,-0.39911683470196285,-0.39911683470196285,-0.3991168347019628,-0.45485673656506775,-0.4548567365650678,-0.694548652506796,-0.9640490264526441,-0.9660926751320393,1,2022-08-30
-0.8879570602145419,-0.8879570602145417,-0.7101058851733388,-0.7101058851733386,-0.7101058851733388,-0.7101058851733387,-1.0772191060811471,-1.0772191060811471,-0.5966537398390945,-0.5966537398390945,-0.5966537398390946,-0.00049612478611147,-0.000496124786111486,0.48716667709633255,0.4871666770963327,-0.7137712880536509,-0.7137712880536509,-0.26100353245516306,-0.26100353245516306,-0.2533723166886974,-0.2533723166886973,-0.6418681625349162,-0.40083351710296133,-0.40083351710296133,-0.4008335171029614,-0.4008335171029614,-0.5966537398390945,-0.31977063540430195,-0.3197706354043019,-0.5966537398390945,-0.5966537398390946,-0.694548652506796,-0.694548652506796,-0.3991168347019628,-0.39911683470196285,-0.39911683470196285,-0.3991168347019628,-0.3991168347019628,-0.7137712880536509,-0.7137712880536509,0.39911683470196363,0.3991168347019628,-0.39911683470196285,-0.39911683470196285,-0.3991168347019628,-0.11354307535288029,-0.11354307535288026,-0.694548652506796,-0.9640490264526441,-0.9660926751320393,1,2022-08-31
-0.7187535453893321,-0.718753545389332,-0.47898986614512773,-0.47898986614512773,-0.4789898661451277,-0.47898986614512784,-1.0772191060811471,-1.0772191060811471,-0.5966537398390945,-0.5966537398390945,-0.5966537398390946,-0.00049612478611147,-0.000496124786111486,0.2701814087468193,0.2701814087468194,-0.7137712880536509,-0.7137712880536509,-0.26100353245516306,-0.26100353245516306,-0.2533723166886974,-0.2533723166886973,-0.41539752160327986,-0.40083351710296133,-0.40083351710296133,-0.4008335171029614,-0.4008335171029614,-0.5966537398390945,-0.31977063540430195,-0.3197706354043019,-0.5966537398390945,-0.5966537398390946,-0.694548652506796,-0.694548652506796,-0.3991168347019628,-0.39911683470196285,-0.39911683470196285,-0.3991168347019628,-0.3991168347019628,-0.7137712880536509,-0.7137712880536509,0.39911683470196363,0.3991168347019628,-0.39911683470196285,-0.39911683470196285,-0.3991168347019628,-0.39030777363874536,-0.3903077736387453,-0.694548652506796,-0.9640490264526441,-0.9660926751320393,0,2022-09-01
-0.6307973264796198,-0.6307973264796197,-0.4695510653385989,-0.4695510653385991,-0.46955106533859886,-0.46955106533859914,-1.0772191060811471,-1.0772191060811471,-0.5966537398390945,-0.5966537398390945,-0.5966537398390946,0.5586183265777493,0.5586183265777493,0.08953701263879131,0.08953701263879141,-0.7137712880536509,-0.7137712880536509,-0.26100353245516306,-0.26100353245516306,-0.2533723166886974,-0.2533723166886973,-0.8139638721042106,-0.40083351710296133,-0.40083351710296133,-0.4008335171029614,-0.4008335171029614,-0.5966537398390945,-0.31977063540430195,-0.3197706354043019,-0.5966537398390945,-0.5966537398390946,-0.17191632646848753,-0.17191632646848753,-0.3991168347019628,-0.39911683470196285,-0.39911683470196285,-0.3991168347019628,-0.3991168347019628,-0.7137712880536509,-0.7137712880536509,0.39911683470196363,0.3991168347019628,-0.39911683470196285,-0.39911683470196285,-0.3991168347019628,-0.21979885572760652,-0.21979885572760643,-0.17191632646848753,0.13118690211694967,0.1296598063993,0,2022-09-02
-0.4287188465544172,-0.4287188465544172,-0.4915084078859891,-0.4915084078859891,-0.49150840788598893,-0.49150840788598904,-1.0772191060811471,-1.0772191060811471,0.9761766079936257,0.9761766079936257,0.9761766079936258,-0.1866812370902772,-0.18668123709027712,0.05609388465370689,0.05609388465370706,0.06646292049325045,0.0664629204932504,-0.26100353245516306,-0.26100353245516306,-0.2533723166886974,-0.2533723166886973,-0.917935935897399,-0.40083351710296133,-0.40083351710296133,-0.4008335171029614,-0.4008335171029614,-0.5966537398390945,-0.31977063540430195,-0.3197706354043019,-0.5966537398390945,-0.5966537398390946,-0.3459528910392444,-0.3459528910392443,-0.3991168347019628,-0.39911683470196285,-0.39911683470196285,-0.3991168347019628,-0.3991168347019628,0.0664629204932504,0.0664629204932504,0.39911683470196363,0.3991168347019628,-0.39911683470196285,-0.39911683470196285,-0.3991168347019628,-0.14292905208009393,-0.14292905208009385,-0.3459528910392443,0.13118690211694967,0.1296598063993,1,2022-09-06
-0.16582917035629824,-0.16582917035629818,-0.4117517538022605,-0.4117517538022605,-0.41175175380226037,-0.4117517538022606,-1.0772191060811471,-1.0772191060811471,0.9761766079936257,0.9761766079936257,0.9761766079936258,2.0492174539138017,2.049217453913802,0.024734669099236946,0.024734669099237043,-0.19335507095286766,-0.19335507095286777,-0.26100353245516306,-0.26100353245516306,-0.2533723166886974,-0.2533723166886973,-0.7277293199972273,-0.40083351710296133,-0.40083351710296133,-0.4008335171029614,-0.4008335171029614,0.9761766079936257,-0.31977063540430195,-0.3197706354043019,0.9761766079936257,0.9761766079936257,1.5700172162171944,1.5700172162171946,-0.3991168347019628,-0.39911683470196285,-0.39911683470196285,-0.3991168347019628,-0.3991168347019628,-0.19335507095286772,-0.19335507095286777,0.39911683470196363,0.3991168347019628,-0.39911683470196285,-0.39911683470196285,-0.3991168347019628,0.22894209226331436,0.22894209226331427,1.5700172162171946,0.18594869854542936,0.1296598063993,1,2022-09-07
-0.19848951362277545,-0.19848951362277545,-0.27745942922577305,-0.27745942922577305,-0.277459429225773,-0.27745942922577305,-1.0772191060811471,-1.0772191060811471,1.7625917819099859,1.7625917819099859,1.7625917819099859,-0.00049612478611147,-0.000496124786111486,-0.332510753083001,-0.3325107530830009,2.666983537580072,2.666983537580072,-0.26100353245516306,-0.26100353245516306,-0.2533723166886974,-0.2533723166886973,-0.5182462559656495,-0.40083351710296133,-0.40083351710296133,-0.4008335171029614,-0.4008335171029614,0.9761766079936257,-0.31977063540430195,-0.3197706354043019,0.9761766079936257,0.9761766079936257,1.5700172162171944,1.5700172162171946,-0.3991168347019628,-0.39911683470196285,-0.39911683470196285,-0.3991168347019628,-0.3991168347019628,2.6669835375800726,2.666983537580072,0.39911683470196363,0.3991168347019628,-0.39911683470196285,-0.39911683470196285,-0.3991168347019628,-0.16389362144600217,-0.16389362144600203,1.5700172162171946,0.18594869854542936,0.1296598063993,1,2022-09-08
-0.0903188881576972,-0.09031888815769712,0.06250020047695894,0.06250020047695891,0.06250020047695908,0.06250020047695905,0.928316249085049,0.928316249085049,0.9761766079936257,0.9761766079936257,0.9761766079936258,-1.7041178580917955,-1.7041178580917953,0.13725047120655062,0.13725047120655073,2.666983537580072,2.666983537580072,-0.26100353245516306,-0.26100353245516306,-0.2533723166886974,-0.2533723166886973,0.12469561973598765,-0.40083351710296133,-0.40083351710296133,-0.4008335171029614,-0.4008335171029614,1.7625917819099859,-0.31977063540430195,-0.3197706354043019,1.7625917819099859,1.762591781909986,0.6496616900637332,0.6496616900637332,0.9250566442343525,-0.39911683470196285,-0.39911683470196285,-0.3991168347019628,-0.3991168347019628,2.6669835375800726,2.666983537580072,-0.9250566442343519,-0.9250566442343527,0.9250566442343525,0.9250566442343525,0.9250566442343525,0.26485878166745147,0.26485878166745136,0.6496616900637332,1.2264228306865435,1.2254122879306393,0,2022-09-09
0.3879276018119767,0.38792760181197666,0.274316334074835,0.274316334074835,0.274316334074835,0.2743163340748351,0.928316249085049,0.928316249085049,-0.5966537398390945,-0.5966537398390945,-0.5966537398390946,-0.1604028578761756,-0.16040285787617511,-0.2647043530599952,-0.264704353059995,0.2896099041376641,0.289609904137664,-0.26100353245516306,-0.26100353245516306,-0.2533723166886974,-0.2533723166886973,0.1587834166079381,-0.40083351710296133,-0.40083351710296133,-0.4008335171029614,-0.4008335171029614,0.9761766079936257,-0.31977063540430195,-0.3197706354043019,0.9761766079936257,0.9761766079936257,-0.17191632646848753,-0.17191632646848753,-0.3991168347019628,0.9250566442343525,0.9250566442343525,0.9250566442343524,0.9250566442343524,0.289609904137664,0.289609904137664,0.39911683470196363,0.3991168347019628,-0.39911683470196285,-0.39911683470196285,-0.3991168347019628,0.7347775606635759,0.734777560663576,-0.17191632646848753,0.13118690211694967,0.1296598063993,0,2022-09-12
-0.5453243839516255,-0.5453243839516254,-0.11949124134565933,-0.11949124134565936,-0.11949124134565933,-0.11949124134565935,-1.0772191060811471,-1.0772191060811471,0.9761766079936257,0.9761766079936257,0.9761766079936258,0.651990439955514,0.651990439955514,1.4925524665131131,1.4925524665131134,0.06646292049325045,0.0664629204932504,-0.26100353245516306,-0.26100353245516306,-0.2533723166886974,-0.2533723166886973,-1.0927779100107138,0.9140550478505612,0.9140550478505612,0.9140550478505611,0.9140550478505611,-0.5966537398390945,2.591598334683516,2.5915983346835163,-0.5966537398390945,-0.5966537398390946,1.5705398485432327,1.5705398485432327,4.232467114454282,-0.39911683470196285,-0.39911683470196285,-0.3991168347019628,-0.3991168347019628,0.0664629204932504,0.0664629204932504,-4.232467114454281,-4.232467114454281,4.232467114454281,4.232467114454281,4.232467114454282,-0.6006039516093914,-0.6006039516093914,1.5705398485432327,1.2264228306865435,1.2254122879306393,0,2022-09-13
-0.5255802286757102,-0.5255802286757102,-0.4067923931796416,-0.4067923931796416,-0.40679239317964144,-0.40679239317964166,-1.0772191060811471,-1.0772191060811471,-0.5966537398390945,-0.5966537398390945,-0.5966537398390946,-0.6529826895277371,-0.652982689527737,1.4404375533568048,1.4404375533568048,0.976996241867484,0.9769962418674841,-0.26100353245516306,-0.26100353245516306,-0.2533723166886974,-0.2533723166886973,-1.124086616228248,-0.40083351710296133,-0.40083351710296133,-0.4008335171029614,-0.4008335171029614,0.9761766079936257,1.0237314273957987,1.0237314273957987,0.9761766079936257,0.9761766079936257,-0.17191632646848753,-0.17191632646848753,-0.3991168347019628,4.232467114454282,4.232467114454282,4.232467114454281,4.232467114454281,0.9769962418674841,0.9769962418674841,0.39911683470196363,0.3991168347019628,-0.39911683470196285,-0.39911683470196285,-0.3991168347019628,-0.9266582818546539,-0.9266582818546538,-0.17191632646848753,0.13118690211694967,0.1296598063993,0,2022-09-14
-1.0460725205766241,-1.0460725205766244,-0.6199496105367416,-0.6199496105367417,-0.6199496105367416,-0.6199496105367418,-1.0772191060811471,-1.0772191060811471,0.9761766079936257,0.9761766079936257,0.9761766079936258,-0.1866812370902772,-0.18668123709027712,1.3663308985181255,1.366330898518125,0.06646292049325045,0.0664629204932504,-0.26100353245516306,-0.26100353245516306,-0.2533723166886974,-0.2533723166886973,-1.18990792590563,4.19827443154726,4.19827443154726,4.198274431547259,4.198274431547259,-0.5966537398390945,0.5763452404833651,0.5763452404833651,-0.5966537398390945,-0.5966537398390946,-0.3459528910392444,-0.3459528910392443,-0.3991168347019628,-0.39911683470196285,-0.39911683470196285,-0.3991168347019628,-0.3991168347019628,0.0664629204932504,0.0664629204932504,0.39911683470196363,0.3991168347019628,-0.39911683470196285,-0.39911683470196285,-0.3991168347019628,-1.254055629110845,-1.254055629110845,-0.3459528910392443,0.13118690211694967,0.1296598063993,0,2022-09-15
-1.4224529083285733,-1.4224529083285729,-0.8181079405023438,-0.8181079405023439,-0.8181079405023438,-0.8181079405023439,-1.0772191060811471,-1.0772191060811471,-0.5966537398390945,-0.5966537398390945,-0.5966537398390946,-0.3734254638458066,-0.3734254638458066,0.6790388824985106,0.6790388824985107,-0.19335507095286766,-0.19335507095286777,-0.26100353245516306,-0.26100353245516306,-0.2533723166886974,-0.2533723166886973,-1.3634954686582026,-0.40083351710296133,-0.40083351710296133,-0.4008335171029614,-0.4008335171029614,0.9761766079936257,-0.31977063540430195,-0.3197706354043019,0.9761766079936257,0.9761766079936257,-0.694548652506796,-0.694548652506796,-0.3991168347019628,-0.39911683470196285,-0.39911683470196285,-0.3991168347019628,-0.3991168347019628,-0.19335507095286772,-0.19335507095286777,0.39911683470196363,0.3991168347019628,-0.39911683470196285,-0.39911683470196285,-0.3991168347019628,-2.1333140996053603,-2.1333140996053603,-0.694548652506796,0.07642510568846998,0.1296598063993,1,2022-09-16
-0.9848636298265938,-0.9848636298265936,-0.830839393957868,-0.8308393939578681,-0.830839393957868,-0.8308393939578682,-1.0772191060811471,-1.0772191060811471,-0.5966537398390945,-0.5966537398390945,-0.5966537398390946,-0.00049612478611147,-0.000496124786111486,0.8297922097797101,0.8297922097797101,-0.7137712880536509,-0.7137712880536509,-0.26100353245516306,-0.26100353245516306,-0.2533723166886974,-0.2533723166886973,-1.127141854133294,-0.40083351710296133,-0.40083351710296133,-0.4008335171029614,-0.4008335171029614,-0.5966537398390945,-0.31977063540430195,-0.3197706354043019,-0.5966537398390945,-0.5966537398390946,-0.694548652506796,-0.694548652506796,-0.3991168347019628,-0.39911683470196285,-0.39911683470196285,-0.3991168347019628,-0.3991168347019628,-0.7137712880536509,-0.7137712880536509,0.39911683470196363,0.3991168347019628,-0.39911683470196285,-0.39911683470196285,-0.3991168347019628,-1.9632138609672107,-1.9632138609672107,-0.694548652506796,0.13118690211694967,0.1296598063993,0,2022-09-19
-1.0053525058034858,-1.0053525058034856,-0.8450213812517099,-0.84502138125171,-0.8450213812517099,-0.84502138125171,-1.0772191060811471,-1.0772191060811471,-0.5966537398390945,-0.5966537398390945,-0.5966537398390946,0.5586183265777493,0.5586183265777493,-0.721378184186527,-0.7213781841865269,-0.7137712880536509,-0.7137712880536509,-0.26100353245516306,-0.26100353245516306,-0.2533723166886974,-0.2533723166886973,-1.230087756418838,-0.40083351710296133,-0.40083351710296133,-0.4008335171029614,-0.4008335171029614,-0.5966537398390945,-0.31977063540430195,-0.3197706354043019,-0.5966537398390945,-0.5966537398390946,-0.17191632646848753,-0.17191632646848753,-0.3991168347019628,-0.39911683470196285,-0.39911683470196285,-0.3991168347019628,-0.3991168347019628,-0.7137712880536509,-0.7137712880536509,0.39911683470196363,0.3991168347019628,-0.39911683470196285,-0.39911683470196285,-0.3991168347019628,-0.7803927744693151,-0.7803927744693151,-0.17191632646848753,0.13118690211694967,0.1296598063993,0,2022-09-20
-1.4064195640412878,-1.4064195640412878,-0.9244860040652959,-0.924486004065296,-0.9244860040652958,-0.9244860040652961,-1.0772191060811471,-1.0772191060811471,-0.5966537398390945,-0.5966537398390945,-0.5966537398390946,-0.5596105761499722,-0.5596105761499723,-0.5865138845848483,-0.5865138845848481,0.06646292049325045,0.0664629204932504,-0.26100353245516306,-0.26100353245516306,-0.2533723166886974,-0.2533723166886973,-1.510554612798786,-0.40083351710296133,-0.40083351710296133,-0.4008335171029614,-0.4008335171029614,-0.5966537398390945,-0.31977063540430195,-0.3197706354043019,-0.5966537398390945,-0.5966537398390946,-0.694548652506796,-0.694548652506796,-0.3991168347019628,-0.39911683470196285,-0.39911683470196285,-0.3991168347019628,-0.3991168347019628,0.0664629204932504,0.0664629204932504,0.39911683470196363,0.3991168347019628,-0.39911683470196285,-0.39911683470196285,-0.3991168347019628,-1.0194179894929243,-1.0194179894929243,-0.694548652506796,-0.9640490264526441,-0.9660926751320393,1,2022-09-21
-1.4609618341214323,-1.4609618341214323,-0.8853288743514837,-0.8853288743514838,-0.8853288743514838,-0.8853288743514839,-1.0772191060811471,-1.0772191060811471,0.9761766079936257,0.9761766079936257,0.9761766079936258,0.7492763544928258,0.7492763544928258,-0.4785162086333314,-0.47851620863333133,-0.7137712880536509,-0.7137712880536509,-0.26100353245516306,-0.26100353245516306,-0.2533723166886974,-0.2533723166886973,-1.362752469407715,-0.40083351710296133,-0.40083351710296133,-0.4008335171029614,-0.4008335171029614,-0.5966537398390945,-0.31977063540430195,-0.3197706354043019,-0.5966537398390945,-0.5966537398390946,0.7071512459279472,0.7071512459279472,1.0414508883874305,-0.39911683470196285,-0.39911683470196285,-0.3991168347019628,-0.3991168347019628,-0.7137712880536509,-0.7137712880536509,-1.0414508883874305,-1.0414508883874296,1.0414508883874307,1.0414508883874307,1.0414508883874305,-0.7656408671111777,-0.7656408671111777,0.7071512459279472,1.2264228306865435,1.2254122879306393,0,2022-09-22
-2.0412047393679003,-2.0412047393679003,-0.8740316633265726,-0.8740316633265727,-0.8740316633265726,-0.8740316633265727,-1.0772191060811471,-1.0772191060811471,0.9761766079936257,0.9761766079936257,0.9761766079936258,-0.3773392650053537,-0.3773392650053537,-0.5238668213143355,-0.5238668213143354,0.3325227856077437,0.3325227856077436,-0.26100353245516306,-0.26100353245516306,-0.2533723166886974,-0.2533723166886973,-1.465555174586218,-0.40083351710296133,-0.40083351710296133,-0.4008335171029614,-0.4008335171029614,0.9761766079936257,-0.31977063540430195,-0.3197706354043019,0.9761766079936257,0.9761766079936257,-0.3459528910392444,-0.3459528910392443,-0.3991168347019628,1.0414508883874305,1.0414508883874305,1.0414508883874307,1.0414508883874307,0.3325227856077436,0.3325227856077436,0.39911683470196363,0.3991168347019628,-0.39911683470196285,-0.39911683470196285,-0.3991168347019628,-0.6927019203226593,-0.6927019203226593,-0.3459528910392443,0.18594869854542936,0.1296598063993,0,2022-09-23
-2.3016758042882874,-2.3016758042882874,-0.9323790162934776,-0.9323790162934777,-0.9323790162934776,-0.9323790162934779,-1.0772191060811471,-1.0772191060811471,-0.5966537398390945,-0.5966537398390945,-0.5966537398390946,-0.3734254638458066,-0.3734254638458066,-0.6647975668272388,-0.6647975668272386,-0.19335507095286766,-0.19335507095286777,-0.26100353245516306,-0.26100353245516306,-0.2533723166886974,-0.2533723166886973,-1.7337991754440045,1.0296331523042384,1.0296331523042384,1.0296331523042384,1.0296331523042384,0.9761766079936257,-0.31977063540430195,-0.3197706354043019,0.9761766079936257,0.9761766079936257,-0.694548652506796,-0.694548652506796,-0.3991168347019628,-0.39911683470196285,-0.39911683470196285,-0.3991168347019628,-0.3991168347019628,-0.19335507095286772,-0.19335507095286777,0.39911683470196363,0.3991168347019628,-0.39911683470196285,-0.39911683470196285,-0.3991168347019628,-1.2769996751235506,-1.2769996751235508,-0.694548652506796,0.13118690211694967,0.1296598063993,0,2022-09-26
-1.5016921029699746,-1.5016921029699744,-0.9612928151720039,-0.961292815172004,-0.9612928151720038,-0.9612928151720042,-1.0772191060811471,-1.0772191060811471,-0.5966537398390945,-0.5966537398390945,-0.5966537398390946,-0.00049612478611147,-0.000496124786111486,-0.6685825265498595,-0.6685825265498593,-0.7137712880536509,-0.7137712880536509,-0.26100353245516306,-0.26100353245516306,-0.2533723166886974,-0.2533723166886973,-1.8154877029337604,-0.40083351710296133,-0.40083351710296133,-0.4008335171029614,-0.4008335171029614,-0.5966537398390945,-0.31977063540430195,-0.3197706354043019,-0.5966537398390945,-0.5966537398390946,-0.694548652506796,-0.694548652506796,-0.3991168347019628,-0.39911683470196285,-0.39911683470196285,-0.3991168347019628,-0.3991168347019628,-0.7137712880536509,-0.7137712880536509,0.39911683470196363,0.3991168347019628,-0.39911683470196285,-0.39911683470196285,-0.3991168347019628,-1.2969276889760548,-1.2969276889760548,-0.694548652506796,-0.9640490264526441,-0.9660926751320393,1,2022-09-27
-0.8530740157852051,-0.8530740157852051,-0.6667080334111729,-0.666708033411173,-0.6667080334111731,-0.6667080334111731,-1.0772191060811471,-1.0772191060811471,-0.5966537398390945,-0.5966537398390945,-0.5966537398390946,-0.00049612478611147,-0.000496124786111486,0.40086542001324327,0.4008654200132434,-0.7137712880536509,-0.7137712880536509,-0.26100353245516306,-0.26100353245516306,-0.2533723166886974,-0.2533723166886973,-1.0733838393985033,-0.40083351710296133,-0.40083351710296133,-0.4008335171029614,-0.4008335171029614,-0.5966537398390945,-0.31977063540430195,-0.3197706354043019,-0.5966537398390945,-0.5966537398390946,-0.694548652506796,-0.694548652506796,-0.3991168347019628,-0.39911683470196285,-0.39911683470196285,-0.3991168347019628,-0.3991168347019628,-0.7137712880536509,-0.7137712880536509,0.39911683470196363,0.3991168347019628,-0.39911683470196285,-0.39911683470196285,-0.3991168347019628,-0.13732517162909746,-0.1373251716290974,-0.694548652506796,-0.9640490264526441,-0.9660926751320393,0,2022-09-28
-1.1111670395355668,-1.1111670395355666,-0.5908051111360102,-0.5908051111360108,-0.5908051111360102,-0.5908051111360109,-1.0772191060811471,-1.0772191060811471,-0.5966537398390945,-0.5966537398390945,-0.5966537398390946,-0.00049612478611147,-0.000496124786111486,0.5965058286481749,0.5965058286481753,-0.7137712880536509,-0.7137712880536509,-0.26100353245516306,-0.26100353245516306,-0.2533723166886974,-0.2533723166886973,-1.4493731969688866,-0.40083351710296133,-0.40083351710296133,-0.4008335171029614,-0.4008335171029614,-0.5966537398390945,-0.31977063540430195,-0.3197706354043019,-0.5966537398390945,-0.5966537398390946,-0.694548652506796,-0.694548652506796,-0.3991168347019628,-0.39911683470196285,-0.39911683470196285,-0.3991168347019628,-0.3991168347019628,-0.7137712880536509,-0.7137712880536509,0.39911683470196363,0.3991168347019628,-0.39911683470196285,-0.39911683470196285,-0.3991168347019628,-0.7638218577720499,-0.7638218577720499,-0.694548652506796,-0.9640490264526441,-0.9660926751320393,0,2022-09-29
-0.9373188722489297,-0.9373188722489296,-0.5079010426632689,-0.5079010426632689,-0.5079010426632687,-0.5079010426632689,-1.0772191060811471,-1.0772191060811471,-0.5966537398390945,-0.5966537398390945,-0.5966537398390946,-0.00049612478611147,-0.000496124786111486,0.5800689230086911,0.5800689230086911,-0.7137712880536509,-0.7137712880536509,-0.26100353245516306,-0.26100353245516306,-0.2533723166886974,-0.2533723166886973,-1.3906117124142632,-0.40083351710296133,-0.40083351710296133,-0.4008335171029614,-0.4008335171029614,-0.5966537398390945,-0.31977063540430195,-0.3197706354043019,-0.5966537398390945,-0.5966537398390946,-0.694548652506796,-0.694548652506796,-0.3991168347019628,-0.39911683470196285,-0.39911683470196285,-0.3991168347019628,-0.3991168347019628,-0.7137712880536509,-0.7137712880536509,0.39911683470196363,0.3991168347019628,-0.39911683470196285,-0.39911683470196285,-0.3991168347019628,-0.5939785536943024,-0.5939785536943023,-0.694548652506796,-0.9640490264526441,-0.9660926751320393,1,2022-09-30
-0.8358097806800681,-0.8358097806800681,-0.30369062630227767,-0.3036906263022781,-0.30369062630227756,-0.3036906263022781,-1.0772191060811471,-1.0772191060811471,-0.5966537398390945,-0.5966537398390945,-0.5966537398390946,-0.00049612478611147,-0.000496124786111486,0.5339142573278434,0.5339142573278433,-0.7137712880536509,-0.7137712880536509,-0.26100353245516306,-0.26100353245516306,-0.2533723166886974,-0.2533723166886973,-1.012670962995977,-0.40083351710296133,-0.40083351710296133,-0.4008335171029614,-0.4008335171029614,-0.5966537398390945,-0.31977063540430195,-0.3197706354043019,-0.5966537398390945,-0.5966537398390946,-0.694548652506796,-0.694548652506796,-0.3991168347019628,-0.39911683470196285,-0.39911683470196285,-0.3991168347019628,-0.3991168347019628,-0.7137712880536509,-0.7137712880536509,0.39911683470196363,0.3991168347019628,-0.39911683470196285,-0.39911683470196285,-0.3991168347019628,0.1663390319538471,0.16633903195384706,-0.694548652506796,-0.9640490264526441,-0.9660926751320393,1,2022-10-03
-0.5659912537885321,-0.565991253788532,-0.07489524875712225,-0.07489524875712228,-0.07489524875712222,-0.07489524875712224,-1.0772191060811471,-1.0772191060811471,0.9761766079936257,0.9761766079936257,0.9761766079936258,0.18568898751805404,0.18568898751805418,0.4509546707766977,0.4509546707766979,-0.7137712880536509,-0.7137712880536509,-0.26100353245516306,-0.26100353245516306,-0.2533723166886974,-0.2533723166886973,-0.7675959429550651,-0.40083351710296133,-0.40083351710296133,-0.4008335171029614,-0.4008335171029614,-0.5966537398390945,0.1276155515081315,0.12761555150813164,-0.5966537398390945,-0.5966537398390946,-0.3464755233652827,-0.34647552336528253,0.3128531522603712,-0.39911683470196285,-0.39911683470196285,-0.3991168347019628,-0.3991168347019628,-0.7137712880536509,-0.7137712880536509,-0.3128531522603708,-0.3128531522603716,0.31285315226037114,0.31285315226037114,0.3128531522603712,0.5808976329630199,0.5808976329630199,-0.34647552336528253,1.2264228306865435,1.2254122879306393,0,2022-10-04
-0.3656210669477806,-0.3656210669477805,0.05990863277559592,0.059908632775595896,0.05990863277559601,0.059908632775595994,0.928316249085049,0.928316249085049,-0.5966537398390945,-0.5966537398390945,-0.5966537398390946,-0.1866812370902772,-0.18668123709027712,-0.1656556643479543,-0.16565566434795415,-0.45395329660753264,-0.45395329660753275,-0.26100353245516306,-0.26100353245516306,-0.2533723166886974,-0.2533723166886973,-0.7949545053486807,-0.40083351710296133,-0.40083351710296133,-0.4008335171029614,-0.4008335171029614,0.9761766079936257,-0.31977063540430195,-0.3197706354043019,0.9761766079936257,0.9761766079936257,-0.694548652506796,-0.694548652506796,-0.3991168347019628,0.31285315226037114,0.31285315226037114,0.3128531522603711,0.3128531522603711,-0.4539532966075327,-0.45395329660753275,0.39911683470196363,0.3991168347019628,-0.39911683470196285,-0.39911683470196285,-0.3991168347019628,-0.36465125738308063,-0.36465125738308063,-0.694548652506796,0.13118690211694967,0.1296598063993,1,2022-10-05
-0.4128087317184224,-0.41280873171842236,0.174172076264233,0.17417207626423298,0.17417207626423298,0.17417207626423298,0.928316249085049,0.928316249085049,0.9761766079936257,0.9761766079936257,0.9761766079936258,2.4221467929734977,2.422146792973497,-0.710930210988637,-0.7109302109886368,-0.7137712880536509,-0.7137712880536509,-0.26100353245516306,-0.26100353245516306,-0.2533723166886974,-0.2533723166886973,-0.6783164268183636,0.3061442387110902,0.3061442387110902,0.3061442387110902,0.3061442387110902,-0.5966537398390945,-0.31977063540430195,-0.3197706354043019,-0.5966537398390945,-0.5966537398390946,1.5700172162171944,1.5700172162171946,-0.3991168347019628,-0.39911683470196285,-0.39911683470196285,-0.3991168347019628,-0.3991168347019628,-0.7137712880536509,-0.7137712880536509,0.39911683470196363,0.3991168347019628,-0.39911683470196285,-0.39911683470196285,-0.3991168347019628,0.21297818960364334,0.21297818960364331,1.5700172162171946,0.18594869854542936,0.1296598063993,0,2022-10-06
-0.677072531036985,-0.6770725310369848,0.08163219323771959,0.08163219323771957,0.08163219323771954,0.08163219323771953,0.928316249085049,0.928316249085049,-0.5966537398390945,-0.5966537398390945,-0.5966537398390946,-2.4231390425457207,-2.42313904254572,-0.08310587961446152,-0.08310587961446134,2.666983537580072,2.666983537580072,-0.26100353245516306,-0.26100353245516306,-0.2533723166886974,-0.2533723166886973,-1.0682856375637084,-0.40083351710296133,-0.40083351710296133,-0.4008335171029614,-0.4008335171029614,0.9761766079936257,-0.31977063540430195,-0.3197706354043019,0.9761766079936257,0.9761766079936257,-0.694548652506796,-0.694548652506796,-0.3991168347019628,-0.39911683470196285,-0.39911683470196285,-0.3991168347019628,-0.3991168347019628,2.6669835375800726,2.666983537580072,0.39911683470196363,0.3991168347019628,-0.39911683470196285,-0.39911683470196285,-0.3991168347019628,-0.33223997717848847,-0.33223997717848847,-0.694548652506796,-0.9640490264526441,-0.9660926751320393,1,2022-10-07
-0.329631297990245,-0.3296312979902449,0.05975908944268225,0.05975908944268223,0.059759089442682344,0.05975908944268233,0.928316249085049,0.928316249085049,-0.5966537398390945,-0.5966537398390945,-0.5966537398390946,-0.00049612478611147,-0.000496124786111486,-0.2903666837473763,-0.2903666837473761,-0.7137712880536509,-0.7137712880536509,-0.26100353245516306,-0.26100353245516306,-0.2533723166886974,-0.2533723166886973,-0.8683423154133453,-0.40083351710296133,-0.40083351710296133,-0.4008335171029614,-0.4008335171029614,-0.5966537398390945,-0.31977063540430195,-0.3197706354043019,-0.5966537398390945,-0.5966537398390946,-0.694548652506796,-0.694548652506796,-0.3991168347019628,-0.39911683470196285,-0.39911683470196285,-0.3991168347019628,-0.3991168347019628,-0.7137712880536509,-0.7137712880536509,0.39911683470196363,0.3991168347019628,-0.39911683470196285,-0.39911683470196285,-0.3991168347019628,-0.6104685628333617,-0.6104685628333617,-0.694548652506796,-0.9640490264526441,-0.9660926751320393,0,2022-10-10
-0.6094233419554093,-0.6094233419554091,-0.10041237327207393,-0.10041237327207395,-0.10041237327207395,-0.10041237327207396,-1.0772191060811471,-1.0772191060811471,-0.5966537398390945,-0.5966537398390945,-0.5966537398390946,0.5586183265777493,0.5586183265777493,-0.23526916906191342,-0.23526916906191325,-0.7137712880536509,-0.7137712880536509,-0.26100353245516306,-0.26100353245516306,-0.2533723166886974,-0.2533723166886973,-1.2848911936200829,-0.40083351710296133,-0.40083351710296133,-0.4008335171029614,-0.4008335171029614,-0.5966537398390945,-0.31977063540430195,-0.3197706354043019,-0.5966537398390945,-0.5966537398390946,-0.17191632646848753,-0.17191632646848753,-0.3991168347019628,-0.39911683470196285,-0.39911683470196285,-0.3991168347019628,-0.3991168347019628,-0.7137712880536509,-0.7137712880536509,0.39911683470196363,0.3991168347019628,-0.39911683470196285,-0.39911683470196285,-0.3991168347019628,-1.3526214777091183,-1.3526214777091186,-0.17191632646848753,0.13118690211694967,0.1296598063993,0,2022-10-11
-1.2446592348441483,-1.244659234844148,-0.2004758138564995,-0.20047581385649954,-0.2004758138564995,-0.2004758138564995,-1.0772191060811471,-1.0772191060811471,-0.5966537398390945,-0.5966537398390945,-0.5966537398390946,-0.00049612478611147,-0.000496124786111486,-0.22876465536288226,-0.22876465536288212,0.06646292049325045,0.0664629204932504,-0.26100353245516306,-0.26100353245516306,-0.2533723166886974,-0.2533723166886973,-1.278839149692111,-0.40083351710296133,-0.40083351710296133,-0.4008335171029614,-0.4008335171029614,-0.5966537398390945,-0.31977063540430195,-0.3197706354043019,-0.5966537398390945,-0.5966537398390946,-0.17191632646848753,-0.17191632646848753,-0.3991168347019628,-0.39911683470196285,-0.39911683470196285,-0.3991168347019628,-0.3991168347019628,0.0664629204932504,0.0664629204932504,0.39911683470196363,0.3991168347019628,-0.39911683470196285,-0.39911683470196285,-0.3991168347019628,-1.3361116112303197,-1.3361116112303197,-0.17191632646848753,0.13118690211694967,0.1296598063993,1,2022-10-12
-0.623744849021001,-0.6237448490210009,-0.13147631861111952,-0.13147631861111955,-0.1314763186111195,-0.13147631861111952,-1.0772191060811471,-1.0772191060811471,0.9761766079936257,0.9761766079936257,0.9761766079936258,-0.1866812370902772,-0.18668123709027712,0.093317273204172,0.09331727320417207,0.06646292049325045,0.0664629204932504,-0.26100353245516306,-0.26100353245516306,-0.2533723166886974,-0.2533723166886973,-0.8985817052120084,-0.40083351710296133,-0.40083351710296133,-0.4008335171029614,-0.4008335171029614,-0.5966537398390945,-0.31977063540430195,-0.3197706354043019,-0.5966537398390945,-0.5966537398390946,-0.3459528910392444,-0.3459528910392443,-0.3991168347019628,-0.39911683470196285,-0.39911683470196285,-0.3991168347019628,-0.3991168347019628,0.0664629204932504,0.0664629204932504,0.39911683470196363,0.3991168347019628,-0.39911683470196285,-0.39911683470196285,-0.3991168347019628,-1.040743065835581,-1.0407430658355807,-0.3459528910392443,0.13118690211694967,0.1296598063993,0,2022-10-13
-0.8604132783732628,-0.8604132783732628,-0.16739777023826266,-0.1673977702382627,-0.16739777023826266,-0.16739777023826266,-1.0772191060811471,-1.0772191060811471,-0.5966537398390945,-0.5966537398390945,-0.5966537398390946,-0.3734254638458066,-0.3734254638458066,-0.07101540740979825,-0.0710154074097981,-0.19335507095286766,-0.19335507095286777,-0.26100353245516306,-0.26100353245516306,-0.2533723166886974,-0.2533723166886973,-1.1705123119685288,-0.40083351710296133,-0.40083351710296133,-0.4008335171029614,-0.4008335171029614,0.9761766079936257,-0.31977063540430195,-0.3197706354043019,0.9761766079936257,0.9761766079936257,-0.694548652506796,-0.694548652506796,-0.3991168347019628,-0.39911683470196285,-0.39911683470196285,-0.3991168347019628,-0.3991168347019628,-0.19335507095286772,-0.19335507095286777,0.39911683470196363,0.3991168347019628,-0.39911683470196285,-0.39911683470196285,-0.3991168347019628,-0.8434660545752177,-0.8434660545752176,-0.694548652506796,-0.9640490264526441,-0.9660926751320393,1,2022-10-14
-0.48891198987594875,-0.48891198987594864,0.08804507787715157,0.08804507787715156,0.08804507787715161,0.0880450778771516,0.928316249085049,0.928316249085049,-0.5966537398390945,-0.5966537398390945,-0.5966537398390946,0.5586183265777493,0.5586183265777493,0.7721395190016539,0.7721395190016541,-0.7137712880536509,-0.7137712880536509,-0.26100353245516306,-0.26100353245516306,-0.2533723166886974,-0.2533723166886973,-0.3398939238389655,-0.40083351710296133,-0.40083351710296133,-0.4008335171029614,-0.4008335171029614,-0.5966537398390945,-0.31977063540430195,-0.3197706354043019,-0.5966537398390945,-0.5966537398390946,-0.17191632646848753,-0.17191632646848753,-0.3991168347019628,-0.39911683470196285,-0.39911683470196285,-0.3991168347019628,-0.3991168347019628,-0.7137712880536509,-0.7137712880536509,0.39911683470196363,0.3991168347019628,-0.39911683470196285,-0.39911683470196285,-0.3991168347019628,-0.05452585286614257,-0.054525852866142456,-0.17191632646848753,0.13118690211694967,0.1296598063993,0,2022-10-17
-0.7196125056328373,-0.7196125056328373,0.23271620402030255,0.23271620402030252,0.2327162040203025,0.23271620402030246,0.928316249085049,0.928316249085049,0.9761766079936257,0.9761766079936257,0.9761766079936258,1.8630323416096366,1.8630323416096364,0.44282355509126964,0.4428235550912697,0.06646292049325045,0.0664629204932504,-0.26100353245516306,-0.26100353245516306,3.946761086881632,3.9467610868816316,-0.4016867683961716,-0.40083351710296133,-0.40083351710296133,-0.4008335171029614,-0.4008335171029614,-0.5966537398390945,-0.31977063540430195,-0.3197706354043019,-0.5966537398390945,-0.5966537398390946,1.5700172162171944,1.5700172162171946,-0.3991168347019628,-0.39911683470196285,-0.39911683470196285,-0.3991168347019628,-0.3991168347019628,0.0664629204932504,0.0664629204932504,0.39911683470196363,0.3991168347019628,-0.39911683470196285,-0.39911683470196285,-0.3991168347019628,0.4199483678280186,0.41994836782801853,1.5700172162171946,0.18594869854542936,0.1296598063993,1,2022-10-18
-0.5841617317157087,-0.5841617317157085,0.3546105442777161,0.3546105442777161,0.35461054427771604,0.35461054427771616,0.928316249085049,0.928316249085049,1.7625917819099859,1.7625917819099859,1.7625917819099859,-0.00049612478611147,-0.000496124786111486,0.3915998229863582,0.39159982298635826,2.666983537580072,2.666983537580072,-0.26100353245516306,-0.26100353245516306,-0.2533723166886974,-0.2533723166886973,-0.3102994985866072,-0.40083351710296133,-0.40083351710296133,-0.4008335171029614,-0.4008335171029614,0.9761766079936257,-0.31977063540430195,-0.3197706354043019,0.9761766079936257,0.9761766079936257,1.5700172162171944,1.5700172162171946,-0.3991168347019628,-0.39911683470196285,-0.39911683470196285,-0.3991168347019628,-0.3991168347019628,2.6669835375800726,2.666983537580072,0.39911683470196363,0.3991168347019628,-0.39911683470196285,-0.39911683470196285,-0.3991168347019628,0.5989688272120556,0.5989688272120556,1.5700172162171946,0.18594869854542936,0.1296598063993,0,2022-10-19
-0.7297625405337799,-0.72976254053378,0.3850333677858232,0.3850333677858232,0.3850333677858232,0.38503336778582314,0.928316249085049,0.928316249085049,-0.5966537398390945,-0.5966537398390945,-0.5966537398390946,-2.4231390425457207,-2.42313904254572,0.40984222236074536,0.4098422223607455,2.666983537580072,2.666983537580072,-0.26100353245516306,-0.26100353245516306,-0.2533723166886974,-0.2533723166886973,-0.43166073326613674,-0.40083351710296133,-0.40083351710296133,-0.4008335171029614,-0.4008335171029614,1.7625917819099859,-0.31977063540430195,-0.3197706354043019,1.7625917819099859,1.762591781909986,-0.694548652506796,-0.694548652506796,-0.3991168347019628,-0.39911683470196285,-0.39911683470196285,-0.3991168347019628,-0.3991168347019628,2.6669835375800726,2.666983537580072,0.39911683470196363,0.3991168347019628,-0.39911683470196285,-0.39911683470196285,-0.3991168347019628,0.061519806679529124,0.06151980667952904,-0.694548652506796,0.07642510568846998,0.1296598063993,0,2022-10-20
-0.40737501240108076,-0.40737501240108076,0.36149636166584825,0.36149636166584825,0.3614963616658482,0.3614963616658483,0.928316249085049,0.928316249085049,-0.5966537398390945,-0.5966537398390945,-0.5966537398390946,1.1255603802607044,1.1255603802607042,0.24738659868408697,0.24738659868408705,-0.7137712880536509,-0.7137712880536509,-0.26100353245516306,-0.26100353245516306,-0.2533723166886974,-0.2533723166886973,-0.5394639852713973,-0.40083351710296133,-0.40083351710296133,-0.4008335171029614,-0.4008335171029614,-0.5966537398390945,-0.31977063540430195,-0.3197706354043019,-0.5966537398390945,-0.5966537398390946,0.3580328521343571,0.35803285213435715,-0.3991168347019628,-0.39911683470196285,-0.39911683470196285,-0.3991168347019628,-0.3991168347019628,-0.7137712880536509,-0.7137712880536509,0.39911683470196363,0.3991168347019628,-0.39911683470196285,-0.39911683470196285,-0.3991168347019628,0.30611721841919587,0.3061172184191958,0.35803285213435715,0.13118690211694967,0.1296598063993,0,2022-10-21
-0.46001051401502097,-0.4600105140150209,0.3448695713169077,0.3448695713169077,0.34486957131690765,0.34486957131690765,0.928316249085049,0.928316249085049,0.9761766079936257,0.9761766079936257,0.9761766079936258,1.2960902879266818,1.2960902879266816,-1.0447171493613716,-1.0447171493613716,0.8576204079598082,0.8576204079598081,-0.26100353245516306,-0.26100353245516306,3.946761086881632,3.9467610868816316,-0.5360267816583141,-0.40083351710296133,-0.40083351710296133,-0.4008335171029614,-0.4008335171029614,-0.5966537398390945,-0.31977063540430195,-0.3197706354043019,-0.5966537398390945,-0.5966537398390946,1.5700172162171944,1.5700172162171946,-0.3991168347019628,-0.39911683470196285,-0.39911683470196285,-0.3991168347019628,-0.3991168347019628,0.8576204079598081,0.8576204079598081,0.39911683470196363,0.3991168347019628,-0.39911683470196285,-0.39911683470196285,-0.3991168347019628,-0.5718583879371569,-0.571858387937157,1.5700172162171946,0.18594869854542936,0.1296598063993,1,2022-10-24
0.6758848991142075,0.6758848991142073,0.5978877401808108,0.5978877401808107,0.5978877401808107,0.5978877401808108,0.928316249085049,0.928316249085049,-0.5966537398390945,-0.5966537398390945,-0.5966537398390946,-2.4231390425457207,-2.42313904254572,0.2718418129157311,0.27184181291573123,2.666983537580072,2.666983537580072,-0.26100353245516306,-0.26100353245516306,-0.2533723166886974,-0.2533723166886973,0.27866019582323165,-0.40083351710296133,-0.40083351710296133,-0.4008335171029614,-0.4008335171029614,0.9761766079936257,-0.31977063540430195,-0.3197706354043019,0.9761766079936257,0.9761766079936257,-0.694548652506796,-0.694548652506796,-0.3991168347019628,-0.39911683470196285,-0.39911683470196285,-0.3991168347019628,-0.3991168347019628,2.6669835375800726,2.666983537580072,0.39911683470196363,0.3991168347019628,-0.39911683470196285,-0.39911683470196285,-0.3991168347019628,0.45522558617046943,0.4552255861704694,-0.694548652506796,-0.9640490264526441,-0.9660926751320393,0,2022-10-25
0.09109882003439472,0.09109882003439473,0.4969674870434399,0.4969674870434399,0.4969674870434399,0.49696748704344,0.928316249085049,0.928316249085049,-0.5966537398390945,-0.5966537398390945,-0.5966537398390946,0.5586183265777493,0.5586183265777493,0.9155464807473326,0.9155464807473327,-0.7137712880536509,-0.7137712880536509,-0.26100353245516306,-0.26100353245516306,-0.2533723166886974,-0.2533723166886973,-0.4802545244365697,-0.40083351710296133,-0.40083351710296133,-0.4008335171029614,-0.4008335171029614,-0.5966537398390945,-0.31977063540430195,-0.3197706354043019,-0.5966537398390945,-0.5966537398390946,-0.17191632646848753,-0.17191632646848753,-0.3991168347019628,-0.39911683470196285,-0.39911683470196285,-0.3991168347019628,-0.3991168347019628,-0.7137712880536509,-0.7137712880536509,0.39911683470196363,0.3991168347019628,-0.39911683470196285,-0.39911683470196285,-0.3991168347019628,-0.47119923037499106,-0.4711992303749911,-0.17191632646848753,0.13118690211694967,0.1296598063993,0,2022-10-26
-2.9297461456066642,-2.9297461456066642,-0.6159350150743661,-0.6159350150743662,-0.6159350150743661,-0.6159350150743662,-1.0772191060811471,-1.0772191060811471,0.9761766079936257,0.9761766079936257,0.9761766079936258,-0.1866812370902772,-0.18668123709027712,5.120530769315451,5.120530769315452,0.06646292049325045,0.0664629204932504,-0.26100353245516306,-0.26100353245516306,-0.2533723166886974,-0.2533723166886973,-3.741622518736293,-0.40083351710296133,-0.40083351710296133,-0.4008335171029614,-0.4008335171029614,-0.5966537398390945,0.5763452404833651,0.5763452404833651,-0.5966537398390945,-0.5966537398390946,-0.3459528910392444,-0.3459528910392443,-0.3991168347019628,-0.39911683470196285,-0.39911683470196285,-0.3991168347019628,-0.3991168347019628,0.0664629204932504,0.0664629204932504,0.39911683470196363,0.3991168347019628,-0.39911683470196285,-0.39911683470196285,-0.3991168347019628,-3.9574863288896722,-3.9574863288896722,-0.3459528910392443,0.13118690211694967,0.1296598063993,1,2022-10-27
-2.5797730671191936,-2.5797730671191936,-1.2153580027076316,-1.2153580027076316,-1.2153580027076314,-1.2153580027076316,-1.0772191060811471,-1.0772191060811471,-0.5966537398390945,-0.5966537398390945,-0.5966537398390946,-0.3734254638458066,-0.3734254638458066,5.264424849359879,5.264424849359879,-0.19335507095286766,-0.19335507095286777,-0.26100353245516306,-0.26100353245516306,-0.2533723166886974,-0.2533723166886973,-3.4530088926632043,-0.40083351710296133,-0.40083351710296133,-0.4008335171029614,-0.4008335171029614,0.9761766079936257,-0.31977063540430195,-0.3197706354043019,0.9761766079936257,0.9761766079936257,-0.694548652506796,-0.694548652506796,-0.3991168347019628,-0.39911683470196285,-0.39911683470196285,-0.3991168347019628,-0.3991168347019628,-0.19335507095286772,-0.19335507095286777,0.39911683470196363,0.3991168347019628,-0.39911683470196285,-0.39911683470196285,-0.3991168347019628,-3.6783640100389525,-3.6783640100389525,-0.694548652506796,-0.9640490264526441,-0.9660926751320393,0,2022-10-28
-3.572384756430657,-3.572384756430656,-1.6984941507844926,-1.6984941507844926,-1.6984941507844924,-1.6984941507844924,-1.0772191060811471,-1.0772191060811471,-0.5966537398390945,-0.5966537398390945,-0.5966537398390946,-0.00049612478611147,-0.000496124786111486,5.120814348360215,5.120814348360215,-0.7137712880536509,-0.7137712880536509,-0.26100353245516306,-0.26100353245516306,-0.2533723166886974,-0.2533723166886973,-3.935515716292529,-0.40083351710296133,-0.40083351710296133,-0.4008335171029614,-0.4008335171029614,-0.5966537398390945,-0.31977063540430195,-0.3197706354043019,-0.5966537398390945,-0.5966537398390946,-0.694548652506796,-0.694548652506796,-0.3991168347019628,-0.39911683470196285,-0.39911683470196285,-0.3991168347019628,-0.3991168347019628,-0.7137712880536509,-0.7137712880536509,0.39911683470196363,0.3991168347019628,-0.39911683470196285,-0.39911683470196285,-0.3991168347019628,-4.358918050924886,-4.358918050924887,-0.694548652506796,0.07642510568846998,0.1296598063993,1,2022-10-31
-3.324687528977866,-3.324687528977865,-1.814318515796007,-1.814318515796007,-1.8143185157960062,-1.8143185157960071,-1.0772191060811471,-1.0772191060811471,0.9761766079936257,0.9761766079936257,0.9761766079936258,1.2776395110316743,1.2776395110316743,4.628534602477136,4.628534602477137,-0.7137712880536509,-0.7137712880536509,-0.26100353245516306,-0.26100353245516306,-0.2533723166886974,-0.2533723166886973,-3.514299042449374,-0.40083351710296133,-0.40083351710296133,-0.4008335171029614,-0.4008335171029614,-0.5966537398390945,2.751475080156728,2.751475080156728,-0.5966537398390945,-0.5966537398390946,4.084401336787496,4.084401336787496,1.7624905567123417,-0.39911683470196285,-0.39911683470196285,-0.3991168347019628,-0.3991168347019628,-0.7137712880536509,-0.7137712880536509,-1.7624905567123414,-1.7624905567123423,1.762490556712342,1.762490556712342,1.7624905567123417,-4.751098600553414,-4.751098600553413,4.084401336787496,3.4716564842542104,3.4169172509933183,0,2022-11-01
-3.7474060440460972,-3.747406044046097,-1.9097576755847343,-1.9097576755847334,-1.9097576755847339,-1.9097576755847334,-1.0772191060811471,-1.0772191060811471,-0.5966537398390945,-0.5966537398390945,-0.5966537398390946,-0.9990745349219666,-0.9990745349219662,4.639821684077442,4.639821684077442,1.0698441126845653,1.0698441126845653,-0.26100353245516306,-0.26100353245516306,-0.2533723166886974,-0.2533723166886973,-3.8423788724945966,-0.40083351710296133,-0.40083351710296133,-0.4008335171029614,-0.4008335171029614,0.9761766079936257,0.35198039599574826,0.35198039599574843,0.9761766079936257,0.9761766079936257,-0.17191632646848753,-0.17191632646848753,0.6695939525217529,1.7624905567123417,1.7624905567123417,1.7624905567123417,1.7624905567123417,1.0698441126845657,1.0698441126845653,-0.6695939525217518,-0.6695939525217527,0.669593952521753,0.669593952521753,0.6695939525217529,-4.673511634121934,-4.673511634121933,-0.17191632646848753,1.2264228306865435,1.2254122879306393,0,2022-11-02
-3.7883192433073076,-3.788319243307307,-1.883642887714001,-1.883642887714001,-1.8836428877140008,-1.883642887714001,-1.0772191060811471,-1.0772191060811471,0.9761766079936257,0.9761766079936257,0.9761766079936258,0.09287598859165316,0.09287598859165269,0.62850375384668,0.6285037538466802,-0.32365418378020017,-0.3236541837802002,-0.26100353245516306,-0.26100353245516306,-0.2533723166886974,-0.2533723166886973,-3.816155235981215,1.7456169941796154,1.7456169941796154,1.7456169941796151,1.7456169941796151,-0.5966537398390945,0.5763452404833651,0.5763452404833651,-0.5966537398390945,-0.5966537398390946,-0.3459528910392444,-0.3459528910392443,-0.3991168347019628,0.6695939525217529,0.6695939525217529,0.6695939525217529,0.6695939525217529,-0.3236541837802003,-0.3236541837802002,0.39911683470196363,0.3991168347019628,-0.39911683470196285,-0.39911683470196285,-0.3991168347019628,-1.4817239571447793,-1.4817239571447793,-0.3459528910392443,0.13118690211694967,0.1296598063993,1,2022-11-03
-3.534812129914564,-3.5348121299145636,-1.6632360432850946,-1.663236043285093,-1.6632360432850946,-1.663236043285093,-1.0772191060811471,-1.0772191060811471,-0.5966537398390945,-0.5966537398390945,-0.5966537398390946,-0.3734254638458066,-0.3734254638458066,0.7366048841106957,0.7366048841106958,-0.19335507095286766,-0.19335507095286777,-0.26100353245516306,-0.26100353245516306,-0.2533723166886974,-0.2533723166886973,-3.3976578086066063,0.6603836237898931,0.6603836237898931,0.6603836237898931,0.6603836237898931,0.9761766079936257,-0.31977063540430195,-0.3197706354043019,0.9761766079936257,0.9761766079936257,-0.694548652506796,-0.694548652506796,-0.3991168347019628,-0.39911683470196285,-0.39911683470196285,-0.3991168347019628,-0.3991168347019628,-0.19335507095286772,-0.19335507095286777,0.39911683470196363,0.3991168347019628,-0.39911683470196285,-0.39911683470196285,-0.3991168347019628,-1.3691294791075859,-1.3691294791075859,-0.694548652506796,0.13118690211694967,0.1296598063993,1,2022-11-04
-2.9989141725603523,-2.9989141725603514,-1.1959035420145228,-1.1959035420145245,-1.1959035420145228,-1.1959035420145248,-1.0772191060811471,-1.0772191060811471,-0.5966537398390945,-0.5966537398390945,-0.5966537398390946,-0.00049612478611147,-0.000496124786111486,1.0205728326628951,1.0205728326628951,-0.7137712880536509,-0.7137712880536509,-0.26100353245516306,-0.26100353245516306,-0.2533723166886974,-0.2533723166886973,-2.4932413664393103,-0.40083351710296133,-0.40083351710296133,-0.4008335171029614,-0.4008335171029614,-0.5966537398390945,-0.31977063540430195,-0.3197706354043019,-0.5966537398390945,-0.5966537398390946,-0.694548652506796,-0.694548652506796,-0.3991168347019628,-0.39911683470196285,-0.39911683470196285,-0.3991168347019628,-0.3991168347019628,-0.7137712880536509,-0.7137712880536509,0.39911683470196363,0.3991168347019628,-0.39911683470196285,-0.39911683470196285,-0.3991168347019628,0.49690383260984666,0.4969038326098467,-0.694548652506796,-0.9640490264526441,-0.9660926751320393,0,2022-11-07
-3.4983332440682915,-3.4983332440682915,-0.7985482252838713,-0.7985482252838705,-0.7985482252838714,-0.7985482252838706,-1.0772191060811471,-1.0772191060811471,-0.5966537398390945,-0.5966537398390945,-0.5966537398390946,-0.00049612478611147,-0.000496124786111486,0.9901060832387063,0.9901060832387064,-0.7137712880536509,-0.7137712880536509,-0.26100353245516306,-0.26100353245516306,-0.2533723166886974,-0.2533723166886973,-2.358017324679082,-0.40083351710296133,-0.40083351710296133,-0.4008335171029614,-0.4008335171029614,-0.5966537398390945,-0.31977063540430195,-0.3197706354043019,-0.5966537398390945,-0.5966537398390946,-0.694548652506796,-0.694548652506796,-0.3991168347019628,-0.39911683470196285,-0.39911683470196285,-0.3991168347019628,-0.3991168347019628,-0.7137712880536509,-0.7137712880536509,0.39911683470196363,0.3991168347019628,-0.39911683470196285,-0.39911683470196285,-0.3991168347019628,0.11952358398764368,0.1195235839876437,-0.694548652506796,-0.9640490264526441,-0.9660926751320393,1,2022-11-08
-2.590660843989624,-2.590660843989624,-0.2917526013744855,-0.2917526013744855,-0.2917526013744854,-0.29175260137448555,-1.0772191060811471,-1.0772191060811471,-0.5966537398390945,-0.5966537398390945,-0.5966537398390946,1.1255603802607044,1.1255603802607042,0.553946027710193,0.5539460277101931,-0.7137712880536509,-0.7137712880536509,-0.26100353245516306,-0.26100353245516306,-0.2533723166886974,-0.2533723166886973,-1.5892883623913863,-0.40083351710296133,-0.40083351710296133,-0.4008335171029614,-0.4008335171029614,-0.5966537398390945,2.3860425190751005,2.3860425190751005,-0.5966537398390945,-0.5966537398390946,0.3580328521343571,0.35803285213435715,-0.3991168347019628,-0.39911683470196285,-0.39911683470196285,-0.3991168347019628,-0.3991168347019628,-0.7137712880536509,-0.7137712880536509,0.39911683470196363,0.3991168347019628,-0.39911683470196285,-0.39911683470196285,-0.3991168347019628,1.7486905188136537,1.7486905188136541,0.35803285213435715,0.13118690211694967,0.1296598063993,1,2022-11-09
1.4971128699204108,1.4971128699204104,0.434970437338606,0.434970437338606,0.43497043733860596,0.434970437338606,0.928316249085049,0.928316249085049,-0.5966537398390945,-0.5966537398390945,-0.5966537398390946,-0.5674381784690662,-0.5674381784690659,0.8519727217111014,0.8519727217111013,0.8576204079598082,0.8576204079598081,-0.26100353245516306,-0.26100353245516306,-0.2533723166886974,-0.2533723166886973,-0.16209257861726947,-0.40083351710296133,-0.40083351710296133,-0.4008335171029614,-0.4008335171029614,-0.5966537398390945,1.0237314273957987,1.0237314273957987,-0.5966537398390945,-0.5966537398390946,-0.17191632646848753,-0.17191632646848753,-0.3991168347019628,-0.39911683470196285,-0.39911683470196285,-0.3991168347019628,-0.3991168347019628,0.8576204079598081,0.8576204079598081,0.39911683470196363,0.3991168347019628,-0.39911683470196285,-0.39911683470196285,-0.3991168347019628,3.8351158324063452,3.835115832406345,-0.17191632646848753,0.13118690211694967,0.1296598063993,1,2022-11-10
1.464067472622908,1.4640674726229077,0.9566829341128006,0.9566829341128005,0.9566829341128005,0.9566829341128007,0.928316249085049,0.928316249085049,0.9761766079936257,0.9761766079936257,0.9761766079936258,1.8630323416096366,1.8630323416096364,0.9655391707402623,0.9655391707402624,0.06646292049325045,0.0664629204932504,-0.26100353245516306,-0.26100353245516306,3.946761086881632,3.9467610868816316,0.07251207487982365,-0.40083351710296133,-0.40083351710296133,-0.4008335171029614,-0.4008335171029614,-0.5966537398390945,5.501623802708534,5.501623802708535,-0.5966537398390945,-0.5966537398390946,1.5700172162171944,1.5700172162171946,-0.3991168347019628,-0.39911683470196285,-0.39911683470196285,-0.3991168347019628,-0.3991168347019628,0.0664629204932504,0.0664629204932504,0.39911683470196363,0.3991168347019628,-0.39911683470196285,-0.39911683470196285,-0.3991168347019628,3.631996429487794,3.631996429487794,1.5700172162171946,0.18594869854542936,0.1296598063993,1,2022-11-11
2.4474212885781554,2.4474212885781554,1.321946711830081,1.32194671183008,1.321946711830081,1.3219467118300805,0.928316249085049,0.928316249085049,-0.5966537398390945,-0.5966537398390945,-0.5966537398390946,-2.4231390425457207,-2.42313904254572,1.002006596727692,1.002006596727692,2.666983537580072,2.666983537580072,-0.26100353245516306,-0.26100353245516306,-0.2533723166886974,-0.2533723166886973,0.35682763166875897,-0.40083351710296133,-0.40083351710296133,-0.4008335171029614,-0.4008335171029614,0.9761766079936257,-0.31977063540430195,-0.3197706354043019,0.9761766079936257,0.9761766079936257,-0.694548652506796,-0.694548652506796,-0.3991168347019628,-0.39911683470196285,-0.39911683470196285,-0.3991168347019628,-0.3991168347019628,2.6669835375800726,2.666983537580072,0.39911683470196363,0.3991168347019628,-0.39911683470196285,-0.39911683470196285,-0.3991168347019628,2.6622617212851676,2.662261721285168,-0.694548652506796,-0.9640490264526441,-0.9660926751320393,1,2022-11-14
2.4901499756049192,2.4901499756049192,1.6214301543310612,1.6214301543310612,1.621430154331061,1.6214301543310616,0.928316249085049,0.928316249085049,-0.5966537398390945,-0.5966537398390945,-0.5966537398390946,0.5586183265777493,0.5586183265777493,0.7547923877166497,0.7547923877166498,-0.7137712880536509,-0.7137712880536509,-0.26100353245516306,-0.26100353245516306,-0.2533723166886974,-0.2533723166886973,0.8340400583078451,-0.40083351710296133,-0.40083351710296133,-0.4008335171029614,-0.4008335171029614,-0.5966537398390945,1.0237314273957987,1.0237314273957987,-0.5966537398390945,-0.5966537398390946,-0.17191632646848753,-0.17191632646848753,-0.3991168347019628,-0.39911683470196285,-0.39911683470196285,-0.3991168347019628,-0.3991168347019628,-0.7137712880536509,-0.7137712880536509,0.39911683470196363,0.3991168347019628,-0.39911683470196285,-0.39911683470196285,-0.3991168347019628,3.1584921334535494,3.1584921334535494,-0.17191632646848753,0.13118690211694967,0.1296598063993,0,2022-11-15
2.725655270629654,2.725655270629653,1.6399142211102642,1.6399142211102642,1.6399142211102644,1.6399142211102646,0.928316249085049,0.928316249085049,-0.5966537398390945,-0.5966537398390945,-0.5966537398390946,-0.5596105761499722,-0.5596105761499723,1.3524602859649648,1.352460285964965,0.06646292049325045,0.0664629204932504,-0.26100353245516306,-0.26100353245516306,-0.2533723166886974,-0.2533723166886973,0.46869069711782957,-0.40083351710296133,-0.40083351710296133,-0.4008335171029614,-0.4008335171029614,-0.5966537398390945,-0.31977063540430195,-0.3197706354043019,-0.5966537398390945,-0.5966537398390946,-0.694548652506796,-0.694548652506796,-0.3991168347019628,-0.39911683470196285,-0.39911683470196285,-0.3991168347019628,-0.3991168347019628,0.0664629204932504,0.0664629204932504,0.39911683470196363,0.3991168347019628,-0.39911683470196285,-0.39911683470196285,-0.3991168347019628,1.6754997453668865,1.6754997453668865,-0.694548652506796,-0.9640490264526441,-0.9660926751320393,0,2022-11-16
2.758610113501288,2.758610113501288,1.5454678302756657,1.5454678302756657,1.5454678302756657,1.5454678302756664,0.928316249085049,0.928316249085049,-0.5966537398390945,-0.5966537398390945,-0.5966537398390946,1.1255603802607044,1.1255603802607042,-0.11623193579967164,-0.11623193579967148,-0.7137712880536509,-0.7137712880536509,-0.26100353245516306,-0.26100353245516306,-0.2533723166886974,-0.2533723166886973,0.3711998378911657,-0.40083351710296133,-0.40083351710296133,-0.4008335171029614,-0.4008335171029614,-0.5966537398390945,2.3860425190751005,2.3860425190751005,-0.5966537398390945,-0.5966537398390946,0.3580328521343571,0.35803285213435715,-0.3991168347019628,-0.39911683470196285,-0.39911683470196285,-0.3991168347019628,-0.3991168347019628,-0.7137712880536509,-0.7137712880536509,0.39911683470196363,0.3991168347019628,-0.39911683470196285,-0.39911683470196285,-0.3991168347019628,-0.13983712752633987,-0.1398371275263398,0.35803285213435715,0.13118690211694967,0.1296598063993,1,2022-11-17
2.5392864593009272,2.539286459300927,1.4597467047662622,1.4597467047662622,1.459746704766262,1.4597467047662627,0.928316249085049,0.928316249085049,-0.5966537398390945,-0.5966537398390945,-0.5966537398390946,-1.126552629832927,-1.126552629832927,-0.14267491074309782,-0.14267491074309768,0.8576204079598082,0.8576204079598081,-0.26100353245516306,-0.26100353245516306,-0.2533723166886974,-0.2533723166886973,0.5751428434276962,-0.40083351710296133,-0.40083351710296133,-0.4008335171029614,-0.4008335171029614,-0.5966537398390945,-0.31977063540430195,-0.3197706354043019,-0.5966537398390945,-0.5966537398390946,-0.694548652506796,-0.694548652506796,-0.3991168347019628,-0.39911683470196285,-0.39911683470196285,-0.3991168347019628,-0.3991168347019628,0.8576204079598081,0.8576204079598081,0.39911683470196363,0.3991168347019628,-0.39911683470196285,-0.39911683470196285,-0.3991168347019628,-0.21309122491849544,-0.21309122491849541,-0.694548652506796,0.13118690211694967,0.1296598063993,0,2022-11-18
1.4248602855475871,1.4248602855475867,1.2889921481787816,1.2889921481787816,1.2889921481787816,1.2889921481787818,0.928316249085049,0.928316249085049,0.9761766079936257,0.9761766079936257,0.9761766079936258,1.7741331438427828,1.7741331438427828,-0.14388713194654074,-0.14388713194654054,-0.7137712880536509,-0.7137712880536509,-0.26100353245516306,-0.26100353245516306,-0.2533723166886974,-0.2533723166886973,0.4201104171717373,-0.40083351710296133,-0.40083351710296133,-0.4008335171029614,-0.4008335171029614,-0.5966537398390945,3.944504911923217,3.9445049119232176,-0.5966537398390945,-0.5966537398390946,2.623121353184386,2.6231213531843864,2.0799294044025545,-0.39911683470196285,-0.39911683470196285,-0.3991168347019628,-0.3991168347019628,-0.7137712880536509,-0.7137712880536509,-2.079929404402554,-2.079929404402555,2.079929404402555,2.079929404402555,2.0799294044025545,-0.662022750670194,-0.662022750670194,2.6231213531843864,1.2811846271150231,1.2254122879306393,1,2022-11-21
1.6438880262548876,1.6438880262548872,1.1946715007468363,1.1946715007468363,1.1946715007468363,1.1946715007468365,0.928316249085049,0.928316249085049,-0.5966537398390945,-0.5966537398390945,-0.5966537398390946,-0.6490688883681901,-0.64906888836819,-0.34594920166510407,-0.34594920166510396,1.7626920898742136,1.7626920898742138,-0.26100353245516306,-0.26100353245516306,-0.2533723166886974,-0.2533723166886973,0.8199983529205441,-0.40083351710296133,-0.40083351710296133,-0.4008335171029614,-0.4008335171029614,0.9761766079936257,2.3860425190751005,2.3860425190751005,0.9761766079936257,0.9761766079936257,0.3580328521343571,0.35803285213435715,-0.3991168347019628,2.0799294044025545,2.0799294044025545,2.0799294044025545,2.0799294044025545,1.762692089874214,1.7626920898742138,0.39911683470196363,0.3991168347019628,-0.39911683470196285,-0.39911683470196285,-0.3991168347019628,-0.8137455594781302,-0.8137455594781301,0.35803285213435715,0.13118690211694967,0.1296598063993,1,2022-11-22
1.0880033020510367,1.088003302051036,1.1248054006518142,1.1248054006518138,1.1248054006518142,1.124805400651814,0.928316249085049,0.928316249085049,0.9761766079936257,0.9761766079936257,0.9761766079936258,-0.37678015055398983,-0.3767801505539898,-0.5823924101613579,-0.5823924101613578,0.8576204079598082,0.8576204079598081,-0.26100353245516306,-0.26100353245516306,-0.2533723166886974,-0.2533723166886973,1.0587954847593168,2.060830006326008,2.060830006326008,2.060830006326008,2.060830006326008,-0.5966537398390945,1.481865630810633,1.481865630810633,-0.5966537398390945,-0.5966537398390946,0.7071512459279472,0.7071512459279472,1.0414508883874305,-0.39911683470196285,-0.39911683470196285,-0.3991168347019628,-0.3991168347019628,0.8576204079598081,0.8576204079598081,-1.0414508883874305,-1.0414508883874296,1.0414508883874307,1.0414508883874307,1.0414508883874305,-0.21553047526680233,-0.21553047526680233,0.7071512459279472,1.2264228306865435,1.2254122879306393,0,2022-11-23
-0.1617780722214587,-0.16177807222145876,1.0177849024908387,1.0177849024908387,1.0177849024908387,1.0177849024908387,0.928316249085049,0.928316249085049,0.9761766079936257,0.9761766079936257,0.9761766079936258,-0.3773392650053537,-0.3773392650053537,-0.6706395991584382,-0.6706395991584381,0.3325227856077437,0.3325227856077436,-0.26100353245516306,-0.26100353245516306,-0.2533723166886974,-0.2533723166886973,0.8457956813852952,-0.40083351710296133,-0.40083351710296133,-0.4008335171029614,-0.4008335171029614,0.9761766079936257,0.5763452404833651,0.5763452404833651,0.9761766079936257,0.9761766079936257,-0.3459528910392444,-0.3459528910392443,-0.3991168347019628,1.0414508883874305,1.0414508883874305,1.0414508883874307,1.0414508883874307,0.3325227856077436,0.3325227856077436,0.39911683470196363,0.3991168347019628,-0.39911683470196285,-0.39911683470196285,-0.3991168347019628,-0.0883209135049027,-0.08832091350490265,-0.3459528910392443,0.13118690211694967,0.1296598063993,0,2022-11-25
-0.540434909315887,-0.5404349093158869,0.8316028471375582,0.831602847137558,0.831602847137558,0.8316028471375582,0.928316249085049,0.928316249085049,-0.5966537398390945,-0.5966537398390945,-0.5966537398390946,-0.0938682381638762,-0.09386823816387567,-0.5012131556567043,-0.5012131556567042,-0.19335507095286766,-0.19335507095286777,-0.26100353245516306,-0.26100353245516306,-0.2533723166886974,-0.2533723166886973,0.4183757702704545,1.0296331523042384,1.0296331523042384,1.0296331523042384,1.0296331523042384,0.9761766079936257,0.35198039599574826,0.35198039599574843,0.9761766079936257,0.9761766079936257,-0.17191632646848753,-0.17191632646848753,0.6695939525217529,-0.39911683470196285,-0.39911683470196285,-0.3991168347019628,-0.3991168347019628,-0.19335507095286772,-0.19335507095286777,-0.6695939525217518,-0.6695939525217527,0.669593952521753,0.669593952521753,0.6695939525217529,-0.5256485019461142,-0.5256485019461143,-0.17191632646848753,1.1716610342580638,1.2254122879306393,1,2022-11-28
-0.5875747073023968,-0.5875747073023967,0.7122825836770584,0.7122825836770583,0.7122825836770584,0.7122825836770585,0.928316249085049,0.928316249085049,-0.5966537398390945,-0.5966537398390945,-0.5966537398390946,-0.280053350468042,-0.28005335046804186,-0.5801805931076787,-0.5801805931076784,-0.32365418378020017,-0.3236541837802002,-0.26100353245516306,-0.26100353245516306,-0.2533723166886974,-0.2533723166886973,0.3961767496403325,-0.40083351710296133,-0.40083351710296133,-0.4008335171029614,-0.4008335171029614,-0.5966537398390945,-0.31977063540430195,-0.3197706354043019,-0.5966537398390945,-0.5966537398390946,-0.694548652506796,-0.694548652506796,-0.3991168347019628,0.6695939525217529,0.6695939525217529,0.6695939525217529,0.6695939525217529,-0.3236541837802003,-0.3236541837802002,0.39911683470196363,0.3991168347019628,-0.39911683470196285,-0.39911683470196285,-0.3991168347019628,-0.1381184152004078,-0.1381184152004077,-0.694548652506796,-0.9640490264526441,-0.9660926751320393,1,2022-11-29
-0.016411889835773113,-0.01641188983577308,0.9007899486701416,0.9007899486701414,0.9007899486701415,0.9007899486701416,0.928316249085049,0.928316249085049,0.9761766079936257,0.9761766079936257,0.9761766079936258,0.3724332142735836,0.3724332142735836,0.7843767113842839,0.784376711384284,-0.7137712880536509,-0.7137712880536509,-0.26100353245516306,-0.26100353245516306,-0.2533723166886974,-0.2533723166886973,1.3922394215358855,0.6603836237898931,0.6603836237898931,0.6603836237898931,0.6603836237898931,-0.5966537398390945,0.5763452404833651,0.5763452404833651,-0.5966537398390945,-0.5966537398390946,-0.3459528910392444,-0.3459528910392443,-0.3991168347019628,-0.39911683470196285,-0.39911683470196285,-0.3991168347019628,-0.3991168347019628,-0.7137712880536509,-0.7137712880536509,0.39911683470196363,0.3991168347019628,-0.39911683470196285,-0.39911683470196285,-0.3991168347019628,0.8238479569130917,0.8238479569130917,-0.3459528910392443,0.13118690211694967,0.1296598063993,1,2022-11-30
0.6066453083038296,0.6066453083038295,1.0633904725356664,1.0633904725356664,1.0633904725356664,1.0633904725356667,0.928316249085049,0.928316249085049,-0.5966537398390945,-0.5966537398390945,-0.5966537398390946,0.18568898751805404,0.18568898751805418,0.7841977708114135,0.7841977708114137,-0.19335507095286766,-0.19335507095286777,-0.26100353245516306,-0.26100353245516306,-0.2533723166886974,-0.2533723166886973,1.4830529221004187,-0.40083351710296133,-0.40083351710296133,-0.4008335171029614,-0.4008335171029614,0.9761766079936257,1.0237314273957987,1.0237314273957987,0.9761766079936257,0.9761766079936257,-0.17191632646848753,-0.17191632646848753,-0.3991168347019628,-0.39911683470196285,-0.39911683470196285,-0.3991168347019628,-0.3991168347019628,-0.19335507095286772,-0.19335507095286777,0.39911683470196363,0.3991168347019628,-0.39911683470196285,-0.39911683470196285,-0.3991168347019628,1.0255577605981445,1.0255577605981443,-0.17191632646848753,0.13118690211694967,0.1296598063993,1,2022-12-01
1.109438980064779,1.1094389800647788,1.2220525338465649,1.2220525338465649,1.2220525338465649,1.222052533846565,0.928316249085049,0.928316249085049,-0.5966537398390945,-0.5966537398390945,-0.5966537398390946,-0.5596105761499722,-0.5596105761499723,0.6748256673325648,0.6748256673325648,0.06646292049325045,0.0664629204932504,-0.26100353245516306,-0.26100353245516306,-0.2533723166886974,-0.2533723166886973,1.6295840202374186,-0.40083351710296133,-0.40083351710296133,-0.4008335171029614,-0.4008335171029614,-0.5966537398390945,-0.31977063540430195,-0.3197706354043019,-0.5966537398390945,-0.5966537398390946,-0.694548652506796,-0.694548652506796,-0.3991168347019628,-0.39911683470196285,-0.39911683470196285,-0.3991168347019628,-0.3991168347019628,0.0664629204932504,0.0664629204932504,0.39911683470196363,0.3991168347019628,-0.39911683470196285,-0.39911683470196285,-0.3991168347019628,1.5621963721273289,1.5621963721273286,-0.694548652506796,-0.9640490264526441,-0.9660926751320393,0,2022-12-02
0.9349439438371426,0.9349439438371424,1.2321358358926056,1.2321358358926056,1.2321358358926053,1.232135835892606,0.928316249085049,0.928316249085049,-0.5966537398390945,-0.5966537398390945,-0.5966537398390946,-0.00049612478611147,-0.000496124786111486,0.44156394862017917,0.44156394862017917,-0.7137712880536509,-0.7137712880536509,-0.26100353245516306,-0.26100353245516306,-0.2533723166886974,-0.2533723166886973,1.2673542279853456,-0.40083351710296133,-0.40083351710296133,-0.4008335171029614,-0.4008335171029614,-0.5966537398390945,-0.31977063540430195,-0.3197706354043019,-0.5966537398390945,-0.5966537398390946,-0.694548652506796,-0.694548652506796,-0.3991168347019628,-0.39911683470196285,-0.39911683470196285,-0.3991168347019628,-0.3991168347019628,-0.7137712880536509,-0.7137712880536509,0.39911683470196363,0.3991168347019628,-0.39911683470196285,-0.39911683470196285,-0.3991168347019628,1.820946141309439,1.820946141309439,-0.694548652506796,-0.9640490264526441,-0.9660926751320393,0,2022-12-05
0.3243954295063925,0.32439542950639244,0.9076519585441372,0.9076519585441372,0.907651958544137,0.9076519585441373,0.928316249085049,0.928316249085049,-0.5966537398390945,-0.5966537398390945,-0.5966537398390946,-0.00049612478611147,-0.000496124786111486,1.5888363831989045,1.5888363831989045,-0.7137712880536509,-0.7137712880536509,-0.26100353245516306,-0.26100353245516306,-0.2533723166886974,-0.2533723166886973,0.09216964143229021,-0.40083351710296133,-0.40083351710296133,-0.4008335171029614,-0.4008335171029614,-0.5966537398390945,-0.31977063540430195,-0.3197706354043019,-0.5966537398390945,-0.5966537398390946,-0.694548652506796,-0.694548652506796,-0.3991168347019628,-0.39911683470196285,-0.39911683470196285,-0.3991168347019628,-0.3991168347019628,-0.7137712880536509,-0.7137712880536509,0.39911683470196363,0.3991168347019628,-0.39911683470196285,-0.39911683470196285,-0.3991168347019628,0.5630371071853189,0.5630371071853189,-0.694548652506796,-0.9640490264526441,-0.9660926751320393,0,2022-12-06
0.13811586071472617,0.13811586071472612,0.6549500599351764,0.6549500599351763,0.6549500599351763,0.6549500599351764,0.928316249085049,0.928316249085049,-0.5966537398390945,-0.5966537398390945,-0.5966537398390946,-0.00049612478611147,-0.000496124786111486,0.6590928046245997,0.6590928046246,-0.7137712880536509,-0.7137712880536509,-0.26100353245516306,-0.26100353245516306,-0.2533723166886974,-0.2533723166886973,-0.04310744217641297,-0.40083351710296133,-0.40083351710296133,-0.4008335171029614,-0.4008335171029614,-0.5966537398390945,-0.31977063540430195,-0.3197706354043019,-0.5966537398390945,-0.5966537398390946,-0.694548652506796,-0.694548652506796,-0.3991168347019628,-0.39911683470196285,-0.39911683470196285,-0.3991168347019628,-0.3991168347019628,-0.7137712880536509,-0.7137712880536509,0.39911683470196363,0.3991168347019628,-0.39911683470196285,-0.39911683470196285,-0.3991168347019628,-0.6185858152310997,-0.6185858152310996,-0.694548652506796,-0.9640490264526441,-0.9660926751320393,1,2022-12-07
0.19690942486746674,0.1969094248674667,0.5111353347623062,0.5111353347623062,0.5111353347623063,0.5111353347623062,0.928316249085049,0.928316249085049,-0.5966537398390945,-0.5966537398390945,-0.5966537398390946,-0.00049612478611147,-0.000496124786111486,0.5911621680143561,0.5911621680143561,-0.7137712880536509,-0.7137712880536509,-0.26100353245516306,-0.26100353245516306,-0.2533723166886974,-0.2533723166886973,0.04503364737734158,-0.40083351710296133,-0.40083351710296133,-0.4008335171029614,-0.4008335171029614,-0.5966537398390945,-0.31977063540430195,-0.3197706354043019,-0.5966537398390945,-0.5966537398390946,-0.694548652506796,-0.694548652506796,-0.3991168347019628,-0.39911683470196285,-0.39911683470196285,-0.3991168347019628,-0.3991168347019628,-0.7137712880536509,-0.7137712880536509,0.39911683470196363,0.3991168347019628,-0.39911683470196285,-0.39911683470196285,-0.3991168347019628,-0.7265922094044603,-0.7265922094044603,-0.694548652506796,-0.9640490264526441,-0.9660926751320393,1,2022-12-08
0.3416795579833866,0.34167955798338656,0.41462751967295347,0.41462751967295347,0.4146275196729535,0.4146275196729534,0.928316249085049,0.928316249085049,-0.5966537398390945,-0.5966537398390945,-0.5966537398390946,-0.00049612478611147,-0.000496124786111486,0.3778532299963258,0.37785322999632587,-0.7137712880536509,-0.7137712880536509,-0.26100353245516306,-0.26100353245516306,-0.2533723166886974,-0.2533723166886973,0.09081218163833286,-0.40083351710296133,-0.40083351710296133,-0.4008335171029614,-0.4008335171029614,-0.5966537398390945,-0.31977063540430195,-0.3197706354043019,-0.5966537398390945,-0.5966537398390946,-0.694548652506796,-0.694548652506796,-0.3991168347019628,-0.39911683470196285,-0.39911683470196285,-0.3991168347019628,-0.3991168347019628,-0.7137712880536509,-0.7137712880536509,0.39911683470196363,0.3991168347019628,-0.39911683470196285,-0.39911683470196285,-0.3991168347019628,-1.015385722733819,-1.015385722733819,-0.694548652506796,-0.9640490264526441,-0.9660926751320393,0,2022-12-09
0.5027869812410192,0.5027869812410191,0.29403525247498463,0.2940352524749847,0.2940352524749846,0.2940352524749847,0.928316249085049,0.928316249085049,-0.5966537398390945,-0.5966537398390945,-0.5966537398390946,0.5412857785854696,0.5412857785854696,0.3756946539192405,0.3756946539192407,-0.7137712880536509,-0.7137712880536509,-0.26100353245516306,-0.26100353245516306,-0.2533723166886974,-0.2533723166886973,-0.06840230017001939,-0.40083351710296133,-0.40083351710296133,-0.4008335171029614,-0.4008335171029614,-0.5966537398390945,-0.31977063540430195,-0.3197706354043019,-0.5966537398390945,-0.5966537398390946,0.8247435192865668,0.8247435192865666,1.0414508883874305,-0.39911683470196285,-0.39911683470196285,-0.3991168347019628,-0.3991168347019628,-0.7137712880536509,-0.7137712880536509,-1.0414508883874305,-1.0414508883874296,1.0414508883874307,1.0414508883874307,1.0414508883874305,-1.0395681537814871,-1.0395681537814871,0.8247435192865666,2.321658759256137,2.321164769461979,1,2022-12-12
0.9918971089555954,0.9918971089555952,0.3816182859952003,0.38161828599520037,0.3816182859952003,0.3816182859952004,0.928316249085049,0.928316249085049,-0.5966537398390945,-0.5966537398390945,-0.5966537398390946,-0.5422780281576927,-0.5422780281576925,-0.17670180096988275,-0.1767018009698826,0.042275660028296434,0.04227566002829641,-0.26100353245516306,-0.26100353245516306,-0.2533723166886974,-0.2533723166886973,0.5718556374461415,-0.40083351710296133,-0.40083351710296133,-0.4008335171029614,-0.4008335171029614,-0.5966537398390945,-0.31977063540430195,-0.3197706354043019,-0.5966537398390945,-0.5966537398390946,-0.694548652506796,-0.694548652506796,-0.3991168347019628,1.0414508883874305,1.0414508883874305,1.0414508883874307,1.0414508883874307,0.04227566002829642,0.04227566002829641,0.39911683470196363,0.3991168347019628,-0.39911683470196285,-0.39911683470196285,-0.3991168347019628,0.718798104210325,0.718798104210325,-0.694548652506796,-0.9640490264526441,-0.9660926751320393,1,2022-12-13
0.21981615513417874,0.2198161551341786,0.46282353194923964,0.46282353194923964,0.46282353194923964,0.4628235319492396,0.928316249085049,0.928316249085049,0.9761766079936257,0.9761766079936257,0.9761766079936258,0.3724332142735836,0.3724332142735836,-0.23644097173381723,-0.23644097173381712,-0.7137712880536509,-0.7137712880536509,-0.26100353245516306,-0.26100353245516306,-0.2533723166886974,-0.2533723166886973,0.721442834454014,1.0296331523042384,1.0296331523042384,1.0296331523042384,1.0296331523042384,-0.5966537398390945,-0.31977063540430195,-0.3197706354043019,-0.5966537398390945,-0.5966537398390946,-0.3459528910392444,-0.3459528910392443,-0.3991168347019628,-0.39911683470196285,-0.39911683470196285,-0.3991168347019628,-0.3991168347019628,-0.7137712880536509,-0.7137712880536509,0.39911683470196363,0.3991168347019628,-0.39911683470196285,-0.39911683470196285,-0.3991168347019628,0.9371996348067018,0.9371996348067018,-0.3459528910392443,0.13118690211694967,0.1296598063993,0,2022-12-14
-0.5189413681565604,-0.5189413681565604,0.30876501501654113,0.30876501501654113,0.30876501501654113,0.3087650150165412,0.928316249085049,0.928316249085049,-0.5966537398390945,-0.5966537398390945,-0.5966537398390946,-0.3734254638458066,-0.3734254638458066,0.46131137218415486,0.461311372184155,-0.19335507095286766,-0.19335507095286777,-0.26100353245516306,-0.26100353245516306,-0.2533723166886974,-0.2533723166886973,0.02723165427462693,-0.40083351710296133,-0.40083351710296133,-0.4008335171029614,-0.4008335171029614,0.9761766079936257,-0.31977063540430195,-0.3197706354043019,0.9761766079936257,0.9761766079936257,-0.694548652506796,-0.694548652506796,-0.3991168347019628,-0.39911683470196285,-0.39911683470196285,-0.3991168347019628,-0.3991168347019628,-0.19335507095286772,-0.19335507095286777,0.39911683470196363,0.3991168347019628,-0.39911683470196285,-0.39911683470196285,-0.3991168347019628,0.024996833423226318,0.02499683342322643,-0.694548652506796,-0.9640490264526441,-0.9660926751320393,1,2022-12-15
-0.48785610099551396,-0.4878561009955139,0.3008602946631356,0.3008602946631356,0.3008602946631355,0.3008602946631356,0.928316249085049,0.928316249085049,2.549006955826346,2.549006955826346,2.5490069558263464,0.9315476656374442,0.9315476656374444,0.5786866962778912,0.5786866962778914,-0.7137712880536509,-0.7137712880536509,-0.26100353245516306,-0.26100353245516306,3.946761086881632,3.9467610868816316,0.3830760196726133,-0.40083351710296133,-0.40083351710296133,-0.4008335171029614,-0.4008335171029614,-0.5966537398390945,1.9198473032834653,1.9198473032834655,-0.5966537398390945,-0.5966537398390946,1.9191356100107837,1.9191356100107844,3.127477601780256,-0.39911683470196285,-0.39911683470196285,-0.3991168347019628,-0.3991168347019628,-0.7137712880536509,-0.7137712880536509,-3.127477601780256,-3.1274776017802575,3.127477601780256,3.127477601780256,3.127477601780256,0.37922029776724764,0.3792202977672476,1.9191356100107844,2.321658759256137,2.321164769461979,0,2022-12-16
-0.8512556661605168,-0.8512556661605168,0.11401078077829757,0.11401078077829754,0.11401078077829756,0.11401078077829754,0.928316249085049,0.928316249085049,-0.5966537398390945,-0.5966537398390945,-0.5966537398390946,-0.9325399152096675,-0.9325399152096673,0.9112703105749405,0.9112703105749403,0.5868791375940333,0.5868791375940333,-0.26100353245516306,-0.26100353245516306,-0.2533723166886974,-0.2533723166886973,-0.2439255457670467,-0.40083351710296133,-0.40083351710296133,-0.4008335171029614,-0.4008335171029614,2.549006955826346,-0.31977063540430195,-0.3197706354043019,2.549006955826346,2.549006955826346,-0.694548652506796,-0.694548652506796,-0.3991168347019628,3.127477601780256,3.127477601780256,3.1274776017802557,3.1274776017802557,0.5868791375940334,0.5868791375940333,0.39911683470196363,0.3991168347019628,-0.39911683470196285,-0.39911683470196285,-0.3991168347019628,-0.11329857445383702,-0.11329857445383694,-0.694548652506796,-0.9640490264526441,-0.9660926751320393,1,2022-12-19
0.17984677242805006,0.17984677242804997,0.07269158847264265,0.07269158847264263,0.07269158847264265,0.07269158847264263,0.928316249085049,0.928316249085049,-0.5966537398390945,-0.5966537398390945,-0.5966537398390946,-0.00049612478611147,-0.000496124786111486,0.5765011150363842,0.5765011150363842,-0.7137712880536509,-0.7137712880536509,-0.26100353245516306,-0.26100353245516306,-0.2533723166886974,-0.2533723166886973,0.03343199881297016,3.1010329464091027,3.1010329464091027,3.101032946409102,3.101032946409102,-0.5966537398390945,-0.31977063540430195,-0.3197706354043019,-0.5966537398390945,-0.5966537398390946,-0.694548652506796,-0.694548652506796,-0.3991168347019628,-0.39911683470196285,-0.39911683470196285,-0.3991168347019628,-0.3991168347019628,-0.7137712880536509,-0.7137712880536509,0.39911683470196363,0.3991168347019628,-0.39911683470196285,-0.39911683470196285,-0.3991168347019628,-0.46928081740795957,-0.46928081740795957,-0.694548652506796,-0.9640490264526441,-0.9660926751320393,1,2022-12-20
0.4649019125498938,0.46490191254989377,0.126494437845101,0.12649443784510103,0.12649443784510095,0.12649443784510106,0.928316249085049,0.928316249085049,-0.5966537398390945,-0.5966537398390945,-0.5966537398390946,0.27906110089581876,0.2790611008958189,0.6641091475905494,0.6641091475905495,-0.7137712880536509,-0.7137712880536509,-0.26100353245516306,-0.26100353245516306,-0.2533723166886974,-0.2533723166886973,0.309551418035083,-0.40083351710296133,-0.40083351710296133,-0.4008335171029614,-0.4008335171029614,-0.5966537398390945,0.35198039599574826,0.35198039599574843,-0.5966537398390945,-0.5966537398390946,-0.17191632646848753,-0.17191632646848753,0.6695939525217529,-0.39911683470196285,-0.39911683470196285,-0.3991168347019628,-0.3991168347019628,-0.7137712880536509,-0.7137712880536509,-0.6695939525217518,-0.6695939525217527,0.669593952521753,0.669593952521753,0.6695939525217529,-0.31122331052467933,-0.3112233105246793,-0.17191632646848753,1.2264228306865435,1.2254122879306393,0,2022-12-21
0.060771353606804766,0.060771353606804766,0.06240215950101731,0.06240215950101729,0.062402159501017386,0.062402159501017365,0.928316249085049,0.928316249085049,-0.5966537398390945,-0.5966537398390945,-0.5966537398390946,-0.280053350468042,-0.28005335046804186,0.35627864341947413,0.35627864341947424,-0.32365418378020017,-0.3236541837802002,-0.26100353245516306,-0.26100353245516306,-0.2533723166886974,-0.2533723166886973,-0.04444741558870132,-0.40083351710296133,-0.40083351710296133,-0.4008335171029614,-0.4008335171029614,-0.5966537398390945,-0.31977063540430195,-0.3197706354043019,-0.5966537398390945,-0.5966537398390946,-0.694548652506796,-0.694548652506796,-0.3991168347019628,0.6695939525217529,0.6695939525217529,0.6695939525217529,0.6695939525217529,-0.3236541837802003,-0.3236541837802002,0.39911683470196363,0.3991168347019628,-0.39911683470196285,-0.39911683470196285,-0.3991168347019628,0.04382935668439294,0.04382935668439295,-0.694548652506796,-0.9640490264526441,-0.9660926751320393,1,2022-12-22
0.09413835949187564,0.0941383594918757,0.04445471431214606,0.04445471431214604,0.04445471431214607,0.04445471431214617,0.928316249085049,0.928316249085049,-0.5966537398390945,-0.5966537398390945,-0.5966537398390946,-0.00049612478611147,-0.000496124786111486,0.18506221254816957,0.18506221254816965,-0.7137712880536509,-0.7137712880536509,-0.26100353245516306,-0.26100353245516306,-0.2533723166886974,-0.2533723166886973,0.027263159596518927,0.6603836237898931,0.6603836237898931,0.6603836237898931,0.6603836237898931,-0.5966537398390945,-0.31977063540430195,-0.3197706354043019,-0.5966537398390945,-0.5966537398390946,-0.694548652506796,-0.694548652506796,-0.3991168347019628,-0.39911683470196285,-0.39911683470196285,-0.3991168347019628,-0.3991168347019628,-0.7137712880536509,-0.7137712880536509,0.39911683470196363,0.3991168347019628,-0.39911683470196285,-0.39911683470196285,-0.3991168347019628,-0.2594560259854889,-0.2594560259854889,-0.694548652506796,-0.9640490264526441,-0.9660926751320393,0,2022-12-23
0.09927225503489678,0.09927225503489671,-0.012087429205394365,-0.012087429205394391,-0.012087429205394297,-0.012087429205394315,0.928316249085049,0.928316249085049,-0.5966537398390945,-0.5966537398390945,-0.5966537398390946,0.5586183265777493,0.5586183265777493,-0.3054678045972554,-0.3054678045972553,-0.7137712880536509,-0.7137712880536509,-0.26100353245516306,-0.26100353245516306,-0.2533723166886974,-0.2533723166886973,-0.16360059550827014,-0.40083351710296133,-0.40083351710296133,-0.4008335171029614,-0.4008335171029614,-0.5966537398390945,1.0237314273957987,1.0237314273957987,-0.5966537398390945,-0.5966537398390946,-0.17191632646848753,-0.17191632646848753,-0.3991168347019628,-0.39911683470196285,-0.39911683470196285,-0.3991168347019628,-0.3991168347019628,-0.7137712880536509,-0.7137712880536509,0.39911683470196363,0.3991168347019628,-0.39911683470196285,-0.39911683470196285,-0.3991168347019628,0.23519381307494153,0.23519381307494147,-0.17191632646848753,0.13118690211694967,0.1296598063993,0,2022-12-27
-0.5425586736040378,-0.5425586736040376,-0.09317506069727743,-0.09317506069727745,-0.0931750606972774,-0.09317506069727742,-1.0772191060811471,-1.0772191060811471,-0.5966537398390945,-0.5966537398390945,-0.5966537398390946,-0.5596105761499722,-0.5596105761499723,-0.432276070449155,-0.43227607044915495,0.06646292049325045,0.0664629204932504,-0.26100353245516306,-0.26100353245516306,-0.2533723166886974,-0.2533723166886973,-0.35372623869278896,-0.40083351710296133,-0.40083351710296133,-0.4008335171029614,-0.4008335171029614,-0.5966537398390945,-0.31977063540430195,-0.3197706354043019,-0.5966537398390945,-0.5966537398390946,-0.694548652506796,-0.694548652506796,-0.3991168347019628,-0.39911683470196285,-0.39911683470196285,-0.3991168347019628,-0.3991168347019628,0.0664629204932504,0.0664629204932504,0.39911683470196363,0.3991168347019628,-0.39911683470196285,-0.39911683470196285,-0.3991168347019628,-0.27335236532909013,-0.27335236532909,-0.694548652506796,-0.9640490264526441,-0.9660926751320393,1,2022-12-28
-0.23916119157682342,-0.23916119157682336,0.008467455620490795,0.00846745562049077,0.008467455620490897,0.008467455620490881,0.928316249085049,0.928316249085049,-0.5966537398390945,-0.5966537398390945,-0.5966537398390946,-0.00049612478611147,-0.000496124786111486,-0.05924943687366317,-0.059249436873663075,-0.7137712880536509,-0.7137712880536509,-0.26100353245516306,-0.26100353245516306,-0.2533723166886974,-0.2533723166886973,0.1960342016172138,-0.40083351710296133,-0.40083351710296133,-0.4008335171029614,-0.4008335171029614,-0.5966537398390945,-0.31977063540430195,-0.3197706354043019,-0.5966537398390945,-0.5966537398390946,-0.694548652506796,-0.694548652506796,-0.3991168347019628,-0.39911683470196285,-0.39911683470196285,-0.3991168347019628,-0.3991168347019628,-0.7137712880536509,-0.7137712880536509,0.39911683470196363,0.3991168347019628,-0.39911683470196285,-0.39911683470196285,-0.3991168347019628,-0.019532061362552654,-0.01953206136255261,-0.694548652506796,-0.9640490264526441,-0.9660926751320393,1,2022-12-29
0.2937572527753589,0.29375725277535886,0.06951077052631376,0.06951077052631373,0.06951077052631374,0.06951077052631373,0.928316249085049,0.928316249085049,-0.5966537398390945,-0.5966537398390945,-0.5966537398390946,0.5586183265777493,0.5586183265777493,-0.2580021400575174,-0.25800214005751726,-0.7137712880536509,-0.7137712880536509,-0.26100353245516306,-0.26100353245516306,-0.2533723166886974,-0.2533723166886973,0.20635234839209554,-0.40083351710296133,-0.40083351710296133,-0.4008335171029614,-0.4008335171029614,-0.5966537398390945,-0.31977063540430195,-0.3197706354043019,-0.5966537398390945,-0.5966537398390946,-0.17191632646848753,-0.17191632646848753,-0.3991168347019628,-0.39911683470196285,-0.39911683470196285,-0.3991168347019628,-0.3991168347019628,-0.7137712880536509,-0.7137712880536509,0.39911683470196363,0.3991168347019628,-0.39911683470196285,-0.39911683470196285,-0.3991168347019628,0.3342472525467618,0.3342472525467617,-0.17191632646848753,0.13118690211694967,0.1296598063993,1,2022-12-30
0.388832894328829,0.38883289432882895,0.2435246359335017,0.24352463593350168,0.24352463593350168,0.24352463593350165,0.928316249085049,0.928316249085049,1.7625917819099859,1.7625917819099859,1.7625917819099859,0.34895040731630145,0.3489504073163015,-0.016185209798824127,-0.016185209798824006,0.06646292049325045,0.0664629204932504,-0.26100353245516306,-0.26100353245516306,-0.2533723166886974,-0.2533723166886973,0.7318758950290172,-0.40083351710296133,-0.40083351710296133,-0.4008335171029614,-0.4008335171029614,-0.5966537398390945,-0.31977063540430195,-0.3197706354043019,-0.5966537398390945,-0.5966537398390946,1.0040064071177066,1.0040064071177064,3.0745711271652207,-0.39911683470196285,-0.39911683470196285,-0.3991168347019628,-0.3991168347019628,0.0664629204932504,0.0664629204932504,-3.07457112716522,-3.0745711271652207,3.0745711271652207,3.0745711271652207,3.0745711271652207,0.7782900301072007,0.7782900301072007,1.0040064071177064,1.0073756449726248,1.2254122879306393,1,2023-01-03
1.1611929244500667,1.1611929244500665,0.42049109138636087,0.42049109138636087,0.42049109138636087,0.4204910913863608,0.928316249085049,0.928316249085049,-0.5966537398390945,-0.5966537398390945,-0.5966537398390946,-0.3499426568885245,-0.3499426568885245,-0.17832104136521557,-0.17832104136521537,0.5541093008350637,0.5541093008350636,-0.26100353245516306,-0.26100353245516306,-0.2533723166886974,-0.2533723166886973,1.0183495713765216,-0.40083351710296133,-0.40083351710296133,-0.4008335171029614,-0.4008335171029614,1.7625917819099859,-0.31977063540430195,-0.3197706354043019,1.7625917819099859,1.762591781909986,-0.17191632646848753,-0.17191632646848753,-0.3991168347019628,3.0745711271652207,3.0745711271652207,3.0745711271652203,3.0745711271652203,0.5541093008350636,0.5541093008350636,0.39911683470196363,0.3991168347019628,-0.39911683470196285,-0.39911683470196285,-0.3991168347019628,1.278812980243961,1.278812980243961,-0.17191632646848753,0.13118690211694967,0.1296598063993,0,2023-01-04
0.8384334933931068,0.8384334933931068,0.488539462553535,0.488539462553535,0.488539462553535,0.4885394625535351,0.928316249085049,0.928316249085049,-0.5966537398390945,-0.5966537398390945,-0.5966537398390946,-0.3477061990830691,-0.34770619908306905,-0.3035600138025406,-0.30356001380254044,0.06646292049325045,0.0664629204932504,-0.26100353245516306,-0.26100353245516306,-0.2533723166886974,-0.2533723166886973,0.883503508484412,3.048497444384704,3.048497444384704,3.048497444384704,3.048497444384704,-0.5966537398390945,-0.31977063540430195,-0.3197706354043019,-0.5966537398390945,-0.5966537398390946,-0.2983933493697583,-0.2983933493697582,0.4111080336882941,-0.39911683470196285,-0.39911683470196285,-0.3991168347019628,-0.3991168347019628,0.0664629204932504,0.0664629204932504,-0.41110803368829296,-0.4111080336882938,0.41110803368829407,0.41110803368829407,0.4111080336882941,1.402567153176809,1.4025671531768087,-0.2983933493697582,0.5692812735447872,1.2254122879306393,1,2023-01-05
0.8559798008161964,0.8559798008161962,0.5988190707506201,0.5988190707506199,0.5988190707506201,0.5988190707506201,0.928316249085049,0.928316249085049,-0.5966537398390945,-0.5966537398390945,-0.5966537398390946,-0.21240050185301476,-0.21240050185301473,-0.48296568781319277,-0.4829656878131926,-0.4180625230143752,-0.4180625230143753,-0.26100353245516306,-0.26100353245516306,-0.2533723166886974,-0.2533723166886973,1.148784217893737,-0.40083351710296133,-0.40083351710296133,-0.4008335171029614,-0.4008335171029614,-0.5966537398390945,-0.31977063540430195,-0.3197706354043019,-0.5966537398390945,-0.5966537398390946,-0.694548652506796,-0.694548652506796,-0.3991168347019628,0.41110803368829407,0.41110803368829407,0.411108033688294,0.411108033688294,-0.4180625230143753,-0.4180625230143753,0.39911683470196363,0.3991168347019628,-0.39911683470196285,-0.39911683470196285,-0.3991168347019628,1.1484414146606132,1.1484414146606132,-0.694548652506796,-0.9640490264526441,-0.9660926751320393,0,2023-01-06
1.0801547385672778,1.0801547385672774,0.6091752963353757,0.6091752963353756,0.6091752963353756,0.6091752963353757,0.928316249085049,0.928316249085049,-0.5966537398390945,-0.5966537398390945,-0.5966537398390946,-0.00049612478611147,-0.000496124786111486,-0.4151112537775896,-0.4151112537775895,-0.7137712880536509,-0.7137712880536509,-0.26100353245516306,-0.26100353245516306,-0.2533723166886974,-0.2533723166886973,0.9921613586554727,0.40371017104211643,0.40371017104211643,0.4037101710421164,0.4037101710421164,-0.5966537398390945,-0.31977063540430195,-0.3197706354043019,-0.5966537398390945,-0.5966537398390946,-0.694548652506796,-0.694548652506796,-0.3991168347019628,-0.39911683470196285,-0.39911683470196285,-0.3991168347019628,-0.3991168347019628,-0.7137712880536509,-0.7137712880536509,0.39911683470196363,0.3991168347019628,-0.39911683470196285,-0.39911683470196285,-0.3991168347019628,1.0681967935118093,1.0681967935118093,-0.694548652506796,0.07642510568846998,0.1296598063993,1,2023-01-09
1.3205276123278549,1.3205276123278544,0.6885381926683686,0.6885381926683685,0.6885381926683685,0.6885381926683686,0.928316249085049,0.928316249085049,0.9761766079936257,0.9761766079936257,0.9761766079936258,0.3724332142735836,0.3724332142735836,-0.5565986803132605,-0.5565986803132605,-0.7137712880536509,-0.7137712880536509,-0.26100353245516306,-0.26100353245516306,-0.2533723166886974,-0.2533723166886973,1.298855032737774,-0.40083351710296133,-0.40083351710296133,-0.4008335171029614,-0.4008335171029614,-0.5966537398390945,-0.31977063540430195,-0.3197706354043019,-0.5966537398390945,-0.5966537398390946,-0.3459528910392444,-0.3459528910392443,-0.3991168347019628,-0.39911683470196285,-0.39911683470196285,-0.3991168347019628,-0.3991168347019628,-0.7137712880536509,-0.7137712880536509,0.39911683470196363,0.3991168347019628,-0.39911683470196285,-0.39911683470196285,-0.3991168347019628,0.9205648227183594,0.9205648227183594,-0.3459528910392443,0.13118690211694967,0.1296598063993,0,2023-01-10
1.4375825075082131,1.4375825075082127,0.686502671762069,0.6865026717620687,0.6865026717620689,0.6865026717620688,0.928316249085049,0.928316249085049,-0.5966537398390945,-0.5966537398390945,-0.5966537398390946,-0.3734254638458066,-0.3734254638458066,-0.5440612753317565,-0.5440612753317564,-0.19335507095286766,-0.19335507095286777,-0.26100353245516306,-0.26100353245516306,-0.2533723166886974,-0.2533723166886973,1.170347064111484,-0.40083351710296133,-0.40083351710296133,-0.4008335171029614,-0.4008335171029614,0.9761766079936257,-0.31977063540430195,-0.3197706354043019,0.9761766079936257,0.9761766079936257,-0.694548652506796,-0.694548652506796,-0.3991168347019628,-0.39911683470196285,-0.39911683470196285,-0.3991168347019628,-0.3991168347019628,-0.19335507095286772,-0.19335507095286777,0.39911683470196363,0.3991168347019628,-0.39911683470196285,-0.39911683470196285,-0.3991168347019628,0.5746527463552431,0.5746527463552432,-0.694548652506796,0.13118690211694967,0.1296598063993,1,2023-01-11
1.9525617598398417,1.952561759839841,0.7606321640723422,0.760632164072342,0.760632164072342,0.7606321640723421,0.928316249085049,0.928316249085049,-0.5966537398390945,-0.5966537398390945,-0.5966537398390946,-0.00049612478611147,-0.000496124786111486,-0.5198145847280133,-0.5198145847280132,-0.7137712880536509,-0.7137712880536509,-0.26100353245516306,-0.26100353245516306,-0.2533723166886974,-0.2533723166886973,1.5096990100358327,-0.40083351710296133,-0.40083351710296133,-0.4008335171029614,-0.4008335171029614,-0.5966537398390945,-0.31977063540430195,-0.3197706354043019,-0.5966537398390945,-0.5966537398390946,-0.694548652506796,-0.694548652506796,-0.3991168347019628,-0.39911683470196285,-0.39911683470196285,-0.3991168347019628,-0.3991168347019628,-0.7137712880536509,-0.7137712880536509,0.39911683470196363,0.3991168347019628,-0.39911683470196285,-0.39911683470196285,-0.3991168347019628,1.0848428234191847,1.0848428234191847,-0.694548652506796,-0.9640490264526441,-0.9660926751320393,1,2023-01-12
1.4608643024935546,1.4608643024935544,0.7602595610377215,0.7602595610377214,0.7602595610377214,0.7602595610377215,0.928316249085049,0.928316249085049,1.7625917819099859,1.7625917819099859,1.7625917819099859,0.9936093697388331,0.9936093697388331,-0.5257624633581618,-0.5257624633581617,-0.7137712880536509,-0.7137712880536509,-0.26100353245516306,-0.26100353245516306,-0.2533723166886974,-0.2533723166886973,1.4419858461113697,-0.40083351710296133,-0.40083351710296133,-0.4008335171029614,-0.4008335171029614,-0.5966537398390945,-0.31977063540430195,-0.3197706354043019,-0.5966537398390945,-0.5966537398390946,2.0931721745815417,2.0931721745815417,3.0307343339127626,-0.39911683470196285,-0.39911683470196285,-0.3991168347019628,-0.3991168347019628,-0.7137712880536509,-0.7137712880536509,-3.0307343339127617,-3.030734333912763,3.030734333912763,3.030734333912763,3.0307343339127626,0.7292856430793591,0.7292856430793591,2.0931721745815417,2.321658759256137,2.321164769461979,0,2023-01-13
1.2996818696638628,1.2996818696638626,0.6493589350595986,0.6493589350595985,0.6493589350595985,0.6493589350595986,0.928316249085049,0.928316249085049,0.9761766079936257,0.9761766079936257,0.9761766079936258,-0.8084165070068905,-0.8084165070068902,-0.41366600364637934,-0.4136660036463793,0.6734851347427396,0.6734851347427396,-0.26100353245516306,-0.26100353245516306,-0.2533723166886974,-0.2533723166886973,1.134249287933844,-0.40083351710296133,-0.40083351710296133,-0.4008335171029614,-0.4008335171029614,1.7625917819099859,-0.31977063540430195,-0.3197706354043019,1.7625917819099859,1.762591781909986,-0.3464755233652827,-0.34647552336528253,0.3128531522603712,3.0307343339127626,3.0307343339127626,3.030734333912763,3.030734333912763,0.6734851347427396,0.6734851347427396,-0.3128531522603708,-0.3128531522603716,0.31285315226037114,0.31285315226037114,0.3128531522603712,0.6073472023910608,0.6073472023910608,-0.34647552336528253,0.8157093574729458,1.2254122879306393,0,2023-01-17
0.637277195958987,0.637277195958987,0.4498111557886251,0.4498111557886251,0.4498111557886252,0.4498111557886252,0.928316249085049,0.928316249085049,-0.5966537398390945,-0.5966537398390945,-0.5966537398390946,-0.1866812370902772,-0.18668123709027712,-0.4252579800010052,-0.42525798000100506,-0.45395329660753264,-0.45395329660753275,-0.26100353245516306,-0.26100353245516306,-0.2533723166886974,-0.2533723166886973,0.7832374714306595,3.0049680284216302,3.0049680284216302,3.0049680284216302,3.0049680284216302,0.9761766079936257,-0.31977063540430195,-0.3197706354043019,0.9761766079936257,0.9761766079936257,-0.694548652506796,-0.694548652506796,-0.3991168347019628,0.31285315226037114,0.31285315226037114,0.3128531522603711,0.3128531522603711,-0.4539532966075327,-0.45395329660753275,0.39911683470196363,0.3991168347019628,-0.39911683470196285,-0.39911683470196285,-0.3991168347019628,-0.07945678935426606,-0.07945678935426606,-0.694548652506796,-0.9640490264526441,-0.9660926751320393,1,2023-01-18
0.6662378894841865,0.6662378894841865,0.38367000408611784,0.38367000408611784,0.38367000408611784,0.38367000408611796,0.928316249085049,0.928316249085049,-0.5966537398390945,-0.5966537398390945,-0.5966537398390946,0.5586183265777493,0.5586183265777493,-0.26886724389410827,-0.26886724389410804,-0.7137712880536509,-0.7137712880536509,-0.26100353245516306,-0.26100353245516306,-0.2533723166886974,-0.2533723166886973,1.007070200849572,0.3061442387110902,0.3061442387110902,0.3061442387110902,0.3061442387110902,-0.5966537398390945,-0.31977063540430195,-0.3197706354043019,-0.5966537398390945,-0.5966537398390946,-0.17191632646848753,-0.17191632646848753,-0.3991168347019628,-0.39911683470196285,-0.39911683470196285,-0.3991168347019628,-0.3991168347019628,-0.7137712880536509,-0.7137712880536509,0.39911683470196363,0.3991168347019628,-0.39911683470196285,-0.39911683470196285,-0.3991168347019628,0.28931296417838775,0.28931296417838764,-0.17191632646848753,0.13118690211694967,0.1296598063993,1,2023-01-19
0.9948303277514284,0.9948303277514283,0.4066299951721027,0.4066299951721027,0.4066299951721027,0.40662999517210263,0.928316249085049,0.928316249085049,-0.5966537398390945,-0.5966537398390945,-0.5966537398390946,-0.5596105761499722,-0.5596105761499723,-0.34697537261268563,-0.3469753726126856,0.06646292049325045,0.0664629204932504,-0.26100353245516306,-0.26100353245516306,-0.2533723166886974,-0.2533723166886973,1.2334509632414539,-0.40083351710296133,-0.40083351710296133,-0.4008335171029614,-0.4008335171029614,-0.5966537398390945,-0.31977063540430195,-0.3197706354043019,-0.5966537398390945,-0.5966537398390946,-0.694548652506796,-0.694548652506796,-0.3991168347019628,-0.39911683470196285,-0.39911683470196285,-0.3991168347019628,-0.3991168347019628,0.0664629204932504,0.0664629204932504,0.39911683470196363,0.3991168347019628,-0.39911683470196285,-0.39911683470196285,-0.3991168347019628,0.2123272722335462,0.2123272722335462,-0.694548652506796,-0.9640490264526441,-0.9660926751320393,1,2023-01-20
1.0400311722275395,1.0400311722275393,0.505569568269143,0.505569568269143,0.505569568269143,0.505569568269143,0.928316249085049,0.928316249085049,-0.5966537398390945,-0.5966537398390945,-0.5966537398390946,-0.00049612478611147,-0.000496124786111486,-0.19778286408668122,-0.1977828640866811,-0.7137712880536509,-0.7137712880536509,-0.26100353245516306,-0.26100353245516306,-0.2533723166886974,-0.2533723166886973,1.5238523674132551,-0.40083351710296133,-0.40083351710296133,-0.4008335171029614,-0.4008335171029614,-0.5966537398390945,-0.31977063540430195,-0.3197706354043019,-0.5966537398390945,-0.5966537398390946,-0.694548652506796,-0.694548652506796,-0.3991168347019628,-0.39911683470196285,-0.39911683470196285,-0.3991168347019628,-0.3991168347019628,-0.7137712880536509,-0.7137712880536509,0.39911683470196363,0.3991168347019628,-0.39911683470196285,-0.39911683470196285,-0.3991168347019628,0.6138088639283298,0.6138088639283299,-0.694548652506796,-0.27952657109664797,0.1296598063993,0,2023-01-23
1.0817090510022491,1.0817090510022491,0.5134099756572549,0.5134099756572553,0.5134099756572548,0.5134099756572553,0.928316249085049,0.928316249085049,-0.5966537398390945,-0.5966537398390945,-0.5966537398390946,0.5586183265777493,0.5586183265777493,-0.3211441932182876,-0.32114419321828735,-0.7137712880536509,-0.7137712880536509,-0.26100353245516306,-0.26100353245516306,-0.2533723166886974,-0.2533723166886973,1.3503097115579135,-0.40083351710296133,-0.40083351710296133,-0.4008335171029614,-0.4008335171029614,-0.5966537398390945,-0.31977063540430195,-0.3197706354043019,-0.5966537398390945,-0.5966537398390946,-0.17191632646848753,-0.17191632646848753,-0.3991168347019628,-0.39911683470196285,-0.39911683470196285,-0.3991168347019628,-0.3991168347019628,-0.7137712880536509,-0.7137712880536509,0.39911683470196363,0.3991168347019628,-0.39911683470196285,-0.39911683470196285,-0.3991168347019628,0.7891521943745659,0.789152194374566,-0.17191632646848753,0.13118690211694967,0.1296598063993,0,2023-01-24
0.6102032675262564,0.6102032675262564,0.41292992429030273,0.41292992429030273,0.41292992429030273,0.4129299242903028,0.928316249085049,0.928316249085049,0.9761766079936257,0.9761766079936257,0.9761766079936258,1.8630323416096366,1.8630323416096364,-0.437146303659821,-0.4371463036598209,0.06646292049325045,0.0664629204932504,-0.26100353245516306,-0.26100353245516306,-0.2533723166886974,-0.2533723166886973,1.0308849693181223,-0.40083351710296133,-0.40083351710296133,-0.4008335171029614,-0.4008335171029614,-0.5966537398390945,-0.31977063540430195,-0.3197706354043019,-0.5966537398390945,-0.5966537398390946,1.5700172162171944,1.5700172162171946,-0.3991168347019628,-0.39911683470196285,-0.39911683470196285,-0.3991168347019628,-0.3991168347019628,0.0664629204932504,0.0664629204932504,0.39911683470196363,0.3991168347019628,-0.39911683470196285,-0.39911683470196285,-0.3991168347019628,0.8843366924983385,0.8843366924983385,1.5700172162171946,0.18594869854542936,0.1296598063993,1,2023-01-25
1.1140310370329765,1.1140310370329762,0.4930974619868837,0.4930974619868837,0.4930974619868837,0.49309746198688376,0.928316249085049,0.928316249085049,3.3354221297427062,3.3354221297427062,3.3354221297427067,-1.1606586113661228,-1.1606586113661226,-0.21213343697266848,-0.21213343697266837,2.666983537580072,2.666983537580072,-0.26100353245516306,-0.26100353245516306,-0.2533723166886974,-0.2533723166886973,1.4788264892180212,-0.40083351710296133,-0.40083351710296133,-0.4008335171029614,-0.4008335171029614,0.9761766079936257,-0.31977063540430195,-0.3197706354043019,0.9761766079936257,0.9761766079936257,1.6656589318822048,1.6656589318822048,4.038980578719295,-0.39911683470196285,-0.39911683470196285,-0.3991168347019628,-0.3991168347019628,2.6669835375800726,2.666983537580072,-4.038980578719295,-4.038980578719297,4.038980578719295,4.038980578719295,4.038980578719295,1.1596377262384712,1.1596377262384712,1.6656589318822048,0.9799947467583848,1.2254122879306393,1,2023-01-26
1.131091617691578,1.1310916176915777,0.6364464952058186,0.6364464952058185,0.6364464952058185,0.6364464952058188,0.928316249085049,0.928316249085049,-0.5966537398390945,-0.5966537398390945,-0.5966537398390946,-1.2629765559657091,-1.2629765559657091,-0.16975747843748404,-0.16975747843748384,1.047997554845252,1.047997554845252,-0.26100353245516306,-0.26100353245516306,-0.2533723166886974,-0.2533723166886973,1.7375475680067203,-0.40083351710296133,-0.40083351710296133,-0.4008335171029614,-0.4008335171029614,3.3354221297427062,-0.31977063540430195,-0.3197706354043019,3.3354221297427062,3.335422129742706,-0.694548652506796,-0.694548652506796,-0.3991168347019628,4.038980578719295,4.038980578719295,4.038980578719294,4.038980578719294,1.0479975548452523,1.047997554845252,0.39911683470196363,0.3991168347019628,-0.39911683470196285,-0.39911683470196285,-0.3991168347019628,1.263736933527467,1.263736933527467,-0.694548652506796,-0.9640490264526441,-0.9660926751320393,0,2023-01-27
0.7190005741058029,0.7190005741058028,0.5109308715388924,0.5109308715388929,0.5109308715388925,0.5109308715388928,0.928316249085049,0.928316249085049,-0.5966537398390945,-0.5966537398390945,-0.5966537398390946,0.5586183265777493,0.5586183265777493,0.2408006764026901,0.24080067640269015,-0.7137712880536509,-0.7137712880536509,-0.26100353245516306,-0.26100353245516306,-0.2533723166886974,-0.2533723166886973,1.0860914753691295,4.006144595572316,4.006144595572316,4.006144595572316,4.006144595572316,-0.5966537398390945,-0.31977063540430195,-0.3197706354043019,-0.5966537398390945,-0.5966537398390946,-0.17191632646848753,-0.17191632646848753,-0.3991168347019628,-0.39911683470196285,-0.39911683470196285,-0.3991168347019628,-0.3991168347019628,-0.7137712880536509,-0.7137712880536509,0.39911683470196363,0.3991168347019628,-0.39911683470196285,-0.39911683470196285,-0.3991168347019628,0.3184758102070136,0.31847581020701354,-0.17191632646848753,0.13118690211694967,0.1296598063993,1,2023-01-30
1.0246033921248892,1.024603392124889,0.4386170394342331,0.4386170394342331,0.4386170394342331,0.43861703943423325,0.928316249085049,0.928316249085049,0.9761766079936257,0.9761766079936257,0.9761766079936258,-0.3734254638458067,-0.3734254638458066,0.23462722963189464,0.2346272296318947,0.06646292049325045,0.0664629204932504,-0.26100353245516306,-0.26100353245516306,-0.2533723166886974,-0.2533723166886973,1.123571716899027,-0.40083351710296133,-0.40083351710296133,-0.4008335171029614,-0.4008335171029614,-0.5966537398390945,-0.31977063540430195,-0.3197706354043019,-0.5966537398390945,-0.5966537398390946,-0.3464755233652827,-0.34647552336528253,0.3128531522603712,-0.39911683470196285,-0.39911683470196285,-0.3991168347019628,-0.3991168347019628,0.0664629204932504,0.0664629204932504,-0.3128531522603708,-0.3128531522603716,0.31285315226037114,0.31285315226037114,0.3128531522603712,0.5350700444186625,0.5350700444186626,-0.34647552336528253,1.2811846271150231,1.2254122879306393,1,2023-01-31
1.5977234873177262,1.597723487317726,0.4759238165183453,0.4759238165183453,0.47592381651834537,0.47592381651834553,0.928316249085049,0.928316249085049,0.9761766079936257,0.9761766079936257,0.9761766079936258,0.1862481019694179,0.1862481019694175,0.15607996179720507,0.15607996179720515,-0.45395329660753264,-0.45395329660753275,-0.26100353245516306,-0.26100353245516306,-0.2533723166886974,-0.2533723166886973,1.3925078827874775,-0.40083351710296133,-0.40083351710296133,-0.4008335171029614,-0.4008335171029614,0.9761766079936257,-0.31977063540430195,-0.3197706354043019,0.9761766079936257,0.9761766079936257,-0.3459528910392444,-0.3459528910392443,-0.3991168347019628,0.31285315226037114,0.31285315226037114,0.3128531522603711,0.3128531522603711,-0.4539532966075327,-0.45395329660753275,0.39911683470196363,0.3991168347019628,-0.39911683470196285,-0.39911683470196285,-0.3991168347019628,1.1630506231424342,1.1630506231424342,-0.3459528910392443,0.13118690211694967,0.1296598063993,1,2023-02-01
4.2659362314219935,4.265936231421994,1.6130773082699406,1.61307730826994,1.6130773082699406,1.6130773082699403,0.928316249085049,0.928316249085049,-0.5966537398390945,-0.5966537398390945,-0.5966537398390946,-0.3734254638458066,-0.3734254638458066,4.346807288792322,4.346807288792322,-0.19335507095286766,-0.19335507095286777,-0.26100353245516306,-0.26100353245516306,-0.2533723166886974,-0.2533723166886973,4.644798038262706,0.3061442387110902,0.3061442387110902,0.3061442387110902,0.3061442387110902,0.9761766079936257,-0.31977063540430195,-0.3197706354043019,0.9761766079936257,0.9761766079936257,-0.694548652506796,-0.694548652506796,-0.3991168347019628,-0.39911683470196285,-0.39911683470196285,-0.3991168347019628,-0.3991168347019628,-0.19335507095286772,-0.19335507095286777,0.39911683470196363,0.3991168347019628,-0.39911683470196285,-0.39911683470196285,-0.3991168347019628,4.1885573910224885,4.188557391022489,-0.694548652506796,-0.9640490264526441,-0.9660926751320393,0,2023-02-02
3.7206214924335828,3.7206214924335823,2.1321940995545927,2.132194099554592,2.1321940995545927,2.132194099554592,0.928316249085049,0.928316249085049,-0.5966537398390945,-0.5966537398390945,-0.5966537398390946,-0.00049612478611147,-0.000496124786111486,4.5797750531399455,4.5797750531399455,-0.7137712880536509,-0.7137712880536509,-0.26100353245516306,-0.26100353245516306,-0.2533723166886974,-0.2533723166886973,4.031809364788814,-0.40083351710296133,-0.40083351710296133,-0.4008335171029614,-0.4008335171029614,-0.5966537398390945,-0.31977063540430195,-0.3197706354043019,-0.5966537398390945,-0.5966537398390946,-0.694548652506796,-0.694548652506796,-0.3991168347019628,-0.39911683470196285,-0.39911683470196285,-0.3991168347019628,-0.3991168347019628,-0.7137712880536509,-0.7137712880536509,0.39911683470196363,0.3991168347019628,-0.39911683470196285,-0.39911683470196285,-0.3991168347019628,3.3956647632814,3.3956647632814,-0.694548652506796,-0.9640490264526441,-0.9660926751320393,0,2023-02-03
3.2704417055025226,3.270441705502522,2.2899152826320623,2.2899152826320632,2.289915282632062,2.2899152826320637,0.928316249085049,0.928316249085049,-0.5966537398390945,-0.5966537398390945,-0.5966537398390946,-0.00049612478611147,-0.000496124786111486,4.329246354227059,4.329246354227058,-0.7137712880536509,-0.7137712880536509,-0.26100353245516306,-0.26100353245516306,-0.2533723166886974,-0.2533723166886973,3.636452917399709,-0.40083351710296133,-0.40083351710296133,-0.4008335171029614,-0.4008335171029614,-0.5966537398390945,-0.31977063540430195,-0.3197706354043019,-0.5966537398390945,-0.5966537398390946,-0.694548652506796,-0.694548652506796,-0.3991168347019628,-0.39911683470196285,-0.39911683470196285,-0.3991168347019628,-0.3991168347019628,-0.7137712880536509,-0.7137712880536509,0.39911683470196363,0.3991168347019628,-0.39911683470196285,-0.39911683470196285,-0.3991168347019628,3.9407015836991937,3.940701583699193,-0.694548652506796,0.13118690211694967,0.1296598063993,1,2023-02-06
3.724130014712159,3.7241300147121588,2.405554152341832,2.405554152341831,2.405554152341832,2.405554152341831,0.928316249085049,0.928316249085049,-0.5966537398390945,-0.5966537398390945,-0.5966537398390946,-0.00049612478611147,-0.000496124786111486,4.254130962495131,4.254130962495132,-0.7137712880536509,-0.7137712880536509,-0.26100353245516306,-0.26100353245516306,-0.2533723166886974,-0.2533723166886973,3.7920945302443676,-0.40083351710296133,-0.40083351710296133,-0.4008335171029614,-0.4008335171029614,-0.5966537398390945,-0.31977063540430195,-0.3197706354043019,-0.5966537398390945,-0.5966537398390946,-0.694548652506796,-0.694548652506796,-0.3991168347019628,-0.39911683470196285,-0.39911683470196285,-0.3991168347019628,-0.3991168347019628,-0.7137712880536509,-0.7137712880536509,0.39911683470196363,0.3991168347019628,-0.39911683470196285,-0.39911683470196285,-0.3991168347019628,4.260853132766134,4.260853132766134,-0.694548652506796,-0.9640490264526441,-0.9660926751320393,0,2023-02-07
3.2438966389818713,3.2438966389818713,2.0317525955225757,2.0317525955225766,2.0317525955225757,2.031752595522577,0.928316249085049,0.928316249085049,-0.5966537398390945,-0.5966537398390945,-0.5966537398390946,0.5586183265777493,0.5586183265777493,4.777296335034544,4.777296335034544,-0.7137712880536509,-0.7137712880536509,-0.26100353245516306,-0.26100353245516306,-0.2533723166886974,-0.2533723166886973,2.7285925308902517,-0.40083351710296133,-0.40083351710296133,-0.4008335171029614,-0.4008335171029614,-0.5966537398390945,1.0237314273957987,1.0237314273957987,-0.5966537398390945,-0.5966537398390946,-0.17191632646848753,-0.17191632646848753,-0.3991168347019628,-0.39911683470196285,-0.39911683470196285,-0.3991168347019628,-0.3991168347019628,-0.7137712880536509,-0.7137712880536509,0.39911683470196363,0.3991168347019628,-0.39911683470196285,-0.39911683470196285,-0.3991168347019628,2.9204059168869354,2.9204059168869354,-0.17191632646848753,0.13118690211694967,0.1296598063993,0,2023-02-08
2.2412495041395823,2.241249504139582,1.4540732488935686,1.4540732488935686,1.4540732488935686,1.454073248893569,0.928316249085049,0.928316249085049,-0.5966537398390945,-0.5966537398390945,-0.5966537398390946,-0.5596105761499722,-0.5596105761499723,0.14224043756499014,0.14224043756499022,0.06646292049325045,0.0664629204932504,-0.26100353245516306,-0.26100353245516306,-0.2533723166886974,-0.2533723166886973,1.9739799330783134,-0.40083351710296133,-0.40083351710296133,-0.4008335171029614,-0.4008335171029614,-0.5966537398390945,-0.31977063540430195,-0.3197706354043019,-0.5966537398390945,-0.5966537398390946,-0.694548652506796,-0.694548652506796,-0.3991168347019628,-0.39911683470196285,-0.39911683470196285,-0.3991168347019628,-0.3991168347019628,0.0664629204932504,0.0664629204932504,0.39911683470196363,0.3991168347019628,-0.39911683470196285,-0.39911683470196285,-0.3991168347019628,-0.9549232121390616,-0.9549232121390615,-0.694548652506796,-0.27952657109664797,0.1296598063993,0,2023-02-09
1.5589721749648795,1.5589721749648788,0.832640692075098,0.8326406920750979,0.8326406920750978,0.8326406920750979,0.928316249085049,0.928316249085049,-0.5966537398390945,-0.5966537398390945,-0.5966537398390946,0.5586183265777493,0.5586183265777493,0.16158423023996143,0.16158423023996157,-0.7137712880536509,-0.7137712880536509,-0.26100353245516306,-0.26100353245516306,-0.2533723166886974,-0.2533723166886973,1.4367166891710534,-0.40083351710296133,-0.40083351710296133,-0.4008335171029614,-0.4008335171029614,-0.5966537398390945,1.0237314273957987,1.0237314273957987,-0.5966537398390945,-0.5966537398390946,-0.17191632646848753,-0.17191632646848753,-0.3991168347019628,-0.39911683470196285,-0.39911683470196285,-0.3991168347019628,-0.3991168347019628,-0.7137712880536509,-0.7137712880536509,0.39911683470196363,0.3991168347019628,-0.39911683470196285,-0.39911683470196285,-0.3991168347019628,-1.0898440149939632,-1.0898440149939632,-0.17191632646848753,0.13118690211694967,0.1296598063993,1,2023-02-10
2.3799906489776657,2.379990648977665,0.511540549609318,0.5115405496093192,0.511540549609318,0.5115405496093192,0.928316249085049,0.928316249085049,2.549006955826346,2.549006955826346,2.5490069558263464,0.8381755522596797,0.8381755522596797,0.51412474240422,0.5141247424042202,0.06646292049325045,0.0664629204932504,-0.26100353245516306,-0.26100353245516306,-0.2533723166886974,-0.2533723166886973,1.6993600717792718,-0.40083351710296133,-0.40083351710296133,-0.4008335171029614,-0.4008335171029614,-0.5966537398390945,3.0389845215959497,3.0389845215959497,-0.5966537398390945,-0.5966537398390946,1.9186129776847458,1.9186129776847463,3.5204971274919474,-0.39911683470196285,-0.39911683470196285,-0.3991168347019628,-0.3991168347019628,0.0664629204932504,0.0664629204932504,-3.5204971274919465,-3.520497127491948,3.5204971274919474,3.5204971274919474,3.5204971274919474,-0.6235096426426572,-0.6235096426426572,1.9186129776847463,1.2811846271150231,1.2254122879306393,1,2023-02-13
2.20646418145573,2.20646418145573,0.22256760402449008,0.222567604024491,0.22256760402449008,0.222567604024491,0.928316249085049,0.928316249085049,-0.5966537398390945,-0.5966537398390945,-0.5966537398390946,-0.2722257481489479,-0.2722257481489478,0.18729696697824788,0.187296966978248,1.236814233313602,1.236814233313602,-0.26100353245516306,-0.26100353245516306,-0.2533723166886974,-0.2533723166886973,1.4842008155610806,-0.40083351710296133,-0.40083351710296133,-0.4008335171029614,-0.4008335171029614,2.549006955826346,2.3860425190751005,2.3860425190751005,2.549006955826346,2.549006955826346,0.3580328521343571,0.35803285213435715,-0.3991168347019628,3.5204971274919474,3.5204971274919474,3.520497127491947,3.520497127491947,1.2368142333136023,1.236814233313602,0.39911683470196363,0.3991168347019628,-0.39911683470196285,-0.39911683470196285,-0.3991168347019628,-1.0440920154095936,-1.0440920154095938,0.35803285213435715,0.13118690211694967,0.1296598063993,0,2023-02-14
1.6645556242004058,1.6645556242004054,-0.1095043513493403,-0.10950435134934033,-0.10950435134934025,-0.10950435134934026,-1.0772191060811471,-1.0772191060811471,0.9761766079936257,0.9761766079936257,0.9761766079936258,1.2960902879266818,1.2960902879266816,-0.10418958797283677,-0.10418958797283666,0.8576204079598082,0.8576204079598081,-0.26100353245516306,-0.26100353245516306,3.946761086881632,3.9467610868816316,1.0680049179333904,3.491296675733207,3.491296675733207,3.491296675733207,3.491296675733207,-0.5966537398390945,5.501623802708534,5.501623802708535,-0.5966537398390945,-0.5966537398390946,1.5700172162171944,1.5700172162171946,-0.3991168347019628,-0.39911683470196285,-0.39911683470196285,-0.3991168347019628,-0.3991168347019628,0.8576204079598081,0.8576204079598081,0.39911683470196363,0.3991168347019628,-0.39911683470196285,-0.39911683470196285,-0.3991168347019628,-0.6014836073353614,-0.6014836073353613,1.5700172162171946,0.18594869854542936,0.1296598063993,0,2023-02-15
-1.0957943676208208,-1.0957943676208208,-0.5297973040790741,-0.5297973040790742,-0.529797304079074,-0.5297973040790742,-1.0772191060811471,-1.0772191060811471,0.9761766079936257,0.9761766079936257,0.9761766079936258,-0.9319808007583037,-0.9319808007583035,-0.14960307136723466,-0.14960307136723452,2.666983537580072,2.666983537580072,-0.26100353245516306,-0.26100353245516306,-0.2533723166886974,-0.2533723166886973,0.4914714629008662,-0.40083351710296133,-0.40083351710296133,-0.4008335171029614,-0.4008335171029614,0.9761766079936257,3.263349366083567,3.2633493660835664,0.9761766079936257,0.9761766079936257,2.0931721745815417,2.0931721745815413,3.163756327230566,-0.39911683470196285,-0.39911683470196285,-0.3991168347019628,-0.3991168347019628,2.6669835375800726,2.666983537580072,-3.1637563272305655,-3.163756327230567,3.163756327230566,3.163756327230566,3.163756327230566,-0.5501801684053184,-0.5501801684053182,2.0931721745815413,1.2811846271150231,1.2254122879306393,1,2023-02-16
-0.944701564618302,-0.944701564618302,-0.8127895841001279,-0.812789584100128,-0.8127895841001279,-0.812789584100128,-1.0772191060811471,-1.0772191060811471,-0.5966537398390945,-0.5966537398390945,-0.5966537398390946,-1.4916543665735282,-1.491654366573528,-0.23576815364486742,-0.23576815364486728,1.3671133461409346,1.3671133461409346,-0.26100353245516306,-0.26100353245516306,-0.2533723166886974,-0.2533723166886973,0.3800549144406838,-0.40083351710296133,-0.40083351710296133,-0.4008335171029614,-0.4008335171029614,0.9761766079936257,-0.31977063540430195,-0.3197706354043019,0.9761766079936257,0.9761766079936257,-0.694548652506796,-0.694548652506796,-0.3991168347019628,3.163756327230566,3.163756327230566,3.1637563272305655,3.1637563272305655,1.3671133461409348,1.3671133461409346,0.39911683470196363,0.3991168347019628,-0.39911683470196285,-0.39911683470196285,-0.3991168347019628,-0.19351755764231796,-0.19351755764231793,-0.694548652506796,-0.9640490264526441,-0.9660926751320393,0,2023-02-17
-0.9669025394884727,-0.9669025394884727,-1.0338147798503994,-1.0338147798503994,-1.0338147798503994,-1.0338147798503994,-1.0772191060811471,-1.0772191060811471,-0.5966537398390945,-0.5966537398390945,-0.5966537398390946,0.5625321277372963,0.5625321277372963,-0.7603273419839895,-0.7603273419839894,-0.7137712880536509,-0.7137712880536509,-0.26100353245516306,-0.26100353245516306,-0.2533723166886974,-0.2533723166886973,0.18625113407768737,3.1370572906544045,3.1370572906544045,3.1370572906544045,3.1370572906544045,-0.5966537398390945,1.0331359418353991,1.0331359418353994,-0.5966537398390945,-0.5966537398390946,0.3580328521343571,0.35803285213435715,1.7534208753497644,-0.39911683470196285,-0.39911683470196285,-0.3991168347019628,-0.3991168347019628,-0.7137712880536509,-0.7137712880536509,-1.753420875349763,-1.753420875349764,1.7534208753497644,1.7534208753497644,1.7534208753497644,-0.7043689271492208,-0.7043689271492207,0.35803285213435715,1.2264228306865435,1.2254122879306393,0,2023-02-21
-1.3278941442936254,-1.3278941442936252,-1.2073732192314535,-1.2073732192314535,-1.207373219231453,-1.2073732192314532,-1.0772191060811471,-1.0772191060811471,-0.5966537398390945,-0.5966537398390945,-0.5966537398390946,-0.004409925945658452,-0.004409925945657952,-0.8049631758184391,-0.804963175818439,0.0719245599530787,0.07192455995307864,-0.26100353245516306,-0.26100353245516306,-0.2533723166886974,-0.2533723166886973,-0.014198519362719752,-0.40083351710296133,-0.40083351710296133,-0.4008335171029614,-0.4008335171029614,-0.5966537398390945,1.0237314273957987,1.0237314273957987,-0.5966537398390945,-0.5966537398390946,-0.17191632646848753,-0.17191632646848753,-0.3991168347019628,1.7534208753497644,1.7534208753497644,1.7534208753497642,1.7534208753497642,0.07192455995307864,0.07192455995307864,0.39911683470196363,0.3991168347019628,-0.39911683470196285,-0.39911683470196285,-0.3991168347019628,-0.7895713875816476,-0.7895713875816476,-0.17191632646848753,0.13118690211694967,0.1296598063993,1,2023-02-22
-0.8190558897380384,-0.8190558897380383,-1.277669037057208,-1.2776690370572088,-1.2776690370572077,-1.277669037057209,-1.0772191060811471,-1.0772191060811471,-0.5966537398390945,-0.5966537398390945,-0.5966537398390946,0.5664459288968433,0.5664459288968428,-0.721248556681244,-0.7212485566812439,0.06646292049325045,0.0664629204932504,-0.26100353245516306,-0.26100353245516306,-0.2533723166886974,-0.2533723166886973,-0.06546004863518429,1.7366109081182899,1.7366109081182899,1.7366109081182899,1.7366109081182899,-0.5966537398390945,2.3860425190751005,2.3860425190751005,-0.5966537398390945,-0.5966537398390946,0.3580328521343571,0.35803285213435715,-0.3991168347019628,-0.39911683470196285,-0.39911683470196285,-0.3991168347019628,-0.3991168347019628,0.0664629204932504,0.0664629204932504,0.39911683470196363,0.3991168347019628,-0.39911683470196285,-0.39911683470196285,-0.3991168347019628,-0.521356025568346,-0.521356025568346,0.35803285213435715,0.13118690211694967,0.1296598063993,0,2023-02-23
-0.5949255004214163,-0.5949255004214161,-1.3610894271074037,-1.3610894271074037,-1.3610894271074032,-1.3610894271074037,-1.0772191060811471,-1.0772191060811471,-0.5966537398390945,-0.5966537398390945,-0.5966537398390946,-1.126552629832927,-1.126552629832927,-1.0811893357899922,-1.0811893357899922,0.8576204079598082,0.8576204079598081,-0.26100353245516306,-0.26100353245516306,-0.2533723166886974,-0.2533723166886973,-0.2975553451364366,-0.40083351710296133,-0.40083351710296133,-0.4008335171029614,-0.4008335171029614,-0.5966537398390945,-0.31977063540430195,-0.3197706354043019,-0.5966537398390945,-0.5966537398390946,-0.694548652506796,-0.694548652506796,-0.3991168347019628,-0.39911683470196285,-0.39911683470196285,-0.3991168347019628,-0.3991168347019628,0.8576204079598081,0.8576204079598081,0.39911683470196363,0.3991168347019628,-0.39911683470196285,-0.39911683470196285,-0.3991168347019628,-0.2632462114054174,-0.2632462114054173,-0.694548652506796,-0.9640490264526441,-0.9660926751320393,0,2023-02-24
-0.4152410876327333,-0.41524108763273326,-1.419057433436702,-1.419057433436701,-1.4190574334367017,-1.4190574334367012,-1.0772191060811471,-1.0772191060811471,-0.5966537398390945,-0.5966537398390945,-0.5966537398390946,-0.00049612478611147,-0.000496124786111486,-1.1158064799338363,-1.1158064799338359,-0.7137712880536509,-0.7137712880536509,-0.26100353245516306,-0.26100353245516306,-0.2533723166886974,-0.2533723166886973,-0.43965767206584316,-0.40083351710296133,-0.40083351710296133,-0.4008335171029614,-0.4008335171029614,-0.5966537398390945,-0.31977063540430195,-0.3197706354043019,-0.5966537398390945,-0.5966537398390946,-0.694548652506796,-0.694548652506796,-0.3991168347019628,-0.39911683470196285,-0.39911683470196285,-0.3991168347019628,-0.3991168347019628,-0.7137712880536509,-0.7137712880536509,0.39911683470196363,0.3991168347019628,-0.39911683470196285,-0.39911683470196285,-0.3991168347019628,-0.37599766493375414,-0.37599766493375414,-0.694548652506796,-0.9640490264526441,-0.9660926751320393,1,2023-02-27
-0.39882921770852386,-0.39882921770852386,-1.2496554796015285,-1.2496554796015285,-1.2496554796015282,-1.2496554796015285,-1.0772191060811471,-1.0772191060811471,-0.5966537398390945,-0.5966537398390945,-0.5966537398390946,-0.00049612478611147,-0.000496124786111486,-0.48058600835754084,-0.48058600835754073,-0.7137712880536509,-0.7137712880536509,-0.26100353245516306,-0.26100353245516306,-0.2533723166886974,-0.2533723166886973,-0.11001524788182626,-0.40083351710296133,-0.40083351710296133,-0.4008335171029614,-0.4008335171029614,-0.5966537398390945,-0.31977063540430195,-0.3197706354043019,-0.5966537398390945,-0.5966537398390946,-0.694548652506796,-0.694548652506796,-0.3991168347019628,-0.39911683470196285,-0.39911683470196285,-0.3991168347019628,-0.3991168347019628,-0.7137712880536509,-0.7137712880536509,0.39911683470196363,0.3991168347019628,-0.39911683470196285,-0.39911683470196285,-0.3991168347019628,0.1692866473717854,0.16928664737178534,-0.694548652506796,0.07642510568846998,0.1296598063993,0,2023-02-28
-0.49790947913142797,-0.4979094791314279,-1.1710448353654244,-1.1710448353654244,-1.1710448353654241,-1.1710448353654244,-1.0772191060811471,-1.0772191060811471,0.9761766079936257,0.9761766079936257,0.9761766079936258,0.3724332142735836,0.3724332142735836,-0.45433461834087313,-0.454334618340873,-0.7137712880536509,-0.7137712880536509,-0.26100353245516306,-0.26100353245516306,-0.2533723166886974,-0.2533723166886973,-0.33217413049779193,-0.40083351710296133,-0.40083351710296133,-0.4008335171029614,-0.4008335171029614,-0.5966537398390945,0.5763452404833651,0.5763452404833651,-0.5966537398390945,-0.5966537398390946,-0.3459528910392444,-0.3459528910392443,-0.3991168347019628,-0.39911683470196285,-0.39911683470196285,-0.3991168347019628,-0.3991168347019628,-0.7137712880536509,-0.7137712880536509,0.39911683470196363,0.3991168347019628,-0.39911683470196285,-0.39911683470196285,-0.3991168347019628,0.12104722416459565,0.12104722416459557,-0.3459528910392443,0.13118690211694967,0.1296598063993,1,2023-03-01
-0.2834528074909971,-0.28345280749099716,-1.0645050101078757,-1.0645050101078757,-1.064505010107876,-1.064505010107876,-1.0772191060811471,-1.0772191060811471,-0.5966537398390945,-0.5966537398390945,-0.5966537398390946,-0.3734254638458066,-0.3734254638458066,-0.45184301019599665,-0.45184301019599654,-0.19335507095286766,-0.19335507095286777,-0.26100353245516306,-0.26100353245516306,-0.2533723166886974,-0.2533723166886973,-0.32757244226148674,-0.40083351710296133,-0.40083351710296133,-0.4008335171029614,-0.4008335171029614,0.9761766079936257,-0.31977063540430195,-0.3197706354043019,0.9761766079936257,0.9761766079936257,-0.694548652506796,-0.694548652506796,-0.3991168347019628,-0.39911683470196285,-0.39911683470196285,-0.3991168347019628,-0.3991168347019628,-0.19335507095286772,-0.19335507095286777,0.39911683470196363,0.3991168347019628,-0.39911683470196285,-0.39911683470196285,-0.3991168347019628,0.13671274335812897,0.136712743358129,-0.694548652506796,-0.9640490264526441,-0.9660926751320393,1,2023-03-02
0.726926697095995,0.7269266970959949,-0.6281550747940605,-0.6281550747940611,-0.6281550747940605,-0.6281550747940611,-1.0772191060811471,-1.0772191060811471,-0.5966537398390945,-0.5966537398390945,-0.5966537398390946,0.5586183265777493,0.5586183265777493,0.22491412274663447,0.2249141227466346,-0.7137712880536509,-0.7137712880536509,-0.26100353245516306,-0.26100353245516306,-0.2533723166886974,-0.2533723166886973,0.550746332983059,-0.40083351710296133,-0.40083351710296133,-0.4008335171029614,-0.4008335171029614,-0.5966537398390945,-0.31977063540430195,-0.3197706354043019,-0.5966537398390945,-0.5966537398390946,-0.17191632646848753,-0.17191632646848753,-0.3991168347019628,-0.39911683470196285,-0.39911683470196285,-0.3991168347019628,-0.3991168347019628,-0.7137712880536509,-0.7137712880536509,0.39911683470196363,0.3991168347019628,-0.39911683470196285,-0.39911683470196285,-0.3991168347019628,1.2402994833682515,1.2402994833682512,-0.17191632646848753,0.13118690211694967,0.1296598063993,0,2023-03-03
0.6729830570654569,0.6729830570654568,-0.3700556320669975,-0.3700556320669975,-0.3700556320669975,-0.37005563206699754,-1.0772191060811471,-1.0772191060811471,0.9761766079936257,0.9761766079936257,0.9761766079936258,1.8630323416096366,1.8630323416096364,0.19350864614893812,0.19350864614893823,0.06646292049325045,0.0664629204932504,-0.26100353245516306,-0.26100353245516306,3.946761086881632,3.9467610868816316,0.5293855770270567,-0.40083351710296133,-0.40083351710296133,-0.4008335171029614,-0.4008335171029614,-0.5966537398390945,-0.31977063540430195,-0.3197706354043019,-0.5966537398390945,-0.5966537398390946,1.5700172162171944,1.5700172162171946,-0.3991168347019628,-0.39911683470196285,-0.39911683470196285,-0.3991168347019628,-0.3991168347019628,0.0664629204932504,0.0664629204932504,0.39911683470196363,0.3991168347019628,-0.39911683470196285,-0.39911683470196285,-0.3991168347019628,1.2916775392048747,1.2916775392048747,1.5700172162171946,0.18594869854542936,0.1296598063993,0,2023-03-06
0.7036558049938103,0.7036558049938103,-0.23774474775906312,-0.23774474775906315,-0.23774474775906307,-0.2377447477590631,-1.0772191060811471,-1.0772191060811471,-0.5966537398390945,-0.5966537398390945,-0.5966537398390946,-2.4231390425457207,-2.42313904254572,0.18606484892662722,0.18606484892662736,2.666983537580072,2.666983537580072,-0.26100353245516306,-0.26100353245516306,-0.2533723166886974,-0.2533723166886973,0.5044382880988171,-0.40083351710296133,-0.40083351710296133,-0.4008335171029614,-0.4008335171029614,0.9761766079936257,-0.31977063540430195,-0.3197706354043019,0.9761766079936257,0.9761766079936257,-0.694548652506796,-0.694548652506796,-0.3991168347019628,-0.39911683470196285,-0.39911683470196285,-0.3991168347019628,-0.3991168347019628,2.6669835375800726,2.666983537580072,0.39911683470196363,0.3991168347019628,-0.39911683470196285,-0.39911683470196285,-0.3991168347019628,0.7470956506161442,0.7470956506161442,-0.694548652506796,-0.9640490264526441,-0.9660926751320393,1,2023-03-07
0.8023181536797899,0.8023181536797898,-0.16282319516932542,-0.16282319516932545,-0.1628231951693254,-0.1628231951693254,-1.0772191060811471,-1.0772191060811471,1.7625917819099859,1.7625917819099859,1.7625917819099859,2.4221467929734977,2.422146792973497,0.10014251800735495,0.10014251800735503,-0.7137712880536509,-0.7137712880536509,-0.26100353245516306,-0.26100353245516306,-0.2533723166886974,-0.2533723166886973,0.569649910226032,-0.40083351710296133,-0.40083351710296133,-0.4008335171029614,-0.4008335171029614,-0.5966537398390945,-0.31977063540430195,-0.3197706354043019,-0.5966537398390945,-0.5966537398390946,1.5700172162171944,1.5700172162171946,-0.3991168347019628,-0.39911683470196285,-0.39911683470196285,-0.3991168347019628,-0.3991168347019628,-0.7137712880536509,-0.7137712880536509,0.39911683470196363,0.3991168347019628,-0.39911683470196285,-0.39911683470196285,-0.3991168347019628,0.9275995494215946,0.9275995494215946,1.5700172162171946,0.18594869854542936,0.1296598063993,0,2023-03-08
0.5206724693594805,0.5206724693594805,-0.2502906594969243,-0.2502906594969243,-0.2502906594969243,-0.25029065949692436,-1.0772191060811471,-1.0772191060811471,0.9761766079936257,0.9761766079936257,0.9761766079936258,-2.050209703486025,-2.0502097034860247,0.29437508706587273,0.29437508706587284,2.666983537580072,2.666983537580072,-0.26100353245516306,-0.26100353245516306,-0.2533723166886974,-0.2533723166886973,0.31168019085861387,-0.40083351710296133,-0.40083351710296133,-0.4008335171029614,-0.4008335171029614,1.7625917819099859,-0.31977063540430195,-0.3197706354043019,1.7625917819099859,1.762591781909986,-0.3459528910392444,-0.3459528910392443,-0.3991168347019628,-0.39911683470196285,-0.39911683470196285,-0.3991168347019628,-0.3991168347019628,2.6669835375800726,2.666983537580072,0.39911683470196363,0.3991168347019628,-0.39911683470196285,-0.39911683470196285,-0.3991168347019628,0.5395467921460853,0.5395467921460854,-0.3459528910392443,0.13118690211694967,0.1296598063993,0,2023-03-09
0.49157139441599684,0.49157139441599673,-0.39833069822079964,-0.39833069822079964,-0.3983306982207995,-0.39833069822079964,-1.0772191060811471,-1.0772191060811471,-0.5966537398390945,-0.5966537398390945,-0.5966537398390946,0.18568898751805404,0.18568898751805418,-0.9590754233964046,-0.9590754233964044,-0.19335507095286766,-0.19335507095286777,-0.26100353245516306,-0.26100353245516306,-0.2533723166886974,-0.2533723166886973,0.12879909803878453,-0.40083351710296133,-0.40083351710296133,-0.4008335171029614,-0.4008335171029614,0.9761766079936257,-0.31977063540430195,-0.3197706354043019,0.9761766079936257,0.9761766079936257,-0.17191632646848753,-0.17191632646848753,-0.3991168347019628,-0.39911683470196285,-0.39911683470196285,-0.3991168347019628,-0.3991168347019628,-0.19335507095286772,-0.19335507095286777,0.39911683470196363,0.3991168347019628,-0.39911683470196285,-0.39911683470196285,-0.3991168347019628,-0.5529821598368974,-0.5529821598368974,-0.17191632646848753,0.13118690211694967,0.1296598063993,1,2023-03-10
0.644381993934268,0.644381993934268,-0.45851851781898956,-0.45851851781898956,-0.4585185178189895,-0.45851851781898967,-1.0772191060811471,-1.0772191060811471,-0.5966537398390945,-0.5966537398390945,-0.5966537398390946,-0.5596105761499722,-0.5596105761499723,-0.8404689925142181,-0.8404689925142179,0.06646292049325045,0.0664629204932504,-0.26100353245516306,-0.26100353245516306,-0.2533723166886974,-0.2533723166886973,0.21330881044170447,-0.40083351710296133,-0.40083351710296133,-0.4008335171029614,-0.4008335171029614,-0.5966537398390945,-0.31977063540430195,-0.3197706354043019,-0.5966537398390945,-0.5966537398390946,-0.694548652506796,-0.694548652506796,-0.3991168347019628,-0.39911683470196285,-0.39911683470196285,-0.3991168347019628,-0.3991168347019628,0.0664629204932504,0.0664629204932504,0.39911683470196363,0.3991168347019628,-0.39911683470196285,-0.39911683470196285,-0.3991168347019628,-0.41109789497997284,-0.41109789497997284,-0.694548652506796,-0.9640490264526441,-0.9660926751320393,1,2023-03-13
1.1211767758122555,1.1211767758122553,-0.0743715146545868,-0.07437151465458683,-0.0743715146545867,-0.07437151465458672,-1.0772191060811471,-1.0772191060811471,-0.5966537398390945,-0.5966537398390945,-0.5966537398390946,-0.00049612478611147,-0.000496124786111486,0.6057423998087194,0.6057423998087192,-0.7137712880536509,-0.7137712880536509,-0.26100353245516306,-0.26100353245516306,-0.2533723166886974,-0.2533723166886973,1.2078971786434989,-0.40083351710296133,-0.40083351710296133,-0.4008335171029614,-0.4008335171029614,-0.5966537398390945,-0.31977063540430195,-0.3197706354043019,-0.5966537398390945,-0.5966537398390946,-0.694548652506796,-0.694548652506796,-0.3991168347019628,-0.39911683470196285,-0.39911683470196285,-0.3991168347019628,-0.3991168347019628,-0.7137712880536509,-0.7137712880536509,0.39911683470196363,0.3991168347019628,-0.39911683470196285,-0.39911683470196285,-0.3991168347019628,0.6991210257817313,0.6991210257817314,-0.694548652506796,0.07642510568846998,0.1296598063993,1,2023-03-14
1.4751832899053534,1.4751832899053532,0.2599390365704187,0.2599390365704187,0.25993903657041867,0.2599390365704188,0.928316249085049,0.928316249085049,0.9761766079936257,0.9761766079936257,0.9761766079936258,2.4221467929734977,2.422146792973497,0.596466096454409,0.5964660964544092,-0.7137712880536509,-0.7137712880536509,-0.26100353245516306,-0.26100353245516306,-0.2533723166886974,-0.2533723166886973,1.4264389579528989,-0.40083351710296133,-0.40083351710296133,-0.4008335171029614,-0.4008335171029614,-0.5966537398390945,-0.31977063540430195,-0.3197706354043019,-0.5966537398390945,-0.5966537398390946,1.5700172162171944,1.5700172162171946,-0.3991168347019628,-0.39911683470196285,-0.39911683470196285,-0.3991168347019628,-0.3991168347019628,-0.7137712880536509,-0.7137712880536509,0.39911683470196363,0.3991168347019628,-0.39911683470196285,-0.39911683470196285,-0.3991168347019628,0.9653892445506809,0.9653892445506806,1.5700172162171946,0.18594869854542936,0.1296598063993,1,2023-03-15
1.8593172500395638,1.8593172500395634,0.658106796664193,0.6581067966641929,0.6581067966641928,0.6581067966641931,0.928316249085049,0.928316249085049,-0.5966537398390945,-0.5966537398390945,-0.5966537398390946,-2.4231390425457207,-2.42313904254572,0.37104958763071044,0.3710495876307105,2.666983537580072,2.666983537580072,-0.26100353245516306,-0.26100353245516306,-0.2533723166886974,-0.2533723166886973,1.874224174171476,-0.40083351710296133,-0.40083351710296133,-0.4008335171029614,-0.4008335171029614,0.9761766079936257,-0.31977063540430195,-0.3197706354043019,0.9761766079936257,0.9761766079936257,-0.694548652506796,-0.694548652506796,-0.3991168347019628,-0.39911683470196285,-0.39911683470196285,-0.3991168347019628,-0.3991168347019628,2.6669835375800726,2.666983537580072,0.39911683470196363,0.3991168347019628,-0.39911683470196285,-0.39911683470196285,-0.3991168347019628,1.8577763762618886,1.8577763762618886,-0.694548652506796,-0.9640490264526441,-0.9660926751320393,0,2023-03-16
0.518777640328919,0.5187776403289189,0.532115813277032,0.5321158132770318,0.5321158132770317,0.532115813277032,0.928316249085049,0.928316249085049,2.549006955826346,2.549006955826346,2.5490069558263464,1.0265971223693007,1.026597122369301,1.000203085138652,1.000203085138652,-0.7137712880536509,-0.7137712880536509,-0.26100353245516306,-0.26100353245516306,-0.2533723166886974,-0.2533723166886973,1.0355207509089377,-0.40083351710296133,-0.40083351710296133,-0.4008335171029614,-0.4008335171029614,-0.5966537398390945,-0.31977063540430195,-0.3197706354043019,-0.5966537398390945,-0.5966537398390946,3.1457536792226946,3.145753679222694,2.4064379334553445,-0.39911683470196285,-0.39911683470196285,-0.3991168347019628,-0.3991168347019628,-0.7137712880536509,-0.7137712880536509,-2.4064379334553436,-2.4064379334553445,2.4064379334553445,2.4064379334553445,2.4064379334553445,1.2778772252946058,1.2778772252946058,3.145753679222694,3.1430857056833323,3.4169172509933183,1,2023-03-17
0.6763125887372285,0.6763125887372284,0.4611589612054443,0.4611589612054443,0.46115896120544436,0.46115896120544436,0.928316249085049,0.928316249085049,-0.5966537398390945,-0.5966537398390945,-0.5966537398390946,-1.0275893719415237,-1.0275893719415237,0.9899881247299048,0.9899881247299049,0.7195189530470067,0.7195189530470066,-0.26100353245516306,-0.26100353245516306,-0.2533723166886974,-0.2533723166886973,1.102447968576297,-0.40083351710296133,-0.40083351710296133,-0.4008335171029614,-0.4008335171029614,2.549006955826346,-0.31977063540430195,-0.3197706354043019,2.549006955826346,2.549006955826346,-0.694548652506796,-0.694548652506796,-0.3991168347019628,2.4064379334553445,2.4064379334553445,2.406437933455344,2.406437933455344,0.7195189530470067,0.7195189530470066,0.39911683470196363,0.3991168347019628,-0.39911683470196285,-0.39911683470196285,-0.3991168347019628,1.3353590747789499,1.3353590747789499,-0.694548652506796,-0.9640490264526441,-0.9660926751320393,1,2023-03-20
0.9691984420173919,0.9691984420173918,0.49789171209418676,0.49789171209418676,0.4978917120941867,0.4978917120941868,0.928316249085049,0.928316249085049,0.9761766079936257,0.9761766079936257,0.9761766079936258,0.18568898751805404,0.18568898751805418,0.3500362941158216,0.35003629411582166,-0.7137712880536509,-0.7137712880536509,-0.26100353245516306,-0.26100353245516306,-0.2533723166886974,-0.2533723166886973,1.3136655363471375,2.385049104533725,2.385049104533725,2.385049104533725,2.385049104533725,-0.5966537398390945,-0.31977063540430195,-0.3197706354043019,-0.5966537398390945,-0.5966537398390946,-0.3464755233652827,-0.34647552336528253,0.3128531522603712,-0.39911683470196285,-0.39911683470196285,-0.3991168347019628,-0.3991168347019628,-0.7137712880536509,-0.7137712880536509,-0.3128531522603708,-0.3128531522603716,0.31285315226037114,0.31285315226037114,0.3128531522603712,0.5536551045758921,0.5536551045758921,-0.34647552336528253,0.8157093574729458,1.2254122879306393,0,2023-03-21
0.7942893380366521,0.794289338036652,0.37901572076524825,0.37901572076524825,0.3790157207652482,0.37901572076524825,0.928316249085049,0.928316249085049,-0.5966537398390945,-0.5966537398390945,-0.5966537398390946,-0.1866812370902772,-0.18668123709027712,0.3742394817686843,0.37423948176868443,-0.45395329660753264,-0.45395329660753275,-0.26100353245516306,-0.26100353245516306,-0.2533723166886974,-0.2533723166886973,1.0111250384301254,-0.40083351710296133,-0.40083351710296133,-0.4008335171029614,-0.4008335171029614,0.9761766079936257,-0.31977063540430195,-0.3197706354043019,0.9761766079936257,0.9761766079936257,-0.694548652506796,-0.694548652506796,-0.3991168347019628,0.31285315226037114,0.31285315226037114,0.3128531522603711,0.3128531522603711,-0.4539532966075327,-0.45395329660753275,0.39911683470196363,0.3991168347019628,-0.39911683470196285,-0.39911683470196285,-0.3991168347019628,0.07517320928179322,0.07517320928179318,-0.694548652506796,0.07642510568846998,0.1296598063993,1,2023-03-22
1.2942359904571321,1.2942359904571317,0.39183334649473883,0.39183334649473883,0.39183334649473883,0.39183334649473883,0.928316249085049,0.928316249085049,-0.5966537398390945,-0.5966537398390945,-0.5966537398390946,-0.00049612478611147,-0.000496124786111486,0.19203951827497878,0.19203951827497884,-0.7137712880536509,-0.7137712880536509,-0.26100353245516306,-0.26100353245516306,-0.2533723166886974,-0.2533723166886973,1.2199134262285243,0.3061442387110902,0.3061442387110902,0.3061442387110902,0.3061442387110902,-0.5966537398390945,-0.31977063540430195,-0.3197706354043019,-0.5966537398390945,-0.5966537398390946,-0.694548652506796,-0.694548652506796,-0.3991168347019628,-0.39911683470196285,-0.39911683470196285,-0.3991168347019628,-0.3991168347019628,-0.7137712880536509,-0.7137712880536509,0.39911683470196363,0.3991168347019628,-0.39911683470196285,-0.39911683470196285,-0.3991168347019628,-0.13099972238023833,-0.13099972238023827,-0.694548652506796,-0.9640490264526441,-0.9660926751320393,1,2023-03-23
1.5582620382855181,1.558262038285518,0.39560335619033044,0.39560335619033044,0.39560335619033044,0.39560335619033044,0.928316249085049,0.928316249085049,-0.5966537398390945,-0.5966537398390945,-0.5966537398390946,-0.00049612478611147,-0.000496124786111486,-0.6484307120378964,-0.6484307120378963,-0.7137712880536509,-0.7137712880536509,-0.26100353245516306,-0.26100353245516306,-0.2533723166886974,-0.2533723166886973,1.203637478084779,-0.40083351710296133,-0.40083351710296133,-0.4008335171029614,-0.4008335171029614,-0.5966537398390945,-0.31977063540430195,-0.3197706354043019,-0.5966537398390945,-0.5966537398390946,-0.694548652506796,-0.694548652506796,-0.3991168347019628,-0.39911683470196285,-0.39911683470196285,-0.3991168347019628,-0.3991168347019628,-0.7137712880536509,-0.7137712880536509,0.39911683470196363,0.3991168347019628,-0.39911683470196285,-0.39911683470196285,-0.3991168347019628,0.7237744856855571,0.7237744856855571,-0.694548652506796,-0.9640490264526441,-0.9660926751320393,0,2023-03-24
1.259660884320372,1.2596608843203718,0.23165616524049706,0.23165616524049795,0.23165616524049704,0.23165616524049795,0.928316249085049,0.928316249085049,0.9761766079936257,0.9761766079936257,0.9761766079936258,0.46524621319998444,0.4652462131999845,-0.41541997991539725,-0.41541997991539714,-0.7137712880536509,-0.7137712880536509,-0.26100353245516306,-0.26100353245516306,-0.2533723166886974,-0.2533723166886973,0.8295845940474096,-0.40083351710296133,-0.40083351710296133,-0.4008335171029614,-0.4008335171029614,-0.5966537398390945,-0.31977063540430195,-0.3197706354043019,-0.5966537398390945,-0.5966537398390946,0.1761568026730258,0.17615680267302583,-0.04237603444058102,-0.39911683470196285,-0.39911683470196285,-0.3991168347019628,-0.3991168347019628,-0.7137712880536509,-0.7137712880536509,0.04237603444058254,0.04237603444058178,-0.042376034440580974,-0.042376034440580974,-0.04237603444058102,0.3029226833022829,0.30292268330228284,0.17615680267302583,1.2264228306865435,1.2254122879306393,0,2023-03-27
0.27394473631652505,0.273944736316525,0.003750568350219672,0.0037505683502196473,0.00375056835021979,0.003750568350219773,0.928316249085049,0.928316249085049,-0.5966537398390945,-0.5966537398390945,-0.5966537398390946,-0.4662384627722075,-0.46623846277220754,-0.5167718932911743,-0.5167718932911742,-0.0638361923340821,-0.06383619233408216,-0.26100353245516306,-0.26100353245516306,-0.2533723166886974,-0.2533723166886973,0.5665329419425268,-0.40083351710296133,-0.40083351710296133,-0.4008335171029614,-0.4008335171029614,0.9761766079936257,-0.31977063540430195,-0.3197706354043019,0.9761766079936257,0.9761766079936257,-0.694548652506796,-0.694548652506796,-0.3991168347019628,-0.04237603444058108,-0.04237603444058108,-0.042376034440580974,-0.042376034440580974,-0.06383619233408212,-0.06383619233408216,0.39911683470196363,0.3991168347019628,-0.39911683470196285,-0.39911683470196285,-0.3991168347019628,-0.19395232895177017,-0.19395232895177017,-0.694548652506796,-0.9640490264526441,-0.9660926751320393,1,2023-03-28
0.32049235799800524,0.3204923579980052,-0.02811598764190333,-0.028115987641903355,-0.02811598764190329,-0.028115987641903303,-1.0772191060811471,-1.0772191060811471,-0.5966537398390945,-0.5966537398390945,-0.5966537398390946,-0.00049612478611147,-0.000496124786111486,-0.4107763460803741,-0.41077634608037406,-0.7137712880536509,-0.7137712880536509,-0.26100353245516306,-0.26100353245516306,-0.2533723166886974,-0.2533723166886973,0.7881734881225684,-0.04659413202415848,-0.04659413202415848,-0.046594132024158456,-0.046594132024158456,-0.5966537398390945,-0.31977063540430195,-0.3197706354043019,-0.5966537398390945,-0.5966537398390946,-0.694548652506796,-0.694548652506796,-0.3991168347019628,-0.39911683470196285,-0.39911683470196285,-0.3991168347019628,-0.3991168347019628,-0.7137712880536509,-0.7137712880536509,0.39911683470196363,0.3991168347019628,-0.39911683470196285,-0.39911683470196285,-0.3991168347019628,0.33778759096656935,0.33778759096656924,-0.694548652506796,-0.9640490264526441,-0.9660926751320393,1,2023-03-29
0.04579985978786276,0.04579985978786275,-0.007015539699635689,-0.007015539699635714,-0.007015539699635558,-0.007015539699635691,0.928316249085049,0.928316249085049,0.9761766079936257,0.9761766079936257,0.9761766079936258,0.3724332142735836,0.3724332142735836,-0.5173364859016287,-0.5173364859016286,-0.7137712880536509,-0.7137712880536509,-0.26100353245516306,-0.26100353245516306,-0.2533723166886974,-0.2533723166886973,0.8410227182108736,-0.40083351710296133,-0.40083351710296133,-0.4008335171029614,-0.4008335171029614,-0.5966537398390945,-0.31977063540430195,-0.3197706354043019,-0.5966537398390945,-0.5966537398390946,-0.3459528910392444,-0.3459528910392443,-0.3991168347019628,-0.39911683470196285,-0.39911683470196285,-0.3991168347019628,-0.3991168347019628,-0.7137712880536509,-0.7137712880536509,0.39911683470196363,0.3991168347019628,-0.39911683470196285,-0.39911683470196285,-0.3991168347019628,0.1815272910530043,0.18152729105300422,-0.3459528910392443,0.13118690211694967,0.1296598063993,1,2023-03-30
0.831168116087401,0.8311681160874008,0.09899092666123066,0.09899092666123063,0.09899092666123063,0.0989909266612306,0.928316249085049,0.928316249085049,-0.5966537398390945,-0.5966537398390945,-0.5966537398390946,-0.3734254638458066,-0.3734254638458066,-0.4294763221549798,-0.4294763221549797,-0.19335507095286766,-0.19335507095286777,-0.26100353245516306,-0.26100353245516306,-0.2533723166886974,-0.2533723166886973,1.035882487849616,-0.40083351710296133,-0.40083351710296133,-0.4008335171029614,-0.4008335171029614,0.9761766079936257,-0.31977063540430195,-0.3197706354043019,0.9761766079936257,0.9761766079936257,-0.694548652506796,-0.694548652506796,-0.3991168347019628,-0.39911683470196285,-0.39911683470196285,-0.3991168347019628,-0.3991168347019628,-0.19335507095286772,-0.19335507095286777,0.39911683470196363,0.3991168347019628,-0.39911683470196285,-0.39911683470196285,-0.3991168347019628,0.3538478997654655,0.3538478997654655,-0.694548652506796,-0.9640490264526441,-0.9660926751320393,1,2023-03-31
0.7593244335993593,0.7593244335993593,0.15485444292715025,0.15485444292715023,0.15485444292715028,0.15485444292715028,0.928316249085049,0.928316249085049,0.9761766079936257,0.9761766079936257,0.9761766079936258,0.3724332142735836,0.3724332142735836,-0.6709728633631621,-0.670972863363162,-0.7137712880536509,-0.7137712880536509,-0.26100353245516306,-0.26100353245516306,-0.2533723166886974,-0.2533723166886973,1.007696622770831,-0.40083351710296133,-0.40083351710296133,-0.4008335171029614,-0.4008335171029614,-0.5966537398390945,-0.31977063540430195,-0.3197706354043019,-0.5966537398390945,-0.5966537398390946,-0.3459528910392444,-0.3459528910392443,-0.3991168347019628,-0.39911683470196285,-0.39911683470196285,-0.3991168347019628,-0.3991168347019628,-0.7137712880536509,-0.7137712880536509,0.39911683470196363,0.3991168347019628,-0.39911683470196285,-0.39911683470196285,-0.3991168347019628,0.6823047123119522,0.6823047123119522,-0.3459528910392443,0.13118690211694967,0.1296598063993,1,2023-04-03
0.5891097439876564,0.5891097439876563,0.19301699723072388,0.19301699723072385,0.19301699723072385,0.19301699723072382,0.928316249085049,0.928316249085049,0.9761766079936257,0.9761766079936257,0.9761766079936258,-0.00049612478611147,-0.000496124786111486,-0.9956524005434256,-0.9956524005434255,-0.19335507095286766,-0.19335507095286777,-0.26100353245516306,-0.26100353245516306,-0.2533723166886974,-0.2533723166886973,1.0093278860021482,-0.40083351710296133,-0.40083351710296133,-0.4008335171029614,-0.4008335171029614,0.9761766079936257,-0.31977063540430195,-0.3197706354043019,0.9761766079936257,0.9761766079936257,-0.3459528910392444,-0.3459528910392443,-0.3991168347019628,-0.39911683470196285,-0.39911683470196285,-0.3991168347019628,-0.3991168347019628,-0.19335507095286772,-0.19335507095286777,0.39911683470196363,0.3991168347019628,-0.39911683470196285,-0.39911683470196285,-0.3991168347019628,0.9785893438011483,0.9785893438011481,-0.3459528910392443,0.13118690211694967,0.1296598063993,0,2023-04-04
0.5469006938541042,0.5469006938541041,0.05702636643695468,0.05702636643695466,0.05702636643695479,0.05702636643695477,0.928316249085049,0.928316249085049,-0.5966537398390945,-0.5966537398390945,-0.5966537398390946,-0.3734254638458066,-0.3734254638458066,-0.6971728111490457,-0.6971728111490455,-0.19335507095286766,-0.19335507095286777,-0.26100353245516306,-0.26100353245516306,-0.2533723166886974,-0.2533723166886973,0.6768377970796206,-0.40083351710296133,-0.40083351710296133,-0.4008335171029614,-0.4008335171029614,0.9761766079936257,-0.31977063540430195,-0.3197706354043019,0.9761766079936257,0.9761766079936257,-0.694548652506796,-0.694548652506796,-0.3991168347019628,-0.39911683470196285,-0.39911683470196285,-0.3991168347019628,-0.3991168347019628,-0.19335507095286772,-0.19335507095286777,0.39911683470196363,0.3991168347019628,-0.39911683470196285,-0.39911683470196285,-0.3991168347019628,0.37002749334827234,0.37002749334827223,-0.694548652506796,-0.9640490264526441,-0.9660926751320393,1,2023-04-05
0.540739099162793,0.5407390991627928,0.07688480920536254,0.07688480920536252,0.0768848092053625,0.07688480920536246,0.928316249085049,0.928316249085049,-0.5966537398390945,-0.5966537398390945,-0.5966537398390946,-0.00049612478611147,-0.000496124786111486,-0.5980580610695996,-0.5980580610695996,-0.7137712880536509,-0.7137712880536509,-0.26100353245516306,-0.26100353245516306,-0.2533723166886974,-0.2533723166886973,0.8750258280982676,-0.40083351710296133,-0.40083351710296133,-0.4008335171029614,-0.4008335171029614,-0.5966537398390945,-0.31977063540430195,-0.3197706354043019,-0.5966537398390945,-0.5966537398390946,-0.694548652506796,-0.694548652506796,-0.3991168347019628,-0.39911683470196285,-0.39911683470196285,-0.3991168347019628,-0.3991168347019628,-0.7137712880536509,-0.7137712880536509,0.39911683470196363,0.3991168347019628,-0.39911683470196285,-0.39911683470196285,-0.3991168347019628,0.5200904042511106,0.5200904042511106,-0.694548652506796,-0.9640490264526441,-0.9660926751320393,0,2023-04-06
0.3657511836348886,0.36575118363488857,-0.0028688667747389053,-0.0028688667747389304,-0.0028688667747387942,-0.0028688667747388107,0.928316249085049,0.928316249085049,-0.5966537398390945,-0.5966537398390945,-0.5966537398390946,1.0651760195134072,1.0651760195134072,-0.634175160686475,-0.634175160686475,-0.7137712880536509,-0.7137712880536509,-0.26100353245516306,-0.26100353245516306,-0.2533723166886974,-0.2533723166886973,0.6487630412905517,-0.40083351710296133,-0.40083351710296133,-0.4008335171029614,-0.4008335171029614,-0.5966537398390945,-0.31977063540430195,-0.3197706354043019,-0.5966537398390945,-0.5966537398390946,0.30158856092221975,0.3015885609222198,-0.3991168347019628,-0.39911683470196285,-0.39911683470196285,-0.3991168347019628,-0.3991168347019628,-0.7137712880536509,-0.7137712880536509,0.39911683470196363,0.3991168347019628,-0.39911683470196285,-0.39911683470196285,-0.3991168347019628,0.11828010134419716,0.11828010134419718,0.3015885609222198,0.18594869854542936,0.1296598063993,0,2023-04-10
0.5001280688909034,0.5001280688909033,-0.12615762272849185,-0.12615762272849187,-0.12615762272849176,-0.12615762272849176,-1.0772191060811471,-1.0772191060811471,-0.5966537398390945,-0.5966537398390945,-0.5966537398390946,0.059888235961185386,0.059888235961185476,-0.622907620320164,-0.622907620320164,0.7733551134367428,0.7733551134367428,-0.26100353245516306,-0.26100353245516306,-0.2533723166886974,-0.2533723166886973,0.4658717832124745,-0.40083351710296133,-0.40083351710296133,-0.4008335171029614,-0.4008335171029614,-0.5966537398390945,-0.31977063540430195,-0.3197706354043019,-0.5966537398390945,-0.5966537398390946,0.3580328521343571,0.35803285213435715,-0.3991168347019628,-0.39911683470196285,-0.39911683470196285,-0.3991168347019628,-0.3991168347019628,0.7733551134367428,0.7733551134367428,0.39911683470196363,0.3991168347019628,-0.39911683470196285,-0.39911683470196285,-0.3991168347019628,-0.027334860340047132,-0.027334860340047073,0.35803285213435715,0.13118690211694967,0.1296598063993,1,2023-04-11
0.6372349396576411,0.6372349396576411,-0.23557344029255628,-0.2355734402925563,-0.23557344029255617,-0.23557344029255634,-1.0772191060811471,-1.0772191060811471,-0.5966537398390945,-0.5966537398390945,-0.5966537398390946,-0.31415933200123736,-0.3141593320012368,-0.651937520525152,-0.6519375205251519,0.8576204079598082,0.8576204079598081,-0.26100353245516306,-0.26100353245516306,-0.2533723166886974,-0.2533723166886973,0.4044736731513093,-0.40083351710296133,-0.40083351710296133,-0.4008335171029614,-0.4008335171029614,-0.5966537398390945,-0.31977063540430195,-0.3197706354043019,-0.5966537398390945,-0.5966537398390946,0.8242208869605284,0.8242208869605284,0.5698274575334005,-0.39911683470196285,-0.39911683470196285,-0.3991168347019628,-0.3991168347019628,0.8576204079598081,0.8576204079598081,-0.5698274575334003,-0.569827457533401,0.5698274575334005,0.5698274575334005,0.5698274575334005,-0.13375231299413307,-0.13375231299413295,0.8242208869605284,1.2811846271150231,1.2254122879306393,1,2023-04-12
0.7128611128990797,0.7128611128990797,-0.12651918668124526,-0.1265191866812453,-0.12651918668124526,-0.1265191866812453,-1.0772191060811471,-1.0772191060811471,-0.5966537398390945,-0.5966537398390945,-0.5966537398390946,-0.8128894226178013,-0.8128894226178012,-0.5092124563153207,-0.5092124563153205,0.4199090169649968,0.41990901696499666,-0.26100353245516306,-0.26100353245516306,-0.2533723166886974,-0.2533723166886973,0.7605647420651358,-0.40083351710296133,-0.40083351710296133,-0.4008335171029614,-0.4008335171029614,-0.5966537398390945,-0.31977063540430195,-0.3197706354043019,-0.5966537398390945,-0.5966537398390946,-0.694548652506796,-0.694548652506796,-0.3991168347019628,0.5698274575334005,0.5698274575334005,0.5698274575334004,0.5698274575334004,0.41990901696499666,0.41990901696499666,0.39911683470196363,0.3991168347019628,-0.39911683470196285,-0.39911683470196285,-0.3991168347019628,0.553473869809785,0.553473869809785,-0.694548652506796,-0.9640490264526441,-0.9660926751320393,1,2023-04-13
0.6293117649876608,0.6293117649876608,-0.05708421252423091,-0.057084212524230946,-0.05708421252423082,-0.057084212524230835,-1.0772191060811471,-1.0772191060811471,-0.5966537398390945,-0.5966537398390945,-0.5966537398390946,1.1255603802607044,1.1255603802607042,-0.6131190034823416,-0.6131190034823415,-0.7137712880536509,-0.7137712880536509,-0.26100353245516306,-0.26100353245516306,-0.2533723166886974,-0.2533723166886973,0.7785258988877739,0.5613166771153126,0.5613166771153126,0.5613166771153126,0.5613166771153126,-0.5966537398390945,-0.31977063540430195,-0.3197706354043019,-0.5966537398390945,-0.5966537398390946,0.3580328521343571,0.35803285213435715,-0.3991168347019628,-0.39911683470196285,-0.39911683470196285,-0.3991168347019628,-0.3991168347019628,-0.7137712880536509,-0.7137712880536509,0.39911683470196363,0.3991168347019628,-0.39911683470196285,-0.39911683470196285,-0.3991168347019628,0.2955435038297853,0.2955435038297852,0.35803285213435715,0.13118690211694967,0.1296598063993,0,2023-04-14
0.2549520069824323,0.25495200698243226,-0.13983651745455322,-0.13983651745455325,-0.13983651745455317,-0.1398365174545532,-1.0772191060811471,-1.0772191060811471,-0.5966537398390945,-0.5966537398390945,-0.5966537398390946,-1.126552629832927,-1.126552629832927,-0.542256479161169,-0.5422564791611689,0.8576204079598082,0.8576204079598081,-0.26100353245516306,-0.26100353245516306,-0.2533723166886974,-0.2533723166886973,0.5154591745121807,-0.40083351710296133,-0.40083351710296133,-0.4008335171029614,-0.4008335171029614,-0.5966537398390945,-0.31977063540430195,-0.3197706354043019,-0.5966537398390945,-0.5966537398390946,-0.694548652506796,-0.694548652506796,-0.3991168347019628,-0.39911683470196285,-0.39911683470196285,-0.3991168347019628,-0.3991168347019628,0.8576204079598081,0.8576204079598081,0.39911683470196363,0.3991168347019628,-0.39911683470196285,-0.39911683470196285,-0.3991168347019628,0.2074924711952527,0.20749247119525266,-0.694548652506796,-0.4164310621678472,0.1296598063993,0,2023-04-17
0.1412646655634922,0.14126466556349215,-0.2588809784255217,-0.2588809784255217,-0.25888097842552166,-0.25888097842552177,-1.0772191060811471,-1.0772191060811471,-0.5966537398390945,-0.5966537398390945,-0.5966537398390946,0.5586183265777493,0.5586183265777493,-0.5404927760532907,-0.5404927760532906,-0.7137712880536509,-0.7137712880536509,1.1171675128581346,1.1171675128581346,-0.2533723166886974,-0.2533723166886973,0.3787814811058577,-0.40083351710296133,-0.40083351710296133,-0.4008335171029614,-0.4008335171029614,-0.5966537398390945,-0.31977063540430195,-0.3197706354043019,-0.5966537398390945,-0.5966537398390946,-0.17191632646848753,-0.17191632646848753,-0.3991168347019628,-0.39911683470196285,-0.39911683470196285,-0.3991168347019628,-0.3991168347019628,-0.7137712880536509,-0.7137712880536509,0.39911683470196363,0.3991168347019628,-0.39911683470196285,-0.39911683470196285,-0.3991168347019628,0.203746547389201,0.20374654738920095,-0.17191632646848753,0.13118690211694967,0.1296598063993,0,2023-04-18
-0.06342987268441433,-0.06342987268441434,-0.4339614710111854,-0.4339614710111854,-0.43396147101118526,-0.4339614710111855,-1.0772191060811471,-1.0772191060811471,-0.5966537398390945,-0.5966537398390945,-0.5966537398390946,-0.5596105761499722,-0.5596105761499723,-0.47169348022488816,-0.4716934802248881,0.06646292049325045,0.0664629204932504,-0.26100353245516306,-0.26100353245516306,-0.2533723166886974,-0.2533723166886973,0.1836080367542922,-0.40083351710296133,-0.40083351710296133,-0.4008335171029614,-0.4008335171029614,-0.5966537398390945,-0.31977063540430195,-0.3197706354043019,-0.5966537398390945,-0.5966537398390946,-0.694548652506796,-0.694548652506796,-0.3991168347019628,-0.39911683470196285,-0.39911683470196285,-0.3991168347019628,-0.3991168347019628,0.0664629204932504,0.0664629204932504,0.39911683470196363,0.3991168347019628,-0.39911683470196285,-0.39911683470196285,-0.3991168347019628,0.037650098876576055,0.03765009887657606,-0.694548652506796,-0.9640490264526441,-0.9660926751320393,0,2023-04-19
-0.029939862377738068,-0.029939862377737988,-0.6485087780311187,-0.6485087780311188,-0.6485087780311187,-0.6485087780311188,-1.0772191060811471,-1.0772191060811471,-0.5966537398390945,-0.5966537398390945,-0.5966537398390946,-0.00049612478611147,-0.000496124786111486,-1.0159096827393148,-1.0159096827393146,-0.7137712880536509,-0.7137712880536509,-0.26100353245516306,-0.26100353245516306,-0.2533723166886974,-0.2533723166886973,-0.03900168599916575,-0.40083351710296133,-0.40083351710296133,-0.4008335171029614,-0.4008335171029614,-0.5966537398390945,-0.31977063540430195,-0.3197706354043019,-0.5966537398390945,-0.5966537398390946,-0.694548652506796,-0.694548652506796,-0.3991168347019628,-0.39911683470196285,-0.39911683470196285,-0.3991168347019628,-0.3991168347019628,-0.7137712880536509,-0.7137712880536509,0.39911683470196363,0.3991168347019628,-0.39911683470196285,-0.39911683470196285,-0.3991168347019628,-0.5841326336962576,-0.5841326336962576,-0.694548652506796,-0.9640490264526441,-0.9660926751320393,0,2023-04-20
-0.2835537638669938,-0.28355376386699377,-0.7946912568356316,-0.7946912568356318,-0.7946912568356317,-0.7946912568356319,-1.0772191060811471,-1.0772191060811471,3.3354221297427062,3.3354221297427062,3.3354221297427067,1.4436965030867408,1.4436965030867408,-1.1455417149115468,-1.1455417149115465,-0.7137712880536509,-0.7137712880536509,3.2988122775890845,3.2988122775890845,-0.2533723166886974,-0.2533723166886973,-0.08014495655198124,-0.40083351710296133,-0.40083351710296133,-0.4008335171029614,-0.4008335171029614,-0.5966537398390945,-0.31977063540430195,-0.3197706354043019,-0.5966537398390945,-0.5966537398390946,2.005369943807105,2.0053699438071053,3.698867527622639,-0.39911683470196285,-0.39911683470196285,-0.3991168347019628,-0.3991168347019628,-0.7137712880536509,-0.7137712880536509,-3.698867527622638,-3.698867527622639,3.698867527622639,3.698867527622639,3.698867527622639,-0.6719748711946595,-0.6719748711946595,2.0053699438071053,1.0073756449726248,1.2254122879306393,0,2023-04-21
-0.21862767135681724,-0.21862767135681727,-0.8859848392078183,-0.8859848392078185,-0.8859848392078185,-0.8859848392078186,-1.0772191060811471,-1.0772191060811471,-0.5966537398390945,-0.5966537398390945,-0.5966537398390946,-1.4446887526589636,-1.4446887526589636,-1.1279614976277879,-1.1279614976277879,1.3015736726229945,1.3015736726229947,-0.26100353245516306,-0.26100353245516306,-0.2533723166886974,-0.2533723166886973,-0.1096224829935564,-0.40083351710296133,-0.40083351710296133,-0.4008335171029614,-0.4008335171029614,3.3354221297427062,-0.31977063540430195,-0.3197706354043019,3.3354221297427062,3.335422129742706,-0.694548652506796,-0.694548652506796,-0.3991168347019628,3.698867527622639,3.698867527622639,3.6988675276226384,3.6988675276226384,1.3015736726229947,1.3015736726229947,0.39911683470196363,0.3991168347019628,-0.39911683470196285,-0.39911683470196285,-0.3991168347019628,-0.5036654692323522,-0.5036654692323522,-0.694548652506796,0.07642510568846998,0.1296598063993,0,2023-04-24
-0.4491188490099953,-0.44911884900999527,-1.104897109684107,-1.104897109684107,-1.1048971096841067,-1.1048971096841071,-1.0772191060811471,-1.0772191060811471,-0.5966537398390945,-0.5966537398390945,-0.5966537398390946,0.5586183265777493,0.5586183265777493,-0.8702053351589418,-0.8702053351589416,-0.7137712880536509,-0.7137712880536509,1.1171675128581346,1.1171675128581346,-0.2533723166886974,-0.2533723166886973,-0.4765617567736638,3.668416368272609,3.668416368272609,3.668416368272609,3.668416368272609,-0.5966537398390945,-0.31977063540430195,-0.3197706354043019,-0.5966537398390945,-0.5966537398390946,-0.17191632646848753,-0.17191632646848753,-0.3991168347019628,-0.39911683470196285,-0.39911683470196285,-0.3991168347019628,-0.3991168347019628,-0.7137712880536509,-0.7137712880536509,0.39911683470196363,0.3991168347019628,-0.39911683470196285,-0.39911683470196285,-0.3991168347019628,-0.8028651565610528,-0.8028651565610528,-0.17191632646848753,0.13118690211694967,0.1296598063993,1,2023-04-25
-0.35883392346002807,-0.35883392346002796,-1.1570815778762493,-1.1570815778762493,-1.1570815778762493,-1.1570815778762495,-1.0772191060811471,-1.0772191060811471,-0.5966537398390945,-0.5966537398390945,-0.5966537398390946,-0.5596105761499722,-0.5596105761499723,-0.7023357392517753,-0.7023357392517752,0.06646292049325045,0.0664629204932504,-0.26100353245516306,-0.26100353245516306,-0.2533723166886974,-0.2533723166886973,-0.3812184867229342,-0.40083351710296133,-0.40083351710296133,-0.4008335171029614,-0.4008335171029614,-0.5966537398390945,-0.31977063540430195,-0.3197706354043019,-0.5966537398390945,-0.5966537398390946,-0.694548652506796,-0.694548652506796,-0.3991168347019628,-0.39911683470196285,-0.39911683470196285,-0.3991168347019628,-0.3991168347019628,0.0664629204932504,0.0664629204932504,0.39911683470196363,0.3991168347019628,-0.39911683470196285,-0.39911683470196285,-0.3991168347019628,-0.5260109871287681,-0.5260109871287683,-0.694548652506796,-0.9640490264526441,-0.9660926751320393,1,2023-04-26
0.8216339149751773,0.8216339149751771,-0.20278097469976744,-0.20278097469976747,-0.20278097469976733,-0.20278097469976747,-1.0772191060811471,-1.0772191060811471,-0.5966537398390945,-0.5966537398390945,-0.5966537398390946,-0.00049612478611147,-0.000496124786111486,2.2510634670087524,2.2510634670087524,-0.7137712880536509,-0.7137712880536509,-0.26100353245516306,-0.26100353245516306,-0.2533723166886974,-0.2533723166886973,1.4459763452351924,-0.40083351710296133,-0.40083351710296133,-0.4008335171029614,-0.4008335171029614,-0.5966537398390945,-0.31977063540430195,-0.3197706354043019,-0.5966537398390945,-0.5966537398390946,-0.694548652506796,-0.694548652506796,-0.3991168347019628,-0.39911683470196285,-0.39911683470196285,-0.3991168347019628,-0.3991168347019628,-0.7137712880536509,-0.7137712880536509,0.39911683470196363,0.3991168347019628,-0.39911683470196285,-0.39911683470196285,-0.3991168347019628,1.732179891967684,1.732179891967684,-0.694548652506796,-0.44381196038208703,0.1296598063993,1,2023-04-27
0.8485429990167761,0.848542999016776,0.4331086487246908,0.4331086487246908,0.43310864872469074,0.4331086487246908,0.928316249085049,0.928316249085049,0.9761766079936257,0.9761766079936257,0.9761766079936258,0.18568898751805404,0.18568898751805418,2.2119130253919224,2.211913025391922,-0.7137712880536509,-0.7137712880536509,-0.26100353245516306,-0.26100353245516306,-0.2533723166886974,-0.2533723166886973,1.44338613596724,-0.40083351710296133,-0.40083351710296133,-0.4008335171029614,-0.4008335171029614,-0.5966537398390945,0.1276155515081315,0.12761555150813164,-0.5966537398390945,-0.5966537398390946,-0.3464755233652827,-0.34647552336528253,0.3128531522603712,-0.39911683470196285,-0.39911683470196285,-0.3991168347019628,-0.3991168347019628,-0.7137712880536509,-0.7137712880536509,-0.3128531522603708,-0.3128531522603716,0.31285315226037114,0.31285315226037114,0.3128531522603712,1.8719744819022257,1.8719744819022255,-0.34647552336528253,0.8157093574729458,1.2254122879306393,1,2023-04-28
1.1444736072964607,1.1444736072964603,0.8711544562914599,0.8711544562914598,0.8711544562914597,0.8711544562914599,0.928316249085049,0.928316249085049,-0.5966537398390945,-0.5966537398390945,-0.5966537398390946,-0.1866812370902772,-0.18668123709027712,2.1532740904223,2.1532740904223,-0.45395329660753264,-0.45395329660753275,-0.26100353245516306,-0.26100353245516306,-0.2533723166886974,-0.2533723166886973,1.5172599888309872,-0.40083351710296133,-0.40083351710296133,-0.4008335171029614,-0.4008335171029614,0.9761766079936257,-0.31977063540430195,-0.3197706354043019,0.9761766079936257,0.9761766079936257,-0.694548652506796,-0.694548652506796,-0.3991168347019628,0.31285315226037114,0.31285315226037114,0.3128531522603711,0.3128531522603711,-0.4539532966075327,-0.45395329660753275,0.39911683470196363,0.3991168347019628,-0.39911683470196285,-0.39911683470196285,-0.3991168347019628,2.0839373279608076,2.0839373279608076,-0.694548652506796,-0.9640490264526441,-0.9660926751320393,0,2023-05-01
0.9955682503959422,0.995568250395942,0.9369199840362724,0.9369199840362723,0.9369199840362723,0.9369199840362724,0.928316249085049,0.928316249085049,4.908252477575426,4.908252477575426,4.908252477575426,1.303917890245776,1.3039178902457758,2.0592392145599208,2.059239214559921,-0.7137712880536509,-0.7137712880536509,-0.26100353245516306,-0.26100353245516306,3.946761086881632,3.9467610868816316,1.166460796750898,0.3061442387110902,0.3061442387110902,0.3061442387110902,0.3061442387110902,-0.5966537398390945,2.8146196771083325,2.814619677108333,-0.5966537398390945,-0.5966537398390946,4.182656214082698,4.182656214082699,3.1153846932968197,-0.39911683470196285,-0.39911683470196285,-0.3991168347019628,-0.3991168347019628,-0.7137712880536509,-0.7137712880536509,-3.115384693296819,-3.11538469329682,3.1153846932968197,3.1153846932968197,3.1153846932968197,2.2336756023565925,2.233675602356593,4.182656214082699,2.9788003163978933,3.4169172509933183,0,2023-05-02
1.005792379481125,1.005792379481125,0.8205006965747388,0.8205006965747387,0.8205006965747387,0.8205006965747388,0.928316249085049,0.928316249085049,-0.5966537398390945,-0.5966537398390945,-0.5966537398390946,-0.17885363477118313,-0.17885363477118305,2.175186665614858,2.175186665614858,1.1065151204862693,1.1065151204862698,-0.26100353245516306,-0.26100353245516306,-0.2533723166886974,-0.2533723166886973,0.9449902946043126,-0.40083351710296133,-0.40083351710296133,-0.4008335171029614,-0.4008335171029614,4.908252477575426,2.3860425190751005,2.3860425190751005,4.908252477575426,4.908252477575426,0.3580328521343571,0.35803285213435715,-0.3991168347019628,3.1153846932968197,3.1153846932968197,3.115384693296819,3.115384693296819,1.10651512048627,1.1065151204862698,0.39911683470196363,0.3991168347019628,-0.39911683470196285,-0.39911683470196285,-0.3991168347019628,1.9190442890332224,1.9190442890332227,0.35803285213435715,0.18594869854542936,0.1296598063993,0,2023-05-03
0.9728127519918831,0.972812751991883,0.55137842657324,0.551378426573239,0.5513784265732399,0.551378426573239,0.928316249085049,0.928316249085049,0.9761766079936257,0.9761766079936257,0.9761766079936258,1.2960902879266818,1.2960902879266816,-0.6966128314321591,-0.696612831432159,0.8576204079598082,0.8576204079598081,-0.26100353245516306,-0.26100353245516306,-0.2533723166886974,-0.2533723166886973,0.6429995824032462,3.0890248316606685,3.0890248316606685,3.0890248316606685,3.0890248316606685,-0.5966537398390945,5.501623802708534,5.501623802708535,-0.5966537398390945,-0.5966537398390946,1.5700172162171944,1.5700172162171946,-0.3991168347019628,-0.39911683470196285,-0.39911683470196285,-0.3991168347019628,-0.3991168347019628,0.8576204079598081,0.8576204079598081,0.39911683470196363,0.3991168347019628,-0.39911683470196285,-0.39911683470196285,-0.3991168347019628,-0.4034118014523715,-0.4034118014523715,1.5700172162171946,0.18594869854542936,0.1296598063993,0,2023-05-04
0.9439152368421513,0.9439152368421511,0.2902789263113818,0.2902789263113818,0.2902789263113818,0.2902789263113818,0.928316249085049,0.928316249085049,3.3354221297427062,3.3354221297427062,3.3354221297427067,-1.4910952521221645,-1.4910952521221643,-0.7860652088552939,-0.7860652088552937,2.666983537580072,2.666983537580072,-0.26100353245516306,-0.26100353245516306,-0.2533723166886974,-0.2533723166886973,0.5393093506793182,-0.40083351710296133,-0.40083351710296133,-0.4008335171029614,-0.4008335171029614,0.9761766079936257,1.9198473032834653,1.9198473032834655,0.9761766079936257,0.9761766079936257,1.9191356100107837,1.9191356100107844,3.127477601780256,-0.39911683470196285,-0.39911683470196285,-0.3991168347019628,-0.3991168347019628,2.6669835375800726,2.666983537580072,-3.127477601780256,-3.1274776017802575,3.127477601780256,3.127477601780256,3.127477601780256,-0.5588964334413747,-0.5588964334413747,1.9191356100107844,2.321658759256137,2.321164769461979,1,2023-05-05
0.9758422476876706,0.9758422476876704,0.0875553754815316,0.08755537548153158,0.08755537548153161,0.08755537548153158,0.928316249085049,0.928316249085049,-0.5966537398390945,-0.5966537398390945,-0.5966537398390946,-0.9325399152096675,-0.9325399152096673,-0.9916660876895699,-0.9916660876895698,0.5868791375940333,0.5868791375940333,-0.26100353245516306,-0.26100353245516306,-0.2533723166886974,-0.2533723166886973,0.5088386151960161,-0.40083351710296133,-0.40083351710296133,-0.4008335171029614,-0.4008335171029614,3.3354221297427062,-0.31977063540430195,-0.3197706354043019,3.3354221297427062,3.335422129742706,-0.694548652506796,-0.694548652506796,-0.3991168347019628,3.127477601780256,3.127477601780256,3.1274776017802557,3.1274776017802557,0.5868791375940334,0.5868791375940333,0.39911683470196363,0.3991168347019628,-0.39911683470196285,-0.39911683470196285,-0.3991168347019628,-0.7011596497517348,-0.7011596497517348,-0.694548652506796,0.13118690211694967,0.1296598063993,1,2023-05-08
1.2950407603735687,1.2950407603735683,-0.08102112359197229,-0.0810211235919723,-0.0810211235919723,-0.08102112359197221,-1.0772191060811471,-1.0772191060811471,-0.5966537398390945,-0.5966537398390945,-0.5966537398390946,1.1255603802607044,1.1255603802607042,-1.032440562426533,-1.0324405624265327,-0.7137712880536509,-0.7137712880536509,-0.26100353245516306,-0.26100353245516306,-0.2533723166886974,-0.2533723166886973,0.45051670950764533,3.1010329464091027,3.1010329464091027,3.101032946409102,3.101032946409102,-0.5966537398390945,2.3860425190751005,2.3860425190751005,-0.5966537398390945,-0.5966537398390946,0.3580328521343571,0.35803285213435715,-0.3991168347019628,-0.39911683470196285,-0.39911683470196285,-0.3991168347019628,-0.3991168347019628,-0.7137712880536509,-0.7137712880536509,0.39911683470196363,0.3991168347019628,-0.39911683470196285,-0.39911683470196285,-0.3991168347019628,-0.45513812619896615,-0.45513812619896615,0.35803285213435715,0.13118690211694967,0.1296598063993,0,2023-05-09
1.166735854773179,1.1667358547731785,-0.23204108829046755,-0.23204108829046757,-0.23204108829046755,-0.23204108829046755,-1.0772191060811471,-1.0772191060811471,-0.5966537398390945,-0.5966537398390945,-0.5966537398390946,-1.126552629832927,-1.126552629832927,-1.050521409296132,-1.0505214092961315,0.8576204079598082,0.8576204079598081,-0.26100353245516306,-0.26100353245516306,-0.2533723166886974,-0.2533723166886973,0.36945146233513426,-0.40083351710296133,-0.40083351710296133,-0.4008335171029614,-0.4008335171029614,-0.5966537398390945,-0.31977063540430195,-0.3197706354043019,-0.5966537398390945,-0.5966537398390946,-0.694548652506796,-0.694548652506796,-0.3991168347019628,-0.39911683470196285,-0.39911683470196285,-0.3991168347019628,-0.3991168347019628,0.8576204079598081,0.8576204079598081,0.39911683470196363,0.3991168347019628,-0.39911683470196285,-0.39911683470196285,-0.3991168347019628,-0.3357107782467726,-0.3357107782467726,-0.694548652506796,-0.9640490264526441,-0.9660926751320393,1,2023-05-10
-0.24679181942630618,-0.24679181942630618,-0.26517635521934196,-0.265176355219342,-0.26517635521934196,-0.265176355219342,-1.0772191060811471,-1.0772191060811471,-0.5966537398390945,-0.5966537398390945,-0.5966537398390946,1.1255603802607044,1.1255603802607042,-1.10408395972294,-1.10408395972294,-0.7137712880536509,-0.7137712880536509,-0.26100353245516306,-0.26100353245516306,-0.2533723166886974,-0.2533723166886973,0.49013177675711495,-0.40083351710296133,-0.40083351710296133,-0.4008335171029614,-0.4008335171029614,-0.5966537398390945,2.3860425190751005,2.3860425190751005,-0.5966537398390945,-0.5966537398390946,0.3580328521343571,0.35803285213435715,-0.3991168347019628,-0.39911683470196285,-0.39911683470196285,-0.3991168347019628,-0.3991168347019628,-0.7137712880536509,-0.7137712880536509,0.39911683470196363,0.3991168347019628,-0.39911683470196285,-0.39911683470196285,-0.3991168347019628,0.06460590077504494,0.06460590077504494,0.35803285213435715,0.13118690211694967,0.1296598063993,0,2023-05-11
-0.42224188590618084,-0.4222418859061808,-0.37613369011814934,-0.37613369011814934,-0.3761336901181493,-0.3761336901181494,-1.0772191060811471,-1.0772191060811471,0.9761766079936257,0.9761766079936257,0.9761766079936258,-0.7536232907732319,-0.7536232907732319,-1.0222284327778437,-1.0222284327778437,0.8576204079598082,0.8576204079598081,-0.26100353245516306,-0.26100353245516306,-0.2533723166886974,-0.2533723166886973,0.32520033112534097,-0.40083351710296133,-0.40083351710296133,-0.4008335171029614,-0.4008335171029614,-0.5966537398390945,0.5763452404833651,0.5763452404833651,-0.5966537398390945,-0.5966537398390946,-0.3459528910392444,-0.3459528910392443,-0.3991168347019628,-0.39911683470196285,-0.39911683470196285,-0.3991168347019628,-0.3991168347019628,0.8576204079598081,0.8576204079598081,0.39911683470196363,0.3991168347019628,-0.39911683470196285,-0.39911683470196285,-0.3991168347019628,-0.01574498303009935,-0.01574498303009924,-0.3459528910392443,0.13118690211694967,0.1296598063993,1,2023-05-12
-0.3165428019574962,-0.31654280195749623,-0.29844097079453313,-0.29844097079453313,-0.2984409707945331,-0.29844097079453313,-1.0772191060811471,-1.0772191060811471,0.9761766079936257,0.9761766079936257,0.9761766079936258,-0.18724035154164093,-0.18724035154164043,-0.7627585376714644,-0.7627585376714643,-0.19335507095286766,-0.19335507095286777,-0.26100353245516306,-0.26100353245516306,-0.2533723166886974,-0.2533723166886973,0.5770578106487163,-0.40083351710296133,-0.40083351710296133,-0.4008335171029614,-0.4008335171029614,0.9761766079936257,0.1276155515081315,0.12761555150813164,0.9761766079936257,0.9761766079936257,-0.3464755233652827,-0.34647552336528253,0.3128531522603712,-0.39911683470196285,-0.39911683470196285,-0.3991168347019628,-0.3991168347019628,-0.19335507095286772,-0.19335507095286777,-0.3128531522603708,-0.3128531522603716,0.31285315226037114,0.31285315226037114,0.3128531522603712,0.28069803372833346,0.28069803372833346,-0.34647552336528253,1.1716610342580638,1.2254122879306393,0,2023-05-15
-0.1350679953388475,-0.13506799533884742,-0.27308199793147214,-0.2730819979314722,-0.27308199793147214,-0.2730819979314722,-1.0772191060811471,-1.0772191060811471,-0.5966537398390945,-0.5966537398390945,-0.5966537398390946,-0.1866812370902772,-0.18668123709027712,-0.7594935035508616,-0.7594935035508615,-0.45395329660753264,-0.45395329660753275,-0.26100353245516306,-0.26100353245516306,-0.2533723166886974,-0.2533723166886973,0.5062313985868421,-0.40083351710296133,-0.40083351710296133,-0.4008335171029614,-0.4008335171029614,0.9761766079936257,-0.31977063540430195,-0.3197706354043019,0.9761766079936257,0.9761766079936257,-0.694548652506796,-0.694548652506796,-0.3991168347019628,0.31285315226037114,0.31285315226037114,0.3128531522603711,0.3128531522603711,-0.4539532966075327,-0.45395329660753275,0.39911683470196363,0.3991168347019628,-0.39911683470196285,-0.39911683470196285,-0.3991168347019628,0.27144346461759666,0.27144346461759655,-0.694548652506796,-0.9640490264526441,-0.9660926751320393,1,2023-05-16
0.14595212589795412,0.1459521258979541,-0.15948605135379854,-0.15948605135379812,-0.15948605135379848,-0.15948605135379812,-1.0772191060811471,-1.0772191060811471,0.9761766079936257,0.9761766079936257,0.9761766079936258,0.3724332142735836,0.3724332142735836,-0.7455164777691126,-0.7455164777691123,-0.7137712880536509,-0.7137712880536509,-0.26100353245516306,-0.26100353245516306,-0.2533723166886974,-0.2533723166886973,0.6472067419574402,0.3061442387110902,0.3061442387110902,0.3061442387110902,0.3061442387110902,-0.5966537398390945,0.5763452404833651,0.5763452404833651,-0.5966537398390945,-0.5966537398390946,-0.3459528910392444,-0.3459528910392443,-0.3991168347019628,-0.39911683470196285,-0.39911683470196285,-0.3991168347019628,-0.3991168347019628,-0.7137712880536509,-0.7137712880536509,0.39911683470196363,0.3991168347019628,-0.39911683470196285,-0.39911683470196285,-0.3991168347019628,0.5296530470239748,0.5296530470239748,-0.3459528910392443,0.13118690211694967,0.1296598063993,1,2023-05-17
0.531909013084916,0.5319090130849159,0.026415279347583264,0.02641527934758324,0.02641527934758337,0.026415279347583358,0.928316249085049,0.928316249085049,-0.5966537398390945,-0.5966537398390945,-0.5966537398390946,-0.0938682381638762,-0.09386823816387567,-0.7014969550407834,-0.7014969550407832,-0.19335507095286766,-0.19335507095286777,-0.26100353245516306,-0.26100353245516306,-0.2533723166886974,-0.2533723166886973,0.8061800844977893,-0.40083351710296133,-0.40083351710296133,-0.4008335171029614,-0.4008335171029614,0.9761766079936257,0.35198039599574826,0.35198039599574843,0.9761766079936257,0.9761766079936257,-0.17191632646848753,-0.17191632646848753,0.6695939525217529,-0.39911683470196285,-0.39911683470196285,-0.3991168347019628,-0.3991168347019628,-0.19335507095286772,-0.19335507095286777,-0.6695939525217518,-0.6695939525217527,0.669593952521753,0.669593952521753,0.6695939525217529,0.6287835552476969,0.6287835552476969,-0.17191632646848753,1.2264228306865435,1.2254122879306393,0,2023-05-18
0.5110782735748579,0.5110782735748578,0.0648857915259912,0.06488579152599117,0.06488579152599126,0.06488579152599125,0.928316249085049,0.928316249085049,-0.5966537398390945,-0.5966537398390945,-0.5966537398390946,-0.280053350468042,-0.28005335046804186,-0.766424052583138,-0.7664240525831377,-0.32365418378020017,-0.3236541837802002,-0.26100353245516306,-0.26100353245516306,-0.2533723166886974,-0.2533723166886973,0.6258361390792379,-0.40083351710296133,-0.40083351710296133,-0.4008335171029614,-0.4008335171029614,-0.5966537398390945,-0.31977063540430195,-0.3197706354043019,-0.5966537398390945,-0.5966537398390946,-0.694548652506796,-0.694548652506796,-0.3991168347019628,0.6695939525217529,0.6695939525217529,0.6695939525217529,0.6695939525217529,-0.3236541837802003,-0.3236541837802002,0.39911683470196363,0.3991168347019628,-0.39911683470196285,-0.39911683470196285,-0.3991168347019628,0.6847753582181656,0.6847753582181657,-0.694548652506796,-0.9640490264526441,-0.9660926751320393,1,2023-05-19
0.61618743144924,0.61618743144924,0.13644408283622697,0.13644408283622694,0.13644408283622692,0.13644408283622692,0.928316249085049,0.928316249085049,-0.5966537398390945,-0.5966537398390945,-0.5966537398390946,-0.00049612478611147,-0.000496124786111486,-0.8683006758150172,-0.8683006758150171,-0.7137712880536509,-0.7137712880536509,-0.26100353245516306,-0.26100353245516306,-0.2533723166886974,-0.2533723166886973,0.6751900272022092,0.6603836237898931,0.6603836237898931,0.6603836237898931,0.6603836237898931,-0.5966537398390945,-0.31977063540430195,-0.3197706354043019,-0.5966537398390945,-0.5966537398390946,-0.694548652506796,-0.694548652506796,-0.3991168347019628,-0.39911683470196285,-0.39911683470196285,-0.3991168347019628,-0.3991168347019628,-0.7137712880536509,-0.7137712880536509,0.39911683470196363,0.3991168347019628,-0.39911683470196285,-0.39911683470196285,-0.3991168347019628,0.518009847199332,0.5180098471993319,-0.694548652506796,-0.9640490264526441,-0.9660926751320393,0,2023-05-22
0.5342685874952886,0.5342685874952886,0.0847435295294236,0.08474352952942403,0.08474352952942354,0.084743529529424,0.928316249085049,0.928316249085049,-0.5966537398390945,-0.5966537398390945,-0.5966537398390946,-0.00049612478611147,-0.000496124786111486,-0.7828979698067999,-0.7828979698067997,-0.7137712880536509,-0.7137712880536509,-0.26100353245516306,-0.26100353245516306,-0.2533723166886974,-0.2533723166886973,0.455912932822182,-0.40083351710296133,-0.40083351710296133,-0.4008335171029614,-0.4008335171029614,-0.5966537398390945,-0.31977063540430195,-0.3197706354043019,-0.5966537398390945,-0.5966537398390946,-0.694548652506796,-0.694548652506796,-0.3991168347019628,-0.39911683470196285,-0.39911683470196285,-0.3991168347019628,-0.3991168347019628,-0.7137712880536509,-0.7137712880536509,0.39911683470196363,0.3991168347019628,-0.39911683470196285,-0.39911683470196285,-0.3991168347019628,0.4202716320718676,0.4202716320718676,-0.694548652506796,-0.9640490264526441,-0.9660926751320393,1,2023-05-23
0.6693076955823736,0.6693076955823735,0.09121545994632715,0.09121545994632713,0.09121545994632706,0.09121545994632715,0.928316249085049,0.928316249085049,0.9761766079936257,0.9761766079936257,0.9761766079936258,0.46524621319998444,0.4652462131999845,-0.828058416135972,-0.8280584161359718,-0.7137712880536509,-0.7137712880536509,-0.26100353245516306,-0.26100353245516306,-0.2533723166886974,-0.2533723166886973,0.47992466898353725,-0.40083351710296133,-0.40083351710296133,-0.4008335171029614,-0.4008335171029614,-0.5966537398390945,0.7993665829081819,0.7993665829081819,-0.5966537398390945,-0.5966537398390946,0.1761568026730258,0.17615680267302583,-0.04237603444058102,-0.39911683470196285,-0.39911683470196285,-0.3991168347019628,-0.3991168347019628,-0.7137712880536509,-0.7137712880536509,0.04237603444058254,0.04237603444058178,-0.042376034440580974,-0.042376034440580974,-0.04237603444058102,0.33757673442524305,0.337576734425243,0.17615680267302583,1.2264228306865435,1.2254122879306393,1,2023-05-24
0.6973101976532544,0.6973101976532545,0.16669920694673052,0.1666992069467305,0.1666992069467305,0.16669920694673043,0.928316249085049,0.928316249085049,-0.5966537398390945,-0.5966537398390945,-0.5966537398390946,0.659818042274608,0.659818042274608,-0.8886277484571291,-0.8886277484571289,-0.0638361923340821,-0.06383619233408216,2.514632952805818,2.5146329528058184,-0.2533723166886974,-0.2533723166886973,0.6431881716095962,-0.40083351710296133,-0.40083351710296133,-0.4008335171029614,-0.4008335171029614,0.9761766079936257,-0.31977063540430195,-0.3197706354043019,0.9761766079936257,0.9761766079936257,0.3580328521343571,0.35803285213435715,-0.3991168347019628,-0.04237603444058108,-0.04237603444058108,-0.042376034440580974,-0.042376034440580974,-0.06383619233408212,-0.06383619233408216,0.39911683470196363,0.3991168347019628,-0.39911683470196285,-0.39911683470196285,-0.3991168347019628,0.2760635418966159,0.2760635418966158,0.35803285213435715,0.13118690211694967,0.1296598063993,1,2023-05-25
1.2534996526998605,1.2534996526998603,0.4737673991148038,0.473767399114803,0.4737673991148038,0.47376739911480303,0.928316249085049,0.928316249085049,-0.5966537398390945,-0.5966537398390945,-0.5966537398390946,-1.126552629832927,-1.126552629832927,-0.5535922632028125,-0.5535922632028124,0.8576204079598082,0.8576204079598081,-0.26100353245516306,-0.26100353245516306,-0.2533723166886974,-0.2533723166886973,1.1291625542291124,-0.04659413202415848,-0.04659413202415848,-0.046594132024158456,-0.046594132024158456,-0.5966537398390945,-0.31977063540430195,-0.3197706354043019,-0.5966537398390945,-0.5966537398390946,-0.694548652506796,-0.694548652506796,-0.3991168347019628,-0.39911683470196285,-0.39911683470196285,-0.3991168347019628,-0.3991168347019628,0.8576204079598081,0.8576204079598081,0.39911683470196363,0.3991168347019628,-0.39911683470196285,-0.39911683470196285,-0.3991168347019628,0.930071740896629,0.930071740896629,-0.694548652506796,-0.9640490264526441,-0.9660926751320393,1,2023-05-26
1.0076817055044585,1.0076817055044582,0.6175184672161008,0.6175184672161007,0.6175184672161006,0.6175184672161008,0.928316249085049,0.928316249085049,-0.5966537398390945,-0.5966537398390945,-0.5966537398390946,-0.00049612478611147,-0.000496124786111486,-0.5069290693693312,-0.506929069369331,-0.7137712880536509,-0.7137712880536509,-0.26100353245516306,-0.26100353245516306,-0.2533723166886974,-0.2533723166886973,1.095550864893022,-0.40083351710296133,-0.40083351710296133,-0.4008335171029614,-0.4008335171029614,-0.5966537398390945,-0.31977063540430195,-0.3197706354043019,-0.5966537398390945,-0.5966537398390946,-0.694548652506796,-0.694548652506796,-0.3991168347019628,-0.39911683470196285,-0.39911683470196285,-0.3991168347019628,-0.3991168347019628,-0.7137712880536509,-0.7137712880536509,0.39911683470196363,0.3991168347019628,-0.39911683470196285,-0.39911683470196285,-0.3991168347019628,0.784720148650773,0.784720148650773,-0.694548652506796,-0.9640490264526441,-0.9660926751320393,1,2023-05-30
1.1141921937208885,1.1141921937208883,0.7063722024754262,0.7063722024754261,0.7063722024754261,0.7063722024754261,0.928316249085049,0.928316249085049,0.9761766079936257,0.9761766079936257,0.9761766079936258,2.4221467929734977,2.422146792973497,-0.6704747881156571,-0.6704747881156571,-0.7137712880536509,-0.7137712880536509,5.7106116068873565,5.7106116068873565,-0.2533723166886974,-0.2533723166886973,1.1436396538363123,-0.40083351710296133,-0.40083351710296133,-0.4008335171029614,-0.4008335171029614,-0.5966537398390945,-0.31977063540430195,-0.3197706354043019,-0.5966537398390945,-0.5966537398390946,1.5700172162171944,1.5700172162171946,-0.3991168347019628,-0.39911683470196285,-0.39911683470196285,-0.3991168347019628,-0.3991168347019628,-0.7137712880536509,-0.7137712880536509,0.39911683470196363,0.3991168347019628,-0.39911683470196285,-0.39911683470196285,-0.3991168347019628,1.022710764781734,1.022710764781734,1.5700172162171946,0.18594869854542936,0.1296598063993,1,2023-05-31
1.2928591686208497,1.2928591686208495,0.9413047131132005,0.9413047131131993,0.9413047131132004,0.9413047131131995,0.928316249085049,0.928316249085049,-0.5966537398390945,-0.5966537398390945,-0.5966537398390946,-1.6208098048385804,-1.62080980483858,-0.5975973468667473,-0.597597346866747,2.666983537580072,2.666983537580072,1.716671917569419,1.7166719175694187,-0.2533723166886974,-0.2533723166886973,1.4905440842927338,-0.40083351710296133,-0.40083351710296133,-0.4008335171029614,-0.4008335171029614,0.9761766079936257,-0.31977063540430195,-0.3197706354043019,0.9761766079936257,0.9761766079936257,1.5553835110881216,1.5553835110881218,0.2871557217330683,-0.39911683470196285,-0.39911683470196285,-0.3991168347019628,-0.3991168347019628,2.6669835375800726,2.666983537580072,-0.28715572173306736,-0.28715572173306814,0.28715572173306825,0.28715572173306825,0.2871557217330683,1.3417225707012264,1.3417225707012261,1.5553835110881218,2.102611573542218,2.321164769461979,0,2023-06-01
1.0677715711011335,1.067771571101133,0.994219214922574,0.9942192149225726,0.9942192149225738,0.994219214922573,0.928316249085049,0.928316249085049,1.7625917819099859,1.7625917819099859,1.7625917819099859,1.6198175552663574,1.6198175552663572,-0.4757663988506337,-0.47576639885063365,0.40586480121115237,0.40586480121115226,5.7106116068873565,5.7106116068873565,-0.2533723166886974,-0.2533723166886973,1.3650716448423814,-0.40083351710296133,-0.40083351710296133,-0.4008335171029614,-0.4008335171029614,-0.5966537398390945,-0.31977063540430195,-0.3197706354043019,-0.5966537398390945,-0.5966537398390946,1.5700172162171944,1.5700172162171946,-0.3991168347019628,0.28715572173306825,0.28715572173306825,0.28715572173306825,0.28715572173306825,0.40586480121115226,0.40586480121115226,0.39911683470196363,0.3991168347019628,-0.39911683470196285,-0.39911683470196285,-0.3991168347019628,1.1131572420736828,1.1131572420736828,1.5700172162171946,0.18594869854542936,0.1296598063993,0,2023-06-02
1.073139197883699,1.0731391978836988,0.887889101974416,0.8878891019744168,0.8878891019744158,0.8878891019744171,0.928316249085049,0.928316249085049,-0.5966537398390945,-0.5966537398390945,-0.5966537398390946,-2.14358181686379,-2.1435818168637897,-0.6678955754246694,-0.6678955754246693,2.666983537580072,2.666983537580072,0.4280819902014858,0.42808199020148574,-0.2533723166886974,-0.2533723166886973,1.1731288423901818,0.28062699487066795,0.28062699487066795,0.28062699487066783,0.28062699487066783,1.7625917819099859,-0.31977063540430195,-0.3197706354043019,1.7625917819099859,1.762591781909986,-0.17191632646848753,-0.17191632646848753,0.6695939525217529,-0.39911683470196285,-0.39911683470196285,-0.3991168347019628,-0.3991168347019628,2.6669835375800726,2.666983537580072,-0.6695939525217518,-0.6695939525217527,0.669593952521753,0.669593952521753,0.6695939525217529,0.45848536115715594,0.4584853611571559,-0.17191632646848753,1.1716610342580638,1.2254122879306393,0,2023-06-05
0.9256441271856809,0.9256441271856807,0.7164238212833609,0.7164238212833616,0.7164238212833608,0.7164238212833618,0.928316249085049,0.928316249085049,0.9761766079936257,0.9761766079936257,0.9761766079936258,2.1425895672915667,2.1425895672915667,-0.6492507117748713,-0.6492507117748711,-0.32365418378020017,-0.3236541837802002,5.7106116068873565,5.7106116068873565,3.946761086881632,3.9467610868816316,1.0405136449345576,-0.40083351710296133,-0.40083351710296133,-0.4008335171029614,-0.4008335171029614,-0.5966537398390945,-0.31977063540430195,-0.3197706354043019,-0.5966537398390945,-0.5966537398390946,1.5700172162171944,1.5700172162171946,-0.3991168347019628,0.6695939525217529,0.6695939525217529,0.6695939525217529,0.6695939525217529,-0.3236541837802003,-0.3236541837802002,0.39911683470196363,0.3991168347019628,-0.39911683470196285,-0.39911683470196285,-0.3991168347019628,0.41414831153681925,0.41414831153681925,1.5700172162171946,0.18594869854542936,0.1296598063993,0,2023-06-06
0.659414460678045,0.659414460678045,0.27338543210753474,0.27338543210753385,0.27338543210753474,0.2733854321075339,0.928316249085049,0.928316249085049,-0.5966537398390945,-0.5966537398390945,-0.5966537398390946,-2.4231390425457207,-2.42313904254572,-0.2756695604712194,-0.2756695604712192,2.666983537580072,2.666983537580072,-0.26100353245516306,-0.26100353245516306,-0.2533723166886974,-0.2533723166886973,0.5228987118696089,0.6603836237898931,0.6603836237898931,0.6603836237898931,0.6603836237898931,0.9761766079936257,-0.31977063540430195,-0.3197706354043019,0.9761766079936257,0.9761766079936257,-0.694548652506796,-0.694548652506796,-0.3991168347019628,-0.39911683470196285,-0.39911683470196285,-0.3991168347019628,-0.3991168347019628,2.6669835375800726,2.666983537580072,0.39911683470196363,0.3991168347019628,-0.39911683470196285,-0.39911683470196285,-0.3991168347019628,-0.14706981182971174,-0.14706981182971163,-0.694548652506796,-0.9640490264526441,-0.9660926751320393,1,2023-06-07
0.5839640741182558,0.5839640741182557,-0.03824836041930612,-0.03824836041930521,-0.03824836041930613,-0.038248360419305176,-1.0772191060811471,-1.0772191060811471,-0.5966537398390945,-0.5966537398390945,-0.5966537398390946,0.5586183265777493,0.5586183265777493,-0.7213867439436232,-0.7213867439436231,-0.7137712880536509,-0.7137712880536509,1.1171675128581346,1.1171675128581346,-0.2533723166886974,-0.2533723166886973,0.48561881370494736,-0.40083351710296133,-0.40083351710296133,-0.4008335171029614,-0.4008335171029614,-0.5966537398390945,-0.31977063540430195,-0.3197706354043019,-0.5966537398390945,-0.5966537398390946,-0.17191632646848753,-0.17191632646848753,-0.3991168347019628,-0.39911683470196285,-0.39911683470196285,-0.3991168347019628,-0.3991168347019628,-0.7137712880536509,-0.7137712880536509,0.39911683470196363,0.3991168347019628,-0.39911683470196285,-0.39911683470196285,-0.3991168347019628,-0.529780921743963,-0.529780921743963,-0.17191632646848753,0.13118690211694967,0.1296598063993,1,2023-06-08
0.434818788162056,0.4348187881620559,-0.27119135178378717,-0.27119135178378717,-0.27119135178378717,-0.27119135178378717,-1.0772191060811471,-1.0772191060811471,0.9761766079936257,0.9761766079936257,0.9761766079936258,0.651990439955514,0.651990439955514,-0.7113370389679589,-0.7113370389679587,0.06646292049325045,0.0664629204932504,2.7254931227387527,2.725493122738753,-0.2533723166886974,-0.2533723166886973,0.4214905059471568,-0.40083351710296133,-0.40083351710296133,-0.4008335171029614,-0.4008335171029614,-0.5966537398390945,-0.31977063540430195,-0.3197706354043019,-0.5966537398390945,-0.5966537398390946,1.5705398485432327,1.5705398485432327,4.232467114454282,-0.39911683470196285,-0.39911683470196285,-0.3991168347019628,-0.3991168347019628,0.0664629204932504,0.0664629204932504,-4.232467114454281,-4.232467114454281,4.232467114454281,4.232467114454281,4.232467114454282,-0.5091904467996344,-0.5091904467996344,1.5705398485432327,0.7061857646159864,1.2254122879306393,1,2023-06-09
0.2746012727153234,0.2746012727153234,-0.2539121567292885,-0.25391215672928763,-0.2539121567292884,-0.25391215672928763,-1.0772191060811471,-1.0772191060811471,0.9761766079936257,0.9761766079936257,0.9761766079936258,-0.4623246616126605,-0.46232466161266056,-0.40696011474891364,-0.4069601147489136,0.976996241867484,0.9769962418674841,1.5871238393099691,1.587123839309969,-0.2533723166886974,-0.2533723166886973,0.652884446742007,-0.40083351710296133,-0.40083351710296133,-0.4008335171029614,-0.4008335171029614,0.9761766079936257,-0.31977063540430195,-0.3197706354043019,0.9761766079936257,0.9761766079936257,0.7071512459279472,0.7071512459279472,1.0414508883874305,4.232467114454282,4.232467114454282,4.232467114454281,4.232467114454281,0.9769962418674841,0.9769962418674841,-1.0414508883874305,-1.0414508883874296,1.0414508883874307,1.0414508883874307,1.0414508883874305,-0.10188570084225604,-0.10188570084225597,0.7071512459279472,1.2811846271150231,1.2254122879306393,1,2023-06-12
0.2648216630208812,0.26482166302088117,-0.27160551082448203,-0.2716055108244811,-0.271605510824482,-0.2716055108244811,-1.0772191060811471,-1.0772191060811471,1.7625917819099859,1.7625917819099859,1.7625917819099859,0.7872961371855686,0.7872961371855683,-0.4070837342910372,-0.40708373429103717,0.3325227856077437,0.3325227856077436,3.528966842156406,3.5289668421564064,-0.2533723166886974,-0.2533723166886973,0.5735922699687181,4.19827443154726,4.19827443154726,4.198274431547259,4.198274431547259,0.9761766079936257,-0.31977063540430195,-0.3197706354043019,0.9761766079936257,0.9761766079936257,2.1799291407039005,2.1799291407039005,2.985385927099875,1.0414508883874305,1.0414508883874305,1.0414508883874307,1.0414508883874307,0.3325227856077436,0.3325227856077436,-2.985385927099874,-2.985385927099875,2.985385927099875,2.985385927099875,2.985385927099875,-0.07168285569434879,-0.07168285569434871,2.1799291407039005,0.9252329503299052,1.2254122879306393,1,2023-06-13
0.2543841996862279,0.2543841996862278,-0.25194987487872644,-0.2519498748787274,-0.25194987487872633,-0.25194987487872744,-1.0772191060811471,-1.0772191060811471,-0.5966537398390945,-0.5966537398390945,-0.5966537398390946,-1.5380608660367288,-1.5380608660367288,-0.9130668648008491,-0.913066864800849,1.4318727854503273,1.4318727854503277,-0.26100353245516306,-0.26100353245516306,-0.2533723166886974,-0.2533723166886973,0.5857812035736115,1.0296331523042384,1.0296331523042384,1.0296331523042384,1.0296331523042384,1.7625917819099859,-0.31977063540430195,-0.3197706354043019,1.7625917819099859,1.762591781909986,-0.694548652506796,-0.694548652506796,-0.3991168347019628,2.985385927099875,2.985385927099875,2.9853859270998746,2.9853859270998746,1.431872785450328,1.4318727854503277,0.39911683470196363,0.3991168347019628,-0.39911683470196285,-0.39911683470196285,-0.3991168347019628,0.4783066389670525,0.4783066389670525,-0.694548652506796,-0.9640490264526441,-0.9660926751320393,1,2023-06-14
0.2682212313821361,0.268221231382136,0.0023668147414962998,0.0023668147414962746,0.0023668147414963874,0.002366814741496371,0.928316249085049,0.928316249085049,2.549006955826346,2.549006955826346,2.5490069558263464,1.1177327779416102,1.1177327779416102,-0.6653623654594988,-0.6653623654594987,-0.7137712880536509,-0.7137712880536509,2.4953385581714325,2.4953385581714325,3.946761086881632,3.9467610868816316,0.9347291844142865,2.959937598115003,2.959937598115003,2.9599375981150033,2.9599375981150033,-0.5966537398390945,-0.31977063540430195,-0.3197706354043019,-0.5966537398390945,-0.5966537398390946,2.441245303723055,2.441245303723055,2.6664354658492333,-0.39911683470196285,-0.39911683470196285,-0.3991168347019628,-0.3991168347019628,-0.7137712880536509,-0.7137712880536509,-2.666435465849232,-2.6664354658492324,2.6664354658492324,2.6664354658492324,2.6664354658492333,0.9063001883424747,0.9063001883424747,2.441245303723055,2.431182352113096,2.321164769461979,0,2023-06-15
0.23370798720900376,0.23370798720900374,0.08468865307024463,0.0846886530702446,0.08468865307024459,0.08468865307024458,0.928316249085049,0.928316249085049,0.9761766079936257,0.9761766079936257,0.9761766079936258,-0.9325399152096675,-0.9325399152096673,-0.6082986998570592,-0.6082986998570591,0.8466971290401517,0.8466971290401516,0.19792742563416513,0.19792742563416504,-0.2533723166886974,-0.2533723166886973,0.791020184353837,-0.40083351710296133,-0.40083351710296133,-0.4008335171029614,-0.4008335171029614,2.549006955826346,-0.31977063540430195,-0.3197706354043019,2.549006955826346,2.549006955826346,-0.3464755233652827,-0.34647552336528253,0.3128531522603712,2.6664354658492333,2.6664354658492333,2.6664354658492324,2.6664354658492324,0.8466971290401517,0.8466971290401516,-0.3128531522603708,-0.3128531522603716,0.31285315226037114,0.31285315226037114,0.3128531522603712,0.8362044360705119,0.8362044360705119,-0.34647552336528253,1.1716610342580638,1.2254122879306393,1,2023-06-16
0.4253237647459524,0.4253237647459523,0.1912199552629536,0.19121995526295357,0.19121995526295357,0.19121995526295354,0.928316249085049,0.928316249085049,-0.5966537398390945,-0.5966537398390945,-0.5966537398390946,-0.1866812370902772,-0.18668123709027712,-0.6834070289011254,-0.6834070289011253,-0.45395329660753264,-0.45395329660753275,-0.26100353245516306,-0.26100353245516306,-0.2533723166886974,-0.2533723166886973,0.8593996976374446,2.6432235716250565,2.6432235716250565,2.6432235716250565,2.6432235716250565,0.9761766079936257,-0.31977063540430195,-0.3197706354043019,0.9761766079936257,0.9761766079936257,-0.694548652506796,-0.694548652506796,-0.3991168347019628,0.31285315226037114,0.31285315226037114,0.3128531522603711,0.3128531522603711,-0.4539532966075327,-0.45395329660753275,0.39911683470196363,0.3991168347019628,-0.39911683470196285,-0.39911683470196285,-0.3991168347019628,0.6604684742536898,0.6604684742536898,-0.694548652506796,-0.9640490264526441,-0.9660926751320393,0,2023-06-20
0.32468232979058864,0.32468232979058853,0.10918768354188696,0.1091876835418888,0.10918768354188699,0.10918768354188878,0.928316249085049,0.928316249085049,-0.5966537398390945,-0.5966537398390945,-0.5966537398390946,-0.00049612478611147,-0.000496124786111486,-0.5518880942881531,-0.551888094288153,-0.7137712880536509,-0.7137712880536509,-0.26100353245516306,-0.26100353245516306,-0.2533723166886974,-0.2533723166886973,0.6213494995773273,0.3061442387110902,0.3061442387110902,0.3061442387110902,0.3061442387110902,-0.5966537398390945,-0.31977063540430195,-0.3197706354043019,-0.5966537398390945,-0.5966537398390946,-0.694548652506796,-0.694548652506796,-0.3991168347019628,-0.39911683470196285,-0.39911683470196285,-0.3991168347019628,-0.3991168347019628,-0.7137712880536509,-0.7137712880536509,0.39911683470196363,0.3991168347019628,-0.39911683470196285,-0.39911683470196285,-0.3991168347019628,0.4942079775173605,0.4942079775173605,-0.694548652506796,-0.9640490264526441,-0.9660926751320393,1,2023-06-21
0.7999505846214571,0.799950584621457,0.10765556338035143,0.1076555633803514,0.10765556338035136,0.10765556338035132,0.928316249085049,0.928316249085049,-0.5966537398390945,-0.5966537398390945,-0.5966537398390946,-0.00049612478611147,-0.000496124786111486,-0.5464468198815352,-0.5464468198815351,-0.7137712880536509,-0.7137712880536509,-0.26100353245516306,-0.26100353245516306,-0.2533723166886974,-0.2533723166886973,0.6868091370095809,-0.40083351710296133,-0.40083351710296133,-0.4008335171029614,-0.4008335171029614,-0.5966537398390945,-0.31977063540430195,-0.3197706354043019,-0.5966537398390945,-0.5966537398390946,-0.694548652506796,-0.694548652506796,-0.3991168347019628,-0.39911683470196285,-0.39911683470196285,-0.3991168347019628,-0.3991168347019628,-0.7137712880536509,-0.7137712880536509,0.39911683470196363,0.3991168347019628,-0.39911683470196285,-0.39911683470196285,-0.3991168347019628,0.5570820913687864,0.5570820913687864,-0.694548652506796,-0.9640490264526441,-0.9660926751320393,1,2023-06-22
0.919521317235529,0.9195213172355288,0.1763773423905304,0.17637734239053038,0.1763773423905303,0.1763773423905304,0.928316249085049,0.928316249085049,-0.5966537398390945,-0.5966537398390945,-0.5966537398390946,-0.00049612478611147,-0.000496124786111486,-0.8416720066249058,-0.8416720066249056,-0.7137712880536509,-0.7137712880536509,-0.26100353245516306,-0.26100353245516306,-0.2533723166886974,-0.2533723166886973,0.7795495655339227,-0.40083351710296133,-0.40083351710296133,-0.4008335171029614,-0.4008335171029614,-0.5966537398390945,-0.31977063540430195,-0.3197706354043019,-0.5966537398390945,-0.5966537398390946,-0.694548652506796,-0.694548652506796,-0.3991168347019628,-0.39911683470196285,-0.39911683470196285,-0.3991168347019628,-0.3991168347019628,-0.7137712880536509,-0.7137712880536509,0.39911683470196363,0.3991168347019628,-0.39911683470196285,-0.39911683470196285,-0.3991168347019628,0.2885774075035393,0.28857740750353916,-0.694548652506796,-0.9640490264526441,-0.9660926751320393,0,2023-06-23
0.4632778942990094,0.46327789429900934,-0.178211245207247,-0.17821124520724704,-0.17821124520724693,-0.17821124520724702,-1.0772191060811471,-1.0772191060811471,-0.5966537398390945,-0.5966537398390945,-0.5966537398390946,-0.00049612478611147,-0.000496124786111486,-0.23578086349086885,-0.23578086349086866,-0.7137712880536509,-0.7137712880536509,-0.26100353245516306,-0.26100353245516306,-0.2533723166886974,-0.2533723166886973,0.17166503317434895,-0.40083351710296133,-0.40083351710296133,-0.4008335171029614,-0.4008335171029614,-0.5966537398390945,-0.31977063540430195,-0.3197706354043019,-0.5966537398390945,-0.5966537398390946,-0.694548652506796,-0.694548652506796,-0.3991168347019628,-0.39911683470196285,-0.39911683470196285,-0.3991168347019628,-0.3991168347019628,-0.7137712880536509,-0.7137712880536509,0.39911683470196363,0.3991168347019628,-0.39911683470196285,-0.39911683470196285,-0.3991168347019628,-0.21947937722778094,-0.21947937722778085,-0.694548652506796,-0.9640490264526441,-0.9660926751320393,1,2023-06-26
0.5539785091895439,0.5539785091895439,-0.16061437018357666,-0.1606143701835776,-0.16061437018357663,-0.16061437018357758,-1.0772191060811471,-1.0772191060811471,-0.5966537398390945,-0.5966537398390945,-0.5966537398390946,-0.00049612478611147,-0.000496124786111486,0.005145696156799301,0.005145696156799457,-0.7137712880536509,-0.7137712880536509,-0.26100353245516306,-0.26100353245516306,-0.2533723166886974,-0.2533723166886973,0.5518658384109337,-0.40083351710296133,-0.40083351710296133,-0.4008335171029614,-0.4008335171029614,-0.5966537398390945,-0.31977063540430195,-0.3197706354043019,-0.5966537398390945,-0.5966537398390946,-0.694548652506796,-0.694548652506796,-0.3991168347019628,-0.39911683470196285,-0.39911683470196285,-0.3991168347019628,-0.3991168347019628,-0.7137712880536509,-0.7137712880536509,0.39911683470196363,0.3991168347019628,-0.39911683470196285,-0.39911683470196285,-0.3991168347019628,0.06226589189089046,0.06226589189089044,-0.694548652506796,0.13118690211694967,0.1296598063993,0,2023-06-27
0.46849929429702125,0.46849929429702114,-0.249853257648656,-0.24985325764865604,-0.249853257648656,-0.24985325764865604,-1.0772191060811471,-1.0772191060811471,0.9761766079936257,0.9761766079936257,0.9761766079936258,2.4221467929734977,2.422146792973497,-0.013925092296995787,-0.01392509229699564,-0.7137712880536509,-0.7137712880536509,5.7106116068873565,5.7106116068873565,-0.2533723166886974,-0.2533723166886973,0.3989763448908616,-0.40083351710296133,-0.40083351710296133,-0.4008335171029614,-0.4008335171029614,-0.5966537398390945,-0.31977063540430195,-0.3197706354043019,-0.5966537398390945,-0.5966537398390946,1.5700172162171944,1.5700172162171946,-0.3991168347019628,-0.39911683470196285,-0.39911683470196285,-0.3991168347019628,-0.3991168347019628,-0.7137712880536509,-0.7137712880536509,0.39911683470196363,0.3991168347019628,-0.39911683470196285,-0.39911683470196285,-0.3991168347019628,0.11375148197538149,0.11375148197538144,1.5700172162171946,0.18594869854542936,0.1296598063993,0,2023-06-28
0.22405319894335005,0.22405319894334996,-0.46653886034984005,-0.46653886034984005,-0.46653886034984,-0.46653886034984,-1.0772191060811471,-1.0772191060811471,-0.5966537398390945,-0.5966537398390945,-0.5966537398390946,-1.8640245911818598,-1.8640245911818594,0.002597051757799861,0.002597051757799987,2.666983537580072,2.666983537580072,-0.26100353245516306,-0.26100353245516306,-0.2533723166886974,-0.2533723166886973,0.15977543717685128,-0.40083351710296133,-0.40083351710296133,-0.4008335171029614,-0.4008335171029614,0.9761766079936257,-0.31977063540430195,-0.3197706354043019,0.9761766079936257,0.9761766079936257,-0.17191632646848753,-0.17191632646848753,-0.3991168347019628,-0.39911683470196285,-0.39911683470196285,-0.3991168347019628,-0.3991168347019628,2.6669835375800726,2.666983537580072,0.39911683470196363,0.3991168347019628,-0.39911683470196285,-0.39911683470196285,-0.3991168347019628,-0.2612897640681774,-0.2612897640681774,-0.17191632646848753,0.13118690211694967,0.1296598063993,1,2023-06-29
0.09197555910925422,0.0919755591092543,-0.44835340421443154,-0.44835340421443065,-0.44835340421443143,-0.4483534042144306,-1.0772191060811471,-1.0772191060811471,-0.5966537398390945,-0.5966537398390945,-0.5966537398390946,-0.5596105761499722,-0.5596105761499723,0.05955698466429588,0.05955698466429598,0.06646292049325045,0.0664629204932504,-0.26100353245516306,-0.26100353245516306,-0.2533723166886974,-0.2533723166886973,0.40293911360288925,-0.40083351710296133,-0.40083351710296133,-0.4008335171029614,-0.4008335171029614,-0.5966537398390945,-0.31977063540430195,-0.3197706354043019,-0.5966537398390945,-0.5966537398390946,-0.694548652506796,-0.694548652506796,-0.3991168347019628,-0.39911683470196285,-0.39911683470196285,-0.3991168347019628,-0.3991168347019628,0.0664629204932504,0.0664629204932504,0.39911683470196363,0.3991168347019628,-0.39911683470196285,-0.39911683470196285,-0.3991168347019628,-0.17483459516760694,-0.1748345951676069,-0.694548652506796,-0.9640490264526441,-0.9660926751320393,0,2023-06-30
0.08734261140568658,0.08734261140568662,-0.4934111128188657,-0.4934111128188648,-0.4934111128188656,-0.49341111281886474,-1.0772191060811471,-1.0772191060811471,-0.5966537398390945,-0.5966537398390945,-0.5966537398390946,-0.00049612478611147,-0.000496124786111486,-0.37673836477825734,-0.3767383647782573,-0.7137712880536509,-0.7137712880536509,-0.26100353245516306,-0.26100353245516306,-0.2533723166886974,-0.2533723166886973,0.3179113630289061,-0.40083351710296133,-0.40083351710296133,-0.4008335171029614,-0.4008335171029614,-0.5966537398390945,-0.31977063540430195,-0.3197706354043019,-0.5966537398390945,-0.5966537398390946,-0.694548652506796,-0.694548652506796,-0.3991168347019628,-0.39911683470196285,-0.39911683470196285,-0.3991168347019628,-0.3991168347019628,-0.7137712880536509,-0.7137712880536509,0.39911683470196363,0.3991168347019628,-0.39911683470196285,-0.39911683470196285,-0.3991168347019628,0.32847360035148143,0.32847360035148143,-0.694548652506796,-0.9640490264526441,-0.9660926751320393,1,2023-07-03
0.2851110856009217,0.2851110856009215,-0.2690085977753374,-0.2690085977753365,-0.26900859777533725,-0.2690085977753366,-1.0772191060811471,-1.0772191060811471,-0.5966537398390945,-0.5966537398390945,-0.5966537398390946,-0.00049612478611147,-0.000496124786111486,-0.4072341317738741,-0.4072341317738739,-0.7137712880536509,-0.7137712880536509,-0.26100353245516306,-0.26100353245516306,-0.2533723166886974,-0.2533723166886973,0.6848750450058122,-0.40083351710296133,-0.40083351710296133,-0.4008335171029614,-0.4008335171029614,-0.5966537398390945,-0.31977063540430195,-0.3197706354043019,-0.5966537398390945,-0.5966537398390946,-0.694548652506796,-0.694548652506796,-0.3991168347019628,-0.39911683470196285,-0.39911683470196285,-0.3991168347019628,-0.3991168347019628,-0.7137712880536509,-0.7137712880536509,0.39911683470196363,0.3991168347019628,-0.39911683470196285,-0.39911683470196285,-0.3991168347019628,0.3040207961779935,0.30402079617799344,-0.694548652506796,-0.9640490264526441,-0.9660926751320393,0,2023-07-05
0.30140935632521854,0.3014093563252185,-0.23922821807004116,-0.2392282180700412,-0.23922821807004108,-0.23922821807004124,-1.0772191060811471,-1.0772191060811471,-0.5966537398390945,-0.5966537398390945,-0.5966537398390946,-0.00049612478611147,-0.000496124786111486,-0.38906365465606996,-0.38906365465606985,-0.7137712880536509,-0.7137712880536509,-0.26100353245516306,-0.26100353245516306,-0.2533723166886974,-0.2533723166886973,0.5073424501289028,-0.40083351710296133,-0.40083351710296133,-0.4008335171029614,-0.4008335171029614,-0.5966537398390945,-0.31977063540430195,-0.3197706354043019,-0.5966537398390945,-0.5966537398390946,-0.694548652506796,-0.694548652506796,-0.3991168347019628,-0.39911683470196285,-0.39911683470196285,-0.3991168347019628,-0.3991168347019628,-0.7137712880536509,-0.7137712880536509,0.39911683470196363,0.3991168347019628,-0.39911683470196285,-0.39911683470196285,-0.3991168347019628,0.27343264191512623,0.2734326419151262,-0.694548652506796,-0.9640490264526441,-0.9660926751320393,0,2023-07-06
0.10965271771800854,0.10965271771800844,-0.30230444961891156,-0.30230444961891156,-0.3023044496189115,-0.3023044496189116,-1.0772191060811471,-1.0772191060811471,-0.5966537398390945,-0.5966537398390945,-0.5966537398390946,0.27906110089581876,0.2790611008958189,-0.4851476650721132,-0.48514766507211315,-0.7137712880536509,-0.7137712880536509,0.4280819902014858,0.42808199020148574,-0.2533723166886974,-0.2533723166886973,0.3619903118300876,-0.40083351710296133,-0.40083351710296133,-0.4008335171029614,-0.4008335171029614,-0.5966537398390945,-0.31977063540430195,-0.3197706354043019,-0.5966537398390945,-0.5966537398390946,-0.17191632646848753,-0.17191632646848753,0.6695939525217529,-0.39911683470196285,-0.39911683470196285,-0.3991168347019628,-0.3991168347019628,-0.7137712880536509,-0.7137712880536509,-0.6695939525217518,-0.6695939525217527,0.669593952521753,0.669593952521753,0.6695939525217529,0.4021441894061841,0.40214418940618407,-0.17191632646848753,1.1716610342580638,1.2254122879306393,1,2023-07-07
0.09566067940415413,0.09566067940415406,-0.25450165098491473,-0.25450165098491384,-0.2545016509849147,-0.2545016509849138,-1.0772191060811471,-1.0772191060811471,0.9761766079936257,0.9761766079936257,0.9761766079936258,2.1425895672915667,2.1425895672915667,-0.5472166004428545,-0.5472166004428543,-0.32365418378020017,-0.3236541837802002,5.7106116068873565,5.7106116068873565,3.946761086881632,3.9467610868816316,0.4653377342272104,-0.40083351710296133,-0.40083351710296133,-0.4008335171029614,-0.4008335171029614,-0.5966537398390945,-0.31977063540430195,-0.3197706354043019,-0.5966537398390945,-0.5966537398390946,1.5700172162171944,1.5700172162171946,-0.3991168347019628,0.6695939525217529,0.6695939525217529,0.6695939525217529,0.6695939525217529,-0.3236541837802003,-0.3236541837802002,0.39911683470196363,0.3991168347019628,-0.39911683470196285,-0.39911683470196285,-0.3991168347019628,0.2935397241848447,0.2935397241848447,1.5700172162171946,0.18594869854542936,0.1296598063993,1,2023-07-10
0.691650659274481,0.691650659274481,-0.11883237895299395,-0.11883237895299305,-0.11883237895299391,-0.11883237895299295,-1.0772191060811471,-1.0772191060811471,-0.5966537398390945,-0.5966537398390945,-0.5966537398390946,-1.7706524778040948,-1.7706524778040946,-0.5683289424268317,-0.5683289424268316,2.666983537580072,2.666983537580072,1.3473220774254553,1.3473220774254548,-0.2533723166886974,-0.2533723166886973,0.5887074313517323,0.6603836237898931,0.6603836237898931,0.6603836237898931,0.6603836237898931,0.9761766079936257,-0.31977063540430195,-0.3197706354043019,0.9761766079936257,0.9761766079936257,-0.08463672802009005,-0.08463672802009008,-0.3991168347019628,-0.39911683470196285,-0.39911683470196285,-0.3991168347019628,-0.3991168347019628,2.6669835375800726,2.666983537580072,0.39911683470196363,0.3991168347019628,-0.39911683470196285,-0.39911683470196285,-0.3991168347019628,0.5679886017768014,0.5679886017768013,-0.08463672802009008,-0.2247647746681683,0.1296598063993,1,2023-07-11
0.7650744807295422,0.765074480729542,0.2902383133503039,0.290238313350303,0.2902383133503039,0.290238313350303,0.928316249085049,0.928316249085049,-0.5966537398390945,-0.5966537398390945,-0.5966537398390946,-0.3734254638458066,-0.3734254638458066,-0.41061300316460464,-0.4106130031646046,0.19676203332058287,0.19676203332058284,-0.26100353245516306,-0.26100353245516306,-0.2533723166886974,-0.2533723166886973,1.0396823053910031,-0.40083351710296133,-0.40083351710296133,-0.4008335171029614,-0.4008335171029614,-0.5966537398390945,-0.31977063540430195,-0.3197706354043019,-0.5966537398390945,-0.5966537398390946,-0.17191632646848753,-0.17191632646848753,0.6695939525217529,-0.39911683470196285,-0.39911683470196285,-0.3991168347019628,-0.3991168347019628,0.1967620333205828,0.19676203332058284,-0.6695939525217518,-0.6695939525217527,0.669593952521753,0.669593952521753,0.6695939525217529,0.6886845077937491,0.6886845077937491,-0.17191632646848753,1.1716610342580638,1.2254122879306393,1,2023-07-12
1.0021545221298778,1.0021545221298775,0.619328648211066,0.6193286482110659,0.6193286482110658,0.619328648211066,0.928316249085049,0.928316249085049,-0.5966537398390945,-0.5966537398390945,-0.5966537398390946,0.3724332142735836,0.3724332142735836,-0.5859099914646138,-0.5859099914646136,-0.32365418378020017,-0.3236541837802002,-0.26100353245516306,-0.26100353245516306,-0.2533723166886974,-0.2533723166886973,1.128696865805481,-0.40083351710296133,-0.40083351710296133,-0.4008335171029614,-0.4008335171029614,-0.5966537398390945,-0.31977063540430195,-0.3197706354043019,-0.5966537398390945,-0.5966537398390946,-0.08463672802009005,-0.08463672802009008,-0.3991168347019628,0.6695939525217529,0.6695939525217529,0.6695939525217529,0.6695939525217529,-0.3236541837802003,-0.3236541837802002,0.39911683470196363,0.3991168347019628,-0.39911683470196285,-0.39911683470196285,-0.3991168347019628,1.030122393608359,1.030122393608359,-0.08463672802009008,-0.2247647746681683,0.1296598063993,0,2023-07-13
0.9856688080392705,0.9856688080392704,0.5968657705325273,0.5968657705325263,0.5968657705325272,0.5968657705325264,0.928316249085049,0.928316249085049,-0.5966537398390945,-0.5966537398390945,-0.5966537398390946,-0.6529826895277371,-0.652982689527737,-0.3999667952297561,-0.399966795229756,0.19676203332058287,0.19676203332058284,-0.26100353245516306,-0.26100353245516306,-0.2533723166886974,-0.2533723166886973,0.810452415513766,0.6603836237898931,0.6603836237898931,0.6603836237898931,0.6603836237898931,-0.5966537398390945,-0.31977063540430195,-0.3197706354043019,-0.5966537398390945,-0.5966537398390946,-0.694548652506796,-0.694548652506796,-0.3991168347019628,-0.39911683470196285,-0.39911683470196285,-0.3991168347019628,-0.3991168347019628,0.1967620333205828,0.19676203332058284,0.39911683470196363,0.3991168347019628,-0.39911683470196285,-0.39911683470196285,-0.3991168347019628,0.8748671354200777,0.8748671354200777,-0.694548652506796,-0.25214567288240813,0.1296598063993,1,2023-07-14
0.8186126017036007,0.8186126017036006,0.5603318827795313,0.5603318827795312,0.5603318827795314,0.5603318827795314,0.928316249085049,0.928316249085049,-0.5966537398390945,-0.5966537398390945,-0.5966537398390946,-0.00049612478611147,-0.000496124786111486,-0.38572411954623376,-0.38572411954623365,-0.7137712880536509,-0.7137712880536509,-0.26100353245516306,-0.26100353245516306,-0.2533723166886974,-0.2533723166886973,0.8211797590843203,-0.40083351710296133,-0.40083351710296133,-0.4008335171029614,-0.4008335171029614,-0.5966537398390945,-0.31977063540430195,-0.3197706354043019,-0.5966537398390945,-0.5966537398390946,-0.694548652506796,-0.694548652506796,-0.3991168347019628,-0.39911683470196285,-0.39911683470196285,-0.3991168347019628,-0.3991168347019628,-0.7137712880536509,-0.7137712880536509,0.39911683470196363,0.3991168347019628,-0.39911683470196285,-0.39911683470196285,-0.3991168347019628,0.7693536988931391,0.7693536988931391,-0.694548652506796,-0.9640490264526441,-0.9660926751320393,1,2023-07-17
0.9164711345014722,0.916471134501472,0.5050477981059041,0.5050477981059049,0.5050477981059041,0.505047798105905,0.928316249085049,0.928316249085049,-0.5966537398390945,-0.5966537398390945,-0.5966537398390946,-0.00049612478611147,-0.000496124786111486,-0.3803451924676459,-0.3803451924676458,-0.7137712880536509,-0.7137712880536509,-0.26100353245516306,-0.26100353245516306,-0.2533723166886974,-0.2533723166886973,0.8103599873246479,-0.40083351710296133,-0.40083351710296133,-0.4008335171029614,-0.4008335171029614,-0.5966537398390945,-0.31977063540430195,-0.3197706354043019,-0.5966537398390945,-0.5966537398390946,-0.694548652506796,-0.694548652506796,-0.3991168347019628,-0.39911683470196285,-0.39911683470196285,-0.3991168347019628,-0.3991168347019628,-0.7137712880536509,-0.7137712880536509,0.39911683470196363,0.3991168347019628,-0.39911683470196285,-0.39911683470196285,-0.3991168347019628,0.6170003528385771,0.6170003528385771,-0.694548652506796,-0.9640490264526441,-0.9660926751320393,1,2023-07-18
0.7181564289165505,0.7181564289165504,0.5227617995584924,0.5227617995584923,0.5227617995584924,0.5227617995584924,0.928316249085049,0.928316249085049,-0.5966537398390945,-0.5966537398390945,-0.5966537398390946,-0.00049612478611147,-0.000496124786111486,-0.7962752804762591,-0.7962752804762591,-0.7137712880536509,-0.7137712880536509,-0.26100353245516306,-0.26100353245516306,-0.2533723166886974,-0.2533723166886973,0.9205771663047566,-0.40083351710296133,-0.40083351710296133,-0.4008335171029614,-0.4008335171029614,-0.5966537398390945,-0.31977063540430195,-0.3197706354043019,-0.5966537398390945,-0.5966537398390946,-0.694548652506796,-0.694548652506796,-0.3991168347019628,-0.39911683470196285,-0.39911683470196285,-0.3991168347019628,-0.3991168347019628,-0.7137712880536509,-0.7137712880536509,0.39911683470196363,0.3991168347019628,-0.39911683470196285,-0.39911683470196285,-0.3991168347019628,0.24426363006194554,0.24426363006194554,-0.694548652506796,-0.9640490264526441,-0.9660926751320393,0,2023-07-19
0.29363353500118405,0.29363353500118394,0.011107139214527087,0.011107139214526137,0.01110713921452718,0.011107139214526196,0.928316249085049,0.928316249085049,-0.5966537398390945,-0.5966537398390945,-0.5966537398390946,0.5614138988345687,0.5614138988345686,-0.16547204133917365,-0.1654720413391735,-0.7137712880536509,-0.7137712880536509,-0.26100353245516306,-0.26100353245516306,-0.2533723166886974,-0.2533723166886973,0.21548904362195187,-0.40083351710296133,-0.40083351710296133,-0.4008335171029614,-0.4008335171029614,-0.5966537398390945,-0.31977063540430195,-0.3197706354043019,-0.5966537398390945,-0.5966537398390946,0.8811878104987039,0.8811878104987039,1.123078020650628,-0.39911683470196285,-0.39911683470196285,-0.3991168347019628,-0.3991168347019628,-0.7137712880536509,-0.7137712880536509,-1.1230780206506275,-1.1230780206506283,1.1230780206506283,1.1230780206506283,1.123078020650628,-0.6100547070626953,-0.6100547070626952,0.8811878104987039,2.3764205556846165,2.321164769461979,0,2023-07-20
0.0303661734380874,0.03036617343808747,-0.6338970986253869,-0.633897098625387,-0.6338970986253869,-0.633897098625387,-1.0772191060811471,-1.0772191060811471,-0.5966537398390945,-0.5966537398390945,-0.5966537398390946,-0.18724035154164104,-0.18724035154164095,-0.06665360780588342,-0.06665360780588324,0.07036409153598487,0.0703640915359849,-0.26100353245516306,-0.26100353245516306,-0.2533723166886974,-0.2533723166886973,-0.20565587199992744,-0.40083351710296133,-0.40083351710296133,-0.4008335171029614,-0.4008335171029614,-0.5966537398390945,-0.31977063540430195,-0.3197706354043019,-0.5966537398390945,-0.5966537398390946,0.357510219808319,0.35751021980831893,1.358889736077643,1.123078020650628,1.123078020650628,1.1230780206506281,1.1230780206506281,0.07036409153598486,0.0703640915359849,-1.3588897360776417,-1.3588897360776426,1.3588897360776433,1.3588897360776433,1.358889736077643,-0.8005324095919942,-0.8005324095919942,0.35751021980831893,2.321658759256137,2.321164769461979,0,2023-07-21
-0.21114214577684648,-0.21114214577684645,-1.143094614218672,-1.143094614218672,-1.1430946142186718,-1.143094614218672,-1.0772191060811471,-1.0772191060811471,-0.5966537398390945,-0.5966537398390945,-0.5966537398390946,-0.37566192165126217,-0.3756619216512621,-0.14762009477191068,-0.1476200947719105,-0.19023413411868,-0.1902341341186801,-0.26100353245516306,-0.26100353245516306,-0.2533723166886974,-0.2533723166886973,-0.34018098746947745,1.1106879268561678,1.1106879268561678,1.110687926856168,1.110687926856168,-0.5966537398390945,-0.31977063540430195,-0.3197706354043019,-0.5966537398390945,-0.5966537398390946,-0.694548652506796,-0.694548652506796,-0.3991168347019628,1.358889736077643,1.358889736077643,1.358889736077643,1.358889736077643,-0.19023413411868006,-0.1902341341186801,0.39911683470196363,0.3991168347019628,-0.39911683470196285,-0.39911683470196285,-0.3991168347019628,-1.0114045863284784,-1.0114045863284784,-0.694548652506796,-0.9640490264526441,-0.9660926751320393,1,2023-07-24
-0.2603388281798163,-0.26033882817981624,-1.3570254956636278,-1.3570254956636272,-1.3570254956636274,-1.3570254956636272,-1.0772191060811471,-1.0772191060811471,0.9761766079936257,0.9761766079936257,0.9761766079936258,0.7492763544928258,0.7492763544928258,-0.0877757374644645,-0.08777573746446433,-0.7137712880536509,-0.7137712880536509,-0.26100353245516306,-0.26100353245516306,-0.2533723166886974,-0.2533723166886973,-0.2405701405537161,1.3448461644506309,1.3448461644506309,1.344846164450631,1.344846164450631,-0.5966537398390945,-0.31977063540430195,-0.3197706354043019,-0.5966537398390945,-0.5966537398390946,0.7071512459279472,0.7071512459279472,1.0414508883874305,-0.39911683470196285,-0.39911683470196285,-0.3991168347019628,-0.3991168347019628,-0.7137712880536509,-0.7137712880536509,-1.0414508883874305,-1.0414508883874296,1.0414508883874307,1.0414508883874307,1.0414508883874305,-0.9376245597610519,-0.937624559761052,0.7071512459279472,1.2811846271150231,1.2254122879306393,1,2023-07-25
-0.5098344091114806,-0.5098344091114806,-1.3309317188752292,-1.3309317188752292,-1.3309317188752288,-1.3309317188752292,-1.0772191060811471,-1.0772191060811471,-0.5966537398390945,-0.5966537398390945,-0.5966537398390946,-0.7502686040650488,-0.7502686040650487,-0.07005330669314863,-0.07005330669314849,0.3325227856077437,0.3325227856077436,-0.26100353245516306,-0.26100353245516306,-0.2533723166886974,-0.2533723166886973,-0.07133654116268648,-0.40083351710296133,-0.40083351710296133,-0.4008335171029614,-0.4008335171029614,0.9761766079936257,-0.31977063540430195,-0.3197706354043019,0.9761766079936257,0.9761766079936257,-0.694548652506796,-0.694548652506796,-0.3991168347019628,1.0414508883874305,1.0414508883874305,1.0414508883874307,1.0414508883874307,0.3325227856077436,0.3325227856077436,0.39911683470196363,0.3991168347019628,-0.39911683470196285,-0.39911683470196285,-0.3991168347019628,-0.9201926098986667,-0.9201926098986668,-0.694548652506796,-0.9640490264526441,-0.9660926751320393,1,2023-07-26
-0.1766547817019014,-0.17665478170190135,-0.8559801750976439,-0.855980175097644,-0.8559801750976441,-0.8559801750976441,-1.0772191060811471,-1.0772191060811471,0.9761766079936257,0.9761766079936257,0.9761766079936258,0.3724332142735836,0.3724332142735836,0.07602769756147071,0.07602769756147083,-0.7137712880536509,-0.7137712880536509,-0.26100353245516306,-0.26100353245516306,-0.2533723166886974,-0.2533723166886973,0.4927054136661282,1.0296331523042384,1.0296331523042384,1.0296331523042384,1.0296331523042384,-0.5966537398390945,-0.31977063540430195,-0.3197706354043019,-0.5966537398390945,-0.5966537398390946,-0.3459528910392444,-0.3459528910392443,-0.3991168347019628,-0.39911683470196285,-0.39911683470196285,-0.3991168347019628,-0.3991168347019628,-0.7137712880536509,-0.7137712880536509,0.39911683470196363,0.3991168347019628,-0.39911683470196285,-0.39911683470196285,-0.3991168347019628,0.3780205076337987,0.3780205076337987,-0.3459528910392443,0.13118690211694967,0.1296598063993,1,2023-07-27
0.49443323312652,0.4944332331265198,-0.10202118256195782,-0.10202118256195784,-0.10202118256195784,-0.10202118256195772,-1.0772191060811471,-1.0772191060811471,2.549006955826346,2.549006955826346,2.5490069558263464,1.0243606645638454,1.0243606645638452,-0.12563234458285105,-0.1256323445828509,-0.19335507095286766,-0.19335507095286777,-0.26100353245516306,-0.26100353245516306,3.946761086881632,3.9467610868816316,1.0367697054181928,-0.40083351710296133,-0.40083351710296133,-0.4008335171029614,-0.4008335171029614,0.9761766079936257,-0.31977063540430195,-0.3197706354043019,0.9761766079936257,0.9761766079936257,1.9186129776847458,1.9186129776847463,3.5204971274919474,-0.39911683470196285,-0.39911683470196285,-0.3991168347019628,-0.3991168347019628,-0.19335507095286772,-0.19335507095286777,-3.5204971274919465,-3.520497127491948,3.5204971274919474,3.5204971274919474,3.5204971274919474,1.52682227347699,1.52682227347699,1.9186129776847463,1.2811846271150231,1.2254122879306393,0,2023-07-28
0.17605593589475932,0.17605593589475926,0.10945507741313484,0.10945507741313482,0.10945507741313475,0.10945507741313484,0.928316249085049,0.928316249085049,-0.5966537398390945,-0.5966537398390945,-0.5966537398390946,-1.3982822531957635,-1.3982822531957633,0.10758671548240001,0.10758671548240009,1.236814233313602,1.236814233313602,-0.26100353245516306,-0.26100353245516306,-0.2533723166886974,-0.2533723166886973,0.6320267566753217,-0.40083351710296133,-0.40083351710296133,-0.4008335171029614,-0.4008335171029614,2.549006955826346,-0.31977063540430195,-0.3197706354043019,2.549006955826346,2.549006955826346,-0.694548652506796,-0.694548652506796,-0.3991168347019628,3.5204971274919474,3.5204971274919474,3.520497127491947,3.520497127491947,1.2368142333136023,1.236814233313602,0.39911683470196363,0.3991168347019628,-0.39911683470196285,-0.39911683470196285,-0.3991168347019628,1.321371005241022,1.321371005241022,-0.694548652506796,-0.9640490264526441,-0.9660926751320393,0,2023-07-31
-0.07375532372426477,-0.07375532372426473,0.017779071573472496,0.01777907157347247,0.017779071573472586,0.01777907157347257,0.928316249085049,0.928316249085049,0.9761766079936257,0.9761766079936257,0.9761766079936258,2.4221467929734977,2.422146792973497,0.35158287957865947,0.3515828795786596,-0.7137712880536509,-0.7137712880536509,-0.26100353245516306,-0.26100353245516306,-0.2533723166886974,-0.2533723166886973,0.3111477364366204,3.491296675733207,3.491296675733207,3.491296675733207,3.491296675733207,-0.5966537398390945,-0.31977063540430195,-0.3197706354043019,-0.5966537398390945,-0.5966537398390946,1.5700172162171944,1.5700172162171946,-0.3991168347019628,-0.39911683470196285,-0.39911683470196285,-0.3991168347019628,-0.3991168347019628,-0.7137712880536509,-0.7137712880536509,0.39911683470196363,0.3991168347019628,-0.39911683470196285,-0.39911683470196285,-0.3991168347019628,0.8816363617956816,0.8816363617956816,1.5700172162171946,0.18594869854542936,0.1296598063993,0,2023-08-03
-0.30457058891020133,-0.3045705889102013,-0.1623477914638466,-0.16234779146384662,-0.1623477914638466,-0.1623477914638466,-1.0772191060811471,-1.0772191060811471,-0.5966537398390945,-0.5966537398390945,-0.5966537398390946,-2.14358181686379,-2.1435818168637897,0.4236467647188044,0.4236467647188045,2.666983537580072,2.666983537580072,-0.26100353245516306,-0.26100353245516306,-0.2533723166886974,-0.2533723166886973,0.15663880603563599,-0.40083351710296133,-0.40083351710296133,-0.4008335171029614,-0.4008335171029614,0.9761766079936257,-0.31977063540430195,-0.3197706354043019,0.9761766079936257,0.9761766079936257,-0.17191632646848753,-0.17191632646848753,0.6695939525217529,-0.39911683470196285,-0.39911683470196285,-0.3991168347019628,-0.3991168347019628,2.6669835375800726,2.666983537580072,-0.6695939525217518,-0.6695939525217527,0.669593952521753,0.669593952521753,0.6695939525217529,0.5350403589799151,0.5350403589799151,-0.17191632646848753,0.8157093574729458,1.2254122879306393,1,2023-08-04
0.4109250480502204,0.41092504805022034,-0.1159769384179514,-0.11597693841795143,-0.11597693841795133,-0.11597693841795134,-1.0772191060811471,-1.0772191060811471,3.3354221297427062,3.3354221297427062,3.3354221297427067,1.3195730948839637,1.319573094883964,0.12444309696137475,0.12444309696137484,-0.32365418378020017,-0.3236541837802002,-0.26100353245516306,-0.26100353245516306,3.946761086881632,3.9467610868816316,0.3701192364339728,-0.40083351710296133,-0.40083351710296133,-0.4008335171029614,-0.4008335171029614,-0.5966537398390945,-0.31977063540430195,-0.3197706354043019,-0.5966537398390945,-0.5966537398390946,3.791204601880006,3.791204601880006,2.1706262180283296,0.6695939525217529,0.6695939525217529,0.6695939525217529,0.6695939525217529,-0.3236541837802003,-0.3236541837802002,-2.170626218028329,-2.17062621802833,2.17062621802833,2.17062621802833,2.1706262180283296,0.1531881786888767,0.1531881786888767,3.791204601880006,2.157373369970698,2.321164769461979,0,2023-08-07
0.5928831091051756,0.5928831091051755,-0.24999631504432127,-0.2499963150443213,-0.24999631504432124,-0.24999631504432132,-1.0772191060811471,-1.0772191060811471,-0.5966537398390945,-0.5966537398390945,-0.5966537398390946,-1.320565344456187,-1.3205653444561867,-0.5430139722225242,-0.5430139722225241,1.5184787825990338,1.5184787825990336,-0.26100353245516306,-0.26100353245516306,-0.2533723166886974,-0.2533723166886973,0.13502454223408872,0.6603836237898931,0.6603836237898931,0.6603836237898931,0.6603836237898931,3.3354221297427062,-0.31977063540430195,-0.3197706354043019,3.3354221297427062,3.335422129742706,-0.17191632646848753,-0.17191632646848753,0.6695939525217529,2.1706262180283296,2.1706262180283296,2.1706262180283296,2.1706262180283296,1.518478782599034,1.5184787825990336,-0.6695939525217518,-0.6695939525217527,0.669593952521753,0.669593952521753,0.6695939525217529,-0.6814042042520172,-0.6814042042520172,-0.17191632646848753,1.1716610342580638,1.2254122879306393,0,2023-08-08
0.4135052413628674,0.4135052413628673,-0.6047934518330657,-0.6047934518330658,-0.6047934518330658,-0.6047934518330659,-1.0772191060811471,-1.0772191060811471,4.908252477575426,4.908252477575426,4.908252477575426,0.5670050433482072,0.5670050433482066,-0.5100722972063413,-0.5100722972063412,-0.32365418378020017,-0.3236541837802002,-0.26100353245516306,-0.26100353245516306,-0.2533723166886974,-0.2533723166886973,-0.23562350071504595,2.150890866939263,2.150890866939263,2.1508908669392626,2.1508908669392626,-0.5966537398390945,-0.31977063540430195,-0.3197706354043019,-0.5966537398390945,-0.5966537398390946,3.26439121723339,3.2643912172333898,2.200858489236921,0.6695939525217529,0.6695939525217529,0.6695939525217529,0.6695939525217529,-0.3236541837802003,-0.3236541837802002,-2.200858489236919,-2.2008584892369205,2.2008584892369214,2.2008584892369214,2.200858489236921,-0.7205204554716804,-0.7205204554716803,3.2643912172333898,4.621654209252284,4.512669732524658,1,2023-08-09
0.31867607084628324,0.31867607084628324,-0.8167043931257896,-0.8167043931257897,-0.8167043931257896,-0.8167043931257897,-1.0772191060811471,-1.0772191060811471,-0.5966537398390945,-0.5966537398390945,-0.5966537398390946,-0.8475545186023606,-0.8475545186023605,-0.5271806728117033,-0.5271806728117032,0.46828353789490446,0.46828353789490446,-0.26100353245516306,-0.26100353245516306,-0.2533723166886974,-0.2533723166886973,-0.2281627992716838,0.6603836237898931,0.6603836237898931,0.6603836237898931,0.6603836237898931,4.908252477575426,-0.31977063540430195,-0.3197706354043019,4.908252477575426,4.908252477575426,-0.694548652506796,-0.694548652506796,-0.3991168347019628,2.200858489236921,2.200858489236921,2.200858489236921,2.200858489236921,0.46828353789490446,0.46828353789490446,0.39911683470196363,0.3991168347019628,-0.39911683470196285,-0.39911683470196285,-0.3991168347019628,-0.4437809876471482,-0.44378098764714813,-0.694548652506796,-0.9640490264526441,-0.9660926751320393,0,2023-08-10
0.001391292687347236,0.001391292687347225,-1.0781670432950374,-1.0781670432950374,-1.0781670432950374,-1.0781670432950377,-1.0772191060811471,-1.0772191060811471,-0.5966537398390945,-0.5966537398390945,-0.5966537398390946,-0.00049612478611147,-0.000496124786111486,-0.5012940612749603,-0.5012940612749603,-0.7137712880536509,-0.7137712880536509,-0.26100353245516306,-0.26100353245516306,-0.2533723166886974,-0.2533723166886973,-0.40057082287210694,2.1809111538103476,2.1809111538103476,2.180911153810347,2.180911153810347,-0.5966537398390945,-0.31977063540430195,-0.3197706354043019,-0.5966537398390945,-0.5966537398390946,-0.694548652506796,-0.694548652506796,-0.3991168347019628,-0.39911683470196285,-0.39911683470196285,-0.3991168347019628,-0.3991168347019628,-0.7137712880536509,-0.7137712880536509,0.39911683470196363,0.3991168347019628,-0.39911683470196285,-0.39911683470196285,-0.3991168347019628,-0.5267124569174456,-0.5267124569174456,-0.694548652506796,-0.9640490264526441,-0.9660926751320393,1,2023-08-11
-0.31591193550047725,-0.31591193550047725,-1.0705828592522921,-1.0705828592522924,-1.0705828592522915,-1.0705828592522924,-1.0772191060811471,-1.0772191060811471,-0.5966537398390945,-0.5966537398390945,-0.5966537398390946,-0.00049612478611147,-0.000496124786111486,-0.577017600945023,-0.5770176009450229,-0.7137712880536509,-0.7137712880536509,-0.26100353245516306,-0.26100353245516306,-0.2533723166886974,-0.2533723166886973,-0.1729644672282992,-0.40083351710296133,-0.40083351710296133,-0.4008335171029614,-0.4008335171029614,-0.5966537398390945,-0.31977063540430195,-0.3197706354043019,-0.5966537398390945,-0.5966537398390946,-0.694548652506796,-0.694548652506796,-0.3991168347019628,-0.39911683470196285,-0.39911683470196285,-0.3991168347019628,-0.3991168347019628,-0.7137712880536509,-0.7137712880536509,0.39911683470196363,0.3991168347019628,-0.39911683470196285,-0.39911683470196285,-0.3991168347019628,-0.5798885464074542,-0.5798885464074544,-0.694548652506796,-0.9640490264526441,-0.9660926751320393,0,2023-08-14
-0.9346667684699207,-0.9346667684699208,-1.1809887491756659,-1.1809887491756659,-1.1809887491756654,-1.1809887491756659,-1.0772191060811471,-1.0772191060811471,0.9761766079936257,0.9761766079936257,0.9761766079936258,0.3724332142735836,0.3724332142735836,-0.5683097695086643,-0.5683097695086641,-0.7137712880536509,-0.7137712880536509,-0.26100353245516306,-0.26100353245516306,-0.2533723166886974,-0.2533723166886973,-0.3540092335492342,-0.40083351710296133,-0.40083351710296133,-0.4008335171029614,-0.4008335171029614,-0.5966537398390945,-0.31977063540430195,-0.3197706354043019,-0.5966537398390945,-0.5966537398390946,-0.3459528910392444,-0.3459528910392443,-0.3991168347019628,-0.39911683470196285,-0.39911683470196285,-0.3991168347019628,-0.3991168347019628,-0.7137712880536509,-0.7137712880536509,0.39911683470196363,0.3991168347019628,-0.39911683470196285,-0.39911683470196285,-0.3991168347019628,-0.6016486325754871,-0.601648632575487,-0.3459528910392443,0.13118690211694967,0.1296598063993,0,2023-08-15
-0.9801161819104851,-0.9801161819104851,-1.4692231823740478,-1.4692231823740478,-1.4692231823740474,-1.4692231823740478,-1.0772191060811471,-1.0772191060811471,0.9761766079936257,0.9761766079936257,0.9761766079936258,-0.00049612478611147,-0.000496124786111486,-0.5427448954311468,-0.5427448954311467,-0.19335507095286766,-0.19335507095286777,-0.26100353245516306,-0.26100353245516306,-0.2533723166886974,-0.2533723166886973,-0.6735683352732997,-0.40083351710296133,-0.40083351710296133,-0.4008335171029614,-0.4008335171029614,0.9761766079936257,-0.31977063540430195,-0.3197706354043019,0.9761766079936257,0.9761766079936257,-0.3459528910392444,-0.3459528910392443,-0.3991168347019628,-0.39911683470196285,-0.39911683470196285,-0.3991168347019628,-0.3991168347019628,-0.19335507095286772,-0.19335507095286777,0.39911683470196363,0.3991168347019628,-0.39911683470196285,-0.39911683470196285,-0.3991168347019628,-0.6257116024721617,-0.6257116024721616,-0.3459528910392443,0.18594869854542936,0.1296598063993,0,2023-08-16
-1.1322330300076457,-1.132233030007646,-1.9010841339177884,-1.9010841339177884,-1.9010841339177882,-1.9010841339177884,-1.0772191060811471,-1.0772191060811471,-0.5966537398390945,-0.5966537398390945,-0.5966537398390946,0.18568898751805404,0.18568898751805418,-0.4237445741257995,-0.4237445741257994,-0.19335507095286766,-0.19335507095286777,-0.26100353245516306,-0.26100353245516306,-0.2533723166886974,-0.2533723166886973,-1.0435936041894713,-0.40083351710296133,-0.40083351710296133,-0.4008335171029614,-0.4008335171029614,0.9761766079936257,-0.31977063540430195,-0.3197706354043019,0.9761766079936257,0.9761766079936257,-0.17191632646848753,-0.17191632646848753,-0.3991168347019628,-0.39911683470196285,-0.39911683470196285,-0.3991168347019628,-0.3991168347019628,-0.19335507095286772,-0.19335507095286777,0.39911683470196363,0.3991168347019628,-0.39911683470196285,-0.39911683470196285,-0.3991168347019628,-1.1076091143874212,-1.107609114387421,-0.17191632646848753,0.13118690211694967,0.1296598063993,0,2023-08-17
-1.117666019817361,-1.117666019817361,-2.154408027279591,-2.154408027279591,-2.154408027279591,-2.1544080272795916,-1.0772191060811471,-1.0772191060811471,-0.5966537398390945,-0.5966537398390945,-0.5966537398390946,0.5664459288968433,0.5664459288968428,-0.40670136836394544,-0.4067013683639454,0.06646292049325045,0.0664629204932504,-0.26100353245516306,-0.26100353245516306,-0.2533723166886974,-0.2533723166886973,-1.0582055413882736,-0.40083351710296133,-0.40083351710296133,-0.4008335171029614,-0.4008335171029614,-0.5966537398390945,-0.31977063540430195,-0.3197706354043019,-0.5966537398390945,-0.5966537398390946,0.3580328521343571,0.35803285213435715,-0.3991168347019628,-0.39911683470196285,-0.39911683470196285,-0.3991168347019628,-0.3991168347019628,0.0664629204932504,0.0664629204932504,0.39911683470196363,0.3991168347019628,-0.39911683470196285,-0.39911683470196285,-0.3991168347019628,-1.0078642418161567,-1.0078642418161567,0.35803285213435715,0.13118690211694967,0.1296598063993,1,2023-08-18
